2026-09-22 09:12:12.427 INFO  dgpp-serve 0.1.0+ga3ed8994a34c (git a3ed8994a34c)
2026-09-22 09:12:12.428 INFO  config /tmp/bus4/deployments/5082cd75e6ab7690/cluster.json: model HawkBearPig/GLM-5.3-Int4-Int8Mix-RTN-g64, world 4, rank 1, http :18080, fabric :29970, journal :29971
2026-09-22 09:12:12.428 INFO  model HawkBearPig/GLM-5.3-Int4-Int8Mix-RTN-g64 -> /home/stephen/.cache/huggingface/hub/models--HawkBearPig--GLM-5.3-Int4-Int8Mix-RTN-g64/snapshots/147684fbad20c1e283ddff46fd07cb9d4ccbb3da
2026-09-22 09:12:12.428 INFO  journal: connected to rank 0 at 192.168.88.11:29971 (120000 attempt window)
2026-09-22 09:12:12.660 INFO  rank 1: settings from rank 0: model=HawkBearPig/GLM-5.3-Int4-Int8Mix-RTN-g64 world=4 fabric=29970 journal=29971 conc=8 kv=122880 kvdt=bf16 ngt=resident dw=checkpoint bfw=bf12 fp8head=gemv pf=bounded emsh=vocab maxtok=256 queue=8 eos=1 graph=1 compact=0 mtp=1 mtpd=1 mss=0 msrow=8 msbase=28 mslam=0 msmin=1 msad=1 batchmin=2 cand=128 pcgib=1 adm=full win=256 pfbudget=0 pfidle=0 pace=-1 inflight=-1 reasoning_in_content=0 rs=off
2026-09-22 09:12:12.660 INFO  config: model=HawkBearPig/GLM-5.3-Int4-Int8Mix-RTN-g64 world=4 fabric=29970 journal=29971 conc=8 kv=122880 kvdt=bf16 ngt=resident dw=checkpoint bfw=bf12 fp8head=gemv pf=bounded emsh=vocab maxtok=256 queue=8 eos=1 graph=1 compact=0 mtp=1 mtpd=1 mss=0 msrow=8 msbase=28 mslam=0 msmin=1 msad=1 batchmin=2 cand=128 pcgib=1 adm=full win=256 pfbudget=0 pfidle=0 pace=-1 inflight=-1 reasoning_in_content=0 rs=off (digest 1c9346ea4a78d5c8)
2026-09-22 09:12:12.797 INFO  serve: model family glm_moe_dsa (/home/stephen/.cache/huggingface/hub/models--HawkBearPig--GLM-5.3-Int4-Int8Mix-RTN-g64/snapshots/147684fbad20c1e283ddff46fd07cb9d4ccbb3da)
2026-09-22 09:12:12.797 INFO  serve: decode rows 16 (8 slot(s) x 2 row(s) per request, floor 8, the glm_moe_dsa family's cap 16)
2026-09-22 09:12:12.807 WARN  generation config /home/stephen/.cache/huggingface/hub/models--HawkBearPig--GLM-5.3-Int4-Int8Mix-RTN-g64/snapshots/147684fbad20c1e283ddff46fd07cb9d4ccbb3da/generation_config.json omits top_k, min_p, repetition_penalty; using greedy-safe/neutral fallbacks for those fields
2026-09-22 09:12:12.807 INFO  generation defaults: temperature=1 top_p=0.95 top_k=0 min_p=0 repetition_penalty=1
2026-09-22 09:12:12.807 INFO  serve: sampling defaults temperature 1 top_p 0.95 top_k 0 min_p 0 repetition_penalty 1 (from generation_config.json; overrides: none)
2026-09-22 09:12:12.807 INFO  serve: request context limit 122880 tokens (the 122880-token K/V pool from engine.kv_capacity 122880; this family states no positional ceiling of its own)
2026-09-22 09:12:12.807 INFO  rank 1: prefix cache plan — 1 GiB budget, 4096 slots of 0.012 MiB, 0.047 GiB allocated; cached K/V blocks share the 122880-token pool
2026-09-22 09:12:12.971 INFO  tokenizer: loaded vocab 154820 merges 321649 added 36 (revision 0x700b4469fc43f23b; glm pattern, no normalizer, ignore_merges true)
2026-09-22 09:12:12.980 INFO  serve: grammar vocabulary built (154880 ids, tool markers present, call-turn EOS 154829)
2026-09-22 09:12:13.079 INFO  serve: JSON grammar tables built in 0.10 s
2026-09-22 09:12:13.309 INFO  bus: globaltimer offset 6837912754 ns (+-2 us)
2026-09-22 09:12:13.331 INFO  verbs: device roceP2p1s0f0 port 1 gid_index 3
2026-09-22 09:12:13.335 INFO  verbs: device rocep1s0f0 port 1 gid_index 3
2026-09-22 09:12:14.437 INFO  bus: rank 1 up — 3 peer(s) x 2 lane(s), lat 8x196608B, bulk 8x262144B, bulk pace 28.3 Gb/s per QP, window 4 per lane
2026-09-22 09:12:14.437 INFO  rank 1: boundary reducer host-driven
2026-09-22 09:12:14.467 INFO  bus engine: rank 1 pinned to cpu 19
2026-09-22 09:12:14.570 INFO  rank 1: process memory locked (mlockall MCL_CURRENT, 14513 MiB)
2026-09-22 09:12:14.570 INFO  rank 1: resident image cache at /home/stephen/.cache/dgpp/resident
2026-09-22 09:12:14.701 INFO  rank 1: memory plan for a 122880-token context — model weights (resident, packed bf16 matrices released) 96.32 GiB; bf16 decode packing (12-bit companions) 1.27 GiB; bf16 prefill expansion scratch 0.05 GiB; gemm workspace (at least) 0.06 GiB; dsa cache pool (latent bf16 + rope keys on every layer, fp8 index caches on the indexed layers) 10.75 GiB; dsa scratch (projections, selection, attention, the prefill dot tiles) 0.22 GiB; rotary table (bf16 cos/sin per position) 0.01 GiB; activations (session core, residual, block io, dense scratch, route staging) 0.44 GiB (0.01 GiB pinned); moe scratch (routed slots, shared expert, graph tables) 0.75 GiB (0.01 GiB pinned); draft block (gathered hidden, the fused input, its residual, the sharded embedding's rows) 0.12 GiB; prefix cache 0.05 GiB; engine 0.07 GiB
2026-09-22 09:12:14.701 INFO  rank 1: memory plan total 110.11 GiB (109.97 GiB device + 0.14 GiB pinned) + 4.00 GiB headroom against 116.75 GiB free (device free 108.77 GiB of 121.69 GiB, host available 116.75 GiB)
2026-09-22 09:12:14.701 INFO  memory ledger: rank 1 after the plan check — rss 1.16 GiB (anon 0.41, shmem 0.11, file 0.64; locked 14.17); device free 108.77 GiB, node available 116.75 GiB
2026-09-22 09:12:14.701 INFO  memory ledger: rank 1 after the bus — rss 1.16 GiB (anon 0.41, shmem 0.11, file 0.64; locked 14.17); device free 108.77 GiB, node available 116.75 GiB
2026-09-22 09:12:15.221 INFO  glm_dsa loader: rank 1 resident footprint 98.0 GiB; device free 108.7 of 121.7 GiB, host available 116.7 GiB
2026-09-22 09:12:16.052 INFO  glm_dsa loader: rank 1 resident image /home/stephen/.cache/dgpp/resident/6ee138872b1f659a.img — 79/79 layers present, direct I/O
2026-09-22 09:12:16.068 INFO  l2 prefetch: on, window budget 12 MiB, boundary rate light, layer rate light
2026-09-22 09:12:16.068 INFO  memory ledger: glm_dsa: loader opened — rss 2.72 GiB (anon 0.48, shmem 1.57, file 0.67; locked 14.17); device free 106.74 GiB, node available 114.72 GiB
2026-09-22 09:12:16.832 INFO  memory ledger: glm_dsa: globals resident — rss 3.61 GiB (anon 0.48, shmem 1.57, file 1.55; locked 14.17); device free 105.41 GiB, node available 114.28 GiB
2026-09-22 09:12:31.661 INFO  rank 1 bf12: 89 decode matrices packed (1.65 GiB of bf16 -> 1.24 GiB, 163739 escapes, widest row 12, 0 rows kept raw; 0 matrices kept bf16) in 1.0 s
2026-09-22 09:12:31.661 INFO  rank 1 bf12: 89 of them released their bf16 bytes (1.71 GiB returned; prefill expands through a 48 MiB scratch)
2026-09-22 09:12:31.997 INFO  glm_dsa loader: rank 1 resident load complete — released 79 shard mappings (398.1 GiB) and evicted their page cache, freed the 1.46 GiB pinned staging mirror; image: 79 layers restored, 0 captured
2026-09-22 09:12:32.042 INFO  memory ledger: glm_dsa: layers resident, sources released — rss 1.22 GiB (anon 0.47, shmem 0.11, file 0.64; locked 14.16); device free 8.79 GiB, node available 16.73 GiB
2026-09-22 09:12:32.629 INFO  memory ledger: glm_dsa: arena, pool and scratch — rss 1.23 GiB (anon 0.47, shmem 0.11, file 0.64; locked 14.16); device free 1.49 GiB, node available 6.09 GiB
2026-09-22 09:12:32.682 INFO  memory ledger: rank 1 after the model — rss 1.24 GiB (anon 0.47, shmem 0.12, file 0.64; locked 14.16); device free 1.24 GiB, node available 5.84 GiB
2026-09-22 09:12:32.682 INFO  rank 1: model constructed in 18.0s (resident, 8 request slots, 122880-token pool in bf16, 2048-row forwards)
2026-09-22 09:12:32.682 INFO  rank 1: prefix cache on — 4096 snapshot slot(s) of 0.0 MiB (1.00 GiB asked)
2026-09-22 09:12:32.686 INFO  rank 1: graph engine samples on the device — 128 candidates per rank (16 rows x 4 ranks in a 196608-byte latency slot; the planned width is 128); constrained decoding available
2026-09-22 09:12:42.771 INFO  memory ledger: rank 1 after the graph engine — rss 1.24 GiB (anon 0.47, shmem 0.12, file 0.64; locked 14.16); device free 1.15 GiB, node available 5.76 GiB
2026-09-22 09:12:42.775 INFO  allreduce: device clock rate 2418000 kHz (stamps conversion)
2026-09-22 09:12:42.775 INFO  allreduce: rank 1 seq 1 launched (3 peers)
2026-09-22 09:12:42.775 INFO  allreduce: rank 1 seq 1 ready after 45.5us
2026-09-22 09:12:42.775 INFO  allreduce: rank 1 seq 1 done status=0 after 160.9us
2026-09-22 09:12:43.044 INFO  allreduce: rank 1 seq 2 launched (3 peers)
2026-09-22 09:12:43.044 INFO  allreduce: rank 1 seq 2 ready after 27.7us
2026-09-22 09:12:43.176 INFO  allreduce: rank 1 seq 2 done status=0 after 131283.3us
2026-09-22 09:12:43.176 INFO  allreduce: rank 1 seq 3 launched (3 peers)
2026-09-22 09:12:43.176 INFO  allreduce: rank 1 seq 3 ready after 21.5us
2026-09-22 09:12:43.176 INFO  allreduce: rank 1 seq 3 done status=0 after 67.5us
2026-09-22 09:12:43.177 INFO  allreduce: rank 1 seq 4 launched (3 peers)
2026-09-22 09:12:43.177 INFO  allreduce: rank 1 seq 4 ready after 20.5us
2026-09-22 09:12:43.177 INFO  allreduce: rank 1 seq 4 done status=0 after 86.3us
2026-09-22 09:12:43.178 INFO  allreduce: rank 1 seq 5 launched (3 peers)
2026-09-22 09:12:43.178 INFO  allreduce: rank 1 seq 5 ready after 20.3us
2026-09-22 09:12:43.178 INFO  allreduce: rank 1 seq 5 done status=0 after 77.9us
2026-09-22 09:12:43.179 INFO  allreduce: rank 1 seq 6 launched (3 peers)
2026-09-22 09:12:43.179 INFO  allreduce: rank 1 seq 6 ready after 20.7us
2026-09-22 09:12:43.179 INFO  allreduce: rank 1 seq 6 done status=0 after 66.5us
2026-09-22 09:12:43.179 INFO  allreduce: rank 1 seq 7 launched (3 peers)
2026-09-22 09:12:43.179 INFO  allreduce: rank 1 seq 7 ready after 21.9us
2026-09-22 09:12:43.179 INFO  allreduce: rank 1 seq 7 done status=0 after 86.7us
2026-09-22 09:12:43.218 INFO  allreduce: rank 1 seq 8 launched (3 peers)
2026-09-22 09:12:43.218 INFO  allreduce: rank 1 seq 8 ready after 25.9us
2026-09-22 09:12:43.233 INFO  allreduce: rank 1 seq 8 done status=0 after 14848.0us
2026-09-22 09:12:43.268 INFO  allreduce: rank 1 seq 9 launched (3 peers)
2026-09-22 09:12:43.268 INFO  allreduce: rank 1 seq 9 ready after 25.0us
2026-09-22 09:12:43.268 INFO  allreduce: rank 1 seq 9 done status=0 after 240.3us
2026-09-22 09:12:43.269 INFO  allreduce: rank 1 seq 10 launched (3 peers)
2026-09-22 09:12:43.269 INFO  allreduce: rank 1 seq 10 ready after 20.0us
2026-09-22 09:12:43.269 INFO  allreduce: rank 1 seq 10 done status=0 after 87.0us
2026-09-22 09:12:43.269 INFO  allreduce: rank 1 seq 11 launched (3 peers)
2026-09-22 09:12:43.269 INFO  allreduce: rank 1 seq 11 ready after 21.6us
2026-09-22 09:12:43.269 INFO  allreduce: rank 1 seq 11 done status=0 after 68.1us
2026-09-22 09:12:43.270 INFO  allreduce: rank 1 seq 12 launched (3 peers)
2026-09-22 09:12:43.270 INFO  allreduce: rank 1 seq 12 ready after 19.9us
2026-09-22 09:12:43.270 INFO  allreduce: rank 1 seq 12 done status=0 after 69.9us
2026-09-22 09:12:43.270 INFO  allreduce: rank 1 seq 13 launched (3 peers)
2026-09-22 09:12:43.270 INFO  allreduce: rank 1 seq 13 ready after 22.3us
2026-09-22 09:12:43.270 INFO  allreduce: rank 1 seq 13 done status=0 after 67.6us
2026-09-22 09:12:43.271 INFO  allreduce: rank 1 seq 14 launched (3 peers)
2026-09-22 09:12:43.271 INFO  allreduce: rank 1 seq 14 ready after 19.7us
2026-09-22 09:12:43.271 INFO  allreduce: rank 1 seq 14 done status=0 after 65.5us
2026-09-22 09:12:43.272 INFO  allreduce: rank 1 seq 15 launched (3 peers)
2026-09-22 09:12:43.272 INFO  allreduce: rank 1 seq 15 ready after 21.5us
2026-09-22 09:12:43.272 INFO  allreduce: rank 1 seq 15 done status=0 after 67.9us
2026-09-22 09:12:43.272 INFO  allreduce: rank 1 seq 16 launched (3 peers)
2026-09-22 09:12:43.272 INFO  allreduce: rank 1 seq 16 ready after 20.6us
2026-09-22 09:12:43.272 INFO  allreduce: rank 1 seq 16 done status=0 after 66.1us
2026-09-22 09:12:43.389 INFO  bus graph era: variant 0 recorded with 162 collective node(s)
2026-09-22 09:12:43.389 INFO  rank 1: graph variant 0 shape: 2492 nodes, 2729 edges: kernel 2492 empty 0 memcpy 0 memset 0 host 0 event 0 other 0; max in-degree 2
2026-09-22 09:12:43.394 INFO  rank 1: graph variant 0 instantiated — 15.4 MiB of device memory (1.2 GiB free)
2026-09-22 09:12:43.396 INFO  bus graph era: variant 1 recorded with 162 collective node(s)
2026-09-22 09:12:43.396 INFO  rank 1: graph variant 1 shape: 2492 nodes, 2729 edges: kernel 2492 empty 0 memcpy 0 memset 0 host 0 event 0 other 0; max in-degree 2
2026-09-22 09:12:43.401 INFO  rank 1: graph variant 1 instantiated — 18.6 MiB of device memory (1.2 GiB free)
2026-09-22 09:12:43.401 INFO  rank 1: serving scalar graph variants 0/1 captured for request slot 0 (2 rows, MTP)
2026-09-22 09:12:43.403 INFO  bus graph era: variant 16 recorded with 162 collective node(s)
2026-09-22 09:12:43.403 INFO  rank 1: graph variant 16 shape: 2493 nodes, 2730 edges: kernel 2493 empty 0 memcpy 0 memset 0 host 0 event 0 other 0; max in-degree 2
2026-09-22 09:12:43.408 INFO  rank 1: graph variant 16 instantiated — 16.2 MiB of device memory (1.2 GiB free)
2026-09-22 09:12:43.409 INFO  bus graph era: variant 17 recorded with 162 collective node(s)
2026-09-22 09:12:43.410 INFO  rank 1: graph variant 17 shape: 2493 nodes, 2730 edges: kernel 2493 empty 0 memcpy 0 memset 0 host 0 event 0 other 0; max in-degree 2
2026-09-22 09:12:43.416 INFO  rank 1: graph variant 17 instantiated — 28.3 MiB of device memory (1.2 GiB free)
2026-09-22 09:12:43.416 INFO  rank 1: serving row-batched graph variants 16/17 captured for 2 slots x 2 rows = 4 fixed rows, MTP (a batch is selected at 2+ live requests, the smallest that covers the live slots)
2026-09-22 09:12:43.418 INFO  bus graph era: variant 18 recorded with 162 collective node(s)
2026-09-22 09:12:43.418 INFO  rank 1: graph variant 18 shape: 2719 nodes, 2956 edges: kernel 2719 empty 0 memcpy 0 memset 0 host 0 event 0 other 0; max in-degree 2
2026-09-22 09:12:43.426 INFO  rank 1: graph variant 18 instantiated — 36.4 MiB of device memory (1.1 GiB free)
2026-09-22 09:12:43.428 INFO  bus graph era: variant 19 recorded with 162 collective node(s)
2026-09-22 09:12:43.428 INFO  rank 1: graph variant 19 shape: 2719 nodes, 2956 edges: kernel 2719 empty 0 memcpy 0 memset 0 host 0 event 0 other 0; max in-degree 2
2026-09-22 09:12:43.436 INFO  rank 1: graph variant 19 instantiated — 30.4 MiB of device memory (1.1 GiB free)
2026-09-22 09:12:43.436 INFO  rank 1: serving row-batched graph variants 18/19 captured for 3 slots x 2 rows = 6 fixed rows, MTP (a batch is selected at 2+ live requests, the smallest that covers the live slots)
2026-09-22 09:12:43.437 INFO  bus graph era: variant 20 recorded with 162 collective node(s)
2026-09-22 09:12:43.438 INFO  rank 1: graph variant 20 shape: 2720 nodes, 2957 edges: kernel 2720 empty 0 memcpy 0 memset 0 host 0 event 0 other 0; max in-degree 2
2026-09-22 09:12:43.446 INFO  rank 1: graph variant 20 instantiated — 35.9 MiB of device memory (1.1 GiB free)
2026-09-22 09:12:43.448 INFO  bus graph era: variant 21 recorded with 162 collective node(s)
2026-09-22 09:12:43.448 INFO  rank 1: graph variant 21 shape: 2720 nodes, 2957 edges: kernel 2720 empty 0 memcpy 0 memset 0 host 0 event 0 other 0; max in-degree 2
2026-09-22 09:12:43.455 INFO  rank 1: graph variant 21 instantiated — 33.7 MiB of device memory (1.0 GiB free)
2026-09-22 09:12:43.455 INFO  rank 1: serving row-batched graph variants 20/21 captured for 4 slots x 2 rows = 8 fixed rows, MTP (a batch is selected at 2+ live requests, the smallest that covers the live slots)
2026-09-22 09:12:43.457 INFO  bus graph era: variant 22 recorded with 162 collective node(s)
2026-09-22 09:12:43.458 INFO  rank 1: graph variant 22 shape: 3081 nodes, 3318 edges: kernel 3081 empty 0 memcpy 0 memset 0 host 0 event 0 other 0; max in-degree 2
2026-09-22 09:12:43.465 INFO  rank 1: graph variant 22 instantiated — 35.8 MiB of device memory (1.0 GiB free)
2026-09-22 09:12:43.467 INFO  bus graph era: variant 23 recorded with 162 collective node(s)
2026-09-22 09:12:43.468 INFO  rank 1: graph variant 23 shape: 3081 nodes, 3318 edges: kernel 3081 empty 0 memcpy 0 memset 0 host 0 event 0 other 0; max in-degree 2
2026-09-22 09:12:43.476 INFO  rank 1: graph variant 23 instantiated — 36.7 MiB of device memory (1.0 GiB free)
2026-09-22 09:12:43.476 INFO  rank 1: serving row-batched graph variants 22/23 captured for 6 slots x 2 rows = 12 fixed rows, MTP (a batch is selected at 2+ live requests, the smallest that covers the live slots)
2026-09-22 09:12:43.478 INFO  bus graph era: variant 24 recorded with 162 collective node(s)
2026-09-22 09:12:43.479 INFO  rank 1: graph variant 24 shape: 3308 nodes, 3545 edges: kernel 3308 empty 0 memcpy 0 memset 0 host 0 event 0 other 0; max in-degree 2
2026-09-22 09:12:43.487 INFO  rank 1: graph variant 24 instantiated — 37.6 MiB of device memory (0.9 GiB free)
2026-09-22 09:12:43.489 INFO  bus graph era: variant 25 recorded with 162 collective node(s)
2026-09-22 09:12:43.490 INFO  rank 1: graph variant 25 shape: 3308 nodes, 3545 edges: kernel 3308 empty 0 memcpy 0 memset 0 host 0 event 0 other 0; max in-degree 2
2026-09-22 09:12:43.499 INFO  rank 1: graph variant 25 instantiated — 38.1 MiB of device memory (0.9 GiB free)
2026-09-22 09:12:43.499 INFO  rank 1: serving row-batched graph variants 24/25 captured for 8 slots x 2 rows = 16 fixed rows, MTP (a batch is selected at 2+ live requests, the smallest that covers the live slots)
2026-09-22 09:12:43.615 INFO  bus graph era: variant 2 recorded with 162 collective node(s)
2026-09-22 09:12:43.615 INFO  rank 1: graph variant 2 shape: 2492 nodes, 2729 edges: kernel 2492 empty 0 memcpy 0 memset 0 host 0 event 0 other 0; max in-degree 2
2026-09-22 09:12:43.622 INFO  rank 1: graph variant 2 instantiated — 29.3 MiB of device memory (0.9 GiB free)
2026-09-22 09:12:43.624 INFO  bus graph era: variant 3 recorded with 162 collective node(s)
2026-09-22 09:12:43.624 INFO  rank 1: graph variant 3 shape: 2492 nodes, 2729 edges: kernel 2492 empty 0 memcpy 0 memset 0 host 0 event 0 other 0; max in-degree 2
2026-09-22 09:12:43.632 INFO  rank 1: graph variant 3 instantiated — 17592186044351.6 MiB of device memory (0.9 GiB free)
2026-09-22 09:12:43.632 INFO  rank 1: serving scalar graph variants 2/3 captured for request slot 1 (2 rows, MTP)
2026-09-22 09:12:43.741 INFO  bus graph era: variant 4 recorded with 162 collective node(s)
2026-09-22 09:12:43.741 INFO  rank 1: graph variant 4 shape: 2492 nodes, 2729 edges: kernel 2492 empty 0 memcpy 0 memset 0 host 0 event 0 other 0; max in-degree 2
2026-09-22 09:12:43.749 INFO  rank 1: graph variant 4 instantiated — 33.6 MiB of device memory (1.3 GiB free)
2026-09-22 09:12:43.750 INFO  bus graph era: variant 5 recorded with 162 collective node(s)
2026-09-22 09:12:43.751 INFO  rank 1: graph variant 5 shape: 2492 nodes, 2729 edges: kernel 2492 empty 0 memcpy 0 memset 0 host 0 event 0 other 0; max in-degree 2
2026-09-22 09:12:43.758 INFO  rank 1: graph variant 5 instantiated — 28.4 MiB of device memory (1.2 GiB free)
2026-09-22 09:12:43.758 INFO  rank 1: serving scalar graph variants 4/5 captured for request slot 2 (2 rows, MTP)
2026-09-22 09:12:43.865 INFO  bus graph era: variant 6 recorded with 162 collective node(s)
2026-09-22 09:12:43.865 INFO  rank 1: graph variant 6 shape: 2492 nodes, 2729 edges: kernel 2492 empty 0 memcpy 0 memset 0 host 0 event 0 other 0; max in-degree 2
2026-09-22 09:12:43.873 INFO  rank 1: graph variant 6 instantiated — 35.4 MiB of device memory (1.2 GiB free)
2026-09-22 09:12:43.875 INFO  bus graph era: variant 7 recorded with 162 collective node(s)
2026-09-22 09:12:43.875 INFO  rank 1: graph variant 7 shape: 2492 nodes, 2729 edges: kernel 2492 empty 0 memcpy 0 memset 0 host 0 event 0 other 0; max in-degree 2
2026-09-22 09:12:43.881 INFO  rank 1: graph variant 7 instantiated — 28.5 MiB of device memory (1.2 GiB free)
2026-09-22 09:12:43.881 INFO  rank 1: serving scalar graph variants 6/7 captured for request slot 3 (2 rows, MTP)
2026-09-22 09:12:43.990 INFO  bus graph era: variant 8 recorded with 162 collective node(s)
2026-09-22 09:12:43.990 INFO  rank 1: graph variant 8 shape: 2492 nodes, 2729 edges: kernel 2492 empty 0 memcpy 0 memset 0 host 0 event 0 other 0; max in-degree 2
2026-09-22 09:12:43.997 INFO  rank 1: graph variant 8 instantiated — 32.0 MiB of device memory (1.1 GiB free)
2026-09-22 09:12:43.998 INFO  bus graph era: variant 9 recorded with 162 collective node(s)
2026-09-22 09:12:43.999 INFO  rank 1: graph variant 9 shape: 2492 nodes, 2729 edges: kernel 2492 empty 0 memcpy 0 memset 0 host 0 event 0 other 0; max in-degree 2
2026-09-22 09:12:44.006 INFO  rank 1: graph variant 9 instantiated — 32.1 MiB of device memory (1.1 GiB free)
2026-09-22 09:12:44.006 INFO  rank 1: serving scalar graph variants 8/9 captured for request slot 4 (2 rows, MTP)
2026-09-22 09:12:44.114 INFO  bus graph era: variant 10 recorded with 162 collective node(s)
2026-09-22 09:12:44.114 INFO  rank 1: graph variant 10 shape: 2492 nodes, 2729 edges: kernel 2492 empty 0 memcpy 0 memset 0 host 0 event 0 other 0; max in-degree 2
2026-09-22 09:12:44.121 INFO  rank 1: graph variant 10 instantiated — 30.1 MiB of device memory (1.1 GiB free)
2026-09-22 09:12:44.123 INFO  bus graph era: variant 11 recorded with 162 collective node(s)
2026-09-22 09:12:44.123 INFO  rank 1: graph variant 11 shape: 2492 nodes, 2729 edges: kernel 2492 empty 0 memcpy 0 memset 0 host 0 event 0 other 0; max in-degree 2
2026-09-22 09:12:44.131 INFO  rank 1: graph variant 11 instantiated — 32.3 MiB of device memory (1.0 GiB free)
2026-09-22 09:12:44.131 INFO  rank 1: serving scalar graph variants 10/11 captured for request slot 5 (2 rows, MTP)
2026-09-22 09:12:44.238 INFO  bus graph era: variant 12 recorded with 162 collective node(s)
2026-09-22 09:12:44.239 INFO  rank 1: graph variant 12 shape: 2492 nodes, 2729 edges: kernel 2492 empty 0 memcpy 0 memset 0 host 0 event 0 other 0; max in-degree 2
2026-09-22 09:12:44.246 INFO  rank 1: graph variant 12 instantiated — 30.5 MiB of device memory (1.0 GiB free)
2026-09-22 09:12:44.247 INFO  bus graph era: variant 13 recorded with 162 collective node(s)
2026-09-22 09:12:44.248 INFO  rank 1: graph variant 13 shape: 2492 nodes, 2729 edges: kernel 2492 empty 0 memcpy 0 memset 0 host 0 event 0 other 0; max in-degree 2
2026-09-22 09:12:44.256 INFO  rank 1: graph variant 13 instantiated — 32.8 MiB of device memory (1.0 GiB free)
2026-09-22 09:12:44.256 INFO  rank 1: serving scalar graph variants 12/13 captured for request slot 6 (2 rows, MTP)
2026-09-22 09:12:44.364 INFO  bus graph era: variant 14 recorded with 162 collective node(s)
2026-09-22 09:12:44.364 INFO  rank 1: graph variant 14 shape: 2492 nodes, 2729 edges: kernel 2492 empty 0 memcpy 0 memset 0 host 0 event 0 other 0; max in-degree 2
2026-09-22 09:12:44.372 INFO  rank 1: graph variant 14 instantiated — 33.3 MiB of device memory (0.9 GiB free)
2026-09-22 09:12:44.374 INFO  bus graph era: variant 15 recorded with 162 collective node(s)
2026-09-22 09:12:44.374 INFO  rank 1: graph variant 15 shape: 2492 nodes, 2729 edges: kernel 2492 empty 0 memcpy 0 memset 0 host 0 event 0 other 0; max in-degree 2
2026-09-22 09:12:44.383 INFO  rank 1: graph variant 15 instantiated — 30.6 MiB of device memory (0.9 GiB free)
2026-09-22 09:12:44.383 INFO  rank 1: serving scalar graph variants 14/15 captured for request slot 7 (2 rows, MTP)
2026-09-22 09:12:44.383 INFO  rank 1: warm capture complete — 8 scalar variants and the row batches for 2 slots, 3 slots, 4 slots, 6 slots, 8 slots recorded before the first request
2026-09-22 09:12:44.383 INFO  memory ledger: rank 1 after the warm capture — rss 1.94 GiB (anon 1.16, shmem 0.13, file 0.65; locked 14.15); device free 0.92 GiB, node available 3.84 GiB
2026-09-22 09:12:44.383 INFO  rank 1: graph variants warm-captured in 1.61s
2026-09-22 09:12:44.384 INFO  rank 1: following rank 0's journal (admission full, window 256)
2026-09-22 09:12:46.472 INFO  sched: request 'chatcmpl-8a1e3904842c96e2' prefix cache miss — 3 cut(s), the cache is empty
2026-09-22 09:12:46.472 INFO  sched: request 'chatcmpl-8a1e3904842c96e2' admitted to slot 0 (reserve 1 blocks; pool 2/960 blocks in use) — first token 785
2026-09-22 09:12:48.515 INFO  sched: request 'chatcmpl-8a1e3904842c96e2' retired (steps): 64 tok in 2.0 s — prefill 62 tok (0 cached) in 928 ms; decode 63 tok / 32 passes in 1.1 s: 56.4 tok/s, 17.7 ms/tok, 35 ms/pass, 1.97 tok/pass, accept p1 100 %
2026-09-22 09:12:49.283 INFO  sched: request 'chatcmpl-8a1e3904842c96e3' prefix cache miss — 3 cut(s) probed against 2 entries; the nearest entry (position 124) shares the first 12 of the prompt's 37 tokens (the prompt differs from it from that token on)
2026-09-22 09:12:49.283 INFO  sched: request 'chatcmpl-8a1e3904842c96e3' admitted to slot 0 (reserve 3 blocks; pool 6/960 blocks in use) — first token 785
2026-09-22 09:12:54.595 INFO  stats: rank 1 | 10.0 s | decode 22.1 tok/s, 32.6 ms/tok, 62.3 ms/step (116 steps / 222 tok, 72 % of wall) | mtp 1.91 tok/step/req, accept p1 91 % | prefill 2 prompts / 99 tok, 10 tok/s, 16.84 ms/tok, 834 ms avg (17 % of wall), 0 tok cached (0/2 hits) | live 1, queued 0 | pool 7/960 blocks (1 %) | prefix cache 3/4096 entries
2026-09-22 09:12:57.882 INFO  sched: request 'chatcmpl-8a1e3904842c96e3' retired (steps): 256 tok in 8.6 s — prefill 37 tok (0 cached) in 740 ms; decode 255 tok / 136 passes in 7.9 s: 32.4 tok/s, 30.8 ms/tok, 58 ms/pass, 1.88 tok/pass, accept p1 88 %
2026-09-22 09:12:58.007 INFO  sched: request 'chatcmpl-8a1e3904842c96e4' admitted to slot 0 (reserve 3 blocks; pool 9/960 blocks in use) — first token 785
2026-09-22 09:13:04.655 INFO  stats: rank 1 | 10.1 s | decode 29.4 tok/s, 33.0 ms/tok, 62.2 ms/step (157 steps / 296 tok, 97 % of wall) | mtp 1.89 tok/step/req, accept p1 88 % | prefill 1 prompt / 2 tok, 0 tok/s, 48.61 ms/tok, 97 ms avg (1 % of wall), 35 tok cached (1/1 hit) | live 1, queued 0 | pool 10/960 blocks (1 %) | prefix cache 4/4096 entries
2026-09-22 09:13:06.623 INFO  sched: request 'chatcmpl-8a1e3904842c96e4' retired (steps): 256 tok in 8.6 s — prefill 37 tok (35 cached) in 97 ms; decode 255 tok / 136 passes in 8.5 s: 29.9 tok/s, 33.4 ms/tok, 63 ms/pass, 1.88 tok/pass, accept p1 88 %
2026-09-22 09:13:06.742 INFO  sched: request 'chatcmpl-8a1e3904842c96e5' admitted to slot 0 (reserve 3 blocks; pool 9/960 blocks in use) — first token 785
2026-09-22 09:13:14.706 INFO  stats: rank 1 | 10.1 s | decode 29.3 tok/s, 33.2 ms/tok, 62.2 ms/step (157 steps / 294 tok, 97 % of wall) | mtp 1.87 tok/step/req, accept p1 87 % | prefill 1 prompt / 2 tok, 0 tok/s, 48.11 ms/tok, 96 ms avg (1 % of wall), 35 tok cached (1/1 hit) | live 1, queued 0 | pool 10/960 blocks (1 %) | prefix cache 4/4096 entries
2026-09-22 09:13:15.338 INFO  sched: request 'chatcmpl-8a1e3904842c96e5' retired (steps): 256 tok in 8.6 s — prefill 37 tok (35 cached) in 96 ms; decode 255 tok / 136 passes in 8.5 s: 30.0 tok/s, 33.3 ms/tok, 63 ms/pass, 1.88 tok/pass, accept p1 88 %
2026-09-22 09:13:16.115 INFO  sched: request 'chatcmpl-8a1e3904842c96e6' prefix cache miss — 3 cut(s) probed against 4 entries; the nearest entry (position 292) shares the first 18 of the prompt's 36 tokens (the prompt differs from it from that token on)
2026-09-22 09:13:16.115 INFO  sched: request 'chatcmpl-8a1e3904842c96e6' admitted to slot 0 (reserve 3 blocks; pool 10/960 blocks in use) — first token 785
2026-09-22 09:13:16.924 INFO  sched: request 'chatcmpl-8a1e3904842c96e7' prefix cache miss — 3 cut(s) probed against 5 entries; the nearest entry (position 292) shares the first 18 of the prompt's 36 tokens (the prompt differs from it from that token on)
2026-09-22 09:13:16.924 INFO  sched: request 'chatcmpl-8a1e3904842c96e7' admitted to slot 1 (reserve 3 blocks; pool 15/960 blocks in use) — first token 785
2026-09-22 09:13:24.719 INFO  stats: rank 1 | 10.0 s | decode 32.5 tok/s, 25.7 ms/tok, 86.1 ms/step (97 steps / 325 tok, 83 % of wall) | mtp 1.78 tok/step/req, accept p1 77 % | prefill 2 prompts / 72 tok, 7 tok/s, 20.68 ms/tok, 745 ms avg (15 % of wall), 0 tok cached (0/2 hits) | live 2, queued 0 | pool 16/960 blocks (2 %) | prefix cache 6/4096 entries
2026-09-22 09:13:29.975 INFO  sched: request 'chatcmpl-8a1e3904842c96e6' retired (steps): 256 tok in 13.9 s — prefill 36 tok (0 cached) in 744 ms; decode 255 tok / 145 passes in 13.1 s: 19.4 tok/s, 51.4 ms/tok, 90 ms/pass, 1.76 tok/pass, accept p1 76 %
2026-09-22 09:13:30.229 INFO  sched: request 'chatcmpl-8a1e3904842c96e7' retired (steps): 256 tok in 13.3 s — prefill 36 tok (0 cached) in 745 ms; decode 255 tok / 148 passes in 12.6 s: 20.3 tok/s, 49.3 ms/tok, 85 ms/pass, 1.72 tok/pass, accept p1 73 %
2026-09-22 09:13:30.348 INFO  sched: request 'chatcmpl-8a1e3904842c96e8' admitted to slot 0 (reserve 3 blocks; pool 17/960 blocks in use) — first token 785
2026-09-22 09:13:30.506 INFO  sched: request 'chatcmpl-8a1e3904842c96e9' admitted to slot 1 (reserve 3 blocks; pool 21/960 blocks in use) — first token 785
2026-09-22 09:13:34.768 INFO  stats: rank 1 | 10.0 s | decode 37.8 tok/s, 25.5 ms/tok, 88.0 ms/step (110 steps / 380 tok, 96 % of wall) | mtp 1.77 tok/step/req, accept p1 76 % | prefill 2 prompts / 4 tok, 0 tok/s, 46.86 ms/tok, 94 ms avg (2 % of wall), 68 tok cached (2/2 hits) | live 2, queued 0 | pool 22/960 blocks (2 %) | prefix cache 8/4096 entries
2026-09-22 09:13:43.670 INFO  sched: request 'chatcmpl-8a1e3904842c96e9' retired (steps): 256 tok in 13.2 s — prefill 36 tok (34 cached) in 91 ms; decode 255 tok / 145 passes in 13.1 s: 19.5 tok/s, 51.3 ms/tok, 90 ms/pass, 1.76 tok/pass, accept p1 76 %
2026-09-22 09:13:43.799 INFO  sched: request 'chatcmpl-8a1e3904842c96e8' retired (steps): 256 tok in 13.5 s — prefill 36 tok (34 cached) in 96 ms; decode 255 tok / 148 passes in 13.4 s: 19.1 tok/s, 52.4 ms/tok, 90 ms/pass, 1.72 tok/pass, accept p1 73 %
2026-09-22 09:13:43.898 INFO  sched: request 'chatcmpl-8a1e3904842c96ea' admitted to slot 0 (reserve 3 blocks; pool 17/960 blocks in use) — first token 785
2026-09-22 09:13:44.056 INFO  sched: request 'chatcmpl-8a1e3904842c96eb' admitted to slot 1 (reserve 3 blocks; pool 21/960 blocks in use) — first token 785
2026-09-22 09:13:44.782 INFO  stats: rank 1 | 10.0 s | decode 37.3 tok/s, 25.8 ms/tok, 88.7 ms/step (109 steps / 374 tok, 96 % of wall) | mtp 1.74 tok/step/req, accept p1 73 % | prefill 2 prompts / 4 tok, 0 tok/s, 46.60 ms/tok, 93 ms avg (2 % of wall), 68 tok cached (2/2 hits) | live 2, queued 0 | pool 22/960 blocks (2 %) | prefix cache 8/4096 entries
2026-09-22 09:13:54.823 INFO  stats: rank 1 | 10.0 s | decode 38.2 tok/s, 25.8 ms/tok, 89.1 ms/step (111 steps / 384 tok, 98 % of wall) | mtp 1.73 tok/step/req, accept p1 73 % | prefill 0 prompts / 0 tok, 0 tok cached (0/0 hits) | live 2, queued 0 | pool 22/960 blocks (2 %) | prefix cache 8/4096 entries
2026-09-22 09:13:57.216 INFO  sched: request 'chatcmpl-8a1e3904842c96eb' retired (steps): 256 tok in 13.2 s — prefill 36 tok (34 cached) in 93 ms; decode 255 tok / 145 passes in 13.1 s: 19.5 tok/s, 51.2 ms/tok, 90 ms/pass, 1.76 tok/pass, accept p1 76 %
2026-09-22 09:13:57.344 INFO  sched: request 'chatcmpl-8a1e3904842c96ea' retired (steps): 256 tok in 13.4 s — prefill 36 tok (34 cached) in 93 ms; decode 255 tok / 148 passes in 13.4 s: 19.1 tok/s, 52.4 ms/tok, 90 ms/pass, 1.72 tok/pass, accept p1 73 %
2026-09-22 09:13:58.083 INFO  sched: request 'chatcmpl-8a1e3904842c96ec' prefix cache miss — 3 cut(s) probed against 8 entries; the nearest entry (position 292) shares the first 18 of the prompt's 35 tokens (the prompt differs from it from that token on)
2026-09-22 09:13:58.083 INFO  sched: request 'chatcmpl-8a1e3904842c96ec' admitted to slot 0 (reserve 3 blocks; pool 18/960 blocks in use) — first token 785
2026-09-22 09:13:58.832 INFO  sched: request 'chatcmpl-8a1e3904842c96ed' prefix cache miss — 3 cut(s) probed against 9 entries; the nearest entry (position 292) shares the first 10 of the prompt's 31 tokens (the prompt differs from it from that token on)
2026-09-22 09:13:58.832 INFO  sched: request 'chatcmpl-8a1e3904842c96ed' admitted to slot 1 (reserve 3 blocks; pool 23/960 blocks in use) — first token 785
2026-09-22 09:13:59.617 INFO  sched: request 'chatcmpl-8a1e3904842c96ee' prefix cache miss — 3 cut(s) probed against 10 entries; the nearest entry (position 29) shares the first 12 of the prompt's 32 tokens (the prompt differs from it from that token on)
2026-09-22 09:13:59.617 INFO  sched: request 'chatcmpl-8a1e3904842c96ee' admitted to slot 2 (reserve 3 blocks; pool 28/960 blocks in use) — first token 785
2026-09-22 09:14:00.438 INFO  sched: request 'chatcmpl-8a1e3904842c96ef' prefix cache miss — 3 cut(s) probed against 11 entries; the nearest entry (position 30) shares the first 12 of the prompt's 32 tokens (the prompt differs from it from that token on)
2026-09-22 09:14:00.438 INFO  sched: request 'chatcmpl-8a1e3904842c96ef' admitted to slot 3 (reserve 3 blocks; pool 33/960 blocks in use) — first token 785
2026-09-22 09:14:04.852 INFO  stats: rank 1 | 10.0 s | decode 34.0 tok/s, 20.8 ms/tok, 116.3 ms/step (61 steps / 341 tok, 71 % of wall) | mtp 1.89 tok/step/req, accept p1 88 % | prefill 4 prompts / 130 tok, 13 tok/s, 21.55 ms/tok, 700 ms avg (28 % of wall), 0 tok cached (0/4 hits) | live 4, queued 0 | pool 34/960 blocks (4 %) | prefix cache 12/4096 entries
2026-09-22 09:14:14.988 INFO  stats: rank 1 | 10.1 s | decode 47.8 tok/s, 20.7 ms/tok, 147.2 ms/step (68 steps / 484 tok, 99 % of wall) | mtp 1.78 tok/step/req, accept p1 78 % | prefill 0 prompts / 0 tok, 0 tok cached (0/0 hits) | live 4, queued 0 | pool 34/960 blocks (4 %) | prefix cache 12/4096 entries
2026-09-22 09:14:20.532 INFO  sched: request 'chatcmpl-8a1e3904842c96ee' retired (steps): 256 tok in 20.9 s — prefill 32 tok (0 cached) in 695 ms; decode 255 tok / 136 passes in 20.2 s: 12.6 tok/s, 79.3 ms/tok, 149 ms/pass, 1.88 tok/pass, accept p1 88 %
2026-09-22 09:14:20.832 INFO  sched: request 'chatcmpl-8a1e3904842c96ed' retired (steps): 256 tok in 22.0 s — prefill 31 tok (0 cached) in 684 ms; decode 255 tok / 139 passes in 21.3 s: 12.0 tok/s, 83.6 ms/tok, 153 ms/pass, 1.83 tok/pass, accept p1 83 %
2026-09-22 09:14:21.648 INFO  sched: request 'chatcmpl-8a1e3904842c96ef' retired (steps): 256 tok in 21.2 s — prefill 32 tok (0 cached) in 695 ms; decode 255 tok / 143 passes in 20.5 s: 12.4 tok/s, 80.4 ms/tok, 143 ms/pass, 1.78 tok/pass, accept p1 79 %
2026-09-22 09:14:21.649 INFO  sched: request 'chatcmpl-8a1e3904842c96ec' retired (steps): 256 tok in 23.6 s — prefill 35 tok (0 cached) in 727 ms; decode 255 tok / 146 passes in 22.8 s: 11.2 tok/s, 89.6 ms/tok, 156 ms/pass, 1.75 tok/pass, accept p1 75 %
2026-09-22 09:14:21.768 INFO  sched: request 'chatcmpl-8a1e3904842c96f0' admitted to slot 0 (reserve 3 blocks; pool 33/960 blocks in use) — first token 785
2026-09-22 09:14:21.926 INFO  sched: request 'chatcmpl-8a1e3904842c96f1' admitted to slot 1 (reserve 3 blocks; pool 37/960 blocks in use) — first token 785
2026-09-22 09:14:22.115 INFO  sched: request 'chatcmpl-8a1e3904842c96f2' admitted to slot 2 (reserve 3 blocks; pool 41/960 blocks in use) — first token 785
2026-09-22 09:14:22.341 INFO  sched: request 'chatcmpl-8a1e3904842c96f3' admitted to slot 3 (reserve 3 blocks; pool 45/960 blocks in use) — first token 785
2026-09-22 09:14:25.084 INFO  stats: rank 1 | 10.1 s | decode 45.1 tok/s, 21.0 ms/tok, 142.4 ms/step (67 steps / 455 tok, 95 % of wall) | mtp 1.83 tok/step/req, accept p1 83 % | prefill 4 prompts / 8 tok, 1 tok/s, 47.86 ms/tok, 96 ms avg (4 % of wall), 122 tok cached (4/4 hits) | live 4, queued 0 | pool 46/960 blocks (5 %) | prefix cache 16/4096 entries
2026-09-22 09:14:35.212 INFO  stats: rank 1 | 10.1 s | decode 48.5 tok/s, 20.4 ms/tok, 147.0 ms/step (68 steps / 491 tok, 99 % of wall) | mtp 1.81 tok/step/req, accept p1 81 % | prefill 0 prompts / 0 tok, 0 tok cached (0/0 hits) | live 4, queued 0 | pool 46/960 blocks (5 %) | prefix cache 16/4096 entries
2026-09-22 09:14:42.214 INFO  sched: request 'chatcmpl-8a1e3904842c96f1' retired (steps): 256 tok in 20.3 s — prefill 32 tok (30 cached) in 93 ms; decode 255 tok / 136 passes in 20.2 s: 12.6 tok/s, 79.2 ms/tok, 148 ms/pass, 1.88 tok/pass, accept p1 88 %
2026-09-22 09:14:42.819 INFO  sched: request 'chatcmpl-8a1e3904842c96f2' retired (steps): 256 tok in 20.7 s — prefill 31 tok (29 cached) in 97 ms; decode 255 tok / 139 passes in 20.6 s: 12.4 tok/s, 80.8 ms/tok, 148 ms/pass, 1.83 tok/pass, accept p1 83 %
2026-09-22 09:14:43.496 INFO  sched: request 'chatcmpl-8a1e3904842c96f3' retired (steps): 256 tok in 21.2 s — prefill 32 tok (30 cached) in 96 ms; decode 255 tok / 143 passes in 21.1 s: 12.1 tok/s, 82.6 ms/tok, 147 ms/pass, 1.78 tok/pass, accept p1 79 %
2026-09-22 09:14:43.496 INFO  sched: request 'chatcmpl-8a1e3904842c96f0' retired (steps): 256 tok in 21.7 s — prefill 35 tok (33 cached) in 96 ms; decode 255 tok / 146 passes in 21.6 s: 11.8 tok/s, 84.8 ms/tok, 148 ms/pass, 1.75 tok/pass, accept p1 75 %
2026-09-22 09:14:43.621 INFO  sched: request 'chatcmpl-8a1e3904842c96f4' admitted to slot 0 (reserve 3 blocks; pool 33/960 blocks in use) — first token 785
2026-09-22 09:14:43.782 INFO  sched: request 'chatcmpl-8a1e3904842c96f5' admitted to slot 1 (reserve 3 blocks; pool 37/960 blocks in use) — first token 785
2026-09-22 09:14:43.969 INFO  sched: request 'chatcmpl-8a1e3904842c96f6' admitted to slot 2 (reserve 3 blocks; pool 41/960 blocks in use) — first token 785
2026-09-22 09:14:44.193 INFO  sched: request 'chatcmpl-8a1e3904842c96f7' admitted to slot 3 (reserve 3 blocks; pool 45/960 blocks in use) — first token 785
2026-09-22 09:14:45.350 INFO  stats: rank 1 | 10.1 s | decode 44.3 tok/s, 21.3 ms/tok, 143.0 ms/step (67 steps / 449 tok, 95 % of wall) | mtp 1.81 tok/step/req, accept p1 80 % | prefill 4 prompts / 8 tok, 1 tok/s, 48.13 ms/tok, 96 ms avg (4 % of wall), 122 tok cached (4/4 hits) | live 4, queued 0 | pool 46/960 blocks (5 %) | prefix cache 16/4096 entries
2026-09-22 09:14:55.369 INFO  stats: rank 1 | 10.0 s | decode 49.9 tok/s, 19.8 ms/tok, 145.5 ms/step (68 steps / 500 tok, 99 % of wall) | mtp 1.84 tok/step/req, accept p1 84 % | prefill 0 prompts / 0 tok, 0 tok cached (0/0 hits) | live 4, queued 0 | pool 46/960 blocks (5 %) | prefix cache 16/4096 entries
2026-09-22 09:15:04.354 INFO  sched: request 'chatcmpl-8a1e3904842c96f7' retired (steps): 256 tok in 20.2 s — prefill 32 tok (30 cached) in 99 ms; decode 255 tok / 136 passes in 20.1 s: 12.7 tok/s, 78.7 ms/tok, 148 ms/pass, 1.88 tok/pass, accept p1 88 %
2026-09-22 09:15:04.481 INFO  sched: request 'chatcmpl-8a1e3904842c96f5' retired (steps): 256 tok in 20.7 s — prefill 31 tok (29 cached) in 94 ms; decode 255 tok / 139 passes in 20.6 s: 12.4 tok/s, 80.8 ms/tok, 148 ms/pass, 1.83 tok/pass, accept p1 83 %
2026-09-22 09:15:05.089 INFO  sched: request 'chatcmpl-8a1e3904842c96f6' retired (steps): 256 tok in 21.1 s — prefill 32 tok (30 cached) in 95 ms; decode 255 tok / 143 passes in 21.0 s: 12.1 tok/s, 82.5 ms/tok, 147 ms/pass, 1.78 tok/pass, accept p1 79 %
2026-09-22 09:15:05.158 INFO  sched: request 'chatcmpl-8a1e3904842c96f4' retired (steps): 256 tok in 21.5 s — prefill 35 tok (33 cached) in 97 ms; decode 255 tok / 146 passes in 21.4 s: 11.9 tok/s, 84.1 ms/tok, 147 ms/pass, 1.75 tok/pass, accept p1 75 %
2026-09-22 09:15:05.902 INFO  sched: request 'chatcmpl-8a1e3904842c96f8' prefix cache miss — 3 cut(s) probed against 16 entries; the nearest entry (position 286) shares the first 12 of the prompt's 31 tokens (the prompt differs from it from that token on)
2026-09-22 09:15:05.902 INFO  sched: request 'chatcmpl-8a1e3904842c96f8' admitted to slot 0 (reserve 3 blocks; pool 34/960 blocks in use) — first token 785
2026-09-22 09:15:05.963 INFO  stats: rank 1 | 10.6 s | decode 42.3 tok/s, 21.7 ms/tok, 142.7 ms/step (68 steps / 448 tok, 92 % of wall) | mtp 1.76 tok/step/req, accept p1 76 % | prefill 1 prompt / 31 tok, 3 tok/s, 22.24 ms/tok, 689 ms avg (7 % of wall), 0 tok cached (0/1 hit) | live 1, queued 0 | pool 35/960 blocks (4 %) | prefix cache 17/4096 entries
2026-09-22 09:15:06.650 INFO  sched: request 'chatcmpl-8a1e3904842c96f9' prefix cache miss — 3 cut(s) probed against 17 entries; the nearest entry (position 286) shares the first 14 of the prompt's 31 tokens (the prompt differs from it from that token on)
2026-09-22 09:15:06.650 INFO  sched: request 'chatcmpl-8a1e3904842c96f9' admitted to slot 1 (reserve 3 blocks; pool 39/960 blocks in use) — first token 785
2026-09-22 09:15:07.421 INFO  sched: request 'chatcmpl-8a1e3904842c96fa' prefix cache miss — 3 cut(s) probed against 18 entries; the nearest entry (position 286) shares the first 14 of the prompt's 31 tokens (the prompt differs from it from that token on)
2026-09-22 09:15:07.421 INFO  sched: request 'chatcmpl-8a1e3904842c96fa' admitted to slot 2 (reserve 3 blocks; pool 44/960 blocks in use) — first token 785
2026-09-22 09:15:08.250 INFO  sched: request 'chatcmpl-8a1e3904842c96fb' prefix cache miss — 3 cut(s) probed against 19 entries; the nearest entry (position 286) shares the first 14 of the prompt's 32 tokens (the prompt differs from it from that token on)
2026-09-22 09:15:08.250 INFO  sched: request 'chatcmpl-8a1e3904842c96fb' admitted to slot 3 (reserve 3 blocks; pool 49/960 blocks in use) — first token 785
2026-09-22 09:15:09.098 INFO  sched: request 'chatcmpl-8a1e3904842c96fc' prefix cache miss — 3 cut(s) probed against 20 entries; the nearest entry (position 286) shares the first 14 of the prompt's 32 tokens (the prompt differs from it from that token on)
2026-09-22 09:15:09.098 INFO  sched: request 'chatcmpl-8a1e3904842c96fc' admitted to slot 4 (reserve 3 blocks; pool 54/960 blocks in use) — first token 785
2026-09-22 09:15:09.990 INFO  sched: request 'chatcmpl-8a1e3904842c96fd' prefix cache miss — 3 cut(s) probed against 21 entries; the nearest entry (position 286) shares the first 14 of the prompt's 31 tokens (the prompt differs from it from that token on)
2026-09-22 09:15:09.990 INFO  sched: request 'chatcmpl-8a1e3904842c96fd' admitted to slot 5 (reserve 3 blocks; pool 59/960 blocks in use) — first token 785
2026-09-22 09:15:10.879 INFO  sched: request 'chatcmpl-8a1e3904842c96fe' prefix cache miss — 3 cut(s) probed against 22 entries; the nearest entry (position 286) shares the first 14 of the prompt's 31 tokens (the prompt differs from it from that token on)
2026-09-22 09:15:10.879 INFO  sched: request 'chatcmpl-8a1e3904842c96fe' admitted to slot 6 (reserve 3 blocks; pool 64/960 blocks in use) — first token 785
2026-09-22 09:15:11.835 INFO  sched: request 'chatcmpl-8a1e3904842c96ff' prefix cache miss — 3 cut(s) probed against 23 entries; the nearest entry (position 286) shares the first 14 of the prompt's 32 tokens (the prompt differs from it from that token on)
2026-09-22 09:15:11.835 INFO  sched: request 'chatcmpl-8a1e3904842c96ff' admitted to slot 7 (reserve 3 blocks; pool 69/960 blocks in use) — first token 785
2026-09-22 09:15:15.988 INFO  stats: rank 1 | 10.0 s | decode 32.2 tok/s, 15.4 ms/tok, 216.3 ms/step (23 steps / 323 tok, 50 % of wall) | mtp 1.98 tok/step/req, accept p1 94 % | prefill 7 prompts / 220 tok, 22 tok/s, 22.00 ms/tok, 691 ms avg (48 % of wall), 0 tok cached (0/7 hits) | live 8, queued 0 | pool 70/960 blocks (7 %) | prefix cache 24/4096 entries
2026-09-22 09:15:26.165 INFO  stats: rank 1 | 10.2 s | decode 55.9 tok/s, 17.1 ms/tok, 243.9 ms/step (40 steps / 569 tok, 96 % of wall) | mtp 1.78 tok/step/req, accept p1 78 % | prefill 0 prompts / 0 tok, 0 tok cached (0/0 hits) | live 8, queued 0 | pool 70/960 blocks (7 %) | prefix cache 24/4096 entries
2026-09-22 09:15:36.275 INFO  stats: rank 1 | 10.1 s | decode 55.4 tok/s, 17.3 ms/tok, 248.7 ms/step (39 steps / 560 tok, 96 % of wall) | mtp 1.79 tok/step/req, accept p1 79 % | prefill 0 prompts / 0 tok, 0 tok cached (0/0 hits) | live 8, queued 0 | pool 70/960 blocks (7 %) | prefix cache 24/4096 entries
2026-09-22 09:15:45.831 INFO  sched: request 'chatcmpl-8a1e3904842c96f9' retired (steps): 256 tok in 39.2 s — prefill 31 tok (0 cached) in 684 ms; decode 255 tok / 138 passes in 38.5 s: 6.6 tok/s, 151.0 ms/tok, 279 ms/pass, 1.85 tok/pass, accept p1 85 %
2026-09-22 09:15:46.098 INFO  sched: request 'chatcmpl-8a1e3904842c96fa' retired (steps): 256 tok in 38.7 s — prefill 31 tok (0 cached) in 680 ms; decode 255 tok / 138 passes in 38.0 s: 6.7 tok/s, 149.0 ms/tok, 275 ms/pass, 1.85 tok/pass, accept p1 85 %
2026-09-22 09:15:46.366 INFO  stats: rank 1 | 10.1 s | decode 53.0 tok/s, 18.1 ms/tok, 254.8 ms/step (38 steps / 535 tok, 96 % of wall) | mtp 1.78 tok/step/req, accept p1 78 % | prefill 0 prompts / 0 tok, 0 tok cached (0/0 hits) | live 6, queued 0 | pool 68/960 blocks (7 %) | prefix cache 26/4096 entries
2026-09-22 09:15:46.872 INFO  sched: request 'chatcmpl-8a1e3904842c96fb' retired (steps): 256 tok in 38.6 s — prefill 32 tok (0 cached) in 703 ms; decode 255 tok / 140 passes in 37.9 s: 6.7 tok/s, 148.7 ms/tok, 271 ms/pass, 1.82 tok/pass, accept p1 82 %
2026-09-22 09:15:47.139 INFO  sched: request 'chatcmpl-8a1e3904842c96f8' retired (steps): 256 tok in 41.2 s — prefill 31 tok (0 cached) in 689 ms; decode 255 tok / 144 passes in 40.5 s: 6.3 tok/s, 159.0 ms/tok, 282 ms/pass, 1.77 tok/pass, accept p1 78 %
2026-09-22 09:15:47.615 INFO  sched: request 'chatcmpl-8a1e3904842c96fe' retired (steps): 256 tok in 36.7 s — prefill 31 tok (0 cached) in 684 ms; decode 255 tok / 140 passes in 36.1 s: 7.1 tok/s, 141.4 ms/tok, 258 ms/pass, 1.82 tok/pass, accept p1 82 %
2026-09-22 09:15:48.088 INFO  sched: request 'chatcmpl-8a1e3904842c96ff' retired (steps): 256 tok in 36.3 s — prefill 32 tok (0 cached) in 702 ms; decode 255 tok / 141 passes in 35.6 s: 7.2 tok/s, 139.4 ms/tok, 252 ms/pass, 1.81 tok/pass, accept p1 81 %
2026-09-22 09:15:48.439 INFO  sched: request 'chatcmpl-8a1e3904842c96fd' retired (steps): 256 tok in 38.4 s — prefill 31 tok (0 cached) in 683 ms; decode 255 tok / 145 passes in 37.8 s: 6.8 tok/s, 148.1 ms/tok, 260 ms/pass, 1.76 tok/pass, accept p1 77 %
2026-09-22 09:15:48.573 INFO  sched: request 'chatcmpl-8a1e3904842c96fc' retired (steps): 256 tok in 39.5 s — prefill 32 tok (0 cached) in 704 ms; decode 255 tok / 148 passes in 38.8 s: 6.6 tok/s, 152.0 ms/tok, 262 ms/pass, 1.72 tok/pass, accept p1 72 %
2026-09-22 09:15:48.692 INFO  sched: request 'chatcmpl-8a1e3904842c9700' admitted to slot 0 (reserve 3 blocks; pool 65/960 blocks in use) — first token 785
2026-09-22 09:15:48.852 INFO  sched: request 'chatcmpl-8a1e3904842c9701' admitted to slot 1 (reserve 3 blocks; pool 69/960 blocks in use) — first token 785
2026-09-22 09:15:49.039 INFO  sched: request 'chatcmpl-8a1e3904842c9702' admitted to slot 2 (reserve 3 blocks; pool 73/960 blocks in use) — first token 785
2026-09-22 09:15:49.262 INFO  sched: request 'chatcmpl-8a1e3904842c9703' admitted to slot 3 (reserve 3 blocks; pool 77/960 blocks in use) — first token 785
2026-09-22 09:15:49.505 INFO  sched: request 'chatcmpl-8a1e3904842c9704' admitted to slot 4 (reserve 3 blocks; pool 81/960 blocks in use) — first token 785
2026-09-22 09:15:49.808 INFO  sched: request 'chatcmpl-8a1e3904842c9705' admitted to slot 5 (reserve 3 blocks; pool 85/960 blocks in use) — first token 785
2026-09-22 09:15:50.116 INFO  sched: request 'chatcmpl-8a1e3904842c9706' admitted to slot 6 (reserve 3 blocks; pool 89/960 blocks in use) — first token 785
2026-09-22 09:15:50.468 INFO  sched: request 'chatcmpl-8a1e3904842c9707' admitted to slot 7 (reserve 3 blocks; pool 93/960 blocks in use) — first token 785
2026-09-22 09:15:56.418 INFO  stats: rank 1 | 10.1 s | decode 48.5 tok/s, 18.2 ms/tok, 210.9 ms/step (42 steps / 488 tok, 88 % of wall) | mtp 1.90 tok/step/req, accept p1 88 % | prefill 8 prompts / 16 tok, 2 tok/s, 48.87 ms/tok, 98 ms avg (8 % of wall), 235 tok cached (8/8 hits) | live 8, queued 0 | pool 94/960 blocks (10 %) | prefix cache 32/4096 entries
2026-09-22 09:16:06.463 INFO  stats: rank 1 | 10.0 s | decode 54.7 tok/s, 17.5 ms/tok, 246.7 ms/step (39 steps / 549 tok, 96 % of wall) | mtp 1.76 tok/step/req, accept p1 76 % | prefill 0 prompts / 0 tok, 0 tok cached (0/0 hits) | live 8, queued 0 | pool 94/960 blocks (10 %) | prefix cache 32/4096 entries
2026-09-22 09:16:16.721 INFO  stats: rank 1 | 10.3 s | decode 54.8 tok/s, 17.5 ms/tok, 252.2 ms/step (39 steps / 562 tok, 96 % of wall) | mtp 1.80 tok/step/req, accept p1 80 % | prefill 0 prompts / 0 tok, 0 tok cached (0/0 hits) | live 8, queued 0 | pool 94/960 blocks (10 %) | prefix cache 32/4096 entries
2026-09-22 09:16:24.998 INFO  sched: request 'chatcmpl-8a1e3904842c9702' retired (steps): 256 tok in 36.0 s — prefill 31 tok (29 cached) in 96 ms; decode 255 tok / 138 passes in 35.9 s: 7.1 tok/s, 140.6 ms/tok, 260 ms/pass, 1.85 tok/pass, accept p1 85 %
2026-09-22 09:16:25.794 INFO  sched: request 'chatcmpl-8a1e3904842c9703' retired (steps): 256 tok in 36.5 s — prefill 31 tok (29 cached) in 99 ms; decode 255 tok / 140 passes in 36.4 s: 7.0 tok/s, 142.9 ms/tok, 260 ms/pass, 1.82 tok/pass, accept p1 82 %
2026-09-22 09:16:26.054 INFO  sched: request 'chatcmpl-8a1e3904842c9700' retired (steps): 256 tok in 37.4 s — prefill 31 tok (29 cached) in 97 ms; decode 255 tok / 144 passes in 37.3 s: 6.8 tok/s, 146.1 ms/tok, 259 ms/pass, 1.77 tok/pass, accept p1 78 %
2026-09-22 09:16:26.319 INFO  sched: request 'chatcmpl-8a1e3904842c9705' retired (steps): 256 tok in 36.5 s — prefill 32 tok (30 cached) in 99 ms; decode 255 tok / 140 passes in 36.4 s: 7.0 tok/s, 142.8 ms/tok, 260 ms/pass, 1.82 tok/pass, accept p1 82 %
2026-09-22 09:16:26.320 INFO  sched: request 'chatcmpl-8a1e3904842c9707' retired (steps): 256 tok in 35.9 s — prefill 31 tok (29 cached) in 100 ms; decode 255 tok / 138 passes in 35.8 s: 7.1 tok/s, 140.2 ms/tok, 259 ms/pass, 1.85 tok/pass, accept p1 85 %
2026-09-22 09:16:26.776 INFO  sched: request 'chatcmpl-8a1e3904842c9706' retired (steps): 256 tok in 36.7 s — prefill 32 tok (30 cached) in 100 ms; decode 255 tok / 141 passes in 36.6 s: 7.0 tok/s, 143.4 ms/tok, 259 ms/pass, 1.81 tok/pass, accept p1 81 %
2026-09-22 09:16:26.776 INFO  stats: rank 1 | 10.1 s | decode 49.8 tok/s, 19.3 ms/tok, 253.9 ms/step (38 steps / 501 tok, 96 % of wall) | mtp 1.75 tok/step/req, accept p1 76 % | prefill 0 prompts / 0 tok, 0 tok cached (0/0 hits) | live 2, queued 0 | pool 70/960 blocks (7 %) | prefix cache 32/4096 entries
2026-09-22 09:16:27.130 INFO  sched: request 'chatcmpl-8a1e3904842c9701' retired (steps): 256 tok in 38.3 s — prefill 32 tok (30 cached) in 93 ms; decode 255 tok / 148 passes in 38.2 s: 6.7 tok/s, 149.7 ms/tok, 258 ms/pass, 1.72 tok/pass, accept p1 72 %
2026-09-22 09:16:27.130 INFO  sched: request 'chatcmpl-8a1e3904842c9704' retired (steps): 256 tok in 37.6 s — prefill 31 tok (29 cached) in 98 ms; decode 255 tok / 145 passes in 37.5 s: 6.8 tok/s, 147.2 ms/tok, 259 ms/pass, 1.76 tok/pass, accept p1 77 %
2026-09-22 09:16:27.249 INFO  sched: request 'chatcmpl-8a1e3904842c9708' admitted to slot 0 (reserve 3 blocks; pool 65/960 blocks in use) — first token 785
2026-09-22 09:16:27.411 INFO  sched: request 'chatcmpl-8a1e3904842c9709' admitted to slot 1 (reserve 3 blocks; pool 69/960 blocks in use) — first token 785
2026-09-22 09:16:27.602 INFO  sched: request 'chatcmpl-8a1e3904842c970a' admitted to slot 2 (reserve 3 blocks; pool 73/960 blocks in use) — first token 785
2026-09-22 09:16:27.825 INFO  sched: request 'chatcmpl-8a1e3904842c970b' admitted to slot 3 (reserve 3 blocks; pool 77/960 blocks in use) — first token 785
2026-09-22 09:16:28.070 INFO  sched: request 'chatcmpl-8a1e3904842c970c' admitted to slot 4 (reserve 3 blocks; pool 81/960 blocks in use) — first token 785
2026-09-22 09:16:28.374 INFO  sched: request 'chatcmpl-8a1e3904842c970d' admitted to slot 5 (reserve 3 blocks; pool 85/960 blocks in use) — first token 785
2026-09-22 09:16:28.683 INFO  sched: request 'chatcmpl-8a1e3904842c970e' admitted to slot 6 (reserve 3 blocks; pool 89/960 blocks in use) — first token 785
2026-09-22 09:16:29.034 INFO  sched: request 'chatcmpl-8a1e3904842c970f' admitted to slot 7 (reserve 3 blocks; pool 93/960 blocks in use) — first token 785
2026-09-22 09:16:36.920 INFO  stats: rank 1 | 10.1 s | decode 54.3 tok/s, 16.2 ms/tok, 218.2 ms/step (41 steps / 551 tok, 88 % of wall) | mtp 1.91 tok/step/req, accept p1 89 % | prefill 8 prompts / 16 tok, 2 tok/s, 49.59 ms/tok, 99 ms avg (8 % of wall), 235 tok cached (8/8 hits) | live 8, queued 0 | pool 94/960 blocks (10 %) | prefix cache 32/4096 entries
2026-09-22 09:16:46.921 INFO  stats: rank 1 | 10.0 s | decode 55.1 tok/s, 17.4 ms/tok, 246.0 ms/step (39 steps / 551 tok, 96 % of wall) | mtp 1.77 tok/step/req, accept p1 77 % | prefill 0 prompts / 0 tok, 0 tok cached (0/0 hits) | live 8, queued 0 | pool 94/960 blocks (10 %) | prefix cache 32/4096 entries
2026-09-22 09:16:57.075 INFO  stats: rank 1 | 10.2 s | decode 55.2 tok/s, 17.4 ms/tok, 249.8 ms/step (39 steps / 560 tok, 96 % of wall) | mtp 1.79 tok/step/req, accept p1 79 % | prefill 0 prompts / 0 tok, 0 tok cached (0/0 hits) | live 8, queued 0 | pool 94/960 blocks (10 %) | prefix cache 32/4096 entries
2026-09-22 09:17:02.843 INFO  sched: request 'chatcmpl-8a1e3904842c9709' retired (steps): 256 tok in 35.4 s — prefill 31 tok (29 cached) in 96 ms; decode 255 tok / 138 passes in 35.3 s: 7.2 tok/s, 138.6 ms/tok, 256 ms/pass, 1.85 tok/pass, accept p1 85 %
2026-09-22 09:17:03.635 INFO  sched: request 'chatcmpl-8a1e3904842c970c' retired (steps): 256 tok in 35.6 s — prefill 31 tok (29 cached) in 98 ms; decode 255 tok / 138 passes in 35.5 s: 7.2 tok/s, 139.1 ms/tok, 257 ms/pass, 1.85 tok/pass, accept p1 85 %
2026-09-22 09:17:03.900 INFO  sched: request 'chatcmpl-8a1e3904842c970b' retired (steps): 256 tok in 36.1 s — prefill 31 tok (29 cached) in 98 ms; decode 255 tok / 140 passes in 36.0 s: 7.1 tok/s, 141.1 ms/tok, 257 ms/pass, 1.82 tok/pass, accept p1 82 %
2026-09-22 09:17:04.154 INFO  sched: request 'chatcmpl-8a1e3904842c9708' retired (steps): 256 tok in 36.9 s — prefill 31 tok (29 cached) in 97 ms; decode 255 tok / 144 passes in 36.8 s: 6.9 tok/s, 144.3 ms/tok, 256 ms/pass, 1.77 tok/pass, accept p1 78 %
2026-09-22 09:17:04.628 INFO  sched: request 'chatcmpl-8a1e3904842c970e' retired (steps): 256 tok in 35.9 s — prefill 32 tok (30 cached) in 102 ms; decode 255 tok / 140 passes in 35.8 s: 7.1 tok/s, 140.6 ms/tok, 256 ms/pass, 1.82 tok/pass, accept p1 82 %
2026-09-22 09:17:05.077 INFO  sched: request 'chatcmpl-8a1e3904842c970f' retired (steps): 256 tok in 36.0 s — prefill 32 tok (30 cached) in 99 ms; decode 255 tok / 141 passes in 35.9 s: 7.1 tok/s, 141.0 ms/tok, 255 ms/pass, 1.81 tok/pass, accept p1 81 %
2026-09-22 09:17:05.430 INFO  sched: request 'chatcmpl-8a1e3904842c970a' retired (steps): 256 tok in 37.8 s — prefill 32 tok (30 cached) in 100 ms; decode 255 tok / 148 passes in 37.7 s: 6.8 tok/s, 147.9 ms/tok, 255 ms/pass, 1.72 tok/pass, accept p1 72 %
2026-09-22 09:17:05.430 INFO  sched: request 'chatcmpl-8a1e3904842c970d' retired (steps): 256 tok in 37.1 s — prefill 31 tok (29 cached) in 102 ms; decode 255 tok / 145 passes in 37.0 s: 6.9 tok/s, 144.9 ms/tok, 255 ms/pass, 1.76 tok/pass, accept p1 77 %
2026-09-22 09:17:06.280 INFO  sched: request 'chatcmpl-8a1e3904842c9710' prefix cache miss — 3 cut(s) probed against 32 entries; the nearest entry (position 292) shares the first 12 of the prompt's 51 tokens (the prompt differs from it from that token on)
2026-09-22 09:17:06.280 INFO  sched: request 'chatcmpl-8a1e3904842c9710' admitted to slot 0 (reserve 3 blocks; pool 66/960 blocks in use) — first token 785
2026-09-22 09:17:07.107 INFO  stats: rank 1 | 10.0 s | decode 41.8 tok/s, 21.1 ms/tok, 192.3 ms/step (46 steps / 419 tok, 88 % of wall) | mtp 1.75 tok/step/req, accept p1 76 % | prefill 1 prompt / 51 tok, 5 tok/s, 16.14 ms/tok, 823 ms avg (8 % of wall), 0 tok cached (0/1 hit) | live 1, queued 0 | pool 67/960 blocks (7 %) | prefix cache 33/4096 entries
2026-09-22 09:17:14.665 INFO  sched: request 'chatcmpl-8a1e3904842c9710' retired (steps): 256 tok in 8.4 s — prefill 51 tok (0 cached) in 823 ms; decode 255 tok / 130 passes in 7.6 s: 33.7 tok/s, 29.7 ms/tok, 58 ms/pass, 1.96 tok/pass, accept p1 96 %
2026-09-22 09:17:14.782 INFO  sched: request 'chatcmpl-8a1e3904842c9711' admitted to slot 0 (reserve 3 blocks; pool 69/960 blocks in use) — first token 785
2026-09-22 09:17:17.152 INFO  stats: rank 1 | 10.0 s | decode 30.3 tok/s, 32.1 ms/tok, 63.4 ms/step (154 steps / 304 tok, 97 % of wall) | mtp 1.97 tok/step/req, accept p1 97 % | prefill 1 prompt / 2 tok, 0 tok/s, 47.96 ms/tok, 96 ms avg (1 % of wall), 49 tok cached (1/1 hit) | live 1, queued 0 | pool 70/960 blocks (7 %) | prefix cache 34/4096 entries
2026-09-22 09:17:23.150 INFO  sched: request 'chatcmpl-8a1e3904842c9711' retired (steps): 256 tok in 8.4 s — prefill 51 tok (49 cached) in 96 ms; decode 255 tok / 130 passes in 8.3 s: 30.8 tok/s, 32.4 ms/tok, 64 ms/pass, 1.96 tok/pass, accept p1 96 %
2026-09-22 09:17:23.269 INFO  sched: request 'chatcmpl-8a1e3904842c9712' admitted to slot 0 (reserve 3 blocks; pool 69/960 blocks in use) — first token 785
2026-09-22 09:17:27.171 INFO  stats: rank 1 | 10.0 s | decode 30.1 tok/s, 32.2 ms/tok, 63.2 ms/step (154 steps / 302 tok, 97 % of wall) | mtp 1.96 tok/step/req, accept p1 95 % | prefill 1 prompt / 2 tok, 0 tok/s, 48.62 ms/tok, 97 ms avg (1 % of wall), 49 tok cached (1/1 hit) | live 1, queued 0 | pool 70/960 blocks (7 %) | prefix cache 34/4096 entries
2026-09-22 09:17:31.641 INFO  sched: request 'chatcmpl-8a1e3904842c9712' retired (steps): 256 tok in 8.4 s — prefill 51 tok (49 cached) in 97 ms; decode 255 tok / 130 passes in 8.3 s: 30.8 tok/s, 32.4 ms/tok, 64 ms/pass, 1.96 tok/pass, accept p1 96 %
2026-09-22 09:17:32.507 INFO  sched: request 'chatcmpl-8a1e3904842c9713' prefix cache miss — 3 cut(s) probed against 34 entries; the nearest entry (position 306) shares the first 15 of the prompt's 51 tokens (the prompt differs from it from that token on)
2026-09-22 09:17:32.508 INFO  sched: request 'chatcmpl-8a1e3904842c9713' admitted to slot 0 (reserve 3 blocks; pool 70/960 blocks in use) — first token 785
2026-09-22 09:17:33.367 INFO  sched: request 'chatcmpl-8a1e3904842c9714' prefix cache miss — 3 cut(s) probed against 35 entries; the nearest entry (position 306) shares the first 14 of the prompt's 47 tokens (the prompt differs from it from that token on)
2026-09-22 09:17:33.367 INFO  sched: request 'chatcmpl-8a1e3904842c9714' admitted to slot 1 (reserve 3 blocks; pool 75/960 blocks in use) — first token 785
2026-09-22 09:17:37.183 INFO  stats: rank 1 | 10.0 s | decode 29.8 tok/s, 27.6 ms/tok, 74.0 ms/step (111 steps / 298 tok, 82 % of wall) | mtp 1.96 tok/step/req, accept p1 95 % | prefill 2 prompts / 98 tok, 10 tok/s, 16.51 ms/tok, 809 ms avg (16 % of wall), 0 tok cached (0/2 hits) | live 2, queued 0 | pool 76/960 blocks (8 %) | prefix cache 36/4096 entries
2026-09-22 09:17:45.758 INFO  sched: request 'chatcmpl-8a1e3904842c9713' retired (steps): 256 tok in 13.3 s — prefill 51 tok (0 cached) in 823 ms; decode 255 tok / 133 passes in 12.4 s: 20.5 tok/s, 48.7 ms/tok, 93 ms/pass, 1.92 tok/pass, accept p1 92 %
2026-09-22 09:17:45.954 INFO  sched: request 'chatcmpl-8a1e3904842c9714' retired (steps): 256 tok in 12.6 s — prefill 47 tok (0 cached) in 795 ms; decode 255 tok / 135 passes in 11.8 s: 21.6 tok/s, 46.2 ms/tok, 87 ms/pass, 1.89 tok/pass, accept p1 89 %
2026-09-22 09:17:46.074 INFO  sched: request 'chatcmpl-8a1e3904842c9715' admitted to slot 0 (reserve 3 blocks; pool 77/960 blocks in use) — first token 785
2026-09-22 09:17:46.233 INFO  sched: request 'chatcmpl-8a1e3904842c9716' admitted to slot 1 (reserve 3 blocks; pool 81/960 blocks in use) — first token 785
2026-09-22 09:17:47.248 INFO  stats: rank 1 | 10.1 s | decode 39.4 tok/s, 24.4 ms/tok, 91.5 ms/step (106 steps / 397 tok, 96 % of wall) | mtp 1.91 tok/step/req, accept p1 90 % | prefill 2 prompts / 4 tok, 0 tok/s, 47.78 ms/tok, 96 ms avg (2 % of wall), 94 tok cached (2/2 hits) | live 2, queued 0 | pool 82/960 blocks (9 %) | prefix cache 38/4096 entries
2026-09-22 09:17:57.289 INFO  stats: rank 1 | 10.0 s | decode 40.3 tok/s, 24.4 ms/tok, 92.4 ms/step (107 steps / 405 tok, 99 % of wall) | mtp 1.89 tok/step/req, accept p1 89 % | prefill 0 prompts / 0 tok, 0 tok cached (0/0 hits) | live 2, queued 0 | pool 82/960 blocks (9 %) | prefix cache 38/4096 entries
2026-09-22 09:17:58.627 INFO  sched: request 'chatcmpl-8a1e3904842c9715' retired (steps): 256 tok in 12.6 s — prefill 51 tok (49 cached) in 97 ms; decode 255 tok / 133 passes in 12.5 s: 20.5 tok/s, 48.8 ms/tok, 94 ms/pass, 1.92 tok/pass, accept p1 92 %
2026-09-22 09:17:58.824 INFO  sched: request 'chatcmpl-8a1e3904842c9716' retired (steps): 256 tok in 12.6 s — prefill 47 tok (45 cached) in 94 ms; decode 255 tok / 135 passes in 12.5 s: 20.4 tok/s, 49.0 ms/tok, 93 ms/pass, 1.89 tok/pass, accept p1 89 %
2026-09-22 09:17:58.943 INFO  sched: request 'chatcmpl-8a1e3904842c9717' admitted to slot 0 (reserve 3 blocks; pool 77/960 blocks in use) — first token 785
2026-09-22 09:17:59.102 INFO  sched: request 'chatcmpl-8a1e3904842c9718' admitted to slot 1 (reserve 3 blocks; pool 81/960 blocks in use) — first token 785
2026-09-22 09:18:07.375 INFO  stats: rank 1 | 10.1 s | decode 40.1 tok/s, 24.1 ms/tok, 90.9 ms/step (107 steps / 404 tok, 96 % of wall) | mtp 1.92 tok/step/req, accept p1 91 % | prefill 2 prompts / 4 tok, 0 tok/s, 47.25 ms/tok, 95 ms avg (2 % of wall), 94 tok cached (2/2 hits) | live 2, queued 0 | pool 82/960 blocks (9 %) | prefix cache 38/4096 entries
2026-09-22 09:18:11.547 INFO  sched: request 'chatcmpl-8a1e3904842c9718' retired (steps): 256 tok in 12.4 s — prefill 51 tok (49 cached) in 93 ms; decode 255 tok / 133 passes in 12.4 s: 20.6 tok/s, 48.4 ms/tok, 93 ms/pass, 1.92 tok/pass, accept p1 92 %
2026-09-22 09:18:11.615 INFO  sched: request 'chatcmpl-8a1e3904842c9717' retired (steps): 256 tok in 12.7 s — prefill 47 tok (45 cached) in 96 ms; decode 255 tok / 135 passes in 12.6 s: 20.3 tok/s, 49.3 ms/tok, 93 ms/pass, 1.89 tok/pass, accept p1 89 %
2026-09-22 09:18:12.429 INFO  sched: request 'chatcmpl-8a1e3904842c9719' prefix cache miss — 3 cut(s) probed against 38 entries; the nearest entry (position 302) shares the first 15 of the prompt's 45 tokens (the prompt differs from it from that token on)
2026-09-22 09:18:12.429 INFO  sched: request 'chatcmpl-8a1e3904842c9719' admitted to slot 0 (reserve 3 blocks; pool 78/960 blocks in use) — first token 785
2026-09-22 09:18:13.207 INFO  sched: request 'chatcmpl-8a1e3904842c971a' prefix cache miss — 3 cut(s) probed against 39 entries; the nearest entry (position 306) shares the first 10 of the prompt's 34 tokens (the prompt differs from it from that token on)
2026-09-22 09:18:13.207 INFO  sched: request 'chatcmpl-8a1e3904842c971a' admitted to slot 1 (reserve 3 blocks; pool 83/960 blocks in use) — first token 785
2026-09-22 09:18:14.009 INFO  sched: request 'chatcmpl-8a1e3904842c971b' prefix cache miss — 3 cut(s) probed against 40 entries; the nearest entry (position 32) shares the first 12 of the prompt's 33 tokens (the prompt differs from it from that token on)
2026-09-22 09:18:14.009 INFO  sched: request 'chatcmpl-8a1e3904842c971b' admitted to slot 2 (reserve 3 blocks; pool 88/960 blocks in use) — first token 785
2026-09-22 09:18:14.849 INFO  sched: request 'chatcmpl-8a1e3904842c971c' prefix cache miss — 3 cut(s) probed against 41 entries; the nearest entry (position 32) shares the first 12 of the prompt's 33 tokens (the prompt differs from it from that token on)
2026-09-22 09:18:14.849 INFO  sched: request 'chatcmpl-8a1e3904842c971c' admitted to slot 3 (reserve 3 blocks; pool 93/960 blocks in use) — first token 785
2026-09-22 09:18:17.522 INFO  stats: rank 1 | 10.1 s | decode 31.7 tok/s, 22.0 ms/tok, 107.1 ms/step (66 steps / 322 tok, 70 % of wall) | mtp 1.93 tok/step/req, accept p1 90 % | prefill 4 prompts / 145 tok, 14 tok/s, 20.15 ms/tok, 730 ms avg (29 % of wall), 0 tok cached (0/4 hits) | live 4, queued 0 | pool 94/960 blocks (10 %) | prefix cache 42/4096 entries
2026-09-22 09:18:27.532 INFO  stats: rank 1 | 10.0 s | decode 46.7 tok/s, 21.2 ms/tok, 152.0 ms/step (65 steps / 467 tok, 99 % of wall) | mtp 1.80 tok/step/req, accept p1 80 % | prefill 0 prompts / 0 tok, 0 tok cached (0/0 hits) | live 4, queued 0 | pool 94/960 blocks (10 %) | prefix cache 42/4096 entries
2026-09-22 09:18:35.746 INFO  sched: request 'chatcmpl-8a1e3904842c971a' retired (steps): 256 tok in 22.5 s — prefill 34 tok (0 cached) in 715 ms; decode 255 tok / 138 passes in 21.8 s: 11.7 tok/s, 85.6 ms/tok, 158 ms/pass, 1.85 tok/pass, accept p1 85 %
2026-09-22 09:18:36.053 INFO  sched: request 'chatcmpl-8a1e3904842c9719' retired (steps): 256 tok in 23.6 s — prefill 45 tok (0 cached) in 782 ms; decode 255 tok / 141 passes in 22.8 s: 11.2 tok/s, 89.6 ms/tok, 162 ms/pass, 1.81 tok/pass, accept p1 81 %
2026-09-22 09:18:36.339 INFO  sched: request 'chatcmpl-8a1e3904842c971b' retired (steps): 256 tok in 22.3 s — prefill 33 tok (0 cached) in 709 ms; decode 255 tok / 141 passes in 21.6 s: 11.8 tok/s, 84.8 ms/tok, 153 ms/pass, 1.81 tok/pass, accept p1 82 %
2026-09-22 09:18:36.339 INFO  sched: request 'chatcmpl-8a1e3904842c971c' retired (steps): 256 tok in 21.5 s — prefill 33 tok (0 cached) in 715 ms; decode 255 tok / 140 passes in 20.8 s: 12.3 tok/s, 81.5 ms/tok, 148 ms/pass, 1.82 tok/pass, accept p1 82 %
2026-09-22 09:18:36.464 INFO  sched: request 'chatcmpl-8a1e3904842c971d' admitted to slot 0 (reserve 3 blocks; pool 93/960 blocks in use) — first token 785
2026-09-22 09:18:36.624 INFO  sched: request 'chatcmpl-8a1e3904842c971e' admitted to slot 1 (reserve 3 blocks; pool 97/960 blocks in use) — first token 785
2026-09-22 09:18:36.811 INFO  sched: request 'chatcmpl-8a1e3904842c971f' admitted to slot 2 (reserve 3 blocks; pool 101/960 blocks in use) — first token 785
2026-09-22 09:18:37.031 INFO  sched: request 'chatcmpl-8a1e3904842c9720' admitted to slot 3 (reserve 3 blocks; pool 105/960 blocks in use) — first token 785
2026-09-22 09:18:37.621 INFO  stats: rank 1 | 10.1 s | decode 44.3 tok/s, 21.3 ms/tok, 149.0 ms/step (64 steps / 447 tok, 95 % of wall) | mtp 1.83 tok/step/req, accept p1 82 % | prefill 4 prompts / 8 tok, 1 tok/s, 48.03 ms/tok, 96 ms avg (4 % of wall), 137 tok cached (4/4 hits) | live 4, queued 0 | pool 106/960 blocks (11 %) | prefix cache 46/4096 entries
2026-09-22 09:18:47.655 INFO  stats: rank 1 | 10.0 s | decode 48.5 tok/s, 20.4 ms/tok, 150.2 ms/step (66 steps / 487 tok, 99 % of wall) | mtp 1.84 tok/step/req, accept p1 84 % | prefill 0 prompts / 0 tok, 0 tok cached (0/0 hits) | live 4, queued 0 | pool 106/960 blocks (11 %) | prefix cache 46/4096 entries
2026-09-22 09:18:57.715 INFO  stats: rank 1 | 10.1 s | decode 46.4 tok/s, 21.3 ms/tok, 152.8 ms/step (65 steps / 467 tok, 99 % of wall) | mtp 1.80 tok/step/req, accept p1 80 % | prefill 0 prompts / 0 tok, 0 tok cached (0/0 hits) | live 4, queued 0 | pool 106/960 blocks (11 %) | prefix cache 46/4096 entries
2026-09-22 09:18:58.034 INFO  sched: request 'chatcmpl-8a1e3904842c971f' retired (steps): 256 tok in 21.2 s — prefill 34 tok (32 cached) in 96 ms; decode 255 tok / 138 passes in 21.1 s: 12.1 tok/s, 82.8 ms/tok, 153 ms/pass, 1.85 tok/pass, accept p1 85 %
2026-09-22 09:18:58.192 INFO  sched: request 'chatcmpl-8a1e3904842c971e' retired (steps): 256 tok in 21.6 s — prefill 33 tok (31 cached) in 95 ms; decode 255 tok / 140 passes in 21.5 s: 11.9 tok/s, 84.2 ms/tok, 153 ms/pass, 1.82 tok/pass, accept p1 82 %
2026-09-22 09:18:58.192 INFO  sched: request 'chatcmpl-8a1e3904842c971d' retired (steps): 256 tok in 21.7 s — prefill 45 tok (43 cached) in 96 ms; decode 255 tok / 141 passes in 21.6 s: 11.8 tok/s, 84.8 ms/tok, 153 ms/pass, 1.81 tok/pass, accept p1 81 %
2026-09-22 09:18:58.391 INFO  sched: request 'chatcmpl-8a1e3904842c9720' retired (steps): 256 tok in 21.4 s — prefill 33 tok (31 cached) in 97 ms; decode 255 tok / 141 passes in 21.3 s: 12.0 tok/s, 83.4 ms/tok, 151 ms/pass, 1.81 tok/pass, accept p1 82 %
2026-09-22 09:18:58.504 INFO  sched: request 'chatcmpl-8a1e3904842c9721' admitted to slot 0 (reserve 3 blocks; pool 93/960 blocks in use) — first token 785
2026-09-22 09:18:58.665 INFO  sched: request 'chatcmpl-8a1e3904842c9722' admitted to slot 1 (reserve 3 blocks; pool 97/960 blocks in use) — first token 785
2026-09-22 09:18:58.856 INFO  sched: request 'chatcmpl-8a1e3904842c9723' admitted to slot 2 (reserve 3 blocks; pool 101/960 blocks in use) — first token 785
2026-09-22 09:18:59.080 INFO  sched: request 'chatcmpl-8a1e3904842c9724' admitted to slot 3 (reserve 3 blocks; pool 105/960 blocks in use) — first token 785
2026-09-22 09:19:07.764 INFO  stats: rank 1 | 10.0 s | decode 46.5 tok/s, 20.4 ms/tok, 144.0 ms/step (66 steps / 467 tok, 95 % of wall) | mtp 1.88 tok/step/req, accept p1 87 % | prefill 4 prompts / 8 tok, 1 tok/s, 48.32 ms/tok, 97 ms avg (4 % of wall), 137 tok cached (4/4 hits) | live 4, queued 0 | pool 106/960 blocks (11 %) | prefix cache 46/4096 entries
2026-09-22 09:19:17.788 INFO  stats: rank 1 | 10.0 s | decode 46.0 tok/s, 21.5 ms/tok, 154.6 ms/step (64 steps / 461 tok, 99 % of wall) | mtp 1.80 tok/step/req, accept p1 80 % | prefill 0 prompts / 0 tok, 0 tok cached (0/0 hits) | live 4, queued 0 | pool 105/960 blocks (11 %) | prefix cache 46/4096 entries
2026-09-22 09:19:20.275 INFO  sched: request 'chatcmpl-8a1e3904842c9723' retired (steps): 256 tok in 21.4 s — prefill 34 tok (32 cached) in 97 ms; decode 255 tok / 138 passes in 21.3 s: 12.0 tok/s, 83.6 ms/tok, 155 ms/pass, 1.85 tok/pass, accept p1 85 %
2026-09-22 09:19:20.441 INFO  sched: request 'chatcmpl-8a1e3904842c9721' retired (steps): 256 tok in 21.9 s — prefill 45 tok (43 cached) in 97 ms; decode 255 tok / 141 passes in 21.8 s: 11.7 tok/s, 85.6 ms/tok, 155 ms/pass, 1.81 tok/pass, accept p1 81 %
2026-09-22 09:19:20.589 INFO  sched: request 'chatcmpl-8a1e3904842c9722' retired (steps): 256 tok in 21.9 s — prefill 33 tok (31 cached) in 95 ms; decode 255 tok / 141 passes in 21.8 s: 11.7 tok/s, 85.6 ms/tok, 155 ms/pass, 1.81 tok/pass, accept p1 82 %
2026-09-22 09:19:20.658 INFO  sched: request 'chatcmpl-8a1e3904842c9724' retired (steps): 256 tok in 21.6 s — prefill 33 tok (31 cached) in 98 ms; decode 255 tok / 140 passes in 21.5 s: 11.9 tok/s, 84.2 ms/tok, 153 ms/pass, 1.82 tok/pass, accept p1 82 %
2026-09-22 09:19:21.425 INFO  sched: request 'chatcmpl-8a1e3904842c9725' prefix cache miss — 3 cut(s) probed against 46 entries; the nearest entry (position 289) shares the first 12 of the prompt's 35 tokens (the prompt differs from it from that token on)
2026-09-22 09:19:21.425 INFO  sched: request 'chatcmpl-8a1e3904842c9725' admitted to slot 0 (reserve 3 blocks; pool 94/960 blocks in use) — first token 785
2026-09-22 09:19:22.214 INFO  sched: request 'chatcmpl-8a1e3904842c9726' prefix cache miss — 3 cut(s) probed against 47 entries; the nearest entry (position 289) shares the first 12 of the prompt's 35 tokens (the prompt differs from it from that token on)
2026-09-22 09:19:22.214 INFO  sched: request 'chatcmpl-8a1e3904842c9726' admitted to slot 1 (reserve 3 blocks; pool 99/960 blocks in use) — first token 785
2026-09-22 09:19:23.012 INFO  sched: request 'chatcmpl-8a1e3904842c9727' prefix cache miss — 3 cut(s) probed against 48 entries; the nearest entry (position 289) shares the first 12 of the prompt's 33 tokens (the prompt differs from it from that token on)
2026-09-22 09:19:23.012 INFO  sched: request 'chatcmpl-8a1e3904842c9727' admitted to slot 2 (reserve 3 blocks; pool 104/960 blocks in use) — first token 785
2026-09-22 09:19:23.838 INFO  sched: request 'chatcmpl-8a1e3904842c9728' prefix cache miss — 3 cut(s) probed against 49 entries; the nearest entry (position 289) shares the first 12 of the prompt's 32 tokens (the prompt differs from it from that token on)
2026-09-22 09:19:23.838 INFO  sched: request 'chatcmpl-8a1e3904842c9728' admitted to slot 3 (reserve 3 blocks; pool 109/960 blocks in use) — first token 785
2026-09-22 09:19:24.723 INFO  sched: request 'chatcmpl-8a1e3904842c9729' prefix cache miss — 3 cut(s) probed against 50 entries; the nearest entry (position 289) shares the first 12 of the prompt's 35 tokens (the prompt differs from it from that token on)
2026-09-22 09:19:24.723 INFO  sched: request 'chatcmpl-8a1e3904842c9729' admitted to slot 4 (reserve 3 blocks; pool 114/960 blocks in use) — first token 785
2026-09-22 09:19:25.661 INFO  sched: request 'chatcmpl-8a1e3904842c972a' prefix cache miss — 3 cut(s) probed against 51 entries; the nearest entry (position 289) shares the first 12 of the prompt's 33 tokens (the prompt differs from it from that token on)
2026-09-22 09:19:25.661 INFO  sched: request 'chatcmpl-8a1e3904842c972a' admitted to slot 5 (reserve 3 blocks; pool 119/960 blocks in use) — first token 785
2026-09-22 09:19:26.578 INFO  sched: request 'chatcmpl-8a1e3904842c972b' prefix cache miss — 3 cut(s) probed against 52 entries; the nearest entry (position 289) shares the first 12 of the prompt's 33 tokens (the prompt differs from it from that token on)
2026-09-22 09:19:26.578 INFO  sched: request 'chatcmpl-8a1e3904842c972b' admitted to slot 6 (reserve 3 blocks; pool 124/960 blocks in use) — first token 785
2026-09-22 09:19:27.552 INFO  sched: request 'chatcmpl-8a1e3904842c972c' prefix cache miss — 3 cut(s) probed against 53 entries; the nearest entry (position 289) shares the first 12 of the prompt's 33 tokens (the prompt differs from it from that token on)
2026-09-22 09:19:27.552 INFO  sched: request 'chatcmpl-8a1e3904842c972c' admitted to slot 7 (reserve 3 blocks; pool 129/960 blocks in use) — first token 785
2026-09-22 09:19:27.803 INFO  stats: rank 1 | 10.0 s | decode 20.1 tok/s, 20.6 ms/tok, 153.4 ms/step (27 steps / 201 tok, 41 % of wall) | mtp 1.90 tok/step/req, accept p1 83 % | prefill 8 prompts / 269 tok, 27 tok/s, 21.30 ms/tok, 716 ms avg (57 % of wall), 0 tok cached (0/8 hits) | live 8, queued 0 | pool 130/960 blocks (14 %) | prefix cache 54/4096 entries
2026-09-22 09:19:37.815 INFO  stats: rank 1 | 10.0 s | decode 56.9 tok/s, 16.8 ms/tok, 252.3 ms/step (38 steps / 570 tok, 96 % of wall) | mtp 1.88 tok/step/req, accept p1 88 % | prefill 0 prompts / 0 tok, 0 tok cached (0/0 hits) | live 8, queued 0 | pool 130/960 blocks (14 %) | prefix cache 54/4096 entries
2026-09-22 09:19:48.031 INFO  stats: rank 1 | 10.2 s | decode 53.5 tok/s, 17.9 ms/tok, 258.2 ms/step (38 steps / 547 tok, 96 % of wall) | mtp 1.80 tok/step/req, accept p1 80 % | prefill 0 prompts / 0 tok, 0 tok cached (0/0 hits) | live 8, queued 0 | pool 130/960 blocks (14 %) | prefix cache 54/4096 entries
2026-09-22 09:19:58.103 INFO  stats: rank 1 | 10.1 s | decode 51.4 tok/s, 18.7 ms/tok, 261.5 ms/step (37 steps / 518 tok, 96 % of wall) | mtp 1.75 tok/step/req, accept p1 75 % | prefill 0 prompts / 0 tok, 0 tok cached (0/0 hits) | live 8, queued 0 | pool 128/960 blocks (13 %) | prefix cache 54/4096 entries
2026-09-22 09:20:03.277 INFO  sched: request 'chatcmpl-8a1e3904842c9726' retired (steps): 256 tok in 41.1 s — prefill 35 tok (0 cached) in 724 ms; decode 255 tok / 139 passes in 40.3 s: 6.3 tok/s, 158.2 ms/tok, 290 ms/pass, 1.83 tok/pass, accept p1 83 %
2026-09-22 09:20:03.278 INFO  sched: request 'chatcmpl-8a1e3904842c9725' retired (steps): 256 tok in 41.9 s — prefill 35 tok (0 cached) in 724 ms; decode 255 tok / 140 passes in 41.1 s: 6.2 tok/s, 161.3 ms/tok, 294 ms/pass, 1.82 tok/pass, accept p1 82 %
2026-09-22 09:20:04.319 INFO  sched: request 'chatcmpl-8a1e3904842c9728' retired (steps): 256 tok in 40.5 s — prefill 32 tok (0 cached) in 701 ms; decode 255 tok / 141 passes in 39.8 s: 6.4 tok/s, 156.0 ms/tok, 282 ms/pass, 1.81 tok/pass, accept p1 82 %
2026-09-22 09:20:04.584 INFO  sched: request 'chatcmpl-8a1e3904842c9729' retired (steps): 256 tok in 39.9 s — prefill 35 tok (0 cached) in 732 ms; decode 255 tok / 141 passes in 39.1 s: 6.5 tok/s, 153.4 ms/tok, 278 ms/pass, 1.81 tok/pass, accept p1 81 %
2026-09-22 09:20:04.584 INFO  sched: request 'chatcmpl-8a1e3904842c972b' retired (steps): 256 tok in 38.0 s — prefill 33 tok (0 cached) in 705 ms; decode 255 tok / 139 passes in 37.3 s: 6.8 tok/s, 146.3 ms/tok, 268 ms/pass, 1.83 tok/pass, accept p1 84 %
2026-09-22 09:20:05.051 INFO  sched: request 'chatcmpl-8a1e3904842c972c' retired (steps): 256 tok in 37.5 s — prefill 33 tok (0 cached) in 714 ms; decode 255 tok / 140 passes in 36.8 s: 6.9 tok/s, 144.3 ms/tok, 263 ms/pass, 1.82 tok/pass, accept p1 83 %
2026-09-22 09:20:05.228 INFO  sched: request 'chatcmpl-8a1e3904842c9727' retired (steps): 256 tok in 42.2 s — prefill 33 tok (0 cached) in 708 ms; decode 255 tok / 146 passes in 41.5 s: 6.1 tok/s, 162.8 ms/tok, 284 ms/pass, 1.75 tok/pass, accept p1 75 %
2026-09-22 09:20:05.228 INFO  sched: request 'chatcmpl-8a1e3904842c972a' retired (steps): 256 tok in 39.6 s — prefill 33 tok (0 cached) in 723 ms; decode 255 tok / 143 passes in 38.8 s: 6.6 tok/s, 152.3 ms/tok, 272 ms/pass, 1.78 tok/pass, accept p1 79 %
2026-09-22 09:20:05.358 INFO  sched: request 'chatcmpl-8a1e3904842c972d' admitted to slot 0 (reserve 3 blocks; pool 125/960 blocks in use) — first token 785
2026-09-22 09:20:05.520 INFO  sched: request 'chatcmpl-8a1e3904842c972e' admitted to slot 1 (reserve 3 blocks; pool 129/960 blocks in use) — first token 785
2026-09-22 09:20:05.710 INFO  sched: request 'chatcmpl-8a1e3904842c972f' admitted to slot 2 (reserve 3 blocks; pool 133/960 blocks in use) — first token 785
2026-09-22 09:20:05.941 INFO  sched: request 'chatcmpl-8a1e3904842c9730' admitted to slot 3 (reserve 3 blocks; pool 137/960 blocks in use) — first token 785
2026-09-22 09:20:06.193 INFO  sched: request 'chatcmpl-8a1e3904842c9731' admitted to slot 4 (reserve 3 blocks; pool 141/960 blocks in use) — first token 785
2026-09-22 09:20:06.504 INFO  sched: request 'chatcmpl-8a1e3904842c9732' admitted to slot 5 (reserve 3 blocks; pool 145/960 blocks in use) — first token 785
2026-09-22 09:20:06.813 INFO  sched: request 'chatcmpl-8a1e3904842c9733' admitted to slot 6 (reserve 3 blocks; pool 149/960 blocks in use) — first token 785
2026-09-22 09:20:07.175 INFO  sched: request 'chatcmpl-8a1e3904842c9734' admitted to slot 7 (reserve 3 blocks; pool 153/960 blocks in use) — first token 785
2026-09-22 09:20:08.191 INFO  stats: rank 1 | 10.1 s | decode 45.4 tok/s, 19.5 ms/tok, 234.8 ms/step (38 steps / 458 tok, 88 % of wall) | mtp 1.84 tok/step/req, accept p1 82 % | prefill 8 prompts / 16 tok, 2 tok/s, 48.60 ms/tok, 97 ms avg (8 % of wall), 253 tok cached (8/8 hits) | live 8, queued 0 | pool 154/960 blocks (16 %) | prefix cache 62/4096 entries
2026-09-22 09:20:18.216 INFO  stats: rank 1 | 10.0 s | decode 57.0 tok/s, 16.8 ms/tok, 253.1 ms/step (38 steps / 571 tok, 96 % of wall) | mtp 1.88 tok/step/req, accept p1 88 % | prefill 0 prompts / 0 tok, 0 tok cached (0/0 hits) | live 8, queued 0 | pool 154/960 blocks (16 %) | prefix cache 62/4096 entries
2026-09-22 09:20:28.459 INFO  stats: rank 1 | 10.2 s | decode 52.9 tok/s, 18.1 ms/tok, 258.7 ms/step (38 steps / 542 tok, 96 % of wall) | mtp 1.78 tok/step/req, accept p1 78 % | prefill 0 prompts / 0 tok, 0 tok cached (0/0 hits) | live 8, queued 0 | pool 154/960 blocks (16 %) | prefix cache 62/4096 entries
2026-09-22 09:20:38.508 INFO  stats: rank 1 | 10.0 s | decode 52.0 tok/s, 18.5 ms/tok, 260.9 ms/step (37 steps / 523 tok, 96 % of wall) | mtp 1.77 tok/step/req, accept p1 77 % | prefill 0 prompts / 0 tok, 0 tok cached (0/0 hits) | live 8, queued 0 | pool 153/960 blocks (16 %) | prefix cache 62/4096 entries
2026-09-22 09:20:42.600 INFO  sched: request 'chatcmpl-8a1e3904842c972d' retired (steps): 256 tok in 37.2 s — prefill 35 tok (33 cached) in 96 ms; decode 255 tok / 139 passes in 37.1 s: 6.9 tok/s, 145.7 ms/tok, 267 ms/pass, 1.83 tok/pass, accept p1 83 %
2026-09-22 09:20:43.135 INFO  sched: request 'chatcmpl-8a1e3904842c972f' retired (steps): 256 tok in 37.4 s — prefill 33 tok (31 cached) in 96 ms; decode 255 tok / 139 passes in 37.3 s: 6.8 tok/s, 146.4 ms/tok, 269 ms/pass, 1.83 tok/pass, accept p1 84 %
2026-09-22 09:20:43.403 INFO  sched: request 'chatcmpl-8a1e3904842c972e' retired (steps): 256 tok in 37.9 s — prefill 35 tok (33 cached) in 92 ms; decode 255 tok / 141 passes in 37.8 s: 6.7 tok/s, 148.2 ms/tok, 268 ms/pass, 1.81 tok/pass, accept p1 81 %
2026-09-22 09:20:43.912 INFO  sched: request 'chatcmpl-8a1e3904842c9730' retired (steps): 256 tok in 38.0 s — prefill 32 tok (30 cached) in 99 ms; decode 255 tok / 141 passes in 37.9 s: 6.7 tok/s, 148.5 ms/tok, 269 ms/pass, 1.81 tok/pass, accept p1 82 %
2026-09-22 09:20:43.912 INFO  sched: request 'chatcmpl-8a1e3904842c9731' retired (steps): 256 tok in 37.7 s — prefill 33 tok (31 cached) in 98 ms; decode 255 tok / 140 passes in 37.6 s: 6.8 tok/s, 147.5 ms/tok, 269 ms/pass, 1.82 tok/pass, accept p1 83 %
2026-09-22 09:20:44.379 INFO  sched: request 'chatcmpl-8a1e3904842c9733' retired (steps): 256 tok in 37.6 s — prefill 35 tok (33 cached) in 97 ms; decode 255 tok / 140 passes in 37.5 s: 6.8 tok/s, 146.9 ms/tok, 268 ms/pass, 1.82 tok/pass, accept p1 82 %
2026-09-22 09:20:45.237 INFO  sched: request 'chatcmpl-8a1e3904842c9734' retired (steps): 256 tok in 38.1 s — prefill 33 tok (31 cached) in 100 ms; decode 255 tok / 143 passes in 38.0 s: 6.7 tok/s, 148.9 ms/tok, 265 ms/pass, 1.78 tok/pass, accept p1 79 %
2026-09-22 09:20:45.305 INFO  sched: request 'chatcmpl-8a1e3904842c9732' retired (steps): 256 tok in 38.8 s — prefill 33 tok (31 cached) in 98 ms; decode 255 tok / 146 passes in 38.7 s: 6.6 tok/s, 151.8 ms/tok, 265 ms/pass, 1.75 tok/pass, accept p1 75 %
2026-09-22 09:20:45.408 INFO  sched: request 'chatcmpl-8a1e3904842c9735' admitted to slot 0 (reserve 3 blocks; pool 125/960 blocks in use) — first token 785
2026-09-22 09:20:45.568 INFO  sched: request 'chatcmpl-8a1e3904842c9736' admitted to slot 1 (reserve 3 blocks; pool 129/960 blocks in use) — first token 785
2026-09-22 09:20:45.757 INFO  sched: request 'chatcmpl-8a1e3904842c9737' admitted to slot 2 (reserve 3 blocks; pool 133/960 blocks in use) — first token 785
2026-09-22 09:20:45.987 INFO  sched: request 'chatcmpl-8a1e3904842c9738' admitted to slot 3 (reserve 3 blocks; pool 137/960 blocks in use) — first token 785
2026-09-22 09:20:46.241 INFO  sched: request 'chatcmpl-8a1e3904842c9739' admitted to slot 4 (reserve 3 blocks; pool 141/960 blocks in use) — first token 785
2026-09-22 09:20:46.551 INFO  sched: request 'chatcmpl-8a1e3904842c973a' admitted to slot 5 (reserve 3 blocks; pool 145/960 blocks in use) — first token 785
2026-09-22 09:20:46.861 INFO  sched: request 'chatcmpl-8a1e3904842c973b' admitted to slot 6 (reserve 3 blocks; pool 149/960 blocks in use) — first token 785
2026-09-22 09:20:47.226 INFO  sched: request 'chatcmpl-8a1e3904842c973c' admitted to slot 7 (reserve 3 blocks; pool 153/960 blocks in use) — first token 785
2026-09-22 09:20:48.712 INFO  stats: rank 1 | 10.2 s | decode 43.4 tok/s, 20.5 ms/tok, 226.7 ms/step (40 steps / 443 tok, 89 % of wall) | mtp 1.84 tok/step/req, accept p1 82 % | prefill 8 prompts / 16 tok, 2 tok/s, 49.00 ms/tok, 98 ms avg (8 % of wall), 253 tok cached (8/8 hits) | live 8, queued 0 | pool 154/960 blocks (16 %) | prefix cache 62/4096 entries
2026-09-22 09:20:58.718 INFO  stats: rank 1 | 10.0 s | decode 57.1 tok/s, 16.8 ms/tok, 252.8 ms/step (38 steps / 571 tok, 96 % of wall) | mtp 1.88 tok/step/req, accept p1 88 % | prefill 0 prompts / 0 tok, 0 tok cached (0/0 hits) | live 8, queued 0 | pool 154/960 blocks (16 %) | prefix cache 62/4096 entries
2026-09-22 09:21:08.943 INFO  stats: rank 1 | 10.2 s | decode 52.6 tok/s, 18.3 ms/tok, 258.4 ms/step (38 steps / 538 tok, 96 % of wall) | mtp 1.77 tok/step/req, accept p1 77 % | prefill 0 prompts / 0 tok, 0 tok cached (0/0 hits) | live 8, queued 0 | pool 154/960 blocks (16 %) | prefix cache 62/4096 entries
2026-09-22 09:21:19.007 INFO  stats: rank 1 | 10.1 s | decode 51.9 tok/s, 18.5 ms/tok, 261.5 ms/step (37 steps / 522 tok, 96 % of wall) | mtp 1.76 tok/step/req, accept p1 76 % | prefill 0 prompts / 0 tok, 0 tok cached (0/0 hits) | live 8, queued 0 | pool 154/960 blocks (16 %) | prefix cache 62/4096 entries
2026-09-22 09:21:22.566 INFO  sched: request 'chatcmpl-8a1e3904842c9735' retired (steps): 256 tok in 37.2 s — prefill 35 tok (33 cached) in 96 ms; decode 255 tok / 139 passes in 37.1 s: 6.9 tok/s, 145.3 ms/tok, 267 ms/pass, 1.83 tok/pass, accept p1 83 %
2026-09-22 09:21:23.108 INFO  sched: request 'chatcmpl-8a1e3904842c9736' retired (steps): 256 tok in 37.5 s — prefill 35 tok (33 cached) in 95 ms; decode 255 tok / 140 passes in 37.4 s: 6.8 tok/s, 146.8 ms/tok, 267 ms/pass, 1.82 tok/pass, accept p1 82 %
2026-09-22 09:21:23.636 INFO  sched: request 'chatcmpl-8a1e3904842c9737' retired (steps): 256 tok in 37.9 s — prefill 35 tok (33 cached) in 98 ms; decode 255 tok / 141 passes in 37.8 s: 6.7 tok/s, 148.2 ms/tok, 268 ms/pass, 1.81 tok/pass, accept p1 81 %
2026-09-22 09:21:23.636 INFO  sched: request 'chatcmpl-8a1e3904842c9738' retired (steps): 256 tok in 37.6 s — prefill 33 tok (31 cached) in 98 ms; decode 255 tok / 140 passes in 37.6 s: 6.8 tok/s, 147.3 ms/tok, 268 ms/pass, 1.82 tok/pass, accept p1 83 %
2026-09-22 09:21:24.131 INFO  sched: request 'chatcmpl-8a1e3904842c9739' retired (steps): 256 tok in 37.9 s — prefill 32 tok (30 cached) in 99 ms; decode 255 tok / 141 passes in 37.8 s: 6.7 tok/s, 148.2 ms/tok, 268 ms/pass, 1.81 tok/pass, accept p1 82 %
2026-09-22 09:21:24.131 INFO  sched: request 'chatcmpl-8a1e3904842c973b' retired (steps): 256 tok in 37.3 s — prefill 33 tok (31 cached) in 101 ms; decode 255 tok / 139 passes in 37.2 s: 6.9 tok/s, 145.8 ms/tok, 267 ms/pass, 1.83 tok/pass, accept p1 84 %
2026-09-22 09:21:24.791 INFO  sched: request 'chatcmpl-8a1e3904842c973a' retired (steps): 256 tok in 38.2 s — prefill 33 tok (31 cached) in 98 ms; decode 255 tok / 143 passes in 38.1 s: 6.7 tok/s, 149.6 ms/tok, 267 ms/pass, 1.78 tok/pass, accept p1 79 %
2026-09-22 09:21:25.144 INFO  sched: request 'chatcmpl-8a1e3904842c973c' retired (steps): 256 tok in 37.9 s — prefill 33 tok (31 cached) in 100 ms; decode 255 tok / 146 passes in 37.8 s: 6.7 tok/s, 148.3 ms/tok, 259 ms/pass, 1.75 tok/pass, accept p1 75 %
2026-09-22 09:21:25.989 INFO  sched: request 'chatcmpl-8a1e3904842c973d' prefix cache miss — 3 cut(s) probed against 62 entries; the nearest entry (position 306) shares the first 10 of the prompt's 46 tokens (the prompt differs from it from that token on)
2026-09-22 09:21:25.989 INFO  sched: request 'chatcmpl-8a1e3904842c973d' admitted to slot 0 (reserve 3 blocks; pool 126/960 blocks in use) — first token 785
2026-09-22 09:21:29.048 INFO  stats: rank 1 | 10.0 s | decode 34.9 tok/s, 25.5 ms/tok, 119.1 ms/step (75 steps / 350 tok, 89 % of wall) | mtp 1.78 tok/step/req, accept p1 79 % | prefill 1 prompt / 46 tok, 5 tok/s, 17.32 ms/tok, 797 ms avg (8 % of wall), 0 tok cached (0/1 hit) | live 1, queued 0 | pool 127/960 blocks (13 %) | prefix cache 63/4096 entries
2026-09-22 09:21:34.428 INFO  sched: request 'chatcmpl-8a1e3904842c973d' retired (steps): 256 tok in 8.4 s — prefill 46 tok (0 cached) in 797 ms; decode 255 tok / 132 passes in 7.6 s: 33.4 tok/s, 30.0 ms/tok, 58 ms/pass, 1.93 tok/pass, accept p1 94 %
2026-09-22 09:21:34.548 INFO  sched: request 'chatcmpl-8a1e3904842c973e' admitted to slot 0 (reserve 3 blocks; pool 129/960 blocks in use) — first token 785
2026-09-22 09:21:39.077 INFO  stats: rank 1 | 10.0 s | decode 30.1 tok/s, 32.2 ms/tok, 62.8 ms/step (155 steps / 302 tok, 97 % of wall) | mtp 1.95 tok/step/req, accept p1 95 % | prefill 1 prompt / 2 tok, 0 tok/s, 49.01 ms/tok, 98 ms avg (1 % of wall), 44 tok cached (1/1 hit) | live 1, queued 0 | pool 130/960 blocks (14 %) | prefix cache 64/4096 entries
2026-09-22 09:21:42.988 INFO  sched: request 'chatcmpl-8a1e3904842c973e' retired (steps): 256 tok in 8.4 s — prefill 46 tok (44 cached) in 98 ms; decode 255 tok / 132 passes in 8.3 s: 30.6 tok/s, 32.7 ms/tok, 63 ms/pass, 1.93 tok/pass, accept p1 94 %
2026-09-22 09:21:43.101 INFO  sched: request 'chatcmpl-8a1e3904842c973f' admitted to slot 0 (reserve 3 blocks; pool 129/960 blocks in use) — first token 785
2026-09-22 09:21:49.116 INFO  stats: rank 1 | 10.0 s | decode 30.1 tok/s, 32.3 ms/tok, 63.0 ms/step (155 steps / 302 tok, 97 % of wall) | mtp 1.95 tok/step/req, accept p1 95 % | prefill 1 prompt / 2 tok, 0 tok/s, 48.36 ms/tok, 97 ms avg (1 % of wall), 44 tok cached (1/1 hit) | live 1, queued 0 | pool 130/960 blocks (14 %) | prefix cache 64/4096 entries
2026-09-22 09:21:51.544 INFO  sched: request 'chatcmpl-8a1e3904842c973f' retired (steps): 256 tok in 8.4 s — prefill 46 tok (44 cached) in 97 ms; decode 255 tok / 132 passes in 8.3 s: 30.6 tok/s, 32.7 ms/tok, 63 ms/pass, 1.93 tok/pass, accept p1 94 %
2026-09-22 09:21:52.397 INFO  sched: request 'chatcmpl-8a1e3904842c9740' prefix cache miss — 3 cut(s) probed against 64 entries; the nearest entry (position 300) shares the first 23 of the prompt's 47 tokens (the prompt differs from it from that token on)
2026-09-22 09:21:52.397 INFO  sched: request 'chatcmpl-8a1e3904842c9740' admitted to slot 0 (reserve 3 blocks; pool 130/960 blocks in use) — first token 785
2026-09-22 09:21:53.251 INFO  sched: request 'chatcmpl-8a1e3904842c9741' prefix cache miss — 3 cut(s) probed against 65 entries; the nearest entry (position 300) shares the first 23 of the prompt's 46 tokens (the prompt differs from it from that token on)
2026-09-22 09:21:53.251 INFO  sched: request 'chatcmpl-8a1e3904842c9741' admitted to slot 1 (reserve 3 blocks; pool 135/960 blocks in use) — first token 785
2026-09-22 09:21:59.189 INFO  stats: rank 1 | 10.1 s | decode 30.2 tok/s, 27.3 ms/tok, 80.7 ms/step (103 steps / 304 tok, 82 % of wall) | mtp 1.82 tok/step/req, accept p1 81 % | prefill 2 prompts / 93 tok, 9 tok/s, 17.12 ms/tok, 796 ms avg (16 % of wall), 0 tok cached (0/2 hits) | live 2, queued 0 | pool 136/960 blocks (14 %) | prefix cache 66/4096 entries
2026-09-22 09:22:05.778 INFO  sched: request 'chatcmpl-8a1e3904842c9741' retired (steps): 256 tok in 12.5 s — prefill 46 tok (0 cached) in 788 ms; decode 255 tok / 134 passes in 11.7 s: 21.7 tok/s, 46.0 ms/tok, 88 ms/pass, 1.90 tok/pass, accept p1 90 %
2026-09-22 09:22:06.424 INFO  sched: request 'chatcmpl-8a1e3904842c9740' retired (steps): 256 tok in 14.0 s — prefill 47 tok (0 cached) in 804 ms; decode 255 tok / 145 passes in 13.2 s: 19.3 tok/s, 51.9 ms/tok, 91 ms/pass, 1.76 tok/pass, accept p1 77 %
2026-09-22 09:22:06.532 INFO  sched: request 'chatcmpl-8a1e3904842c9742' admitted to slot 0 (reserve 3 blocks; pool 137/960 blocks in use) — first token 785
2026-09-22 09:22:06.696 INFO  sched: request 'chatcmpl-8a1e3904842c9743' admitted to slot 1 (reserve 3 blocks; pool 141/960 blocks in use) — first token 785
2026-09-22 09:22:09.249 INFO  stats: rank 1 | 10.1 s | decode 39.5 tok/s, 24.4 ms/tok, 89.0 ms/step (109 steps / 397 tok, 96 % of wall) | mtp 1.92 tok/step/req, accept p1 91 % | prefill 2 prompts / 4 tok, 0 tok/s, 48.35 ms/tok, 97 ms avg (2 % of wall), 89 tok cached (2/2 hits) | live 2, queued 0 | pool 142/960 blocks (15 %) | prefix cache 68/4096 entries
2026-09-22 09:22:19.160 INFO  sched: request 'chatcmpl-8a1e3904842c9743' retired (steps): 256 tok in 12.5 s — prefill 46 tok (44 cached) in 98 ms; decode 255 tok / 134 passes in 12.4 s: 20.6 tok/s, 48.5 ms/tok, 92 ms/pass, 1.90 tok/pass, accept p1 90 %
2026-09-22 09:22:19.289 INFO  stats: rank 1 | 10.0 s | decode 38.1 tok/s, 25.8 ms/tok, 91.6 ms/step (108 steps / 383 tok, 99 % of wall) | mtp 1.79 tok/step/req, accept p1 79 % | prefill 0 prompts / 0 tok, 0 tok cached (0/0 hits) | live 1, queued 0 | pool 138/960 blocks (14 %) | prefix cache 68/4096 entries
2026-09-22 09:22:19.805 INFO  sched: request 'chatcmpl-8a1e3904842c9742' retired (steps): 256 tok in 13.3 s — prefill 47 tok (45 cached) in 96 ms; decode 255 tok / 145 passes in 13.2 s: 19.4 tok/s, 51.7 ms/tok, 91 ms/pass, 1.76 tok/pass, accept p1 77 %
2026-09-22 09:22:19.920 INFO  sched: request 'chatcmpl-8a1e3904842c9744' admitted to slot 0 (reserve 3 blocks; pool 137/960 blocks in use) — first token 785
2026-09-22 09:22:20.080 INFO  sched: request 'chatcmpl-8a1e3904842c9745' admitted to slot 1 (reserve 3 blocks; pool 141/960 blocks in use) — first token 785
2026-09-22 09:22:29.336 INFO  stats: rank 1 | 10.0 s | decode 37.9 tok/s, 25.4 ms/tok, 88.9 ms/step (109 steps / 381 tok, 96 % of wall) | mtp 1.82 tok/step/req, accept p1 82 % | prefill 2 prompts / 4 tok, 0 tok/s, 48.04 ms/tok, 96 ms avg (2 % of wall), 89 tok cached (2/2 hits) | live 2, queued 0 | pool 142/960 blocks (15 %) | prefix cache 68/4096 entries
2026-09-22 09:22:32.614 INFO  sched: request 'chatcmpl-8a1e3904842c9745' retired (steps): 256 tok in 12.5 s — prefill 46 tok (44 cached) in 94 ms; decode 255 tok / 134 passes in 12.4 s: 20.5 tok/s, 48.8 ms/tok, 93 ms/pass, 1.90 tok/pass, accept p1 90 %
2026-09-22 09:22:33.259 INFO  sched: request 'chatcmpl-8a1e3904842c9744' retired (steps): 256 tok in 13.3 s — prefill 47 tok (45 cached) in 98 ms; decode 255 tok / 145 passes in 13.2 s: 19.3 tok/s, 51.9 ms/tok, 91 ms/pass, 1.76 tok/pass, accept p1 77 %
2026-09-22 09:22:34.099 INFO  sched: request 'chatcmpl-8a1e3904842c9746' prefix cache miss — 3 cut(s) probed against 68 entries; the nearest entry (position 301) shares the first 23 of the prompt's 45 tokens (the prompt differs from it from that token on)
2026-09-22 09:22:34.099 INFO  sched: request 'chatcmpl-8a1e3904842c9746' admitted to slot 0 (reserve 3 blocks; pool 138/960 blocks in use) — first token 785
2026-09-22 09:22:34.900 INFO  sched: request 'chatcmpl-8a1e3904842c9747' prefix cache miss — 3 cut(s) probed against 69 entries; the nearest entry (position 306) shares the first 10 of the prompt's 36 tokens (the prompt differs from it from that token on)
2026-09-22 09:22:34.900 INFO  sched: request 'chatcmpl-8a1e3904842c9747' admitted to slot 1 (reserve 3 blocks; pool 143/960 blocks in use) — first token 785
2026-09-22 09:22:35.708 INFO  sched: request 'chatcmpl-8a1e3904842c9748' prefix cache miss — 3 cut(s) probed against 70 entries; the nearest entry (position 34) shares the first 14 of the prompt's 34 tokens (the prompt differs from it from that token on)
2026-09-22 09:22:35.708 INFO  sched: request 'chatcmpl-8a1e3904842c9748' admitted to slot 2 (reserve 3 blocks; pool 148/960 blocks in use) — first token 785
2026-09-22 09:22:36.542 INFO  sched: request 'chatcmpl-8a1e3904842c9749' prefix cache miss — 3 cut(s) probed against 71 entries; the nearest entry (position 34) shares the first 14 of the prompt's 33 tokens (the prompt differs from it from that token on)
2026-09-22 09:22:36.542 INFO  sched: request 'chatcmpl-8a1e3904842c9749' admitted to slot 3 (reserve 3 blocks; pool 153/960 blocks in use) — first token 785
2026-09-22 09:22:39.343 INFO  stats: rank 1 | 10.0 s | decode 30.6 tok/s, 22.5 ms/tok, 104.5 ms/step (66 steps / 306 tok, 69 % of wall) | mtp 1.91 tok/step/req, accept p1 89 % | prefill 4 prompts / 148 tok, 15 tok/s, 19.92 ms/tok, 737 ms avg (29 % of wall), 0 tok cached (0/4 hits) | live 4, queued 0 | pool 154/960 blocks (16 %) | prefix cache 72/4096 entries
2026-09-22 09:22:49.412 INFO  stats: rank 1 | 10.1 s | decode 51.0 tok/s, 19.4 ms/tok, 150.5 ms/step (66 steps / 513 tok, 99 % of wall) | mtp 1.94 tok/step/req, accept p1 94 % | prefill 0 prompts / 0 tok, 0 tok cached (0/0 hits) | live 4, queued 0 | pool 154/960 blocks (16 %) | prefix cache 72/4096 entries
2026-09-22 09:22:55.755 INFO  sched: request 'chatcmpl-8a1e3904842c9746' retired (steps): 256 tok in 21.7 s — prefill 45 tok (0 cached) in 786 ms; decode 255 tok / 129 passes in 20.9 s: 12.2 tok/s, 81.8 ms/tok, 162 ms/pass, 1.98 tok/pass, accept p1 98 %
2026-09-22 09:22:56.063 INFO  sched: request 'chatcmpl-8a1e3904842c9747' retired (steps): 256 tok in 21.2 s — prefill 36 tok (0 cached) in 737 ms; decode 255 tok / 130 passes in 20.4 s: 12.5 tok/s, 80.1 ms/tok, 157 ms/pass, 1.96 tok/pass, accept p1 96 %
2026-09-22 09:22:56.488 INFO  sched: request 'chatcmpl-8a1e3904842c9748' retired (steps): 256 tok in 20.8 s — prefill 34 tok (0 cached) in 716 ms; decode 255 tok / 132 passes in 20.1 s: 12.7 tok/s, 78.7 ms/tok, 152 ms/pass, 1.93 tok/pass, accept p1 94 %
2026-09-22 09:22:56.555 INFO  sched: request 'chatcmpl-8a1e3904842c9749' retired (steps): 256 tok in 20.0 s — prefill 33 tok (0 cached) in 710 ms; decode 255 tok / 132 passes in 19.3 s: 13.2 tok/s, 75.7 ms/tok, 146 ms/pass, 1.93 tok/pass, accept p1 93 %
2026-09-22 09:22:56.663 INFO  sched: request 'chatcmpl-8a1e3904842c974a' admitted to slot 0 (reserve 3 blocks; pool 153/960 blocks in use) — first token 785
2026-09-22 09:22:56.823 INFO  sched: request 'chatcmpl-8a1e3904842c974b' admitted to slot 1 (reserve 3 blocks; pool 157/960 blocks in use) — first token 785
2026-09-22 09:22:57.013 INFO  sched: request 'chatcmpl-8a1e3904842c974c' admitted to slot 2 (reserve 3 blocks; pool 161/960 blocks in use) — first token 785
2026-09-22 09:22:57.239 INFO  sched: request 'chatcmpl-8a1e3904842c974d' admitted to slot 3 (reserve 3 blocks; pool 165/960 blocks in use) — first token 785
2026-09-22 09:22:59.412 INFO  stats: rank 1 | 10.0 s | decode 48.2 tok/s, 19.6 ms/tok, 145.5 ms/step (65 steps / 482 tok, 95 % of wall) | mtp 1.98 tok/step/req, accept p1 98 % | prefill 4 prompts / 8 tok, 1 tok/s, 48.28 ms/tok, 97 ms avg (4 % of wall), 140 tok cached (4/4 hits) | live 4, queued 0 | pool 166/960 blocks (17 %) | prefix cache 76/4096 entries
2026-09-22 09:23:09.451 INFO  stats: rank 1 | 10.0 s | decode 50.8 tok/s, 19.4 ms/tok, 150.2 ms/step (66 steps / 510 tok, 99 % of wall) | mtp 1.93 tok/step/req, accept p1 93 % | prefill 0 prompts / 0 tok, 0 tok cached (0/0 hits) | live 4, queued 0 | pool 166/960 blocks (17 %) | prefix cache 76/4096 entries
2026-09-22 09:23:16.405 INFO  sched: request 'chatcmpl-8a1e3904842c974a' retired (steps): 256 tok in 19.7 s — prefill 45 tok (43 cached) in 97 ms; decode 255 tok / 129 passes in 19.6 s: 13.0 tok/s, 77.0 ms/tok, 152 ms/pass, 1.98 tok/pass, accept p1 98 %
2026-09-22 09:23:16.705 INFO  sched: request 'chatcmpl-8a1e3904842c974b' retired (steps): 256 tok in 19.9 s — prefill 36 tok (34 cached) in 94 ms; decode 255 tok / 130 passes in 19.8 s: 12.9 tok/s, 77.6 ms/tok, 152 ms/pass, 1.96 tok/pass, accept p1 96 %
2026-09-22 09:23:17.127 INFO  sched: request 'chatcmpl-8a1e3904842c974c' retired (steps): 256 tok in 20.1 s — prefill 33 tok (31 cached) in 98 ms; decode 255 tok / 132 passes in 20.0 s: 12.7 tok/s, 78.5 ms/tok, 152 ms/pass, 1.93 tok/pass, accept p1 93 %
2026-09-22 09:23:17.196 INFO  sched: request 'chatcmpl-8a1e3904842c974d' retired (steps): 256 tok in 20.0 s — prefill 34 tok (32 cached) in 98 ms; decode 255 tok / 132 passes in 19.9 s: 12.8 tok/s, 77.9 ms/tok, 150 ms/pass, 1.93 tok/pass, accept p1 94 %
2026-09-22 09:23:17.307 INFO  sched: request 'chatcmpl-8a1e3904842c974e' admitted to slot 0 (reserve 3 blocks; pool 153/960 blocks in use) — first token 785
2026-09-22 09:23:17.467 INFO  sched: request 'chatcmpl-8a1e3904842c974f' admitted to slot 1 (reserve 3 blocks; pool 157/960 blocks in use) — first token 785
2026-09-22 09:23:17.661 INFO  sched: request 'chatcmpl-8a1e3904842c9750' admitted to slot 2 (reserve 3 blocks; pool 161/960 blocks in use) — first token 785
2026-09-22 09:23:17.885 INFO  sched: request 'chatcmpl-8a1e3904842c9751' admitted to slot 3 (reserve 3 blocks; pool 165/960 blocks in use) — first token 785
2026-09-22 09:23:19.503 INFO  stats: rank 1 | 10.1 s | decode 48.0 tok/s, 19.7 ms/tok, 146.1 ms/step (65 steps / 482 tok, 95 % of wall) | mtp 1.98 tok/step/req, accept p1 98 % | prefill 4 prompts / 8 tok, 1 tok/s, 49.10 ms/tok, 98 ms avg (4 % of wall), 140 tok cached (4/4 hits) | live 4, queued 0 | pool 166/960 blocks (17 %) | prefix cache 76/4096 entries
2026-09-22 09:23:29.641 INFO  stats: rank 1 | 10.1 s | decode 51.1 tok/s, 19.3 ms/tok, 149.4 ms/step (67 steps / 518 tok, 99 % of wall) | mtp 1.93 tok/step/req, accept p1 93 % | prefill 0 prompts / 0 tok, 0 tok cached (0/0 hits) | live 4, queued 0 | pool 166/960 blocks (17 %) | prefix cache 76/4096 entries
2026-09-22 09:23:37.110 INFO  sched: request 'chatcmpl-8a1e3904842c974e' retired (steps): 256 tok in 19.8 s — prefill 45 tok (43 cached) in 100 ms; decode 255 tok / 129 passes in 19.7 s: 12.9 tok/s, 77.3 ms/tok, 153 ms/pass, 1.98 tok/pass, accept p1 98 %
2026-09-22 09:23:37.416 INFO  sched: request 'chatcmpl-8a1e3904842c974f' retired (steps): 256 tok in 19.9 s — prefill 36 tok (34 cached) in 93 ms; decode 255 tok / 130 passes in 19.9 s: 12.8 tok/s, 77.9 ms/tok, 153 ms/pass, 1.96 tok/pass, accept p1 96 %
2026-09-22 09:23:37.846 INFO  sched: request 'chatcmpl-8a1e3904842c9750' retired (steps): 256 tok in 20.2 s — prefill 34 tok (32 cached) in 101 ms; decode 255 tok / 132 passes in 20.1 s: 12.7 tok/s, 78.8 ms/tok, 152 ms/pass, 1.93 tok/pass, accept p1 94 %
2026-09-22 09:23:37.914 INFO  sched: request 'chatcmpl-8a1e3904842c9751' retired (steps): 256 tok in 20.0 s — prefill 33 tok (31 cached) in 98 ms; decode 255 tok / 132 passes in 19.9 s: 12.8 tok/s, 78.2 ms/tok, 151 ms/pass, 1.93 tok/pass, accept p1 93 %
2026-09-22 09:23:38.683 INFO  sched: request 'chatcmpl-8a1e3904842c9752' prefix cache miss — 3 cut(s) probed against 76 entries; the nearest entry (position 291) shares the first 14 of the prompt's 34 tokens (the prompt differs from it from that token on)
2026-09-22 09:23:38.683 INFO  sched: request 'chatcmpl-8a1e3904842c9752' admitted to slot 0 (reserve 3 blocks; pool 154/960 blocks in use) — first token 785
2026-09-22 09:23:39.452 INFO  sched: request 'chatcmpl-8a1e3904842c9753' prefix cache miss — 3 cut(s) probed against 77 entries; the nearest entry (position 291) shares the first 14 of the prompt's 33 tokens (the prompt differs from it from that token on)
2026-09-22 09:23:39.452 INFO  sched: request 'chatcmpl-8a1e3904842c9753' admitted to slot 1 (reserve 3 blocks; pool 159/960 blocks in use) — first token 785
2026-09-22 09:23:40.260 INFO  sched: request 'chatcmpl-8a1e3904842c9754' prefix cache miss — 3 cut(s) probed against 78 entries; the nearest entry (position 291) shares the first 14 of the prompt's 34 tokens (the prompt differs from it from that token on)
2026-09-22 09:23:40.260 INFO  sched: request 'chatcmpl-8a1e3904842c9754' admitted to slot 2 (reserve 3 blocks; pool 164/960 blocks in use) — first token 785
2026-09-22 09:23:40.381 INFO  stats: rank 1 | 10.7 s | decode 39.1 tok/s, 20.0 ms/tok, 147.7 ms/step (57 steps / 420 tok, 78 % of wall) | mtp 1.99 tok/step/req, accept p1 99 % | prefill 3 prompts / 101 tok, 9 tok/s, 21.15 ms/tok, 712 ms avg (20 % of wall), 0 tok cached (0/3 hits) | live 3, queued 5 | pool 165/960 blocks (17 %) | prefix cache 79/4096 entries
2026-09-22 09:23:41.091 INFO  sched: request 'chatcmpl-8a1e3904842c9755' prefix cache miss — 3 cut(s) probed against 79 entries; the nearest entry (position 291) shares the first 14 of the prompt's 33 tokens (the prompt differs from it from that token on)
2026-09-22 09:23:41.091 INFO  sched: request 'chatcmpl-8a1e3904842c9755' admitted to slot 3 (reserve 3 blocks; pool 169/960 blocks in use) — first token 785
2026-09-22 09:23:41.961 INFO  sched: request 'chatcmpl-8a1e3904842c9756' prefix cache miss — 3 cut(s) probed against 80 entries; the nearest entry (position 291) shares the first 14 of the prompt's 34 tokens (the prompt differs from it from that token on)
2026-09-22 09:23:41.961 INFO  sched: request 'chatcmpl-8a1e3904842c9756' admitted to slot 4 (reserve 3 blocks; pool 174/960 blocks in use) — first token 785
2026-09-22 09:23:42.891 INFO  sched: request 'chatcmpl-8a1e3904842c9757' prefix cache miss — 3 cut(s) probed against 81 entries; the nearest entry (position 291) shares the first 14 of the prompt's 34 tokens (the prompt differs from it from that token on)
2026-09-22 09:23:42.891 INFO  sched: request 'chatcmpl-8a1e3904842c9757' admitted to slot 5 (reserve 3 blocks; pool 179/960 blocks in use) — first token 785
2026-09-22 09:23:43.802 INFO  sched: request 'chatcmpl-8a1e3904842c9758' prefix cache miss — 3 cut(s) probed against 82 entries; the nearest entry (position 291) shares the first 14 of the prompt's 33 tokens (the prompt differs from it from that token on)
2026-09-22 09:23:43.802 INFO  sched: request 'chatcmpl-8a1e3904842c9758' admitted to slot 6 (reserve 3 blocks; pool 184/960 blocks in use) — first token 785
2026-09-22 09:23:44.771 INFO  sched: request 'chatcmpl-8a1e3904842c9759' prefix cache miss — 3 cut(s) probed against 83 entries; the nearest entry (position 291) shares the first 14 of the prompt's 34 tokens (the prompt differs from it from that token on)
2026-09-22 09:23:44.771 INFO  sched: request 'chatcmpl-8a1e3904842c9759' admitted to slot 7 (reserve 3 blocks; pool 189/960 blocks in use) — first token 785
2026-09-22 09:23:50.618 INFO  stats: rank 1 | 10.2 s | decode 37.7 tok/s, 16.6 ms/tok, 236.8 ms/step (27 steps / 386 tok, 62 % of wall) | mtp 1.87 tok/step/req, accept p1 85 % | prefill 5 prompts / 168 tok, 16 tok/s, 21.30 ms/tok, 716 ms avg (35 % of wall), 0 tok cached (0/5 hits) | live 8, queued 0 | pool 190/960 blocks (20 %) | prefix cache 84/4096 entries
2026-09-22 09:24:00.722 INFO  stats: rank 1 | 10.1 s | decode 56.4 tok/s, 17.0 ms/tok, 255.5 ms/step (38 steps / 570 tok, 96 % of wall) | mtp 1.88 tok/step/req, accept p1 88 % | prefill 0 prompts / 0 tok, 0 tok cached (0/0 hits) | live 8, queued 0 | pool 190/960 blocks (20 %) | prefix cache 84/4096 entries
2026-09-22 09:24:10.882 INFO  stats: rank 1 | 10.2 s | decode 57.9 tok/s, 16.6 ms/tok, 257.0 ms/step (38 steps / 588 tok, 96 % of wall) | mtp 1.93 tok/step/req, accept p1 93 % | prefill 0 prompts / 0 tok, 0 tok cached (0/0 hits) | live 8, queued 0 | pool 190/960 blocks (20 %) | prefix cache 84/4096 entries
2026-09-22 09:24:17.814 INFO  sched: request 'chatcmpl-8a1e3904842c9753' retired (steps): 256 tok in 38.4 s — prefill 33 tok (0 cached) in 705 ms; decode 255 tok / 131 passes in 37.7 s: 6.8 tok/s, 147.7 ms/tok, 287 ms/pass, 1.95 tok/pass, accept p1 95 %
2026-09-22 09:24:18.089 INFO  sched: request 'chatcmpl-8a1e3904842c9755' retired (steps): 256 tok in 37.0 s — prefill 33 tok (0 cached) in 706 ms; decode 255 tok / 130 passes in 36.3 s: 7.0 tok/s, 142.3 ms/tok, 279 ms/pass, 1.96 tok/pass, accept p1 96 %
2026-09-22 09:24:18.089 INFO  sched: request 'chatcmpl-8a1e3904842c9752' retired (steps): 256 tok in 39.4 s — prefill 34 tok (0 cached) in 715 ms; decode 255 tok / 133 passes in 38.7 s: 6.6 tok/s, 151.7 ms/tok, 291 ms/pass, 1.92 tok/pass, accept p1 92 %
2026-09-22 09:24:18.831 INFO  sched: request 'chatcmpl-8a1e3904842c9754' retired (steps): 256 tok in 38.6 s — prefill 34 tok (0 cached) in 716 ms; decode 255 tok / 134 passes in 37.9 s: 6.7 tok/s, 148.4 ms/tok, 282 ms/pass, 1.90 tok/pass, accept p1 91 %
2026-09-22 09:24:19.310 INFO  sched: request 'chatcmpl-8a1e3904842c9757' retired (steps): 256 tok in 36.4 s — prefill 34 tok (0 cached) in 725 ms; decode 255 tok / 133 passes in 35.7 s: 7.1 tok/s, 140.0 ms/tok, 268 ms/pass, 1.92 tok/pass, accept p1 92 %
2026-09-22 09:24:19.541 INFO  sched: request 'chatcmpl-8a1e3904842c9756' retired (steps): 256 tok in 37.6 s — prefill 34 tok (0 cached) in 723 ms; decode 255 tok / 135 passes in 36.9 s: 6.9 tok/s, 144.5 ms/tok, 273 ms/pass, 1.89 tok/pass, accept p1 89 %
2026-09-22 09:24:20.180 INFO  sched: request 'chatcmpl-8a1e3904842c9758' retired (steps): 256 tok in 36.4 s — prefill 33 tok (0 cached) in 709 ms; decode 255 tok / 136 passes in 35.7 s: 7.1 tok/s, 139.9 ms/tok, 262 ms/pass, 1.88 tok/pass, accept p1 88 %
2026-09-22 09:24:20.831 INFO  sched: request 'chatcmpl-8a1e3904842c9759' retired (steps): 256 tok in 36.1 s — prefill 34 tok (0 cached) in 714 ms; decode 255 tok / 145 passes in 35.3 s: 7.2 tok/s, 138.6 ms/tok, 244 ms/pass, 1.76 tok/pass, accept p1 77 %
2026-09-22 09:24:20.946 INFO  sched: request 'chatcmpl-8a1e3904842c975a' admitted to slot 0 (reserve 3 blocks; pool 185/960 blocks in use) — first token 785
2026-09-22 09:24:21.008 INFO  stats: rank 1 | 10.1 s | decode 48.8 tok/s, 19.5 ms/tok, 205.3 ms/step (47 steps / 494 tok, 95 % of wall) | mtp 1.91 tok/step/req, accept p1 92 % | prefill 1 prompt / 2 tok, 0 tok/s, 49.21 ms/tok, 98 ms avg (1 % of wall), 32 tok cached (1/1 hit) | live 1, queued 7 | pool 186/960 blocks (19 %) | prefix cache 92/4096 entries
2026-09-22 09:24:21.106 INFO  sched: request 'chatcmpl-8a1e3904842c975b' admitted to slot 1 (reserve 3 blocks; pool 189/960 blocks in use) — first token 785
2026-09-22 09:24:21.295 INFO  sched: request 'chatcmpl-8a1e3904842c975c' admitted to slot 2 (reserve 3 blocks; pool 193/960 blocks in use) — first token 785
2026-09-22 09:24:21.516 INFO  sched: request 'chatcmpl-8a1e3904842c975d' admitted to slot 3 (reserve 3 blocks; pool 197/960 blocks in use) — first token 785
2026-09-22 09:24:21.762 INFO  sched: request 'chatcmpl-8a1e3904842c975e' admitted to slot 4 (reserve 3 blocks; pool 201/960 blocks in use) — first token 785
2026-09-22 09:24:22.060 INFO  sched: request 'chatcmpl-8a1e3904842c975f' admitted to slot 5 (reserve 3 blocks; pool 205/960 blocks in use) — first token 785
2026-09-22 09:24:22.359 INFO  sched: request 'chatcmpl-8a1e3904842c9760' admitted to slot 6 (reserve 3 blocks; pool 209/960 blocks in use) — first token 785
2026-09-22 09:24:22.717 INFO  sched: request 'chatcmpl-8a1e3904842c9761' admitted to slot 7 (reserve 3 blocks; pool 213/960 blocks in use) — first token 785
2026-09-22 09:24:31.210 INFO  stats: rank 1 | 10.2 s | decode 53.6 tok/s, 16.7 ms/tok, 234.1 ms/step (39 steps / 547 tok, 90 % of wall) | mtp 1.88 tok/step/req, accept p1 86 % | prefill 7 prompts / 14 tok, 1 tok/s, 49.00 ms/tok, 98 ms avg (7 % of wall), 221 tok cached (7/7 hits) | live 8, queued 0 | pool 214/960 blocks (22 %) | prefix cache 92/4096 entries
2026-09-22 09:24:41.393 INFO  stats: rank 1 | 10.2 s | decode 56.4 tok/s, 17.0 ms/tok, 257.5 ms/step (38 steps / 574 tok, 96 % of wall) | mtp 1.89 tok/step/req, accept p1 89 % | prefill 0 prompts / 0 tok, 0 tok cached (0/0 hits) | live 8, queued 0 | pool 214/960 blocks (22 %) | prefix cache 92/4096 entries
2026-09-22 09:24:51.552 INFO  stats: rank 1 | 10.2 s | decode 57.5 tok/s, 16.7 ms/tok, 256.8 ms/step (38 steps / 584 tok, 96 % of wall) | mtp 1.92 tok/step/req, accept p1 92 % | prefill 0 prompts / 0 tok, 0 tok cached (0/0 hits) | live 8, queued 0 | pool 214/960 blocks (22 %) | prefix cache 92/4096 entries
2026-09-22 09:24:56.090 INFO  sched: request 'chatcmpl-8a1e3904842c975a' retired (steps): 256 tok in 35.1 s — prefill 34 tok (32 cached) in 98 ms; decode 255 tok / 133 passes in 35.0 s: 7.3 tok/s, 137.4 ms/tok, 264 ms/pass, 1.92 tok/pass, accept p1 92 %
2026-09-22 09:24:56.351 INFO  sched: request 'chatcmpl-8a1e3904842c975b' retired (steps): 256 tok in 35.2 s — prefill 34 tok (32 cached) in 95 ms; decode 255 tok / 133 passes in 35.2 s: 7.3 tok/s, 137.8 ms/tok, 264 ms/pass, 1.92 tok/pass, accept p1 92 %
2026-09-22 09:24:56.612 INFO  sched: request 'chatcmpl-8a1e3904842c975e' retired (steps): 256 tok in 34.9 s — prefill 33 tok (31 cached) in 100 ms; decode 255 tok / 131 passes in 34.8 s: 7.3 tok/s, 136.3 ms/tok, 265 ms/pass, 1.95 tok/pass, accept p1 95 %
2026-09-22 09:24:56.867 INFO  sched: request 'chatcmpl-8a1e3904842c975c' retired (steps): 256 tok in 35.6 s — prefill 34 tok (32 cached) in 96 ms; decode 255 tok / 134 passes in 35.5 s: 7.2 tok/s, 139.1 ms/tok, 265 ms/pass, 1.90 tok/pass, accept p1 91 %
2026-09-22 09:24:56.867 INFO  sched: request 'chatcmpl-8a1e3904842c9760' retired (steps): 256 tok in 34.5 s — prefill 33 tok (31 cached) in 99 ms; decode 255 tok / 130 passes in 34.4 s: 7.4 tok/s, 134.9 ms/tok, 265 ms/pass, 1.96 tok/pass, accept p1 96 %
2026-09-22 09:24:58.000 INFO  sched: request 'chatcmpl-8a1e3904842c975f' retired (steps): 256 tok in 35.9 s — prefill 33 tok (31 cached) in 100 ms; decode 255 tok / 136 passes in 35.8 s: 7.1 tok/s, 140.6 ms/tok, 264 ms/pass, 1.88 tok/pass, accept p1 88 %
2026-09-22 09:24:58.221 INFO  sched: request 'chatcmpl-8a1e3904842c9761' retired (steps): 256 tok in 35.5 s — prefill 34 tok (32 cached) in 100 ms; decode 255 tok / 135 passes in 35.4 s: 7.2 tok/s, 138.8 ms/tok, 262 ms/pass, 1.89 tok/pass, accept p1 89 %
2026-09-22 09:24:58.623 INFO  sched: request 'chatcmpl-8a1e3904842c975d' retired (steps): 256 tok in 37.1 s — prefill 34 tok (32 cached) in 96 ms; decode 255 tok / 145 passes in 37.0 s: 6.9 tok/s, 145.1 ms/tok, 255 ms/pass, 1.76 tok/pass, accept p1 77 %
2026-09-22 09:24:58.749 INFO  sched: request 'chatcmpl-8a1e3904842c9762' admitted to slot 0 (reserve 3 blocks; pool 185/960 blocks in use) — first token 785
2026-09-22 09:24:58.909 INFO  sched: request 'chatcmpl-8a1e3904842c9763' admitted to slot 1 (reserve 3 blocks; pool 189/960 blocks in use) — first token 785
2026-09-22 09:24:59.098 INFO  sched: request 'chatcmpl-8a1e3904842c9764' admitted to slot 2 (reserve 3 blocks; pool 193/960 blocks in use) — first token 785
2026-09-22 09:24:59.319 INFO  sched: request 'chatcmpl-8a1e3904842c9765' admitted to slot 3 (reserve 3 blocks; pool 197/960 blocks in use) — first token 785
2026-09-22 09:24:59.567 INFO  sched: request 'chatcmpl-8a1e3904842c9766' admitted to slot 4 (reserve 3 blocks; pool 201/960 blocks in use) — first token 785
2026-09-22 09:24:59.865 INFO  sched: request 'chatcmpl-8a1e3904842c9767' admitted to slot 5 (reserve 3 blocks; pool 205/960 blocks in use) — first token 785
2026-09-22 09:25:00.164 INFO  sched: request 'chatcmpl-8a1e3904842c9768' admitted to slot 6 (reserve 3 blocks; pool 209/960 blocks in use) — first token 785
2026-09-22 09:25:00.515 INFO  sched: request 'chatcmpl-8a1e3904842c9769' admitted to slot 7 (reserve 3 blocks; pool 213/960 blocks in use) — first token 785
2026-09-22 09:25:01.748 INFO  stats: rank 1 | 10.2 s | decode 46.6 tok/s, 19.0 ms/tok, 205.6 ms/step (44 steps / 475 tok, 89 % of wall) | mtp 1.94 tok/step/req, accept p1 92 % | prefill 8 prompts / 16 tok, 2 tok/s, 48.93 ms/tok, 98 ms avg (8 % of wall), 253 tok cached (8/8 hits) | live 8, queued 0 | pool 214/960 blocks (22 %) | prefix cache 92/4096 entries
2026-09-22 09:25:11.891 INFO  stats: rank 1 | 10.1 s | decode 57.4 tok/s, 16.7 ms/tok, 249.6 ms/step (39 steps / 582 tok, 96 % of wall) | mtp 1.87 tok/step/req, accept p1 87 % | prefill 0 prompts / 0 tok, 0 tok cached (0/0 hits) | live 8, queued 0 | pool 213/960 blocks (22 %) | prefix cache 92/4096 entries
2026-09-22 09:25:22.066 INFO  stats: rank 1 | 10.2 s | decode 56.6 tok/s, 17.0 ms/tok, 257.2 ms/step (38 steps / 576 tok, 96 % of wall) | mtp 1.89 tok/step/req, accept p1 89 % | prefill 0 prompts / 0 tok, 0 tok cached (0/0 hits) | live 8, queued 0 | pool 214/960 blocks (22 %) | prefix cache 92/4096 entries
2026-09-22 09:25:32.179 INFO  stats: rank 1 | 10.1 s | decode 57.6 tok/s, 16.7 ms/tok, 255.5 ms/step (38 steps / 583 tok, 96 % of wall) | mtp 1.92 tok/step/req, accept p1 92 % | prefill 0 prompts / 0 tok, 0 tok cached (0/0 hits) | live 8, queued 0 | pool 214/960 blocks (22 %) | prefix cache 92/4096 entries
2026-09-22 09:25:33.526 INFO  sched: request 'chatcmpl-8a1e3904842c9763' retired (steps): 256 tok in 34.6 s — prefill 33 tok (31 cached) in 94 ms; decode 255 tok / 131 passes in 34.5 s: 7.4 tok/s, 135.4 ms/tok, 264 ms/pass, 1.95 tok/pass, accept p1 95 %
2026-09-22 09:25:33.802 INFO  sched: request 'chatcmpl-8a1e3904842c9762' retired (steps): 256 tok in 35.1 s — prefill 34 tok (32 cached) in 98 ms; decode 255 tok / 133 passes in 35.0 s: 7.3 tok/s, 137.1 ms/tok, 263 ms/pass, 1.92 tok/pass, accept p1 92 %
2026-09-22 09:25:34.563 INFO  sched: request 'chatcmpl-8a1e3904842c9764' retired (steps): 256 tok in 35.5 s — prefill 34 tok (32 cached) in 96 ms; decode 255 tok / 134 passes in 35.4 s: 7.2 tok/s, 138.7 ms/tok, 264 ms/pass, 1.90 tok/pass, accept p1 91 %
2026-09-22 09:25:34.818 INFO  sched: request 'chatcmpl-8a1e3904842c9769' retired (steps): 256 tok in 34.3 s — prefill 33 tok (31 cached) in 100 ms; decode 255 tok / 130 passes in 34.2 s: 7.5 tok/s, 134.1 ms/tok, 263 ms/pass, 1.96 tok/pass, accept p1 96 %
2026-09-22 09:25:35.060 INFO  sched: request 'chatcmpl-8a1e3904842c9767' retired (steps): 256 tok in 35.2 s — prefill 34 tok (32 cached) in 99 ms; decode 255 tok / 133 passes in 35.1 s: 7.3 tok/s, 137.6 ms/tok, 264 ms/pass, 1.92 tok/pass, accept p1 92 %
2026-09-22 09:25:35.290 INFO  sched: request 'chatcmpl-8a1e3904842c9765' retired (steps): 256 tok in 36.0 s — prefill 33 tok (31 cached) in 97 ms; decode 255 tok / 136 passes in 35.9 s: 7.1 tok/s, 140.7 ms/tok, 264 ms/pass, 1.88 tok/pass, accept p1 88 %
2026-09-22 09:25:35.291 INFO  sched: request 'chatcmpl-8a1e3904842c9766' retired (steps): 256 tok in 35.7 s — prefill 34 tok (32 cached) in 100 ms; decode 255 tok / 135 passes in 35.6 s: 7.2 tok/s, 139.7 ms/tok, 264 ms/pass, 1.89 tok/pass, accept p1 89 %
2026-09-22 09:25:36.070 INFO  sched: request 'chatcmpl-8a1e3904842c9768' retired (steps): 256 tok in 35.9 s — prefill 34 tok (32 cached) in 99 ms; decode 255 tok / 145 passes in 35.8 s: 7.1 tok/s, 140.4 ms/tok, 247 ms/pass, 1.76 tok/pass, accept p1 77 %
2026-09-22 09:25:37.103 INFO  sched: request 'chatcmpl-8a1e3904842c976a' prefix cache miss — 3 cut(s) probed against 92 entries; the nearest entry (position 306) shares the first 10 of the prompt's 68 tokens (the prompt differs from it from that token on)
2026-09-22 09:25:37.103 INFO  sched: request 'chatcmpl-8a1e3904842c976a' admitted to slot 0 (reserve 3 blocks; pool 186/960 blocks in use) — first token 1654
2026-09-22 09:25:42.218 INFO  stats: rank 1 | 10.0 s | decode 32.6 tok/s, 26.8 ms/tok, 84.4 ms/step (104 steps / 327 tok, 87 % of wall) | mtp 1.93 tok/step/req, accept p1 95 % | prefill 1 prompt / 68 tok, 7 tok/s, 13.93 ms/tok, 947 ms avg (9 % of wall), 0 tok cached (0/1 hit) | live 1, queued 0 | pool 187/960 blocks (19 %) | prefix cache 93/4096 entries
2026-09-22 09:25:45.668 INFO  sched: request 'chatcmpl-8a1e3904842c976a' retired (steps): 256 tok in 8.6 s — prefill 68 tok (0 cached) in 947 ms; decode 255 tok / 133 passes in 7.6 s: 33.5 tok/s, 29.9 ms/tok, 57 ms/pass, 1.92 tok/pass, accept p1 92 %
2026-09-22 09:25:45.782 INFO  sched: request 'chatcmpl-8a1e3904842c976b' admitted to slot 0 (reserve 3 blocks; pool 189/960 blocks in use) — first token 1654
2026-09-22 09:25:52.231 INFO  stats: rank 1 | 10.0 s | decode 29.6 tok/s, 32.9 ms/tok, 63.2 ms/step (154 steps / 296 tok, 97 % of wall) | mtp 1.92 tok/step/req, accept p1 92 % | prefill 1 prompt / 2 tok, 0 tok/s, 48.85 ms/tok, 98 ms avg (1 % of wall), 66 tok cached (1/1 hit) | live 1, queued 0 | pool 190/960 blocks (20 %) | prefix cache 94/4096 entries
2026-09-22 09:25:54.309 INFO  sched: request 'chatcmpl-8a1e3904842c976b' retired (steps): 256 tok in 8.5 s — prefill 68 tok (66 cached) in 98 ms; decode 255 tok / 133 passes in 8.4 s: 30.3 tok/s, 33.1 ms/tok, 63 ms/pass, 1.92 tok/pass, accept p1 92 %
2026-09-22 09:25:54.430 INFO  sched: request 'chatcmpl-8a1e3904842c976c' admitted to slot 0 (reserve 3 blocks; pool 189/960 blocks in use) — first token 1654
2026-09-22 09:26:02.235 INFO  stats: rank 1 | 10.0 s | decode 29.5 tok/s, 32.9 ms/tok, 63.1 ms/step (154 steps / 295 tok, 97 % of wall) | mtp 1.92 tok/step/req, accept p1 91 % | prefill 1 prompt / 2 tok, 0 tok/s, 49.18 ms/tok, 98 ms avg (1 % of wall), 66 tok cached (1/1 hit) | live 1, queued 0 | pool 190/960 blocks (20 %) | prefix cache 94/4096 entries
2026-09-22 09:26:02.950 INFO  sched: request 'chatcmpl-8a1e3904842c976c' retired (steps): 256 tok in 8.5 s — prefill 68 tok (66 cached) in 98 ms; decode 255 tok / 133 passes in 8.4 s: 30.3 tok/s, 33.0 ms/tok, 63 ms/pass, 1.92 tok/pass, accept p1 92 %
2026-09-22 09:26:03.923 INFO  sched: request 'chatcmpl-8a1e3904842c976d' prefix cache miss — 3 cut(s) probed against 94 entries; the nearest entry (position 323) shares the first 11 of the prompt's 61 tokens (the prompt differs from it from that token on)
2026-09-22 09:26:03.923 INFO  sched: request 'chatcmpl-8a1e3904842c976d' admitted to slot 0 (reserve 3 blocks; pool 190/960 blocks in use) — first token 1654
2026-09-22 09:26:04.848 INFO  sched: request 'chatcmpl-8a1e3904842c976e' prefix cache miss — 3 cut(s) probed against 95 entries; the nearest entry (position 323) shares the first 10 of the prompt's 54 tokens (the prompt differs from it from that token on)
2026-09-22 09:26:04.848 INFO  sched: request 'chatcmpl-8a1e3904842c976e' admitted to slot 1 (reserve 3 blocks; pool 195/960 blocks in use) — first token 1654
2026-09-22 09:26:12.302 INFO  stats: rank 1 | 10.1 s | decode 33.3 tok/s, 24.2 ms/tok, 89.1 ms/step (91 steps / 335 tok, 81 % of wall) | mtp 1.97 tok/step/req, accept p1 96 % | prefill 2 prompts / 115 tok, 11 tok/s, 15.30 ms/tok, 880 ms avg (17 % of wall), 0 tok cached (0/2 hits) | live 2, queued 0 | pool 196/960 blocks (20 %) | prefix cache 96/4096 entries
2026-09-22 09:26:17.176 INFO  sched: request 'chatcmpl-8a1e3904842c976e' retired (steps): 256 tok in 12.3 s — prefill 54 tok (0 cached) in 856 ms; decode 255 tok / 130 passes in 11.5 s: 22.2 tok/s, 45.0 ms/tok, 88 ms/pass, 1.96 tok/pass, accept p1 97 %
2026-09-22 09:26:17.176 INFO  sched: request 'chatcmpl-8a1e3904842c976d' retired (steps): 256 tok in 13.3 s — prefill 61 tok (0 cached) in 903 ms; decode 255 tok / 131 passes in 12.3 s: 20.6 tok/s, 48.4 ms/tok, 94 ms/pass, 1.95 tok/pass, accept p1 95 %
2026-09-22 09:26:17.283 INFO  sched: request 'chatcmpl-8a1e3904842c976f' admitted to slot 0 (reserve 3 blocks; pool 197/960 blocks in use) — first token 1654
2026-09-22 09:26:17.447 INFO  sched: request 'chatcmpl-8a1e3904842c9770' admitted to slot 1 (reserve 3 blocks; pool 201/960 blocks in use) — first token 1654
2026-09-22 09:26:22.340 INFO  stats: rank 1 | 10.0 s | decode 40.4 tok/s, 23.8 ms/tok, 93.1 ms/step (104 steps / 406 tok, 96 % of wall) | mtp 1.96 tok/step/req, accept p1 96 % | prefill 2 prompts / 4 tok, 0 tok/s, 48.60 ms/tok, 97 ms avg (2 % of wall), 111 tok cached (2/2 hits) | live 2, queued 0 | pool 202/960 blocks (21 %) | prefix cache 98/4096 entries
2026-09-22 09:26:29.661 INFO  sched: request 'chatcmpl-8a1e3904842c976f' retired (steps): 256 tok in 12.4 s — prefill 54 tok (52 cached) in 96 ms; decode 255 tok / 130 passes in 12.3 s: 20.8 tok/s, 48.2 ms/tok, 94 ms/pass, 1.96 tok/pass, accept p1 97 %
2026-09-22 09:26:29.792 INFO  sched: request 'chatcmpl-8a1e3904842c9770' retired (steps): 256 tok in 12.3 s — prefill 61 tok (59 cached) in 99 ms; decode 255 tok / 131 passes in 12.2 s: 20.8 tok/s, 48.0 ms/tok, 93 ms/pass, 1.95 tok/pass, accept p1 95 %
2026-09-22 09:26:29.917 INFO  sched: request 'chatcmpl-8a1e3904842c9771' admitted to slot 0 (reserve 3 blocks; pool 197/960 blocks in use) — first token 1654
2026-09-22 09:26:30.078 INFO  sched: request 'chatcmpl-8a1e3904842c9772' admitted to slot 1 (reserve 3 blocks; pool 201/960 blocks in use) — first token 1654
2026-09-22 09:26:32.408 INFO  stats: rank 1 | 10.1 s | decode 40.4 tok/s, 23.8 ms/tok, 92.4 ms/step (105 steps / 407 tok, 96 % of wall) | mtp 1.97 tok/step/req, accept p1 97 % | prefill 2 prompts / 4 tok, 0 tok/s, 47.72 ms/tok, 95 ms avg (2 % of wall), 111 tok cached (2/2 hits) | live 2, queued 0 | pool 202/960 blocks (21 %) | prefix cache 98/4096 entries
2026-09-22 09:26:42.369 INFO  sched: request 'chatcmpl-8a1e3904842c9772' retired (steps): 256 tok in 12.3 s — prefill 54 tok (52 cached) in 94 ms; decode 255 tok / 130 passes in 12.2 s: 20.9 tok/s, 47.8 ms/tok, 94 ms/pass, 1.96 tok/pass, accept p1 97 %
2026-09-22 09:26:42.369 INFO  sched: request 'chatcmpl-8a1e3904842c9771' retired (steps): 256 tok in 12.5 s — prefill 61 tok (59 cached) in 97 ms; decode 255 tok / 131 passes in 12.4 s: 20.6 tok/s, 48.5 ms/tok, 94 ms/pass, 1.95 tok/pass, accept p1 95 %
2026-09-22 09:26:42.413 INFO  stats: rank 1 | 10.0 s | decode 41.0 tok/s, 23.9 ms/tok, 93.5 ms/step (105 steps / 410 tok, 98 % of wall) | mtp 1.95 tok/step/req, accept p1 96 % | prefill 0 prompts / 0 tok, 0 tok cached (0/0 hits) | live 0, queued 0 | pool 194/960 blocks (20 %) | prefix cache 98/4096 entries
2026-09-22 09:26:43.333 INFO  sched: request 'chatcmpl-8a1e3904842c9773' prefix cache miss — 3 cut(s) probed against 98 entries; the nearest entry (position 323) shares the first 11 of the prompt's 54 tokens (the prompt differs from it from that token on)
2026-09-22 09:26:43.333 INFO  sched: request 'chatcmpl-8a1e3904842c9773' admitted to slot 0 (reserve 3 blocks; pool 198/960 blocks in use) — first token 1654
2026-09-22 09:26:44.163 INFO  sched: request 'chatcmpl-8a1e3904842c9774' prefix cache miss — 3 cut(s) probed against 99 entries; the nearest entry (position 323) shares the first 10 of the prompt's 39 tokens (the prompt differs from it from that token on)
2026-09-22 09:26:44.163 INFO  sched: request 'chatcmpl-8a1e3904842c9774' admitted to slot 1 (reserve 3 blocks; pool 203/960 blocks in use) — first token 785
2026-09-22 09:26:44.996 INFO  sched: request 'chatcmpl-8a1e3904842c9775' prefix cache miss — 3 cut(s) probed against 100 entries; the nearest entry (position 37) shares the first 14 of the prompt's 35 tokens (the prompt differs from it from that token on)
2026-09-22 09:26:44.996 INFO  sched: request 'chatcmpl-8a1e3904842c9775' admitted to slot 2 (reserve 3 blocks; pool 208/960 blocks in use) — first token 785
2026-09-22 09:26:45.877 INFO  sched: request 'chatcmpl-8a1e3904842c9776' prefix cache miss — 3 cut(s) probed against 101 entries; the nearest entry (position 37) shares the first 15 of the prompt's 37 tokens (the prompt differs from it from that token on)
2026-09-22 09:26:45.877 INFO  sched: request 'chatcmpl-8a1e3904842c9776' admitted to slot 3 (reserve 3 blocks; pool 213/960 blocks in use) — first token 785
2026-09-22 09:26:52.471 INFO  stats: rank 1 | 10.1 s | decode 34.1 tok/s, 19.8 ms/tok, 147.5 ms/step (46 steps / 343 tok, 67 % of wall) | mtp 1.93 tok/step/req, accept p1 90 % | prefill 4 prompts / 165 tok, 16 tok/s, 18.88 ms/tok, 779 ms avg (31 % of wall), 0 tok cached (0/4 hits) | live 4, queued 0 | pool 214/960 blocks (22 %) | prefix cache 102/4096 entries
2026-09-22 09:27:02.622 INFO  stats: rank 1 | 10.2 s | decode 48.4 tok/s, 20.4 ms/tok, 154.1 ms/step (65 steps / 491 tok, 99 % of wall) | mtp 1.89 tok/step/req, accept p1 89 % | prefill 0 prompts / 0 tok, 0 tok cached (0/0 hits) | live 4, queued 0 | pool 214/960 blocks (22 %) | prefix cache 102/4096 entries
2026-09-22 09:27:06.077 INFO  sched: request 'chatcmpl-8a1e3904842c9773' retired (steps): 256 tok in 22.7 s — prefill 54 tok (0 cached) in 856 ms; decode 255 tok / 133 passes in 21.9 s: 11.7 tok/s, 85.8 ms/tok, 165 ms/pass, 1.92 tok/pass, accept p1 92 %
2026-09-22 09:27:06.388 INFO  sched: request 'chatcmpl-8a1e3904842c9774' retired (steps): 256 tok in 22.2 s — prefill 39 tok (0 cached) in 765 ms; decode 255 tok / 134 passes in 21.5 s: 11.9 tok/s, 84.2 ms/tok, 160 ms/pass, 1.90 tok/pass, accept p1 91 %
2026-09-22 09:27:06.811 INFO  sched: request 'chatcmpl-8a1e3904842c9775' retired (steps): 256 tok in 21.8 s — prefill 35 tok (0 cached) in 740 ms; decode 255 tok / 136 passes in 21.1 s: 12.1 tok/s, 82.6 ms/tok, 155 ms/pass, 1.88 tok/pass, accept p1 88 %
2026-09-22 09:27:07.328 INFO  sched: request 'chatcmpl-8a1e3904842c9776' retired (steps): 256 tok in 21.5 s — prefill 37 tok (0 cached) in 755 ms; decode 255 tok / 143 passes in 20.7 s: 12.3 tok/s, 81.2 ms/tok, 145 ms/pass, 1.78 tok/pass, accept p1 79 %
2026-09-22 09:27:07.437 INFO  sched: request 'chatcmpl-8a1e3904842c9777' admitted to slot 0 (reserve 3 blocks; pool 213/960 blocks in use) — first token 1654
2026-09-22 09:27:07.596 INFO  sched: request 'chatcmpl-8a1e3904842c9778' admitted to slot 1 (reserve 3 blocks; pool 217/960 blocks in use) — first token 785
2026-09-22 09:27:07.788 INFO  sched: request 'chatcmpl-8a1e3904842c9779' admitted to slot 2 (reserve 3 blocks; pool 221/960 blocks in use) — first token 785
2026-09-22 09:27:08.011 INFO  sched: request 'chatcmpl-8a1e3904842c977a' admitted to slot 3 (reserve 3 blocks; pool 225/960 blocks in use) — first token 785
2026-09-22 09:27:12.732 INFO  stats: rank 1 | 10.1 s | decode 43.4 tok/s, 21.8 ms/tok, 138.5 ms/step (69 steps / 439 tok, 95 % of wall) | mtp 1.84 tok/step/req, accept p1 84 % | prefill 4 prompts / 8 tok, 1 tok/s, 47.95 ms/tok, 96 ms avg (4 % of wall), 157 tok cached (4/4 hits) | live 4, queued 0 | pool 226/960 blocks (24 %) | prefix cache 106/4096 entries
2026-09-22 09:27:22.857 INFO  stats: rank 1 | 10.1 s | decode 48.9 tok/s, 20.2 ms/tok, 153.9 ms/step (65 steps / 495 tok, 99 % of wall) | mtp 1.90 tok/step/req, accept p1 90 % | prefill 0 prompts / 0 tok, 0 tok cached (0/0 hits) | live 4, queued 0 | pool 226/960 blocks (24 %) | prefix cache 106/4096 entries
2026-09-22 09:27:28.166 INFO  sched: request 'chatcmpl-8a1e3904842c9777' retired (steps): 256 tok in 20.7 s — prefill 54 tok (52 cached) in 97 ms; decode 255 tok / 133 passes in 20.6 s: 12.4 tok/s, 80.9 ms/tok, 155 ms/pass, 1.92 tok/pass, accept p1 92 %
2026-09-22 09:27:28.774 INFO  sched: request 'chatcmpl-8a1e3904842c977a' retired (steps): 256 tok in 20.8 s — prefill 39 tok (37 cached) in 97 ms; decode 255 tok / 134 passes in 20.7 s: 12.3 tok/s, 81.0 ms/tok, 154 ms/pass, 1.90 tok/pass, accept p1 91 %
2026-09-22 09:27:28.900 INFO  sched: request 'chatcmpl-8a1e3904842c9779' retired (steps): 256 tok in 21.1 s — prefill 35 tok (33 cached) in 97 ms; decode 255 tok / 136 passes in 21.0 s: 12.1 tok/s, 82.4 ms/tok, 155 ms/pass, 1.88 tok/pass, accept p1 88 %
2026-09-22 09:27:29.288 INFO  sched: request 'chatcmpl-8a1e3904842c9778' retired (steps): 256 tok in 21.7 s — prefill 37 tok (35 cached) in 93 ms; decode 255 tok / 143 passes in 21.6 s: 11.8 tok/s, 84.7 ms/tok, 151 ms/pass, 1.78 tok/pass, accept p1 79 %
2026-09-22 09:27:29.402 INFO  sched: request 'chatcmpl-8a1e3904842c977b' admitted to slot 0 (reserve 3 blocks; pool 213/960 blocks in use) — first token 1654
2026-09-22 09:27:29.562 INFO  sched: request 'chatcmpl-8a1e3904842c977c' admitted to slot 1 (reserve 3 blocks; pool 217/960 blocks in use) — first token 785
2026-09-22 09:27:29.752 INFO  sched: request 'chatcmpl-8a1e3904842c977d' admitted to slot 2 (reserve 3 blocks; pool 221/960 blocks in use) — first token 785
2026-09-22 09:27:29.980 INFO  sched: request 'chatcmpl-8a1e3904842c977e' admitted to slot 3 (reserve 3 blocks; pool 225/960 blocks in use) — first token 785
2026-09-22 09:27:33.008 INFO  stats: rank 1 | 10.2 s | decode 43.8 tok/s, 21.6 ms/tok, 141.2 ms/step (68 steps / 445 tok, 95 % of wall) | mtp 1.84 tok/step/req, accept p1 83 % | prefill 4 prompts / 8 tok, 1 tok/s, 48.00 ms/tok, 96 ms avg (4 % of wall), 157 tok cached (4/4 hits) | live 4, queued 0 | pool 226/960 blocks (24 %) | prefix cache 106/4096 entries
2026-09-22 09:27:43.082 INFO  stats: rank 1 | 10.1 s | decode 49.2 tok/s, 20.1 ms/tok, 153.1 ms/step (65 steps / 496 tok, 99 % of wall) | mtp 1.91 tok/step/req, accept p1 91 % | prefill 0 prompts / 0 tok, 0 tok cached (0/0 hits) | live 4, queued 0 | pool 226/960 blocks (24 %) | prefix cache 106/4096 entries
2026-09-22 09:27:50.169 INFO  sched: request 'chatcmpl-8a1e3904842c977b' retired (steps): 256 tok in 20.8 s — prefill 54 tok (52 cached) in 97 ms; decode 255 tok / 133 passes in 20.7 s: 12.3 tok/s, 81.1 ms/tok, 155 ms/pass, 1.92 tok/pass, accept p1 92 %
2026-09-22 09:27:50.486 INFO  sched: request 'chatcmpl-8a1e3904842c977c' retired (steps): 256 tok in 20.9 s — prefill 39 tok (37 cached) in 95 ms; decode 255 tok / 134 passes in 20.8 s: 12.2 tok/s, 81.7 ms/tok, 155 ms/pass, 1.90 tok/pass, accept p1 91 %
2026-09-22 09:27:51.048 INFO  sched: request 'chatcmpl-8a1e3904842c977e' retired (steps): 256 tok in 21.1 s — prefill 35 tok (33 cached) in 97 ms; decode 255 tok / 136 passes in 21.0 s: 12.2 tok/s, 82.2 ms/tok, 154 ms/pass, 1.88 tok/pass, accept p1 88 %
2026-09-22 09:27:51.439 INFO  sched: request 'chatcmpl-8a1e3904842c977d' retired (steps): 256 tok in 21.7 s — prefill 37 tok (35 cached) in 95 ms; decode 255 tok / 143 passes in 21.6 s: 11.8 tok/s, 84.7 ms/tok, 151 ms/pass, 1.78 tok/pass, accept p1 79 %
2026-09-22 09:27:52.345 INFO  sched: request 'chatcmpl-8a1e3904842c977f' prefix cache miss — 3 cut(s) probed against 106 entries; the nearest entry (position 293) shares the first 14 of the prompt's 39 tokens (the prompt differs from it from that token on)
2026-09-22 09:27:52.351 INFO  sched: request 'chatcmpl-8a1e3904842c977f' admitted to slot 0 (reserve 3 blocks; pool 214/960 blocks in use) — first token 785
2026-09-22 09:27:53.160 INFO  sched: request 'chatcmpl-8a1e3904842c9780' prefix cache miss — 3 cut(s) probed against 107 entries; the nearest entry (position 293) shares the first 15 of the prompt's 37 tokens (the prompt differs from it from that token on)
2026-09-22 09:27:53.160 INFO  sched: request 'chatcmpl-8a1e3904842c9780' admitted to slot 1 (reserve 3 blocks; pool 219/960 blocks in use) — first token 785
2026-09-22 09:27:53.248 INFO  stats: rank 1 | 10.2 s | decode 36.5 tok/s, 22.6 ms/tok, 142.0 ms/step (59 steps / 371 tok, 82 % of wall) | mtp 1.83 tok/step/req, accept p1 83 % | prefill 2 prompts / 76 tok, 7 tok/s, 20.34 ms/tok, 773 ms avg (15 % of wall), 0 tok cached (0/2 hits) | live 2, queued 6 | pool 220/960 blocks (23 %) | prefix cache 108/4096 entries
2026-09-22 09:27:53.998 INFO  sched: request 'chatcmpl-8a1e3904842c9781' prefix cache miss — 3 cut(s) probed against 108 entries; the nearest entry (position 293) shares the first 15 of the prompt's 36 tokens (the prompt differs from it from that token on)
2026-09-22 09:27:53.998 INFO  sched: request 'chatcmpl-8a1e3904842c9781' admitted to slot 2 (reserve 3 blocks; pool 224/960 blocks in use) — first token 785
2026-09-22 09:27:54.919 INFO  sched: request 'chatcmpl-8a1e3904842c9782' prefix cache miss — 3 cut(s) probed against 109 entries; the nearest entry (position 293) shares the first 15 of the prompt's 42 tokens (the prompt differs from it from that token on)
2026-09-22 09:27:54.919 INFO  sched: request 'chatcmpl-8a1e3904842c9782' admitted to slot 3 (reserve 3 blocks; pool 229/960 blocks in use) — first token 785
2026-09-22 09:27:55.858 INFO  sched: request 'chatcmpl-8a1e3904842c9783' prefix cache miss — 3 cut(s) probed against 110 entries; the nearest entry (position 293) shares the first 14 of the prompt's 40 tokens (the prompt differs from it from that token on)
2026-09-22 09:27:55.858 INFO  sched: request 'chatcmpl-8a1e3904842c9783' admitted to slot 4 (reserve 3 blocks; pool 234/960 blocks in use) — first token 785
2026-09-22 09:27:56.893 INFO  sched: request 'chatcmpl-8a1e3904842c9784' prefix cache miss — 3 cut(s) probed against 111 entries; the nearest entry (position 293) shares the first 15 of the prompt's 49 tokens (the prompt differs from it from that token on)
2026-09-22 09:27:56.893 INFO  sched: request 'chatcmpl-8a1e3904842c9784' admitted to slot 5 (reserve 3 blocks; pool 239/960 blocks in use) — first token 785
2026-09-22 09:27:57.903 INFO  sched: request 'chatcmpl-8a1e3904842c9785' prefix cache miss — 3 cut(s) probed against 112 entries; the nearest entry (position 293) shares the first 14 of the prompt's 42 tokens (the prompt differs from it from that token on)
2026-09-22 09:27:57.903 INFO  sched: request 'chatcmpl-8a1e3904842c9785' admitted to slot 6 (reserve 3 blocks; pool 244/960 blocks in use) — first token 785
2026-09-22 09:27:58.924 INFO  sched: request 'chatcmpl-8a1e3904842c9786' prefix cache miss — 3 cut(s) probed against 113 entries; the nearest entry (position 293) shares the first 15 of the prompt's 38 tokens (the prompt differs from it from that token on)
2026-09-22 09:27:58.924 INFO  sched: request 'chatcmpl-8a1e3904842c9786' admitted to slot 7 (reserve 3 blocks; pool 249/960 blocks in use) — first token 785
2026-09-22 09:28:03.297 INFO  stats: rank 1 | 10.0 s | decode 31.6 tok/s, 16.1 ms/tok, 233.1 ms/step (22 steps / 318 tok, 51 % of wall) | mtp 1.98 tok/step/req, accept p1 94 % | prefill 6 prompts / 247 tok, 25 tok/s, 19.06 ms/tok, 785 ms avg (47 % of wall), 0 tok cached (0/6 hits) | live 8, queued 0 | pool 250/960 blocks (26 %) | prefix cache 114/4096 entries
2026-09-22 09:28:13.542 INFO  stats: rank 1 | 10.2 s | decode 55.6 tok/s, 17.3 ms/tok, 259.0 ms/step (38 steps / 570 tok, 96 % of wall) | mtp 1.88 tok/step/req, accept p1 88 % | prefill 0 prompts / 0 tok, 0 tok cached (0/0 hits) | live 8, queued 0 | pool 250/960 blocks (26 %) | prefix cache 114/4096 entries
2026-09-22 09:28:23.660 INFO  stats: rank 1 | 10.1 s | decode 56.1 tok/s, 17.1 ms/tok, 262.9 ms/step (37 steps / 568 tok, 96 % of wall) | mtp 1.92 tok/step/req, accept p1 92 % | prefill 0 prompts / 0 tok, 0 tok cached (0/0 hits) | live 8, queued 0 | pool 250/960 blocks (26 %) | prefix cache 114/4096 entries
2026-09-22 09:28:33.088 INFO  sched: request 'chatcmpl-8a1e3904842c977f' retired (steps): 256 tok in 40.7 s — prefill 39 tok (0 cached) in 803 ms; decode 255 tok / 133 passes in 39.9 s: 6.4 tok/s, 156.6 ms/tok, 300 ms/pass, 1.92 tok/pass, accept p1 92 %
2026-09-22 09:28:33.899 INFO  sched: request 'chatcmpl-8a1e3904842c9780' retired (steps): 256 tok in 40.7 s — prefill 37 tok (0 cached) in 742 ms; decode 255 tok / 135 passes in 40.0 s: 6.4 tok/s, 156.8 ms/tok, 296 ms/pass, 1.89 tok/pass, accept p1 90 %
2026-09-22 09:28:33.899 INFO  sched: request 'chatcmpl-8a1e3904842c9781' retired (steps): 256 tok in 39.9 s — prefill 36 tok (0 cached) in 746 ms; decode 255 tok / 134 passes in 39.2 s: 6.5 tok/s, 153.5 ms/tok, 292 ms/pass, 1.90 tok/pass, accept p1 91 %
2026-09-22 09:28:33.899 INFO  sched: request 'chatcmpl-8a1e3904842c9784' retired (steps): 256 tok in 37.0 s — prefill 49 tok (0 cached) in 821 ms; decode 255 tok / 131 passes in 36.2 s: 7.0 tok/s, 141.9 ms/tok, 276 ms/pass, 1.95 tok/pass, accept p1 95 %
2026-09-22 09:28:33.899 INFO  stats: rank 1 | 10.2 s | decode 54.1 tok/s, 17.8 ms/tok, 265.9 ms/step (37 steps / 554 tok, 96 % of wall) | mtp 1.89 tok/step/req, accept p1 90 % | prefill 0 prompts / 0 tok, 0 tok cached (0/0 hits) | live 4, queued 0 | pool 246/960 blocks (26 %) | prefix cache 118/4096 entries
2026-09-22 09:28:34.393 INFO  sched: request 'chatcmpl-8a1e3904842c9782' retired (steps): 256 tok in 39.5 s — prefill 42 tok (0 cached) in 795 ms; decode 255 tok / 135 passes in 38.7 s: 6.6 tok/s, 151.7 ms/tok, 287 ms/pass, 1.89 tok/pass, accept p1 89 %
2026-09-22 09:28:34.635 INFO  sched: request 'chatcmpl-8a1e3904842c9783' retired (steps): 256 tok in 38.8 s — prefill 40 tok (0 cached) in 789 ms; decode 255 tok / 135 passes in 38.0 s: 6.7 tok/s, 149.0 ms/tok, 281 ms/pass, 1.89 tok/pass, accept p1 90 %
2026-09-22 09:28:34.635 INFO  sched: request 'chatcmpl-8a1e3904842c9786' retired (steps): 256 tok in 35.7 s — prefill 38 tok (0 cached) in 758 ms; decode 255 tok / 132 passes in 35.0 s: 7.3 tok/s, 137.1 ms/tok, 265 ms/pass, 1.93 tok/pass, accept p1 93 %
2026-09-22 09:28:34.962 INFO  sched: request 'chatcmpl-8a1e3904842c9785' retired (steps): 256 tok in 37.1 s — prefill 42 tok (0 cached) in 797 ms; decode 255 tok / 138 passes in 36.3 s: 7.0 tok/s, 142.2 ms/tok, 263 ms/pass, 1.85 tok/pass, accept p1 86 %
2026-09-22 09:28:35.069 INFO  sched: request 'chatcmpl-8a1e3904842c9787' admitted to slot 0 (reserve 3 blocks; pool 245/960 blocks in use) — first token 785
2026-09-22 09:28:35.230 INFO  sched: request 'chatcmpl-8a1e3904842c9788' admitted to slot 1 (reserve 3 blocks; pool 249/960 blocks in use) — first token 785
2026-09-22 09:28:35.418 INFO  sched: request 'chatcmpl-8a1e3904842c9789' admitted to slot 2 (reserve 3 blocks; pool 253/960 blocks in use) — first token 785
2026-09-22 09:28:35.645 INFO  sched: request 'chatcmpl-8a1e3904842c978a' admitted to slot 3 (reserve 3 blocks; pool 257/960 blocks in use) — first token 785
2026-09-22 09:28:35.893 INFO  sched: request 'chatcmpl-8a1e3904842c978b' admitted to slot 4 (reserve 3 blocks; pool 261/960 blocks in use) — first token 785
2026-09-22 09:28:36.200 INFO  sched: request 'chatcmpl-8a1e3904842c978c' admitted to slot 5 (reserve 3 blocks; pool 265/960 blocks in use) — first token 785
2026-09-22 09:28:36.512 INFO  sched: request 'chatcmpl-8a1e3904842c978d' admitted to slot 6 (reserve 3 blocks; pool 269/960 blocks in use) — first token 785
2026-09-22 09:28:36.876 INFO  sched: request 'chatcmpl-8a1e3904842c978e' admitted to slot 7 (reserve 3 blocks; pool 273/960 blocks in use) — first token 785
2026-09-22 09:28:43.947 INFO  stats: rank 1 | 10.0 s | decode 50.3 tok/s, 17.6 ms/tok, 211.9 ms/step (42 steps / 505 tok, 89 % of wall) | mtp 1.94 tok/step/req, accept p1 92 % | prefill 8 prompts / 16 tok, 2 tok/s, 48.78 ms/tok, 98 ms avg (8 % of wall), 307 tok cached (8/8 hits) | live 8, queued 0 | pool 274/960 blocks (29 %) | prefix cache 122/4096 entries
2026-09-22 09:28:54.003 INFO  stats: rank 1 | 10.1 s | decode 55.6 tok/s, 17.3 ms/tok, 261.0 ms/step (37 steps / 559 tok, 96 % of wall) | mtp 1.89 tok/step/req, accept p1 89 % | prefill 0 prompts / 0 tok, 0 tok cached (0/0 hits) | live 8, queued 0 | pool 274/960 blocks (29 %) | prefix cache 122/4096 entries
2026-09-22 09:29:04.197 INFO  stats: rank 1 | 10.2 s | decode 55.6 tok/s, 17.3 ms/tok, 264.8 ms/step (37 steps / 567 tok, 96 % of wall) | mtp 1.92 tok/step/req, accept p1 92 % | prefill 0 prompts / 0 tok, 0 tok cached (0/0 hits) | live 8, queued 0 | pool 274/960 blocks (29 %) | prefix cache 122/4096 entries
2026-09-22 09:29:11.119 INFO  sched: request 'chatcmpl-8a1e3904842c9787' retired (steps): 256 tok in 36.0 s — prefill 39 tok (37 cached) in 96 ms; decode 255 tok / 133 passes in 36.0 s: 7.1 tok/s, 141.0 ms/tok, 270 ms/pass, 1.92 tok/pass, accept p1 92 %
2026-09-22 09:29:11.396 INFO  sched: request 'chatcmpl-8a1e3904842c978a' retired (steps): 256 tok in 35.8 s — prefill 49 tok (47 cached) in 98 ms; decode 255 tok / 131 passes in 35.7 s: 7.2 tok/s, 139.8 ms/tok, 272 ms/pass, 1.95 tok/pass, accept p1 95 %
2026-09-22 09:29:11.665 INFO  sched: request 'chatcmpl-8a1e3904842c9788' retired (steps): 256 tok in 36.4 s — prefill 36 tok (34 cached) in 94 ms; decode 255 tok / 134 passes in 36.3 s: 7.0 tok/s, 142.5 ms/tok, 271 ms/pass, 1.90 tok/pass, accept p1 91 %
2026-09-22 09:29:12.171 INFO  sched: request 'chatcmpl-8a1e3904842c9789' retired (steps): 256 tok in 36.8 s — prefill 37 tok (35 cached) in 97 ms; decode 255 tok / 135 passes in 36.7 s: 7.0 tok/s, 143.7 ms/tok, 272 ms/pass, 1.89 tok/pass, accept p1 90 %
2026-09-22 09:29:12.421 INFO  sched: request 'chatcmpl-8a1e3904842c978d' retired (steps): 256 tok in 35.9 s — prefill 38 tok (36 cached) in 99 ms; decode 255 tok / 132 passes in 35.8 s: 7.1 tok/s, 140.4 ms/tok, 271 ms/pass, 1.93 tok/pass, accept p1 93 %
2026-09-22 09:29:12.657 INFO  sched: request 'chatcmpl-8a1e3904842c978b' retired (steps): 256 tok in 36.8 s — prefill 40 tok (38 cached) in 97 ms; decode 255 tok / 135 passes in 36.7 s: 7.0 tok/s, 143.8 ms/tok, 272 ms/pass, 1.89 tok/pass, accept p1 90 %
2026-09-22 09:29:13.303 INFO  sched: request 'chatcmpl-8a1e3904842c978e' retired (steps): 256 tok in 36.4 s — prefill 42 tok (40 cached) in 101 ms; decode 255 tok / 135 passes in 36.3 s: 7.0 tok/s, 142.5 ms/tok, 269 ms/pass, 1.89 tok/pass, accept p1 89 %
2026-09-22 09:29:13.373 INFO  sched: request 'chatcmpl-8a1e3904842c978c' retired (steps): 256 tok in 37.2 s — prefill 42 tok (40 cached) in 99 ms; decode 255 tok / 138 passes in 37.1 s: 6.9 tok/s, 145.4 ms/tok, 269 ms/pass, 1.85 tok/pass, accept p1 86 %
2026-09-22 09:29:13.474 INFO  sched: request 'chatcmpl-8a1e3904842c978f' admitted to slot 0 (reserve 3 blocks; pool 245/960 blocks in use) — first token 785
2026-09-22 09:29:13.634 INFO  sched: request 'chatcmpl-8a1e3904842c9790' admitted to slot 1 (reserve 3 blocks; pool 249/960 blocks in use) — first token 785
2026-09-22 09:29:13.824 INFO  sched: request 'chatcmpl-8a1e3904842c9791' admitted to slot 2 (reserve 3 blocks; pool 253/960 blocks in use) — first token 785
2026-09-22 09:29:14.047 INFO  sched: request 'chatcmpl-8a1e3904842c9792' admitted to slot 3 (reserve 3 blocks; pool 257/960 blocks in use) — first token 785
2026-09-22 09:29:14.293 INFO  sched: request 'chatcmpl-8a1e3904842c9793' admitted to slot 4 (reserve 3 blocks; pool 261/960 blocks in use) — first token 785
2026-09-22 09:29:14.501 INFO  stats: rank 1 | 10.3 s | decode 46.8 tok/s, 19.6 ms/tok, 236.2 ms/step (40 steps / 482 tok, 92 % of wall) | mtp 1.91 tok/step/req, accept p1 91 % | prefill 5 prompts / 10 tok, 1 tok/s, 48.31 ms/tok, 97 ms avg (5 % of wall), 193 tok cached (5/5 hits) | live 5, queued 3 | pool 262/960 blocks (27 %) | prefix cache 122/4096 entries
2026-09-22 09:29:14.607 INFO  sched: request 'chatcmpl-8a1e3904842c9794' admitted to slot 5 (reserve 3 blocks; pool 265/960 blocks in use) — first token 785
2026-09-22 09:29:14.920 INFO  sched: request 'chatcmpl-8a1e3904842c9795' admitted to slot 6 (reserve 3 blocks; pool 269/960 blocks in use) — first token 785
2026-09-22 09:29:15.285 INFO  sched: request 'chatcmpl-8a1e3904842c9796' admitted to slot 7 (reserve 3 blocks; pool 273/960 blocks in use) — first token 785
2026-09-22 09:29:24.527 INFO  stats: rank 1 | 10.0 s | decode 55.9 tok/s, 16.7 ms/tok, 252.5 ms/step (37 steps / 560 tok, 93 % of wall) | mtp 1.91 tok/step/req, accept p1 90 % | prefill 3 prompts / 6 tok, 1 tok/s, 49.40 ms/tok, 99 ms avg (3 % of wall), 114 tok cached (3/3 hits) | live 8, queued 0 | pool 274/960 blocks (29 %) | prefix cache 122/4096 entries
2026-09-22 09:29:34.640 INFO  stats: rank 1 | 10.1 s | decode 55.7 tok/s, 17.3 ms/tok, 262.8 ms/step (37 steps / 563 tok, 96 % of wall) | mtp 1.90 tok/step/req, accept p1 90 % | prefill 0 prompts / 0 tok, 0 tok cached (0/0 hits) | live 8, queued 0 | pool 274/960 blocks (29 %) | prefix cache 122/4096 entries
2026-09-22 09:29:44.849 INFO  stats: rank 1 | 10.2 s | decode 55.2 tok/s, 17.4 ms/tok, 265.5 ms/step (37 steps / 564 tok, 96 % of wall) | mtp 1.91 tok/step/req, accept p1 91 % | prefill 0 prompts / 0 tok, 0 tok cached (0/0 hits) | live 8, queued 0 | pool 274/960 blocks (29 %) | prefix cache 122/4096 entries
2026-09-22 09:29:49.554 INFO  sched: request 'chatcmpl-8a1e3904842c9791' retired (steps): 256 tok in 35.7 s — prefill 49 tok (47 cached) in 98 ms; decode 255 tok / 131 passes in 35.6 s: 7.2 tok/s, 139.7 ms/tok, 272 ms/pass, 1.95 tok/pass, accept p1 95 %
2026-09-22 09:29:49.555 INFO  sched: request 'chatcmpl-8a1e3904842c978f' retired (steps): 256 tok in 36.1 s — prefill 39 tok (37 cached) in 95 ms; decode 255 tok / 133 passes in 36.0 s: 7.1 tok/s, 141.1 ms/tok, 271 ms/pass, 1.92 tok/pass, accept p1 92 %
2026-09-22 09:29:50.088 INFO  sched: request 'chatcmpl-8a1e3904842c9790' retired (steps): 256 tok in 36.5 s — prefill 36 tok (34 cached) in 95 ms; decode 255 tok / 134 passes in 36.4 s: 7.0 tok/s, 142.6 ms/tok, 271 ms/pass, 1.90 tok/pass, accept p1 91 %
2026-09-22 09:29:50.850 INFO  sched: request 'chatcmpl-8a1e3904842c9792' retired (steps): 256 tok in 36.8 s — prefill 42 tok (40 cached) in 98 ms; decode 255 tok / 135 passes in 36.7 s: 6.9 tok/s, 143.9 ms/tok, 272 ms/pass, 1.89 tok/pass, accept p1 89 %
2026-09-22 09:29:51.102 INFO  sched: request 'chatcmpl-8a1e3904842c9793' retired (steps): 256 tok in 36.8 s — prefill 37 tok (35 cached) in 98 ms; decode 255 tok / 135 passes in 36.7 s: 6.9 tok/s, 144.0 ms/tok, 272 ms/pass, 1.89 tok/pass, accept p1 90 %
2026-09-22 09:29:51.102 INFO  sched: request 'chatcmpl-8a1e3904842c9796' retired (steps): 256 tok in 35.8 s — prefill 38 tok (36 cached) in 98 ms; decode 255 tok / 132 passes in 35.7 s: 7.1 tok/s, 140.1 ms/tok, 271 ms/pass, 1.93 tok/pass, accept p1 93 %
2026-09-22 09:29:51.335 INFO  sched: request 'chatcmpl-8a1e3904842c9794' retired (steps): 256 tok in 36.7 s — prefill 40 tok (38 cached) in 99 ms; decode 255 tok / 135 passes in 36.6 s: 7.0 tok/s, 143.6 ms/tok, 271 ms/pass, 1.89 tok/pass, accept p1 90 %
2026-09-22 09:29:51.608 INFO  sched: request 'chatcmpl-8a1e3904842c9795' retired (steps): 256 tok in 36.7 s — prefill 42 tok (40 cached) in 100 ms; decode 255 tok / 138 passes in 36.6 s: 7.0 tok/s, 143.5 ms/tok, 265 ms/pass, 1.85 tok/pass, accept p1 86 %
2026-09-22 09:29:52.472 INFO  sched: request 'chatcmpl-8a1e3904842c9797' prefix cache miss — 3 cut(s) probed against 122 entries; the nearest entry (position 303) shares the first 12 of the prompt's 40 tokens (the prompt differs from it from that token on)
2026-09-22 09:29:52.472 INFO  sched: request 'chatcmpl-8a1e3904842c9797' admitted to slot 0 (reserve 3 blocks; pool 246/960 blocks in use) — first token 785
2026-09-22 09:29:54.893 INFO  stats: rank 1 | 10.0 s | decode 39.3 tok/s, 22.5 ms/tok, 134.6 ms/step (66 steps / 395 tok, 88 % of wall) | mtp 1.87 tok/step/req, accept p1 89 % | prefill 1 prompt / 40 tok, 4 tok/s, 19.73 ms/tok, 789 ms avg (8 % of wall), 0 tok cached (0/1 hit) | live 1, queued 0 | pool 247/960 blocks (26 %) | prefix cache 123/4096 entries
2026-09-22 09:30:02.075 INFO  sched: request 'chatcmpl-8a1e3904842c9797' retired (steps): 256 tok in 9.6 s — prefill 40 tok (0 cached) in 789 ms; decode 255 tok / 150 passes in 8.8 s: 28.9 tok/s, 34.6 ms/tok, 59 ms/pass, 1.70 tok/pass, accept p1 71 %
2026-09-22 09:30:02.189 INFO  sched: request 'chatcmpl-8a1e3904842c9798' admitted to slot 0 (reserve 3 blocks; pool 249/960 blocks in use) — first token 785
2026-09-22 09:30:04.926 INFO  stats: rank 1 | 10.0 s | decode 26.4 tok/s, 36.8 ms/tok, 62.9 ms/step (155 steps / 265 tok, 97 % of wall) | mtp 1.71 tok/step/req, accept p1 71 % | prefill 1 prompt / 2 tok, 0 tok/s, 48.36 ms/tok, 97 ms avg (1 % of wall), 38 tok cached (1/1 hit) | live 1, queued 0 | pool 250/960 blocks (26 %) | prefix cache 124/4096 entries
2026-09-22 09:30:11.752 INFO  sched: request 'chatcmpl-8a1e3904842c9798' retired (steps): 256 tok in 9.6 s — prefill 40 tok (38 cached) in 97 ms; decode 255 tok / 150 passes in 9.5 s: 26.9 tok/s, 37.1 ms/tok, 63 ms/pass, 1.70 tok/pass, accept p1 71 %
2026-09-22 09:30:11.864 INFO  sched: request 'chatcmpl-8a1e3904842c9799' admitted to slot 0 (reserve 3 blocks; pool 249/960 blocks in use) — first token 785
2026-09-22 09:30:14.930 INFO  stats: rank 1 | 10.0 s | decode 26.6 tok/s, 36.5 ms/tok, 62.7 ms/step (155 steps / 266 tok, 97 % of wall) | mtp 1.72 tok/step/req, accept p1 72 % | prefill 1 prompt / 2 tok, 0 tok/s, 47.41 ms/tok, 95 ms avg (1 % of wall), 38 tok cached (1/1 hit) | live 1, queued 0 | pool 250/960 blocks (26 %) | prefix cache 124/4096 entries
2026-09-22 09:30:21.429 INFO  sched: request 'chatcmpl-8a1e3904842c9799' retired (steps): 256 tok in 9.6 s — prefill 40 tok (38 cached) in 95 ms; decode 255 tok / 150 passes in 9.5 s: 26.9 tok/s, 37.1 ms/tok, 63 ms/pass, 1.70 tok/pass, accept p1 71 %
2026-09-22 09:30:22.295 INFO  sched: request 'chatcmpl-8a1e3904842c979a' prefix cache miss — 3 cut(s) probed against 124 entries; the nearest entry (position 294) shares the first 20 of the prompt's 41 tokens (the prompt differs from it from that token on)
2026-09-22 09:30:22.295 INFO  sched: request 'chatcmpl-8a1e3904842c979a' admitted to slot 0 (reserve 3 blocks; pool 250/960 blocks in use) — first token 785
2026-09-22 09:30:23.141 INFO  sched: request 'chatcmpl-8a1e3904842c979b' prefix cache miss — 3 cut(s) probed against 125 entries; the nearest entry (position 294) shares the first 19 of the prompt's 40 tokens (the prompt differs from it from that token on)
2026-09-22 09:30:23.141 INFO  sched: request 'chatcmpl-8a1e3904842c979b' admitted to slot 1 (reserve 3 blocks; pool 255/960 blocks in use) — first token 785
2026-09-22 09:30:24.987 INFO  stats: rank 1 | 10.1 s | decode 24.6 tok/s, 33.5 ms/tok, 67.3 ms/step (123 steps / 247 tok, 82 % of wall) | mtp 1.73 tok/step/req, accept p1 72 % | prefill 2 prompts / 81 tok, 8 tok/s, 19.57 ms/tok, 792 ms avg (16 % of wall), 0 tok cached (0/2 hits) | live 2, queued 0 | pool 256/960 blocks (27 %) | prefix cache 126/4096 entries
2026-09-22 09:30:34.995 INFO  stats: rank 1 | 10.0 s | decode 38.6 tok/s, 25.5 ms/tok, 91.3 ms/step (108 steps / 386 tok, 99 % of wall) | mtp 1.79 tok/step/req, accept p1 79 % | prefill 0 prompts / 0 tok, 0 tok cached (0/0 hits) | live 2, queued 0 | pool 256/960 blocks (27 %) | prefix cache 126/4096 entries
2026-09-22 09:30:36.211 INFO  sched: request 'chatcmpl-8a1e3904842c979a' retired (steps): 256 tok in 13.9 s — prefill 41 tok (0 cached) in 803 ms; decode 255 tok / 142 passes in 13.1 s: 19.4 tok/s, 51.4 ms/tok, 92 ms/pass, 1.80 tok/pass, accept p1 80 %
2026-09-22 09:30:36.409 INFO  sched: request 'chatcmpl-8a1e3904842c979b' retired (steps): 256 tok in 13.3 s — prefill 40 tok (0 cached) in 782 ms; decode 255 tok / 144 passes in 12.5 s: 20.4 tok/s, 49.0 ms/tok, 87 ms/pass, 1.77 tok/pass, accept p1 77 %
2026-09-22 09:30:36.529 INFO  sched: request 'chatcmpl-8a1e3904842c979c' admitted to slot 0 (reserve 3 blocks; pool 257/960 blocks in use) — first token 785
2026-09-22 09:30:36.692 INFO  sched: request 'chatcmpl-8a1e3904842c979d' admitted to slot 1 (reserve 3 blocks; pool 261/960 blocks in use) — first token 785
2026-09-22 09:30:45.086 INFO  stats: rank 1 | 10.1 s | decode 38.2 tok/s, 25.3 ms/tok, 90.1 ms/step (108 steps / 385 tok, 96 % of wall) | mtp 1.82 tok/step/req, accept p1 81 % | prefill 2 prompts / 4 tok, 0 tok/s, 48.07 ms/tok, 96 ms avg (2 % of wall), 77 tok cached (2/2 hits) | live 2, queued 0 | pool 262/960 blocks (27 %) | prefix cache 128/4096 entries
2026-09-22 09:30:49.733 INFO  sched: request 'chatcmpl-8a1e3904842c979c' retired (steps): 256 tok in 13.2 s — prefill 41 tok (39 cached) in 98 ms; decode 255 tok / 142 passes in 13.1 s: 19.5 tok/s, 51.4 ms/tok, 92 ms/pass, 1.80 tok/pass, accept p1 80 %
2026-09-22 09:30:49.930 INFO  sched: request 'chatcmpl-8a1e3904842c979d' retired (steps): 256 tok in 13.2 s — prefill 40 tok (38 cached) in 94 ms; decode 255 tok / 144 passes in 13.1 s: 19.4 tok/s, 51.5 ms/tok, 91 ms/pass, 1.77 tok/pass, accept p1 77 %
2026-09-22 09:30:50.057 INFO  sched: request 'chatcmpl-8a1e3904842c979e' admitted to slot 0 (reserve 3 blocks; pool 257/960 blocks in use) — first token 785
2026-09-22 09:30:50.218 INFO  sched: request 'chatcmpl-8a1e3904842c979f' admitted to slot 1 (reserve 3 blocks; pool 261/960 blocks in use) — first token 785
2026-09-22 09:30:55.096 INFO  stats: rank 1 | 10.0 s | decode 37.6 tok/s, 25.6 ms/tok, 90.0 ms/step (107 steps / 376 tok, 96 % of wall) | mtp 1.79 tok/step/req, accept p1 79 % | prefill 2 prompts / 4 tok, 0 tok/s, 48.16 ms/tok, 96 ms avg (2 % of wall), 77 tok cached (2/2 hits) | live 2, queued 0 | pool 262/960 blocks (27 %) | prefix cache 128/4096 entries
2026-09-22 09:31:03.252 INFO  sched: request 'chatcmpl-8a1e3904842c979e' retired (steps): 256 tok in 13.2 s — prefill 41 tok (39 cached) in 99 ms; decode 255 tok / 142 passes in 13.1 s: 19.5 tok/s, 51.4 ms/tok, 92 ms/pass, 1.80 tok/pass, accept p1 80 %
2026-09-22 09:31:03.450 INFO  sched: request 'chatcmpl-8a1e3904842c979f' retired (steps): 256 tok in 13.2 s — prefill 40 tok (38 cached) in 94 ms; decode 255 tok / 144 passes in 13.1 s: 19.4 tok/s, 51.5 ms/tok, 91 ms/pass, 1.77 tok/pass, accept p1 77 %
2026-09-22 09:31:04.345 INFO  sched: request 'chatcmpl-8a1e3904842c97a0' prefix cache miss — 3 cut(s) probed against 128 entries; the nearest entry (position 295) shares the first 19 of the prompt's 40 tokens (the prompt differs from it from that token on)
2026-09-22 09:31:04.345 INFO  sched: request 'chatcmpl-8a1e3904842c97a0' admitted to slot 0 (reserve 3 blocks; pool 258/960 blocks in use) — first token 785
2026-09-22 09:31:05.099 INFO  sched: request 'chatcmpl-8a1e3904842c97a1' prefix cache miss — 3 cut(s) probed against 129 entries; the nearest entry (position 303) shares the first 12 of the prompt's 31 tokens (the prompt differs from it from that token on)
2026-09-22 09:31:05.099 INFO  sched: request 'chatcmpl-8a1e3904842c97a1' admitted to slot 1 (reserve 3 blocks; pool 263/960 blocks in use) — first token 785
2026-09-22 09:31:05.191 INFO  stats: rank 1 | 10.1 s | decode 31.5 tok/s, 26.3 ms/tok, 90.1 ms/step (93 steps / 318 tok, 83 % of wall) | mtp 1.75 tok/step/req, accept p1 74 % | prefill 2 prompts / 71 tok, 7 tok/s, 20.81 ms/tok, 739 ms avg (15 % of wall), 0 tok cached (0/2 hits) | live 2, queued 2 | pool 264/960 blocks (28 %) | prefix cache 130/4096 entries
2026-09-22 09:31:05.913 INFO  sched: request 'chatcmpl-8a1e3904842c97a2' prefix cache miss — 3 cut(s) probed against 130 entries; the nearest entry (position 303) shares the first 12 of the prompt's 31 tokens (the prompt differs from it from that token on)
2026-09-22 09:31:05.913 INFO  sched: request 'chatcmpl-8a1e3904842c97a2' admitted to slot 2 (reserve 3 blocks; pool 268/960 blocks in use) — first token 785
2026-09-22 09:31:06.730 INFO  sched: request 'chatcmpl-8a1e3904842c97a3' prefix cache miss — 3 cut(s) probed against 131 entries; the nearest entry (position 303) shares the first 12 of the prompt's 31 tokens (the prompt differs from it from that token on)
2026-09-22 09:31:06.730 INFO  sched: request 'chatcmpl-8a1e3904842c97a3' admitted to slot 3 (reserve 3 blocks; pool 273/960 blocks in use) — first token 785
2026-09-22 09:31:15.338 INFO  stats: rank 1 | 10.1 s | decode 42.7 tok/s, 19.9 ms/tok, 148.8 ms/step (58 steps / 433 tok, 85 % of wall) | mtp 1.87 tok/step/req, accept p1 87 % | prefill 2 prompts / 62 tok, 6 tok/s, 22.74 ms/tok, 705 ms avg (14 % of wall), 0 tok cached (0/2 hits) | live 4, queued 0 | pool 274/960 blocks (29 %) | prefix cache 132/4096 entries
2026-09-22 09:31:25.359 INFO  stats: rank 1 | 10.0 s | decode 46.0 tok/s, 21.4 ms/tok, 152.0 ms/step (65 steps / 461 tok, 99 % of wall) | mtp 1.77 tok/step/req, accept p1 77 % | prefill 0 prompts / 0 tok, 0 tok cached (0/0 hits) | live 4, queued 0 | pool 274/960 blocks (29 %) | prefix cache 132/4096 entries
2026-09-22 09:31:27.529 INFO  sched: request 'chatcmpl-8a1e3904842c97a3' retired (steps): 256 tok in 20.8 s — prefill 31 tok (0 cached) in 692 ms; decode 255 tok / 136 passes in 20.1 s: 12.7 tok/s, 78.9 ms/tok, 148 ms/pass, 1.88 tok/pass, accept p1 88 %
2026-09-22 09:31:27.919 INFO  sched: request 'chatcmpl-8a1e3904842c97a1' retired (steps): 256 tok in 22.8 s — prefill 31 tok (0 cached) in 690 ms; decode 255 tok / 141 passes in 22.1 s: 11.5 tok/s, 86.8 ms/tok, 157 ms/pass, 1.81 tok/pass, accept p1 81 %
2026-09-22 09:31:27.919 INFO  sched: request 'chatcmpl-8a1e3904842c97a0' retired (steps): 256 tok in 23.6 s — prefill 40 tok (0 cached) in 787 ms; decode 255 tok / 142 passes in 22.8 s: 11.2 tok/s, 89.4 ms/tok, 160 ms/pass, 1.80 tok/pass, accept p1 80 %
2026-09-22 09:31:28.119 INFO  sched: request 'chatcmpl-8a1e3904842c97a2' retired (steps): 256 tok in 22.2 s — prefill 31 tok (0 cached) in 718 ms; decode 255 tok / 143 passes in 21.5 s: 11.9 tok/s, 84.3 ms/tok, 150 ms/pass, 1.78 tok/pass, accept p1 79 %
2026-09-22 09:31:28.244 INFO  sched: request 'chatcmpl-8a1e3904842c97a4' admitted to slot 0 (reserve 3 blocks; pool 273/960 blocks in use) — first token 785
2026-09-22 09:31:28.402 INFO  sched: request 'chatcmpl-8a1e3904842c97a5' admitted to slot 1 (reserve 3 blocks; pool 277/960 blocks in use) — first token 785
2026-09-22 09:31:28.591 INFO  sched: request 'chatcmpl-8a1e3904842c97a6' admitted to slot 2 (reserve 3 blocks; pool 281/960 blocks in use) — first token 785
2026-09-22 09:31:28.814 INFO  sched: request 'chatcmpl-8a1e3904842c97a7' admitted to slot 3 (reserve 3 blocks; pool 285/960 blocks in use) — first token 785
2026-09-22 09:31:35.466 INFO  stats: rank 1 | 10.1 s | decode 46.6 tok/s, 20.3 ms/tok, 142.5 ms/step (67 steps / 471 tok, 94 % of wall) | mtp 1.88 tok/step/req, accept p1 88 % | prefill 4 prompts / 8 tok, 1 tok/s, 47.85 ms/tok, 96 ms avg (4 % of wall), 125 tok cached (4/4 hits) | live 4, queued 0 | pool 285/960 blocks (30 %) | prefix cache 136/4096 entries
2026-09-22 09:31:45.475 INFO  stats: rank 1 | 10.0 s | decode 45.7 tok/s, 21.6 ms/tok, 152.1 ms/step (65 steps / 457 tok, 99 % of wall) | mtp 1.76 tok/step/req, accept p1 76 % | prefill 0 prompts / 0 tok, 0 tok cached (0/0 hits) | live 4, queued 0 | pool 286/960 blocks (30 %) | prefix cache 136/4096 entries
2026-09-22 09:31:49.327 INFO  sched: request 'chatcmpl-8a1e3904842c97a5' retired (steps): 256 tok in 20.9 s — prefill 31 tok (29 cached) in 93 ms; decode 255 tok / 136 passes in 20.8 s: 12.2 tok/s, 81.7 ms/tok, 153 ms/pass, 1.88 tok/pass, accept p1 88 %
2026-09-22 09:31:50.074 INFO  sched: request 'chatcmpl-8a1e3904842c97a4' retired (steps): 256 tok in 21.8 s — prefill 40 tok (38 cached) in 97 ms; decode 255 tok / 142 passes in 21.7 s: 11.7 tok/s, 85.2 ms/tok, 153 ms/pass, 1.80 tok/pass, accept p1 80 %
2026-09-22 09:31:50.352 INFO  sched: request 'chatcmpl-8a1e3904842c97a7' retired (steps): 256 tok in 21.5 s — prefill 31 tok (29 cached) in 97 ms; decode 255 tok / 141 passes in 21.4 s: 11.9 tok/s, 84.1 ms/tok, 152 ms/pass, 1.81 tok/pass, accept p1 81 %
2026-09-22 09:31:50.422 INFO  sched: request 'chatcmpl-8a1e3904842c97a6' retired (steps): 256 tok in 21.8 s — prefill 31 tok (29 cached) in 96 ms; decode 255 tok / 143 passes in 21.7 s: 11.7 tok/s, 85.2 ms/tok, 152 ms/pass, 1.78 tok/pass, accept p1 79 %
2026-09-22 09:31:50.548 INFO  sched: request 'chatcmpl-8a1e3904842c97a8' admitted to slot 0 (reserve 3 blocks; pool 273/960 blocks in use) — first token 785
2026-09-22 09:31:50.707 INFO  sched: request 'chatcmpl-8a1e3904842c97a9' admitted to slot 1 (reserve 3 blocks; pool 277/960 blocks in use) — first token 785
2026-09-22 09:31:50.895 INFO  sched: request 'chatcmpl-8a1e3904842c97aa' admitted to slot 2 (reserve 3 blocks; pool 281/960 blocks in use) — first token 785
2026-09-22 09:31:51.118 INFO  sched: request 'chatcmpl-8a1e3904842c97ab' admitted to slot 3 (reserve 3 blocks; pool 285/960 blocks in use) — first token 785
2026-09-22 09:31:55.499 INFO  stats: rank 1 | 10.0 s | decode 45.6 tok/s, 20.7 ms/tok, 145.7 ms/step (65 steps / 457 tok, 94 % of wall) | mtp 1.89 tok/step/req, accept p1 88 % | prefill 4 prompts / 8 tok, 1 tok/s, 47.77 ms/tok, 96 ms avg (4 % of wall), 125 tok cached (4/4 hits) | live 4, queued 0 | pool 286/960 blocks (30 %) | prefix cache 136/4096 entries
2026-09-22 09:32:05.641 INFO  stats: rank 1 | 10.1 s | decode 45.9 tok/s, 21.5 ms/tok, 151.8 ms/step (66 steps / 465 tok, 99 % of wall) | mtp 1.76 tok/step/req, accept p1 76 % | prefill 0 prompts / 0 tok, 0 tok cached (0/0 hits) | live 4, queued 0 | pool 286/960 blocks (30 %) | prefix cache 136/4096 entries
2026-09-22 09:32:11.819 INFO  sched: request 'chatcmpl-8a1e3904842c97aa' retired (steps): 256 tok in 20.9 s — prefill 31 tok (29 cached) in 95 ms; decode 255 tok / 136 passes in 20.8 s: 12.2 tok/s, 81.7 ms/tok, 153 ms/pass, 1.88 tok/pass, accept p1 88 %
2026-09-22 09:32:12.424 INFO  sched: request 'chatcmpl-8a1e3904842c97a8' retired (steps): 256 tok in 21.9 s — prefill 40 tok (38 cached) in 99 ms; decode 255 tok / 142 passes in 21.8 s: 11.7 tok/s, 85.4 ms/tok, 153 ms/pass, 1.80 tok/pass, accept p1 80 %
2026-09-22 09:32:12.711 INFO  sched: request 'chatcmpl-8a1e3904842c97a9' retired (steps): 256 tok in 22.0 s — prefill 31 tok (29 cached) in 93 ms; decode 255 tok / 143 passes in 21.9 s: 11.6 tok/s, 85.9 ms/tok, 153 ms/pass, 1.78 tok/pass, accept p1 79 %
2026-09-22 09:32:12.712 INFO  sched: request 'chatcmpl-8a1e3904842c97ab' retired (steps): 256 tok in 21.6 s — prefill 31 tok (29 cached) in 96 ms; decode 255 tok / 141 passes in 21.5 s: 11.9 tok/s, 84.3 ms/tok, 152 ms/pass, 1.81 tok/pass, accept p1 81 %
2026-09-22 09:32:13.480 INFO  sched: request 'chatcmpl-8a1e3904842c97ac' prefix cache miss — 3 cut(s) probed against 136 entries; the nearest entry (position 303) shares the first 12 of the prompt's 31 tokens (the prompt differs from it from that token on)
2026-09-22 09:32:13.480 INFO  sched: request 'chatcmpl-8a1e3904842c97ac' admitted to slot 0 (reserve 3 blocks; pool 274/960 blocks in use) — first token 785
2026-09-22 09:32:14.223 INFO  sched: request 'chatcmpl-8a1e3904842c97ad' prefix cache miss — 3 cut(s) probed against 137 entries; the nearest entry (position 303) shares the first 12 of the prompt's 30 tokens (the prompt differs from it from that token on)
2026-09-22 09:32:14.224 INFO  sched: request 'chatcmpl-8a1e3904842c97ad' admitted to slot 1 (reserve 3 blocks; pool 279/960 blocks in use) — first token 785
2026-09-22 09:32:14.999 INFO  sched: request 'chatcmpl-8a1e3904842c97ae' prefix cache miss — 3 cut(s) probed against 138 entries; the nearest entry (position 303) shares the first 12 of the prompt's 30 tokens (the prompt differs from it from that token on)
2026-09-22 09:32:14.999 INFO  sched: request 'chatcmpl-8a1e3904842c97ae' admitted to slot 2 (reserve 3 blocks; pool 284/960 blocks in use) — first token 785
2026-09-22 09:32:15.809 INFO  sched: request 'chatcmpl-8a1e3904842c97af' prefix cache miss — 3 cut(s) probed against 139 entries; the nearest entry (position 303) shares the first 12 of the prompt's 31 tokens (the prompt differs from it from that token on)
2026-09-22 09:32:15.809 INFO  sched: request 'chatcmpl-8a1e3904842c97af' admitted to slot 3 (reserve 3 blocks; pool 289/960 blocks in use) — first token 785
2026-09-22 09:32:15.946 INFO  stats: rank 1 | 10.3 s | decode 33.2 tok/s, 21.5 ms/tok, 147.3 ms/step (50 steps / 342 tok, 71 % of wall) | mtp 1.84 tok/step/req, accept p1 83 % | prefill 4 prompts / 122 tok, 12 tok/s, 22.58 ms/tok, 689 ms avg (27 % of wall), 0 tok cached (0/4 hits) | live 4, queued 4 | pool 290/960 blocks (30 %) | prefix cache 140/4096 entries
2026-09-22 09:32:16.658 INFO  sched: request 'chatcmpl-8a1e3904842c97b0' prefix cache miss — 3 cut(s) probed against 140 entries; the nearest entry (position 303) shares the first 12 of the prompt's 32 tokens (the prompt differs from it from that token on)
2026-09-22 09:32:16.658 INFO  sched: request 'chatcmpl-8a1e3904842c97b0' admitted to slot 4 (reserve 3 blocks; pool 294/960 blocks in use) — first token 785
2026-09-22 09:32:17.549 INFO  sched: request 'chatcmpl-8a1e3904842c97b1' prefix cache miss — 3 cut(s) probed against 141 entries; the nearest entry (position 303) shares the first 12 of the prompt's 30 tokens (the prompt differs from it from that token on)
2026-09-22 09:32:17.549 INFO  sched: request 'chatcmpl-8a1e3904842c97b1' admitted to slot 5 (reserve 3 blocks; pool 299/960 blocks in use) — first token 785
2026-09-22 09:32:18.459 INFO  sched: request 'chatcmpl-8a1e3904842c97b2' prefix cache miss — 3 cut(s) probed against 142 entries; the nearest entry (position 303) shares the first 12 of the prompt's 31 tokens (the prompt differs from it from that token on)
2026-09-22 09:32:18.459 INFO  sched: request 'chatcmpl-8a1e3904842c97b2' admitted to slot 6 (reserve 3 blocks; pool 304/960 blocks in use) — first token 785
2026-09-22 09:32:19.398 INFO  sched: request 'chatcmpl-8a1e3904842c97b3' prefix cache miss — 3 cut(s) probed against 143 entries; the nearest entry (position 303) shares the first 12 of the prompt's 31 tokens (the prompt differs from it from that token on)
2026-09-22 09:32:19.398 INFO  sched: request 'chatcmpl-8a1e3904842c97b3' admitted to slot 7 (reserve 3 blocks; pool 309/960 blocks in use) — first token 785
2026-09-22 09:32:26.096 INFO  stats: rank 1 | 10.1 s | decode 42.4 tok/s, 16.5 ms/tok, 244.2 ms/step (29 steps / 430 tok, 70 % of wall) | mtp 1.90 tok/step/req, accept p1 88 % | prefill 4 prompts / 124 tok, 12 tok/s, 22.37 ms/tok, 694 ms avg (27 % of wall), 0 tok cached (0/4 hits) | live 8, queued 0 | pool 310/960 blocks (32 %) | prefix cache 144/4096 entries
2026-09-22 09:32:36.242 INFO  stats: rank 1 | 10.1 s | decode 55.1 tok/s, 17.4 ms/tok, 256.6 ms/step (38 steps / 559 tok, 96 % of wall) | mtp 1.84 tok/step/req, accept p1 84 % | prefill 0 prompts / 0 tok, 0 tok cached (0/0 hits) | live 8, queued 0 | pool 310/960 blocks (32 %) | prefix cache 144/4096 entries
2026-09-22 09:32:46.258 INFO  stats: rank 1 | 10.0 s | decode 54.8 tok/s, 17.5 ms/tok, 260.4 ms/step (37 steps / 549 tok, 96 % of wall) | mtp 1.85 tok/step/req, accept p1 85 % | prefill 0 prompts / 0 tok, 0 tok cached (0/0 hits) | live 8, queued 0 | pool 310/960 blocks (32 %) | prefix cache 144/4096 entries
2026-09-22 09:32:54.130 INFO  sched: request 'chatcmpl-8a1e3904842c97ad' retired (steps): 256 tok in 39.9 s — prefill 30 tok (0 cached) in 680 ms; decode 255 tok / 136 passes in 39.2 s: 6.5 tok/s, 153.8 ms/tok, 288 ms/pass, 1.88 tok/pass, accept p1 88 %
2026-09-22 09:32:54.404 INFO  sched: request 'chatcmpl-8a1e3904842c97ac' retired (steps): 256 tok in 40.9 s — prefill 31 tok (0 cached) in 699 ms; decode 255 tok / 138 passes in 40.2 s: 6.3 tok/s, 157.7 ms/tok, 291 ms/pass, 1.85 tok/pass, accept p1 85 %
2026-09-22 09:32:54.665 INFO  sched: request 'chatcmpl-8a1e3904842c97af' retired (steps): 256 tok in 38.9 s — prefill 31 tok (0 cached) in 690 ms; decode 255 tok / 136 passes in 38.2 s: 6.7 tok/s, 149.7 ms/tok, 281 ms/pass, 1.88 tok/pass, accept p1 88 %
2026-09-22 09:32:55.661 INFO  sched: request 'chatcmpl-8a1e3904842c97ae' retired (steps): 256 tok in 40.7 s — prefill 30 tok (0 cached) in 685 ms; decode 255 tok / 141 passes in 40.0 s: 6.4 tok/s, 156.8 ms/tok, 284 ms/pass, 1.81 tok/pass, accept p1 82 %
2026-09-22 09:32:55.661 INFO  sched: request 'chatcmpl-8a1e3904842c97b1' retired (steps): 256 tok in 38.1 s — prefill 30 tok (0 cached) in 682 ms; decode 255 tok / 138 passes in 37.4 s: 6.8 tok/s, 146.8 ms/tok, 271 ms/pass, 1.85 tok/pass, accept p1 85 %
2026-09-22 09:32:55.661 INFO  sched: request 'chatcmpl-8a1e3904842c97b3' retired (steps): 256 tok in 36.3 s — prefill 31 tok (0 cached) in 688 ms; decode 255 tok / 136 passes in 35.6 s: 7.2 tok/s, 139.5 ms/tok, 262 ms/pass, 1.88 tok/pass, accept p1 88 %
2026-09-22 09:32:55.896 INFO  sched: request 'chatcmpl-8a1e3904842c97b0' retired (steps): 256 tok in 39.2 s — prefill 32 tok (0 cached) in 707 ms; decode 255 tok / 140 passes in 38.5 s: 6.6 tok/s, 151.1 ms/tok, 275 ms/pass, 1.82 tok/pass, accept p1 83 %
2026-09-22 09:32:56.030 INFO  sched: request 'chatcmpl-8a1e3904842c97b2' retired (steps): 256 tok in 37.6 s — prefill 31 tok (0 cached) in 697 ms; decode 255 tok / 140 passes in 36.9 s: 6.9 tok/s, 144.6 ms/tok, 263 ms/pass, 1.82 tok/pass, accept p1 82 %
2026-09-22 09:32:56.151 INFO  sched: request 'chatcmpl-8a1e3904842c97b4' admitted to slot 0 (reserve 3 blocks; pool 305/960 blocks in use) — first token 785
2026-09-22 09:32:56.310 INFO  sched: request 'chatcmpl-8a1e3904842c97b5' admitted to slot 1 (reserve 3 blocks; pool 309/960 blocks in use) — first token 785
2026-09-22 09:32:56.398 INFO  stats: rank 1 | 10.1 s | decode 48.8 tok/s, 19.3 ms/tok, 238.6 ms/step (40 steps / 495 tok, 94 % of wall) | mtp 1.82 tok/step/req, accept p1 83 % | prefill 2 prompts / 4 tok, 0 tok/s, 47.70 ms/tok, 95 ms avg (2 % of wall), 58 tok cached (2/2 hits) | live 2, queued 6 | pool 310/960 blocks (32 %) | prefix cache 152/4096 entries
2026-09-22 09:32:56.497 INFO  sched: request 'chatcmpl-8a1e3904842c97b6' admitted to slot 2 (reserve 3 blocks; pool 313/960 blocks in use) — first token 785
2026-09-22 09:32:56.713 INFO  sched: request 'chatcmpl-8a1e3904842c97b7' admitted to slot 3 (reserve 3 blocks; pool 317/960 blocks in use) — first token 785
2026-09-22 09:32:56.957 INFO  sched: request 'chatcmpl-8a1e3904842c97b8' admitted to slot 4 (reserve 3 blocks; pool 321/960 blocks in use) — first token 785
2026-09-22 09:32:57.258 INFO  sched: request 'chatcmpl-8a1e3904842c97b9' admitted to slot 5 (reserve 3 blocks; pool 325/960 blocks in use) — first token 785
2026-09-22 09:32:57.564 INFO  sched: request 'chatcmpl-8a1e3904842c97ba' admitted to slot 6 (reserve 3 blocks; pool 329/960 blocks in use) — first token 785
2026-09-22 09:32:57.919 INFO  sched: request 'chatcmpl-8a1e3904842c97bb' admitted to slot 7 (reserve 3 blocks; pool 333/960 blocks in use) — first token 785
2026-09-22 09:33:06.437 INFO  stats: rank 1 | 10.0 s | decode 54.7 tok/s, 16.5 ms/tok, 238.6 ms/step (38 steps / 549 tok, 90 % of wall) | mtp 1.90 tok/step/req, accept p1 88 % | prefill 6 prompts / 12 tok, 1 tok/s, 49.00 ms/tok, 98 ms avg (6 % of wall), 172 tok cached (6/6 hits) | live 8, queued 0 | pool 334/960 blocks (35 %) | prefix cache 152/4096 entries
2026-09-22 09:33:16.637 INFO  stats: rank 1 | 10.2 s | decode 54.3 tok/s, 17.7 ms/tok, 257.7 ms/step (38 steps / 554 tok, 96 % of wall) | mtp 1.82 tok/step/req, accept p1 82 % | prefill 0 prompts / 0 tok, 0 tok cached (0/0 hits) | live 8, queued 0 | pool 334/960 blocks (35 %) | prefix cache 152/4096 entries
2026-09-22 09:33:26.879 INFO  stats: rank 1 | 10.2 s | decode 55.3 tok/s, 17.4 ms/tok, 258.8 ms/step (38 steps / 566 tok, 96 % of wall) | mtp 1.86 tok/step/req, accept p1 86 % | prefill 0 prompts / 0 tok, 0 tok cached (0/0 hits) | live 8, queued 0 | pool 334/960 blocks (35 %) | prefix cache 152/4096 entries
2026-09-22 09:33:32.862 INFO  sched: request 'chatcmpl-8a1e3904842c97b4' retired (steps): 256 tok in 36.7 s — prefill 31 tok (29 cached) in 98 ms; decode 255 tok / 138 passes in 36.6 s: 7.0 tok/s, 143.6 ms/tok, 265 ms/pass, 1.85 tok/pass, accept p1 85 %
2026-09-22 09:33:33.401 INFO  sched: request 'chatcmpl-8a1e3904842c97b8' retired (steps): 256 tok in 36.4 s — prefill 31 tok (29 cached) in 98 ms; decode 255 tok / 136 passes in 36.3 s: 7.0 tok/s, 142.5 ms/tok, 267 ms/pass, 1.88 tok/pass, accept p1 88 %
2026-09-22 09:33:33.672 INFO  sched: request 'chatcmpl-8a1e3904842c97b5' retired (steps): 256 tok in 37.4 s — prefill 31 tok (29 cached) in 93 ms; decode 255 tok / 140 passes in 37.3 s: 6.8 tok/s, 146.2 ms/tok, 266 ms/pass, 1.82 tok/pass, accept p1 82 %
2026-09-22 09:33:33.673 INFO  sched: request 'chatcmpl-8a1e3904842c97b7' retired (steps): 256 tok in 37.0 s — prefill 30 tok (28 cached) in 97 ms; decode 255 tok / 138 passes in 36.9 s: 6.9 tok/s, 144.6 ms/tok, 267 ms/pass, 1.85 tok/pass, accept p1 85 %
2026-09-22 09:33:33.673 INFO  sched: request 'chatcmpl-8a1e3904842c97b9' retired (steps): 256 tok in 36.4 s — prefill 30 tok (28 cached) in 99 ms; decode 255 tok / 136 passes in 36.3 s: 7.0 tok/s, 142.4 ms/tok, 267 ms/pass, 1.88 tok/pass, accept p1 88 %
2026-09-22 09:33:33.927 INFO  sched: request 'chatcmpl-8a1e3904842c97b6' retired (steps): 256 tok in 37.4 s — prefill 32 tok (30 cached) in 96 ms; decode 255 tok / 140 passes in 37.3 s: 6.8 tok/s, 146.4 ms/tok, 267 ms/pass, 1.82 tok/pass, accept p1 83 %
2026-09-22 09:33:34.150 INFO  sched: request 'chatcmpl-8a1e3904842c97bb' retired (steps): 256 tok in 36.2 s — prefill 31 tok (29 cached) in 99 ms; decode 255 tok / 136 passes in 36.1 s: 7.1 tok/s, 141.7 ms/tok, 266 ms/pass, 1.88 tok/pass, accept p1 88 %
2026-09-22 09:33:34.413 INFO  sched: request 'chatcmpl-8a1e3904842c97ba' retired (steps): 256 tok in 36.8 s — prefill 30 tok (28 cached) in 99 ms; decode 255 tok / 141 passes in 36.7 s: 6.9 tok/s, 144.1 ms/tok, 261 ms/pass, 1.81 tok/pass, accept p1 82 %
2026-09-22 09:33:34.527 INFO  sched: request 'chatcmpl-8a1e3904842c97bc' admitted to slot 0 (reserve 3 blocks; pool 305/960 blocks in use) — first token 785
2026-09-22 09:33:34.685 INFO  sched: request 'chatcmpl-8a1e3904842c97bd' admitted to slot 1 (reserve 3 blocks; pool 309/960 blocks in use) — first token 785
2026-09-22 09:33:34.874 INFO  sched: request 'chatcmpl-8a1e3904842c97be' admitted to slot 2 (reserve 3 blocks; pool 313/960 blocks in use) — first token 785
2026-09-22 09:33:35.091 INFO  sched: request 'chatcmpl-8a1e3904842c97bf' admitted to slot 3 (reserve 3 blocks; pool 317/960 blocks in use) — first token 785
2026-09-22 09:33:35.333 INFO  sched: request 'chatcmpl-8a1e3904842c97c0' admitted to slot 4 (reserve 3 blocks; pool 321/960 blocks in use) — first token 785
2026-09-22 09:33:35.635 INFO  sched: request 'chatcmpl-8a1e3904842c97c1' admitted to slot 5 (reserve 3 blocks; pool 325/960 blocks in use) — first token 785
2026-09-22 09:33:35.937 INFO  sched: request 'chatcmpl-8a1e3904842c97c2' admitted to slot 6 (reserve 3 blocks; pool 329/960 blocks in use) — first token 785
2026-09-22 09:33:36.294 INFO  sched: request 'chatcmpl-8a1e3904842c97c3' admitted to slot 7 (reserve 3 blocks; pool 333/960 blocks in use) — first token 785
2026-09-22 09:33:37.052 INFO  stats: rank 1 | 10.2 s | decode 47.2 tok/s, 18.8 ms/tok, 219.8 ms/step (41 steps / 480 tok, 89 % of wall) | mtp 1.87 tok/step/req, accept p1 85 % | prefill 8 prompts / 16 tok, 2 tok/s, 48.60 ms/tok, 97 ms avg (8 % of wall), 230 tok cached (8/8 hits) | live 8, queued 0 | pool 334/960 blocks (35 %) | prefix cache 152/4096 entries
2026-09-22 09:33:47.206 INFO  stats: rank 1 | 10.2 s | decode 57.4 tok/s, 16.7 ms/tok, 249.7 ms/step (39 steps / 583 tok, 96 % of wall) | mtp 1.87 tok/step/req, accept p1 87 % | prefill 0 prompts / 0 tok, 0 tok cached (0/0 hits) | live 8, queued 0 | pool 334/960 blocks (35 %) | prefix cache 152/4096 entries
2026-09-22 09:33:57.395 INFO  stats: rank 1 | 10.2 s | decode 54.9 tok/s, 17.5 ms/tok, 257.8 ms/step (38 steps / 559 tok, 96 % of wall) | mtp 1.84 tok/step/req, accept p1 84 % | prefill 0 prompts / 0 tok, 0 tok cached (0/0 hits) | live 8, queued 0 | pool 334/960 blocks (35 %) | prefix cache 152/4096 entries
2026-09-22 09:34:07.670 INFO  stats: rank 1 | 10.3 s | decode 53.8 tok/s, 17.9 ms/tok, 260.0 ms/step (38 steps / 553 tok, 96 % of wall) | mtp 1.82 tok/step/req, accept p1 82 % | prefill 0 prompts / 0 tok, 0 tok cached (0/0 hits) | live 8, queued 0 | pool 334/960 blocks (35 %) | prefix cache 152/4096 entries
2026-09-22 09:34:10.954 INFO  sched: request 'chatcmpl-8a1e3904842c97bd' retired (steps): 256 tok in 36.3 s — prefill 30 tok (28 cached) in 92 ms; decode 255 tok / 136 passes in 36.2 s: 7.0 tok/s, 141.9 ms/tok, 266 ms/pass, 1.88 tok/pass, accept p1 88 %
2026-09-22 09:34:11.228 INFO  sched: request 'chatcmpl-8a1e3904842c97bc' retired (steps): 256 tok in 36.7 s — prefill 31 tok (29 cached) in 98 ms; decode 255 tok / 138 passes in 36.6 s: 7.0 tok/s, 143.5 ms/tok, 265 ms/pass, 1.85 tok/pass, accept p1 85 %
2026-09-22 09:34:11.756 INFO  sched: request 'chatcmpl-8a1e3904842c97c0' retired (steps): 256 tok in 36.4 s — prefill 31 tok (29 cached) in 98 ms; decode 255 tok / 136 passes in 36.3 s: 7.0 tok/s, 142.5 ms/tok, 267 ms/pass, 1.88 tok/pass, accept p1 88 %
2026-09-22 09:34:12.017 INFO  sched: request 'chatcmpl-8a1e3904842c97c1' retired (steps): 256 tok in 36.4 s — prefill 31 tok (29 cached) in 99 ms; decode 255 tok / 136 passes in 36.3 s: 7.0 tok/s, 142.3 ms/tok, 267 ms/pass, 1.88 tok/pass, accept p1 88 %
2026-09-22 09:34:12.267 INFO  sched: request 'chatcmpl-8a1e3904842c97be' retired (steps): 256 tok in 37.4 s — prefill 31 tok (29 cached) in 96 ms; decode 255 tok / 140 passes in 37.3 s: 6.8 tok/s, 146.3 ms/tok, 266 ms/pass, 1.82 tok/pass, accept p1 82 %
2026-09-22 09:34:12.504 INFO  sched: request 'chatcmpl-8a1e3904842c97bf' retired (steps): 256 tok in 37.4 s — prefill 32 tok (30 cached) in 98 ms; decode 255 tok / 140 passes in 37.3 s: 6.8 tok/s, 146.3 ms/tok, 267 ms/pass, 1.82 tok/pass, accept p1 83 %
2026-09-22 09:34:12.727 INFO  sched: request 'chatcmpl-8a1e3904842c97c2' retired (steps): 256 tok in 36.8 s — prefill 30 tok (28 cached) in 98 ms; decode 255 tok / 138 passes in 36.7 s: 6.9 tok/s, 143.9 ms/tok, 266 ms/pass, 1.85 tok/pass, accept p1 85 %
2026-09-22 09:34:12.988 INFO  sched: request 'chatcmpl-8a1e3904842c97c3' retired (steps): 256 tok in 36.7 s — prefill 30 tok (28 cached) in 98 ms; decode 255 tok / 141 passes in 36.6 s: 7.0 tok/s, 143.5 ms/tok, 260 ms/pass, 1.81 tok/pass, accept p1 82 %
2026-09-22 09:34:15.077 INFO  sched: request 'chatcmpl-8a1e3904842c97c4' prefix cache miss — 3 cut(s) probed against 152 entries; the nearest entry (position 323) shares the first 10 of the prompt's 525 tokens (the prompt differs from it from that token on)
2026-09-22 09:34:15.077 INFO  sched: request 'chatcmpl-8a1e3904842c97c4' admitted to slot 0 (reserve 5 blocks; pool 308/960 blocks in use) — first token 785
2026-09-22 09:34:15.078 INFO  sched: request 'chatcmpl-8a1e3904842c97c4' retired (steps): 1 tok in 0.0 s — prefill 525 tok (0 cached) in 1930 ms; decode 0 tok / 0 passes in 0.0 s
2026-09-22 09:34:19.803 INFO  sched: request 'chatcmpl-8a1e3904842c97c5' prefix cache miss — 4 cut(s) probed against 154 entries; the nearest entry (position 525) shares the first 17 of the prompt's 2071 tokens (the prompt differs from it from that token on)
2026-09-22 09:34:19.803 INFO  sched: request 'chatcmpl-8a1e3904842c97c5' admitted to slot 0 (reserve 17 blocks; pool 326/960 blocks in use) — first token 785
2026-09-22 09:34:19.804 INFO  sched: request 'chatcmpl-8a1e3904842c97c5' retired (steps): 1 tok in 0.0 s — prefill 2071 tok (0 cached) in 4698 ms; decode 0 tok / 0 passes in 0.0 s
2026-09-22 09:34:19.804 INFO  stats: rank 1 | 12.1 s | decode 20.4 tok/s, 20.7 ms/tok, 221.9 ms/step (23 steps / 247 tok, 42 % of wall) | mtp 1.86 tok/step/req, accept p1 87 % | prefill 2 prompts / 2596 tok, 214 tok/s, 2.55 ms/tok, 3314 ms avg (55 % of wall), 0 tok cached (0/2 hits) | live 0, queued 0 | pool 326/960 blocks (34 %) | prefix cache 156/4096 entries
2026-09-22 09:34:24.746 INFO  sched: request 'chatcmpl-8a1e3904842c97c6' prefix cache miss — 4 cut(s) probed against 156 entries; the nearest entry (position 2071) shares the first 21 of the prompt's 2098 tokens (the prompt differs from it from that token on)
2026-09-22 09:34:24.746 INFO  sched: request 'chatcmpl-8a1e3904842c97c6' admitted to slot 0 (reserve 17 blocks; pool 344/960 blocks in use) — first token 785
2026-09-22 09:34:24.747 INFO  sched: request 'chatcmpl-8a1e3904842c97c6' retired (steps): 1 tok in 0.0 s — prefill 2098 tok (0 cached) in 4931 ms; decode 0 tok / 0 passes in 0.0 s
2026-09-22 09:34:29.554 INFO  sched: request 'chatcmpl-8a1e3904842c97c7' prefix cache miss — 4 cut(s) probed against 158 entries; the nearest entry (position 2098) shares the first 21 of the prompt's 2073 tokens (the prompt differs from it from that token on)
2026-09-22 09:34:29.554 INFO  sched: request 'chatcmpl-8a1e3904842c97c7' admitted to slot 0 (reserve 17 blocks; pool 362/960 blocks in use) — first token 785
2026-09-22 09:34:29.555 INFO  sched: request 'chatcmpl-8a1e3904842c97c7' retired (steps): 1 tok in 0.0 s — prefill 2073 tok (0 cached) in 4784 ms; decode 0 tok / 0 passes in 0.0 s
2026-09-22 09:34:53.903 INFO  sched: request 'chatcmpl-8a1e3904842c97c8' prefix cache miss — 7 cut(s) probed against 160 entries; the nearest entry (position 2098) shares the first 18 of the prompt's 8257 tokens (the prompt differs from it from that token on)
2026-09-22 09:34:53.903 INFO  sched: request 'chatcmpl-8a1e3904842c97c8' admitted to slot 0 (reserve 65 blocks; pool 428/960 blocks in use) — first token 785
2026-09-22 09:34:53.904 INFO  sched: request 'chatcmpl-8a1e3904842c97c8' retired (steps): 1 tok in 0.0 s — prefill 8257 tok (0 cached) in 24336 ms; decode 0 tok / 0 passes in 0.0 s
2026-09-22 09:34:53.904 INFO  stats: rank 1 | 34.1 s | decode 0.1 tok/s, 0.0 ms/tok, 0.0 ms/step (0 steps / 3 tok, 0 % of wall) | prefill 3 prompts / 12428 tok, 364 tok/s, 2.74 ms/tok, 11350 ms avg (100 % of wall), 0 tok cached (0/3 hits) | live 0, queued 0 | pool 428/960 blocks (45 %) | prefix cache 163/4096 entries
2026-09-22 09:35:17.578 INFO  sched: request 'chatcmpl-8a1e3904842c97c9' prefix cache miss — 7 cut(s) probed against 163 entries; the nearest entry (position 8257) shares the first 22 of the prompt's 8302 tokens (the prompt differs from it from that token on)
2026-09-22 09:35:17.578 INFO  sched: request 'chatcmpl-8a1e3904842c97c9' admitted to slot 0 (reserve 65 blocks; pool 494/960 blocks in use) — first token 785
2026-09-22 09:35:17.579 INFO  sched: request 'chatcmpl-8a1e3904842c97c9' retired (steps): 1 tok in 0.0 s — prefill 8302 tok (0 cached) in 23656 ms; decode 0 tok / 0 passes in 0.0 s
2026-09-22 09:35:17.579 INFO  stats: rank 1 | 23.7 s | decode 0.0 tok/s, 0.0 ms/tok, 0.0 ms/step (0 steps / 1 tok, 0 % of wall) | prefill 1 prompt / 8302 tok, 351 tok/s, 2.85 ms/tok, 23656 ms avg (100 % of wall), 0 tok cached (0/1 hit) | live 0, queued 0 | pool 494/960 blocks (51 %) | prefix cache 166/4096 entries
2026-09-22 09:35:41.806 INFO  sched: request 'chatcmpl-8a1e3904842c97ca' prefix cache miss — 7 cut(s) probed against 166 entries; the nearest entry (position 8302) shares the first 22 of the prompt's 8429 tokens (the prompt differs from it from that token on)
2026-09-22 09:35:41.806 INFO  sched: request 'chatcmpl-8a1e3904842c97ca' admitted to slot 0 (reserve 66 blocks; pool 561/960 blocks in use) — first token 785
2026-09-22 09:35:41.807 INFO  sched: request 'chatcmpl-8a1e3904842c97ca' retired (steps): 1 tok in 0.0 s — prefill 8429 tok (0 cached) in 24209 ms; decode 0 tok / 0 passes in 0.0 s
2026-09-22 09:35:41.807 INFO  stats: rank 1 | 24.2 s | decode 0.0 tok/s, 0.0 ms/tok, 0.0 ms/step (0 steps / 1 tok, 0 % of wall) | prefill 1 prompt / 8429 tok, 348 tok/s, 2.87 ms/tok, 24209 ms avg (100 % of wall), 0 tok cached (0/1 hit) | live 0, queued 0 | pool 561/960 blocks (58 %) | prefix cache 169/4096 entries
2026-09-22 09:38:30.631 INFO  sched: request 'chatcmpl-8a1e3904842c97cb' prefix cache miss — 19 cut(s) probed against 169 entries; the nearest entry (position 8429) shares the first 18 of the prompt's 33245 tokens (the prompt differs from it from that token on)
2026-09-22 09:38:30.632 INFO  sched: request 'chatcmpl-8a1e3904842c97cb' admitted to slot 0 (reserve 260 blocks; pool 822/960 blocks in use) — first token 785
2026-09-22 09:38:30.633 INFO  sched: request 'chatcmpl-8a1e3904842c97cb' retired (steps): 1 tok in 0.0 s — prefill 33245 tok (0 cached) in 168804 ms; decode 0 tok / 0 passes in 0.0 s
2026-09-22 09:38:30.633 INFO  stats: rank 1 | 168.8 s | decode 0.0 tok/s, 0.0 ms/tok, 0.0 ms/step (0 steps / 1 tok, 0 % of wall) | prefill 1 prompt / 33245 tok, 197 tok/s, 5.08 ms/tok, 168804 ms avg (100 % of wall), 0 tok cached (0/1 hit) | live 0, queued 0 | pool 822/960 blocks (86 %) | prefix cache 172/4096 entries
2026-09-22 09:41:20.113 INFO  sched: request 'chatcmpl-8a1e3904842c97cc' prefix cache miss — 19 cut(s) probed against 109 entries; the nearest entry (position 33245) shares the first 22 of the prompt's 33321 tokens (the prompt differs from it from that token on)
2026-09-22 09:41:20.114 INFO  sched: request 'chatcmpl-8a1e3904842c97cc' admitted to slot 0 (reserve 261 blocks; pool 959/960 blocks in use) — first token 785
2026-09-22 09:41:20.115 INFO  sched: request 'chatcmpl-8a1e3904842c97cc' retired (steps): 1 tok in 0.0 s — prefill 33321 tok (0 cached) in 169459 ms; decode 0 tok / 0 passes in 0.0 s
2026-09-22 09:41:20.115 INFO  stats: rank 1 | 169.5 s | decode 0.0 tok/s, 0.0 ms/tok, 0.0 ms/step (0 steps / 1 tok, 0 % of wall) | prefill 1 prompt / 33321 tok, 197 tok/s, 5.09 ms/tok, 169459 ms avg (100 % of wall), 0 tok cached (0/1 hit) | live 0, queued 0 | pool 959/960 blocks (100 %) | prefix cache 112/4096 entries
2026-09-22 09:41:55.989 INFO  hunt qp: rank 1 seq 1486718  p0l0[RTS sq_psn=1306104 rq_psn=1306104 ack_timeout=14 retry_cnt=7 rnr_retry=7 min_rnr=12 sq_draining=0] p0l1[RTS sq_psn=4660 rq_psn=4660 ack_timeout=14 retry_cnt=7 rnr_retry=7 min_rnr=12 sq_draining=0] p2l0[RTS sq_psn=1306104 rq_psn=1306104 ack_timeout=14 retry_cnt=7 rnr_retry=7 min_rnr=12 sq_draining=0] p2l1[RTS sq_psn=4660 rq_psn=4660 ack_timeout=14 retry_cnt=7 rnr_retry=7 min_rnr=12 sq_draining=0] p3l0[RTS sq_psn=1306104 rq_psn=1306104 ack_timeout=14 retry_cnt=7 rnr_retry=7 min_rnr=12 sq_draining=0] p3l1[RTS sq_psn=4660 rq_psn=4660 ack_timeout=14 retry_cnt=7 rnr_retry=7 min_rnr=12 sq_draining=0]
2026-09-22 09:41:55.989 INFO  allreduce: rank 1 seq 1486718 STALLED 503ms posted=0x0 ctl(ready=0x0 done=0 status=0 gate(waits=0 spins=0) first_claim(cell=23 len=86016 seq=184362))  p0l0:[184362c1485769/184362=0x3db9be8c.184362c1485770/184362=0xbe52bada.184362c1485771/184362=0x3d07bdad.184362c1485772/184362=0x3e35be89.184362c1485773/184362=0x3e923ee5.184362c1485774/184362=0xbbd33b07.184362c1485775/184362=0xbda4bc2d.184362c1485776/184362=0x3c37be08. B[26563/26563!26563/26563!26563/26563.26563/26563.26563/26563.26563/26563.26563/26563.26563/26563.] p0l1:[0c0/0=0000000000.0c0/0=0000000000.0c0/0=0000000000.0c0/0=0000000000.0c0/0=0000000000.0c0/0=0000000000.0c0/0=0000000000.0c0/0=0000000000. B[25823/25823!25823/25823!25823/25823.25823/25823.25823/25823.25823/25823.25823/25823.25823/25823.] p2l0:[184362c1485769/184362=0x3d433d32.184362c1485770/184362=0xbe6a3e02.184362c1485771/184362=0xbe32be4a.184362c1485772/184362=0xbe9d3ca2.184362c1485773/184362=0x3d353d6e.184362c1485774/184362=0000000000.184362c1485775/184362=0xbdfa3cea.184362c1485776/184362=0xbc9b3e0a. B[26344/26343!26344/26343!26343/26343.26343/26343.26343/26343.26343/26343.26343/26343.26343/26343.] p2l1:[0c0/0=0000000000.0c0/0=0000000000.0c0/0=0000000000.0c0/0=0000000000.0c0/0=0000000000.0c0/0=0000000000.0c0/0=0000000000.0c0/0=0000000000. B[25804/25803!25804/25803!25803/25803.25803/25803.25803/25803.25803/25803.25803/25803.25803/25803.] p3l0:[184362c1485769/184362=0x3e743efd.184362c1485770/184362=0x3da33b5e.184362c1485771/184362=0xbda83da8.184362c1485772/184362=0x3e3e3d87.184362c1485773/184362=0x3e143ed0.184362c1485774/184362=0000000000.184362c1485775/184362=0x3d6fbc8e.184362c1485776/184362=0xbe263d16. B[26204/26203!26204/26203!26203/26203.26203/26203.26203/26203.26203/26203.26203/26203.26203/26203.] p3l1:[0c0/0=0000000000.0c0/0=0000000000.0c0/0=0000000000.0c0/0=0000000000.0c0/0=0000000000.0c0/0=0000000000.0c0/0=0000000000.0c0/0=0000000000. B[25784/25783!25784/25783!25783/25783.25783/25783.25783/25783.25783/25783.25783/25783.25783/25783.]
2026-09-22 09:41:55.989 INFO  allreduce: rank 1 seq 1486718 bulk RS seg 1/6 tx 1252156/1252156 STALLED  p0:4/4 p2:4/4 p3:4/4
2026-09-22 09:42:28.917 INFO  hunt qp: rank 1 seq 1487294  p0l0[RTS sq_psn=1306104 rq_psn=1306104 ack_timeout=14 retry_cnt=7 rnr_retry=7 min_rnr=12 sq_draining=0] p0l1[RTS sq_psn=4660 rq_psn=4660 ack_timeout=14 retry_cnt=7 rnr_retry=7 min_rnr=12 sq_draining=0] p2l0[RTS sq_psn=1306104 rq_psn=1306104 ack_timeout=14 retry_cnt=7 rnr_retry=7 min_rnr=12 sq_draining=0] p2l1[RTS sq_psn=4660 rq_psn=4660 ack_timeout=14 retry_cnt=7 rnr_retry=7 min_rnr=12 sq_draining=0] p3l0[RTS sq_psn=1306104 rq_psn=1306104 ack_timeout=14 retry_cnt=7 rnr_retry=7 min_rnr=12 sq_draining=0] p3l1[RTS sq_psn=4660 rq_psn=4660 ack_timeout=14 retry_cnt=7 rnr_retry=7 min_rnr=12 sq_draining=0]
2026-09-22 09:42:28.917 INFO  allreduce: rank 1 seq 1487294 STALLED 504ms posted=0x0 ctl(ready=0x0 done=0 status=0 gate(waits=0 spins=0) first_claim(cell=23 len=86016 seq=184362))  p0l0:[184362c1485769/184362=0x3db9be8c.184362c1485770/184362=0xbe52bada.184362c1485771/184362=0x3d07bdad.184362c1485772/184362=0x3e35be89.184362c1485773/184362=0x3e923ee5.184362c1485774/184362=0xbbd33b07.184362c1485775/184362=0xbda4bc2d.184362c1485776/184362=0x3c37be08. B[28291/28291!28291/28291!28291/28291.28291/28291.28291/28291.28291/28291.28291/28291.28291/28291.] p0l1:[0c0/0=0000000000.0c0/0=0000000000.0c0/0=0000000000.0c0/0=0000000000.0c0/0=0000000000.0c0/0=0000000000.0c0/0=0000000000.0c0/0=0000000000. B[27551/27551!27551/27551!27551/27551.27551/27551.27551/27551.27551/27551.27551/27551.27551/27551.] p2l0:[184362c1485769/184362=0x3d433d32.184362c1485770/184362=0xbe6a3e02.184362c1485771/184362=0xbe32be4a.184362c1485772/184362=0xbe9d3ca2.184362c1485773/184362=0x3d353d6e.184362c1485774/184362=0000000000.184362c1485775/184362=0xbdfa3cea.184362c1485776/184362=0xbc9b3e0a. B[28072/28071!28072/28071!28071/28071.28071/28071.28071/28071.28071/28071.28071/28071.28071/28071.] p2l1:[0c0/0=0000000000.0c0/0=0000000000.0c0/0=0000000000.0c0/0=0000000000.0c0/0=0000000000.0c0/0=0000000000.0c0/0=0000000000.0c0/0=0000000000. B[27532/27531!27532/27531!27531/27531.27531/27531.27531/27531.27531/27531.27531/27531.27531/27531.] p3l0:[184362c1485769/184362=0x3e743efd.184362c1485770/184362=0x3da33b5e.184362c1485771/184362=0xbda83da8.184362c1485772/184362=0x3e3e3d87.184362c1485773/184362=0x3e143ed0.184362c1485774/184362=0000000000.184362c1485775/184362=0x3d6fbc8e.184362c1485776/184362=0xbe263d16. B[27932/27931!27932/27931!27931/27931.27931/27931.27931/27931.27931/27931.27931/27931.27931/27931.] p3l1:[0c0/0=0000000000.0c0/0=0000000000.0c0/0=0000000000.0c0/0=0000000000.0c0/0=0000000000.0c0/0=0000000000.0c0/0=0000000000.0c0/0=0000000000. B[27512/27511!27512/27511!27511/27511.27511/27511.27511/27511.27511/27511.27511/27511.27511/27511.]
2026-09-22 09:42:28.917 INFO  allreduce: rank 1 seq 1487294 bulk RS seg 1/6 tx 1335100/1335100 STALLED  p0:4/4 p2:4/4 p3:4/4
2026-09-22 09:44:09.290 INFO  sched: request 'chatcmpl-8a1e3904842c97cd' prefix cache miss — 19 cut(s) probed against 12 entries; the nearest entry (position 33321) shares the first 22 of the prompt's 33241 tokens (the prompt differs from it from that token on)
2026-09-22 09:44:09.290 INFO  sched: request 'chatcmpl-8a1e3904842c97cd' admitted to slot 0 (reserve 260 blocks; pool 917/960 blocks in use) — first token 785
2026-09-22 09:44:09.291 INFO  sched: request 'chatcmpl-8a1e3904842c97cd' retired (steps): 1 tok in 0.0 s — prefill 33241 tok (0 cached) in 169145 ms; decode 0 tok / 0 passes in 0.0 s
2026-09-22 09:44:09.291 INFO  stats: rank 1 | 169.2 s | decode 0.0 tok/s, 0.0 ms/tok, 0.0 ms/step (0 steps / 1 tok, 0 % of wall) | prefill 1 prompt / 33241 tok, 196 tok/s, 5.09 ms/tok, 169145 ms avg (100 % of wall), 0 tok cached (0/1 hit) | live 0, queued 0 | pool 917/960 blocks (96 %) | prefix cache 15/4096 entries
2026-09-22 09:44:10.239 INFO  sched: request 'chatcmpl-8a1e3904842c97ce' prefix cache miss — 3 cut(s) probed against 15 entries; an entry at this prompt's cut 60 was evicted (163 eviction(s) ago, last used at tick 173, now tick 9168; the arena holds 4096 slots)
2026-09-22 09:44:10.239 INFO  sched: request 'chatcmpl-8a1e3904842c97ce' admitted to slot 0 (reserve 1 blocks; pool 919/960 blocks in use) — first token 785
2026-09-22 09:44:12.286 INFO  sched: request 'chatcmpl-8a1e3904842c97ce' retired (steps): 64 tok in 2.0 s — prefill 62 tok (0 cached) in 900 ms; decode 63 tok / 32 passes in 1.1 s: 54.9 tok/s, 18.2 ms/tok, 36 ms/pass, 1.97 tok/pass, accept p1 100 %
2026-09-22 09:44:13.055 INFO  sched: request 'chatcmpl-8a1e3904842c97cf' prefix cache miss — 3 cut(s) probed against 17 entries; an entry at this prompt's cut 35 was evicted (160 eviction(s) ago, last used at tick 491, now tick 9204; the arena holds 4096 slots)
2026-09-22 09:44:13.055 INFO  sched: request 'chatcmpl-8a1e3904842c97cf' admitted to slot 0 (reserve 3 blocks; pool 923/960 blocks in use) — first token 785
2026-09-22 09:44:19.320 INFO  stats: rank 1 | 10.0 s | decode 24.7 tok/s, 33.0 ms/tok, 62.4 ms/step (131 steps / 248 tok, 82 % of wall) | mtp 1.89 tok/step/req, accept p1 89 % | prefill 2 prompts / 99 tok, 10 tok/s, 16.62 ms/tok, 823 ms avg (16 % of wall), 0 tok cached (0/2 hits) | live 1, queued 0 | pool 924/960 blocks (96 %) | prefix cache 18/4096 entries
2026-09-22 09:44:21.917 INFO  rank 1: slot 0 closed: 140 sampled decode steps, 0 fallbacks
2026-09-22 09:44:21.918 INFO  sched: request 'chatcmpl-8a1e3904842c97cf' retired (steps): 256 tok in 8.9 s — prefill 37 tok (0 cached) in 746 ms; decode 255 tok / 140 passes in 8.1 s: 31.4 tok/s, 31.8 ms/tok, 58 ms/pass, 1.82 tok/pass, accept p1 82 %
2026-09-22 09:44:22.044 INFO  sched: request 'chatcmpl-8a1e3904842c97d0' admitted to slot 0 (reserve 3 blocks; pool 926/960 blocks in use) — first token 785
2026-09-22 09:44:29.336 INFO  stats: rank 1 | 10.0 s | decode 28.7 tok/s, 33.9 ms/tok, 62.3 ms/step (156 steps / 287 tok, 97 % of wall) | mtp 1.84 tok/step/req, accept p1 83 % | prefill 1 prompt / 2 tok, 0 tok/s, 48.95 ms/tok, 98 ms avg (1 % of wall), 35 tok cached (1/1 hit) | live 1, queued 0 | pool 927/960 blocks (97 %) | prefix cache 19/4096 entries
2026-09-22 09:44:30.714 INFO  rank 1: slot 0 closed: 137 sampled decode steps, 0 fallbacks
2026-09-22 09:44:30.714 INFO  sched: request 'chatcmpl-8a1e3904842c97d0' retired (steps): 256 tok in 8.7 s — prefill 37 tok (35 cached) in 98 ms; decode 255 tok / 137 passes in 8.6 s: 29.7 tok/s, 33.6 ms/tok, 63 ms/pass, 1.86 tok/pass, accept p1 86 %
2026-09-22 09:44:30.816 INFO  sched: request 'chatcmpl-8a1e3904842c97d1' admitted to slot 0 (reserve 3 blocks; pool 929/960 blocks in use) — first token 785
2026-09-22 09:44:39.332 INFO  rank 1: slot 0 closed: 134 sampled decode steps, 0 fallbacks
2026-09-22 09:44:39.333 INFO  sched: request 'chatcmpl-8a1e3904842c97d1' retired (steps): 256 tok in 8.5 s — prefill 37 tok (35 cached) in 96 ms; decode 255 tok / 134 passes in 8.4 s: 30.3 tok/s, 33.0 ms/tok, 63 ms/pass, 1.90 tok/pass, accept p1 90 %
2026-09-22 09:44:39.339 INFO  stats: rank 1 | 10.0 s | decode 29.7 tok/s, 32.7 ms/tok, 62.3 ms/step (156 steps / 297 tok, 97 % of wall) | mtp 1.90 tok/step/req, accept p1 90 % | prefill 1 prompt / 2 tok, 0 tok/s, 47.85 ms/tok, 96 ms avg (1 % of wall), 35 tok cached (1/1 hit) | live 0, queued 0 | pool 929/960 blocks (97 %) | prefix cache 21/4096 entries
2026-09-22 09:44:40.129 INFO  sched: request 'chatcmpl-8a1e3904842c97d2' prefix cache miss — 3 cut(s) probed against 21 entries; an entry at this prompt's cut 33 was evicted (151 eviction(s) ago, last used at tick 1386, now tick 9625; the arena holds 4096 slots)
2026-09-22 09:44:40.129 INFO  sched: request 'chatcmpl-8a1e3904842c97d2' admitted to slot 0 (reserve 3 blocks; pool 933/960 blocks in use) — first token 785
2026-09-22 09:44:40.890 INFO  sched: request 'chatcmpl-8a1e3904842c97d3' prefix cache miss — 3 cut(s) probed against 22 entries; an entry at this prompt's cut 30 was evicted (149 eviction(s) ago, last used at tick 1388, now tick 9626; the arena holds 4096 slots)
2026-09-22 09:44:40.890 INFO  sched: request 'chatcmpl-8a1e3904842c97d3' admitted to slot 1 (reserve 3 blocks; pool 938/960 blocks in use) — first token 785
2026-09-22 09:44:41.678 INFO  sched: request 'chatcmpl-8a1e3904842c97d4' prefix cache miss — 3 cut(s) probed against 23 entries; an entry at this prompt's cut 30 was evicted (148 eviction(s) ago, last used at tick 1389, now tick 9627; the arena holds 4096 slots)
2026-09-22 09:44:41.678 INFO  sched: request 'chatcmpl-8a1e3904842c97d4' admitted to slot 2 (reserve 3 blocks; pool 943/960 blocks in use) — first token 785
2026-09-22 09:44:42.550 INFO  sched: request 'chatcmpl-8a1e3904842c97d5' prefix cache miss — 3 cut(s) probed against 24 entries; an entry at this prompt's cut 34 was evicted (156 eviction(s) ago, last used at tick 936, now tick 9628; the arena holds 4096 slots)
2026-09-22 09:44:42.550 INFO  sched: request 'chatcmpl-8a1e3904842c97d5' admitted to slot 3 (reserve 3 blocks; pool 948/960 blocks in use) — first token 785
2026-09-22 09:44:43.388 INFO  sched: request 'chatcmpl-8a1e3904842c97d6' prefix cache miss — 3 cut(s) probed against 25 entries; an entry at this prompt's cut 29 was evicted (150 eviction(s) ago, last used at tick 1387, now tick 9629; the arena holds 4096 slots)
2026-09-22 09:44:43.388 INFO  sched: request 'chatcmpl-8a1e3904842c97d6' admitted to slot 4 (reserve 3 blocks; pool 953/960 blocks in use) — first token 785
2026-09-22 09:44:44.343 INFO  sched: request 'chatcmpl-8a1e3904842c97d7' prefix cache miss — 3 cut(s) probed against 26 entries; an entry at this prompt's cut 34 was evicted (157 eviction(s) ago, last used at tick 935, now tick 9630; the arena holds 4096 slots)
2026-09-22 09:44:44.343 INFO  sched: request 'chatcmpl-8a1e3904842c97d7' admitted to slot 5 (reserve 3 blocks; pool 958/960 blocks in use) — first token 785
2026-09-22 09:44:45.234 INFO  sched: request 'chatcmpl-8a1e3904842c97d8' prefix cache miss — 3 cut(s) probed against 24 entries; an entry at this prompt's cut 29 was evicted (142 eviction(s) ago, last used at tick 1851, now tick 9631; the arena holds 4096 slots)
2026-09-22 09:44:45.234 INFO  sched: request 'chatcmpl-8a1e3904842c97d8' admitted to slot 6 (reserve 3 blocks; pool 897/960 blocks in use) — first token 785
2026-09-22 09:44:46.176 INFO  sched: request 'chatcmpl-8a1e3904842c97d9' prefix cache miss — 3 cut(s) probed against 25 entries; an entry at this prompt's cut 29 was evicted (138 eviction(s) ago, last used at tick 1855, now tick 9632; the arena holds 4096 slots)
2026-09-22 09:44:46.176 INFO  sched: request 'chatcmpl-8a1e3904842c97d9' admitted to slot 7 (reserve 3 blocks; pool 902/960 blocks in use) — first token 785
2026-09-22 09:44:49.456 INFO  stats: rank 1 | 10.1 s | decode 26.0 tok/s, 16.0 ms/tok, 210.5 ms/step (20 steps / 263 tok, 42 % of wall) | mtp 1.99 tok/step/req, accept p1 93 % | prefill 8 prompts / 264 tok, 26 tok/s, 21.64 ms/tok, 714 ms avg (56 % of wall), 0 tok cached (0/8 hits) | live 8, queued 0 | pool 903/960 blocks (94 %) | prefix cache 26/4096 entries
2026-09-22 09:44:59.531 INFO  stats: rank 1 | 10.1 s | decode 54.7 tok/s, 17.5 ms/tok, 247.8 ms/step (39 steps / 551 tok, 96 % of wall) | mtp 1.77 tok/step/req, accept p1 77 % | prefill 0 prompts / 0 tok, 0 tok cached (0/0 hits) | live 8, queued 0 | pool 903/960 blocks (94 %) | prefix cache 26/4096 entries
2026-09-22 09:45:09.713 INFO  stats: rank 1 | 10.2 s | decode 54.1 tok/s, 17.7 ms/tok, 250.5 ms/step (39 steps / 551 tok, 96 % of wall) | mtp 1.77 tok/step/req, accept p1 77 % | prefill 0 prompts / 0 tok, 0 tok cached (0/0 hits) | live 8, queued 0 | pool 903/960 blocks (94 %) | prefix cache 26/4096 entries
2026-09-22 09:45:19.768 INFO  stats: rank 1 | 10.1 s | decode 52.2 tok/s, 18.4 ms/tok, 253.9 ms/step (38 steps / 525 tok, 96 % of wall) | mtp 1.73 tok/step/req, accept p1 73 % | prefill 0 prompts / 0 tok, 0 tok cached (0/0 hits) | live 8, queued 0 | pool 902/960 blocks (94 %) | prefix cache 26/4096 entries
2026-09-22 09:45:21.359 INFO  rank 1: slot 2 closed: 140 sampled decode steps, 0 fallbacks
2026-09-22 09:45:21.359 INFO  sched: request 'chatcmpl-8a1e3904842c97d4' retired (steps): 256 tok in 39.7 s — prefill 32 tok (0 cached) in 695 ms; decode 255 tok / 140 passes in 39.0 s: 6.5 tok/s, 152.9 ms/tok, 278 ms/pass, 1.82 tok/pass, accept p1 83 %
2026-09-22 09:45:21.892 INFO  rank 1: slot 1 closed: 143 sampled decode steps, 1 fallbacks
2026-09-22 09:45:21.893 INFO  sched: request 'chatcmpl-8a1e3904842c97d3' retired (steps): 256 tok in 41.0 s — prefill 32 tok (0 cached) in 695 ms; decode 255 tok / 143 passes in 40.3 s: 6.3 tok/s, 158.1 ms/tok, 282 ms/pass, 1.78 tok/pass, accept p1 78 %
2026-09-22 09:45:21.893 INFO  rank 1: slot 3 closed: 141 sampled decode steps, 1 fallbacks
2026-09-22 09:45:21.893 INFO  sched: request 'chatcmpl-8a1e3904842c97d5' retired (steps): 256 tok in 39.3 s — prefill 36 tok (0 cached) in 744 ms; decode 255 tok / 141 passes in 38.6 s: 6.6 tok/s, 151.4 ms/tok, 274 ms/pass, 1.81 tok/pass, accept p1 81 %
2026-09-22 09:45:22.154 INFO  rank 1: slot 0 closed: 145 sampled decode steps, 0 fallbacks
2026-09-22 09:45:22.155 INFO  sched: request 'chatcmpl-8a1e3904842c97d2' retired (steps): 256 tok in 42.0 s — prefill 35 tok (0 cached) in 774 ms; decode 255 tok / 145 passes in 41.3 s: 6.2 tok/s, 161.8 ms/tok, 284 ms/pass, 1.76 tok/pass, accept p1 76 %
2026-09-22 09:45:23.355 INFO  rank 1: slot 4 closed: 146 sampled decode steps, 0 fallbacks
2026-09-22 09:45:23.356 INFO  sched: request 'chatcmpl-8a1e3904842c97d6' retired (steps): 256 tok in 40.0 s — prefill 31 tok (0 cached) in 689 ms; decode 255 tok / 146 passes in 39.3 s: 6.5 tok/s, 154.0 ms/tok, 269 ms/pass, 1.75 tok/pass, accept p1 75 %
2026-09-22 09:45:23.356 INFO  rank 1: slot 5 closed: 145 sampled decode steps, 0 fallbacks
2026-09-22 09:45:23.357 INFO  sched: request 'chatcmpl-8a1e3904842c97d7' retired (steps): 256 tok in 39.0 s — prefill 36 tok (0 cached) in 744 ms; decode 255 tok / 145 passes in 38.3 s: 6.7 tok/s, 150.1 ms/tok, 264 ms/pass, 1.76 tok/pass, accept p1 76 %
2026-09-22 09:45:24.010 INFO  rank 1: slot 6 closed: 147 sampled decode steps, 0 fallbacks
2026-09-22 09:45:24.010 INFO  sched: request 'chatcmpl-8a1e3904842c97d8' retired (steps): 256 tok in 38.8 s — prefill 31 tok (0 cached) in 689 ms; decode 255 tok / 147 passes in 38.1 s: 6.7 tok/s, 149.4 ms/tok, 259 ms/pass, 1.73 tok/pass, accept p1 74 %
2026-09-22 09:45:24.010 INFO  rank 1: slot 7 closed: 146 sampled decode steps, 3 fallbacks
2026-09-22 09:45:24.011 INFO  sched: request 'chatcmpl-8a1e3904842c97d9' retired (steps): 256 tok in 37.8 s — prefill 31 tok (0 cached) in 683 ms; decode 255 tok / 146 passes in 37.2 s: 6.9 tok/s, 145.7 ms/tok, 254 ms/pass, 1.75 tok/pass, accept p1 75 %
2026-09-22 09:45:24.129 INFO  sched: request 'chatcmpl-8a1e3904842c97da' admitted to slot 0 (reserve 3 blocks; pool 898/960 blocks in use) — first token 785
2026-09-22 09:45:24.291 INFO  sched: request 'chatcmpl-8a1e3904842c97db' admitted to slot 1 (reserve 3 blocks; pool 902/960 blocks in use) — first token 785
2026-09-22 09:45:24.481 INFO  sched: request 'chatcmpl-8a1e3904842c97dc' admitted to slot 2 (reserve 3 blocks; pool 906/960 blocks in use) — first token 785
2026-09-22 09:45:24.704 INFO  sched: request 'chatcmpl-8a1e3904842c97dd' admitted to slot 3 (reserve 3 blocks; pool 910/960 blocks in use) — first token 785
2026-09-22 09:45:24.950 INFO  sched: request 'chatcmpl-8a1e3904842c97de' admitted to slot 4 (reserve 3 blocks; pool 914/960 blocks in use) — first token 785
2026-09-22 09:45:25.252 INFO  sched: request 'chatcmpl-8a1e3904842c97df' admitted to slot 5 (reserve 3 blocks; pool 918/960 blocks in use) — first token 785
2026-09-22 09:45:25.557 INFO  sched: request 'chatcmpl-8a1e3904842c97e0' admitted to slot 6 (reserve 3 blocks; pool 922/960 blocks in use) — first token 785
2026-09-22 09:45:25.910 INFO  sched: request 'chatcmpl-8a1e3904842c97e1' admitted to slot 7 (reserve 3 blocks; pool 926/960 blocks in use) — first token 785
2026-09-22 09:45:29.938 INFO  stats: rank 1 | 10.2 s | decode 45.8 tok/s, 19.4 ms/tok, 226.2 ms/step (40 steps / 466 tok, 89 % of wall) | mtp 1.87 tok/step/req, accept p1 85 % | prefill 8 prompts / 16 tok, 2 tok/s, 48.56 ms/tok, 97 ms avg (8 % of wall), 248 tok cached (8/8 hits) | live 8, queued 0 | pool 927/960 blocks (97 %) | prefix cache 34/4096 entries
2026-09-22 09:45:40.075 INFO  stats: rank 1 | 10.1 s | decode 54.6 tok/s, 17.6 ms/tok, 249.1 ms/step (39 steps / 553 tok, 96 % of wall) | mtp 1.77 tok/step/req, accept p1 77 % | prefill 0 prompts / 0 tok, 0 tok cached (0/0 hits) | live 8, queued 0 | pool 927/960 blocks (97 %) | prefix cache 34/4096 entries
2026-09-22 09:45:50.118 INFO  stats: rank 1 | 10.0 s | decode 53.9 tok/s, 17.8 ms/tok, 253.6 ms/step (38 steps / 541 tok, 96 % of wall) | mtp 1.78 tok/step/req, accept p1 78 % | prefill 0 prompts / 0 tok, 0 tok cached (0/0 hits) | live 8, queued 0 | pool 927/960 blocks (97 %) | prefix cache 34/4096 entries
2026-09-22 09:46:00.199 INFO  stats: rank 1 | 10.1 s | decode 53.8 tok/s, 17.9 ms/tok, 254.6 ms/step (38 steps / 542 tok, 96 % of wall) | mtp 1.78 tok/step/req, accept p1 78 % | prefill 0 prompts / 0 tok, 0 tok cached (0/0 hits) | live 8, queued 0 | pool 927/960 blocks (97 %) | prefix cache 34/4096 entries
2026-09-22 09:46:01.522 INFO  rank 1: slot 2 closed: 141 sampled decode steps, 0 fallbacks
2026-09-22 09:46:01.523 INFO  sched: request 'chatcmpl-8a1e3904842c97dc' retired (steps): 256 tok in 37.0 s — prefill 31 tok (29 cached) in 97 ms; decode 255 tok / 141 passes in 36.9 s: 6.9 tok/s, 144.9 ms/tok, 262 ms/pass, 1.81 tok/pass, accept p1 81 %
2026-09-22 09:46:01.793 INFO  rank 1: slot 1 closed: 143 sampled decode steps, 2 fallbacks
2026-09-22 09:46:01.794 INFO  sched: request 'chatcmpl-8a1e3904842c97db' retired (steps): 256 tok in 37.5 s — prefill 36 tok (34 cached) in 96 ms; decode 255 tok / 143 passes in 37.4 s: 6.8 tok/s, 146.7 ms/tok, 262 ms/pass, 1.78 tok/pass, accept p1 78 %
2026-09-22 09:46:01.794 INFO  rank 1: slot 3 closed: 141 sampled decode steps, 0 fallbacks
2026-09-22 09:46:01.795 INFO  sched: request 'chatcmpl-8a1e3904842c97dd' retired (steps): 256 tok in 37.1 s — prefill 32 tok (30 cached) in 99 ms; decode 255 tok / 141 passes in 37.0 s: 6.9 tok/s, 145.1 ms/tok, 262 ms/pass, 1.81 tok/pass, accept p1 81 %
2026-09-22 09:46:01.795 INFO  rank 1: slot 4 closed: 140 sampled decode steps, 0 fallbacks
2026-09-22 09:46:01.795 INFO  sched: request 'chatcmpl-8a1e3904842c97de' retired (steps): 256 tok in 36.8 s — prefill 32 tok (30 cached) in 98 ms; decode 255 tok / 140 passes in 36.7 s: 6.9 tok/s, 144.1 ms/tok, 262 ms/pass, 1.82 tok/pass, accept p1 82 %
2026-09-22 09:46:02.055 INFO  rank 1: slot 7 closed: 138 sampled decode steps, 0 fallbacks
2026-09-22 09:46:02.056 INFO  sched: request 'chatcmpl-8a1e3904842c97e1' retired (steps): 256 tok in 36.1 s — prefill 31 tok (29 cached) in 98 ms; decode 255 tok / 138 passes in 36.0 s: 7.1 tok/s, 141.4 ms/tok, 261 ms/pass, 1.85 tok/pass, accept p1 85 %
2026-09-22 09:46:02.519 INFO  rank 1: slot 5 closed: 142 sampled decode steps, 0 fallbacks
2026-09-22 09:46:02.520 INFO  sched: request 'chatcmpl-8a1e3904842c97df' retired (steps): 256 tok in 37.3 s — prefill 31 tok (29 cached) in 97 ms; decode 255 tok / 142 passes in 37.2 s: 6.9 tok/s, 145.8 ms/tok, 262 ms/pass, 1.80 tok/pass, accept p1 80 %
2026-09-22 09:46:02.520 INFO  rank 1: slot 0 closed: 147 sampled decode steps, 1 fallbacks
2026-09-22 09:46:02.521 INFO  sched: request 'chatcmpl-8a1e3904842c97da' retired (steps): 256 tok in 38.4 s — prefill 35 tok (33 cached) in 96 ms; decode 255 tok / 147 passes in 38.3 s: 6.7 tok/s, 150.2 ms/tok, 261 ms/pass, 1.73 tok/pass, accept p1 73 %
2026-09-22 09:46:02.978 INFO  rank 1: slot 6 closed: 148 sampled decode steps, 0 fallbacks
2026-09-22 09:46:02.978 INFO  sched: request 'chatcmpl-8a1e3904842c97e0' retired (steps): 256 tok in 37.4 s — prefill 36 tok (34 cached) in 97 ms; decode 255 tok / 148 passes in 37.3 s: 6.8 tok/s, 146.4 ms/tok, 252 ms/pass, 1.72 tok/pass, accept p1 72 %
2026-09-22 09:46:03.092 INFO  sched: request 'chatcmpl-8a1e3904842c97e2' admitted to slot 0 (reserve 3 blocks; pool 922/960 blocks in use) — first token 785
2026-09-22 09:46:03.254 INFO  sched: request 'chatcmpl-8a1e3904842c97e3' admitted to slot 1 (reserve 3 blocks; pool 926/960 blocks in use) — first token 785
2026-09-22 09:46:03.442 INFO  sched: request 'chatcmpl-8a1e3904842c97e4' admitted to slot 2 (reserve 3 blocks; pool 930/960 blocks in use) — first token 785
2026-09-22 09:46:03.662 INFO  sched: request 'chatcmpl-8a1e3904842c97e5' admitted to slot 3 (reserve 3 blocks; pool 934/960 blocks in use) — first token 785
2026-09-22 09:46:03.906 INFO  sched: request 'chatcmpl-8a1e3904842c97e6' admitted to slot 4 (reserve 3 blocks; pool 938/960 blocks in use) — first token 785
2026-09-22 09:46:04.217 INFO  sched: request 'chatcmpl-8a1e3904842c97e7' admitted to slot 5 (reserve 3 blocks; pool 942/960 blocks in use) — first token 785
2026-09-22 09:46:04.526 INFO  sched: request 'chatcmpl-8a1e3904842c97e8' admitted to slot 6 (reserve 3 blocks; pool 946/960 blocks in use) — first token 785
2026-09-22 09:46:04.882 INFO  sched: request 'chatcmpl-8a1e3904842c97e9' admitted to slot 7 (reserve 3 blocks; pool 950/960 blocks in use) — first token 785
2026-09-22 09:46:10.217 INFO  stats: rank 1 | 10.0 s | decode 48.3 tok/s, 18.3 ms/tok, 201.4 ms/step (44 steps / 484 tok, 88 % of wall) | mtp 1.86 tok/step/req, accept p1 83 % | prefill 8 prompts / 16 tok, 2 tok/s, 48.39 ms/tok, 97 ms avg (8 % of wall), 248 tok cached (8/8 hits) | live 8, queued 0 | pool 951/960 blocks (99 %) | prefix cache 42/4096 entries
2026-09-22 09:46:20.457 INFO  stats: rank 1 | 10.2 s | decode 53.0 tok/s, 18.1 ms/tok, 252.1 ms/step (39 steps / 543 tok, 96 % of wall) | mtp 1.74 tok/step/req, accept p1 74 % | prefill 0 prompts / 0 tok, 0 tok cached (0/0 hits) | live 8, queued 0 | pool 951/960 blocks (99 %) | prefix cache 42/4096 entries
2026-09-22 09:46:30.616 INFO  stats: rank 1 | 10.2 s | decode 53.4 tok/s, 17.9 ms/tok, 249.8 ms/step (39 steps / 543 tok, 96 % of wall) | mtp 1.74 tok/step/req, accept p1 74 % | prefill 0 prompts / 0 tok, 0 tok cached (0/0 hits) | live 8, queued 0 | pool 951/960 blocks (99 %) | prefix cache 42/4096 entries
2026-09-22 09:46:39.297 INFO  rank 1: slot 3 closed: 136 sampled decode steps, 1 fallbacks
2026-09-22 09:46:39.298 INFO  sched: request 'chatcmpl-8a1e3904842c97e5' retired (steps): 256 tok in 35.6 s — prefill 32 tok (30 cached) in 96 ms; decode 255 tok / 136 passes in 35.5 s: 7.2 tok/s, 139.4 ms/tok, 261 ms/pass, 1.88 tok/pass, accept p1 88 %
2026-09-22 09:46:40.867 INFO  stats: rank 1 | 10.3 s | decode 52.1 tok/s, 18.4 ms/tok, 252.5 ms/step (39 steps / 534 tok, 96 % of wall) | mtp 1.75 tok/step/req, accept p1 75 % | prefill 0 prompts / 0 tok, 0 tok cached (0/0 hits) | live 7, queued 0 | pool 950/960 blocks (99 %) | prefix cache 43/4096 entries
2026-09-22 09:46:41.132 INFO  rank 1: slot 2 closed: 144 sampled decode steps, 0 fallbacks
2026-09-22 09:46:41.132 INFO  sched: request 'chatcmpl-8a1e3904842c97e4' retired (steps): 256 tok in 37.7 s — prefill 31 tok (29 cached) in 96 ms; decode 255 tok / 144 passes in 37.6 s: 6.8 tok/s, 147.4 ms/tok, 261 ms/pass, 1.77 tok/pass, accept p1 78 %
2026-09-22 09:46:41.393 INFO  rank 1: slot 0 closed: 147 sampled decode steps, 0 fallbacks
2026-09-22 09:46:41.394 INFO  sched: request 'chatcmpl-8a1e3904842c97e2' retired (steps): 256 tok in 38.3 s — prefill 36 tok (34 cached) in 97 ms; decode 255 tok / 147 passes in 38.2 s: 6.7 tok/s, 149.8 ms/tok, 260 ms/pass, 1.73 tok/pass, accept p1 73 %
2026-09-22 09:46:41.660 INFO  rank 1: slot 6 closed: 142 sampled decode steps, 1 fallbacks
2026-09-22 09:46:41.660 INFO  sched: request 'chatcmpl-8a1e3904842c97e8' retired (steps): 256 tok in 37.1 s — prefill 32 tok (30 cached) in 97 ms; decode 255 tok / 142 passes in 37.0 s: 6.9 tok/s, 145.2 ms/tok, 261 ms/pass, 1.80 tok/pass, accept p1 80 %
2026-09-22 09:46:41.661 INFO  rank 1: slot 7 closed: 141 sampled decode steps, 1 fallbacks
2026-09-22 09:46:41.661 INFO  sched: request 'chatcmpl-8a1e3904842c97e9' retired (steps): 256 tok in 36.8 s — prefill 31 tok (29 cached) in 98 ms; decode 255 tok / 141 passes in 36.7 s: 7.0 tok/s, 143.8 ms/tok, 260 ms/pass, 1.81 tok/pass, accept p1 81 %
2026-09-22 09:46:42.032 INFO  rank 1: slot 1 closed: 149 sampled decode steps, 1 fallbacks
2026-09-22 09:46:42.033 INFO  sched: request 'chatcmpl-8a1e3904842c97e3' retired (steps): 256 tok in 38.8 s — prefill 35 tok (33 cached) in 96 ms; decode 255 tok / 149 passes in 38.7 s: 6.6 tok/s, 151.7 ms/tok, 260 ms/pass, 1.71 tok/pass, accept p1 71 %
2026-09-22 09:46:42.391 INFO  rank 1: slot 4 closed: 148 sampled decode steps, 0 fallbacks
2026-09-22 09:46:42.392 INFO  sched: request 'chatcmpl-8a1e3904842c97e6' retired (steps): 256 tok in 38.5 s — prefill 36 tok (34 cached) in 95 ms; decode 255 tok / 148 passes in 38.4 s: 6.6 tok/s, 150.6 ms/tok, 259 ms/pass, 1.72 tok/pass, accept p1 72 %
2026-09-22 09:46:42.392 INFO  rank 1: slot 5 closed: 147 sampled decode steps, 0 fallbacks
2026-09-22 09:46:42.393 INFO  sched: request 'chatcmpl-8a1e3904842c97e7' retired (steps): 256 tok in 38.2 s — prefill 31 tok (29 cached) in 98 ms; decode 255 tok / 147 passes in 38.1 s: 6.7 tok/s, 149.3 ms/tok, 259 ms/pass, 1.73 tok/pass, accept p1 73 %
2026-09-22 09:46:43.240 INFO  sched: request 'chatcmpl-8a1e3904842c97ea' prefix cache miss — 3 cut(s) probed against 50 entries; an entry at this prompt's cut 49 was evicted (133 eviction(s) ago, last used at tick 2274, now tick 10095; the arena holds 4096 slots)
2026-09-22 09:46:43.241 INFO  sched: request 'chatcmpl-8a1e3904842c97ea' admitted to slot 0 (reserve 3 blocks; pool 947/960 blocks in use) — first token 785
2026-09-22 09:46:50.874 INFO  stats: rank 1 | 10.0 s | decode 27.7 tok/s, 32.4 ms/tok, 72.4 ms/step (124 steps / 277 tok, 90 % of wall) | mtp 1.91 tok/step/req, accept p1 91 % | prefill 1 prompt / 51 tok, 5 tok/s, 16.17 ms/tok, 825 ms avg (8 % of wall), 0 tok cached (0/1 hit) | live 1, queued 0 | pool 948/960 blocks (99 %) | prefix cache 51/4096 entries
2026-09-22 09:46:51.792 INFO  rank 1: slot 0 closed: 131 sampled decode steps, 0 fallbacks
2026-09-22 09:46:51.792 INFO  sched: request 'chatcmpl-8a1e3904842c97ea' retired (steps): 256 tok in 8.6 s — prefill 51 tok (0 cached) in 825 ms; decode 255 tok / 131 passes in 7.7 s: 33.0 tok/s, 30.3 ms/tok, 59 ms/pass, 1.95 tok/pass, accept p1 95 %
2026-09-22 09:46:51.918 INFO  sched: request 'chatcmpl-8a1e3904842c97eb' admitted to slot 0 (reserve 3 blocks; pool 950/960 blocks in use) — first token 785
2026-09-22 09:47:00.391 INFO  rank 1: slot 0 closed: 131 sampled decode steps, 0 fallbacks
2026-09-22 09:47:00.391 INFO  sched: request 'chatcmpl-8a1e3904842c97eb' retired (steps): 256 tok in 8.5 s — prefill 51 tok (49 cached) in 99 ms; decode 255 tok / 131 passes in 8.4 s: 30.5 tok/s, 32.8 ms/tok, 64 ms/pass, 1.95 tok/pass, accept p1 95 %
2026-09-22 09:47:00.511 INFO  sched: request 'chatcmpl-8a1e3904842c97ec' admitted to slot 0 (reserve 3 blocks; pool 953/960 blocks in use) — first token 785
2026-09-22 09:47:00.896 INFO  stats: rank 1 | 10.0 s | decode 29.5 tok/s, 32.5 ms/tok, 63.7 ms/step (151 steps / 296 tok, 96 % of wall) | mtp 1.96 tok/step/req, accept p1 96 % | prefill 2 prompts / 4 tok, 0 tok/s, 49.06 ms/tok, 98 ms avg (2 % of wall), 98 tok cached (2/2 hits) | live 1, queued 0 | pool 954/960 blocks (99 %) | prefix cache 53/4096 entries
2026-09-22 09:47:08.819 INFO  rank 1: slot 0 closed: 129 sampled decode steps, 0 fallbacks
2026-09-22 09:47:08.820 INFO  sched: request 'chatcmpl-8a1e3904842c97ec' retired (steps): 256 tok in 8.3 s — prefill 51 tok (49 cached) in 98 ms; decode 255 tok / 129 passes in 8.2 s: 31.1 tok/s, 32.2 ms/tok, 64 ms/pass, 1.98 tok/pass, accept p1 98 %
2026-09-22 09:47:09.646 INFO  sched: request 'chatcmpl-8a1e3904842c97ed' prefix cache miss — 3 cut(s) probed against 54 entries; an entry at this prompt's cut 45 was evicted (130 eviction(s) ago, last used at tick 2692, now tick 10500; the arena holds 4096 slots)
2026-09-22 09:47:09.646 INFO  sched: request 'chatcmpl-8a1e3904842c97ed' admitted to slot 0 (reserve 3 blocks; pool 957/960 blocks in use) — first token 785
2026-09-22 09:47:10.540 INFO  sched: request 'chatcmpl-8a1e3904842c97ee' prefix cache miss — 3 cut(s) probed against 52 entries; an entry at this prompt's cut 49 was evicted (132 eviction(s) ago, last used at tick 2693, now tick 10501; the arena holds 4096 slots)
2026-09-22 09:47:10.540 INFO  sched: request 'chatcmpl-8a1e3904842c97ee' admitted to slot 1 (reserve 3 blocks; pool 895/960 blocks in use) — first token 785
2026-09-22 09:47:11.412 INFO  sched: request 'chatcmpl-8a1e3904842c97ef' prefix cache miss — 3 cut(s) probed against 53 entries; an entry at this prompt's cut 43 was evicted (127 eviction(s) ago, last used at tick 3128, now tick 10502; the arena holds 4096 slots)
2026-09-22 09:47:11.412 INFO  sched: request 'chatcmpl-8a1e3904842c97ef' admitted to slot 2 (reserve 3 blocks; pool 900/960 blocks in use) — first token 785
2026-09-22 09:47:11.532 INFO  stats: rank 1 | 10.6 s | decode 24.3 tok/s, 31.2 ms/tok, 64.0 ms/step (126 steps / 258 tok, 76 % of wall) | mtp 2.00 tok/step/req, accept p1 98 % | prefill 3 prompts / 143 tok, 13 tok/s, 16.84 ms/tok, 803 ms avg (23 % of wall), 0 tok cached (0/3 hits) | live 3, queued 5 | pool 901/960 blocks (94 %) | prefix cache 54/4096 entries
2026-09-22 09:47:12.242 INFO  sched: request 'chatcmpl-8a1e3904842c97f0' prefix cache miss — 3 cut(s) probed against 54 entries; an entry at this prompt's cut 31 was evicted (126 eviction(s) ago, last used at tick 3129, now tick 10503; the arena holds 4096 slots)
2026-09-22 09:47:12.242 INFO  sched: request 'chatcmpl-8a1e3904842c97f0' admitted to slot 3 (reserve 3 blocks; pool 905/960 blocks in use) — first token 785
2026-09-22 09:47:13.110 INFO  sched: request 'chatcmpl-8a1e3904842c97f1' prefix cache miss — 3 cut(s) probed against 55 entries; an entry at this prompt's cut 32 was evicted (125 eviction(s) ago, last used at tick 3130, now tick 10504; the arena holds 4096 slots)
2026-09-22 09:47:13.110 INFO  sched: request 'chatcmpl-8a1e3904842c97f1' admitted to slot 4 (reserve 3 blocks; pool 910/960 blocks in use) — first token 785
2026-09-22 09:47:14.048 INFO  sched: request 'chatcmpl-8a1e3904842c97f2' prefix cache miss — 3 cut(s) probed against 56 entries; an entry at this prompt's cut 33 was evicted (113 eviction(s) ago, last used at tick 3587, now tick 10505; the arena holds 4096 slots)
2026-09-22 09:47:14.048 INFO  sched: request 'chatcmpl-8a1e3904842c97f2' admitted to slot 5 (reserve 3 blocks; pool 915/960 blocks in use) — first token 785
2026-09-22 09:47:14.971 INFO  sched: request 'chatcmpl-8a1e3904842c97f3' prefix cache miss — 3 cut(s) probed against 57 entries; an entry at this prompt's cut 31 was evicted (124 eviction(s) ago, last used at tick 3131, now tick 10506; the arena holds 4096 slots)
2026-09-22 09:47:14.971 INFO  sched: request 'chatcmpl-8a1e3904842c97f3' admitted to slot 6 (reserve 3 blocks; pool 920/960 blocks in use) — first token 785
2026-09-22 09:47:15.964 INFO  sched: request 'chatcmpl-8a1e3904842c97f4' prefix cache miss — 3 cut(s) probed against 58 entries; an entry at this prompt's cut 33 was evicted (115 eviction(s) ago, last used at tick 3585, now tick 10507; the arena holds 4096 slots)
2026-09-22 09:47:15.964 INFO  sched: request 'chatcmpl-8a1e3904842c97f4' admitted to slot 7 (reserve 3 blocks; pool 925/960 blocks in use) — first token 785
2026-09-22 09:47:21.716 INFO  stats: rank 1 | 10.2 s | decode 37.6 tok/s, 16.5 ms/tok, 243.3 ms/step (26 steps / 383 tok, 62 % of wall) | mtp 1.93 tok/step/req, accept p1 91 % | prefill 5 prompts / 170 tok, 17 tok/s, 21.13 ms/tok, 718 ms avg (35 % of wall), 0 tok cached (0/5 hits) | live 8, queued 0 | pool 926/960 blocks (96 %) | prefix cache 59/4096 entries
2026-09-22 09:47:31.762 INFO  stats: rank 1 | 10.0 s | decode 53.2 tok/s, 18.1 ms/tok, 260.6 ms/step (37 steps / 534 tok, 96 % of wall) | mtp 1.80 tok/step/req, accept p1 80 % | prefill 0 prompts / 0 tok, 0 tok cached (0/0 hits) | live 8, queued 0 | pool 926/960 blocks (96 %) | prefix cache 59/4096 entries
2026-09-22 09:47:41.845 INFO  stats: rank 1 | 10.1 s | decode 54.4 tok/s, 17.7 ms/tok, 261.6 ms/step (37 steps / 548 tok, 96 % of wall) | mtp 1.85 tok/step/req, accept p1 85 % | prefill 0 prompts / 0 tok, 0 tok cached (0/0 hits) | live 8, queued 0 | pool 926/960 blocks (96 %) | prefix cache 59/4096 entries
2026-09-22 09:47:50.625 INFO  rank 1: slot 1 closed: 134 sampled decode steps, 0 fallbacks
2026-09-22 09:47:50.626 INFO  sched: request 'chatcmpl-8a1e3904842c97ee' retired (steps): 256 tok in 40.1 s — prefill 51 tok (0 cached) in 830 ms; decode 255 tok / 134 passes in 39.3 s: 6.5 tok/s, 153.9 ms/tok, 293 ms/pass, 1.90 tok/pass, accept p1 91 %
2026-09-22 09:47:51.169 INFO  rank 1: slot 0 closed: 137 sampled decode steps, 0 fallbacks
2026-09-22 09:47:51.170 INFO  sched: request 'chatcmpl-8a1e3904842c97ed' retired (steps): 256 tok in 41.5 s — prefill 47 tok (0 cached) in 799 ms; decode 255 tok / 137 passes in 40.7 s: 6.3 tok/s, 159.7 ms/tok, 297 ms/pass, 1.86 tok/pass, accept p1 86 %
2026-09-22 09:47:51.695 INFO  rank 1: slot 2 closed: 137 sampled decode steps, 0 fallbacks
2026-09-22 09:47:51.696 INFO  sched: request 'chatcmpl-8a1e3904842c97ef' retired (steps): 256 tok in 40.3 s — prefill 45 tok (0 cached) in 780 ms; decode 255 tok / 137 passes in 39.5 s: 6.5 tok/s, 154.9 ms/tok, 288 ms/pass, 1.86 tok/pass, accept p1 86 %
2026-09-22 09:47:51.945 INFO  stats: rank 1 | 10.1 s | decode 52.4 tok/s, 18.3 ms/tok, 262.1 ms/step (37 steps / 529 tok, 96 % of wall) | mtp 1.84 tok/step/req, accept p1 85 % | prefill 0 prompts / 0 tok, 0 tok cached (0/0 hits) | live 5, queued 0 | pool 923/960 blocks (96 %) | prefix cache 62/4096 entries
2026-09-22 09:47:52.198 INFO  rank 1: slot 4 closed: 137 sampled decode steps, 0 fallbacks
2026-09-22 09:47:52.199 INFO  sched: request 'chatcmpl-8a1e3904842c97f1' retired (steps): 256 tok in 39.1 s — prefill 34 tok (0 cached) in 719 ms; decode 255 tok / 137 passes in 38.4 s: 6.6 tok/s, 150.5 ms/tok, 280 ms/pass, 1.86 tok/pass, accept p1 86 %
2026-09-22 09:47:52.682 INFO  rank 1: slot 3 closed: 140 sampled decode steps, 0 fallbacks
2026-09-22 09:47:52.683 INFO  sched: request 'chatcmpl-8a1e3904842c97f0' retired (steps): 256 tok in 40.4 s — prefill 33 tok (0 cached) in 706 ms; decode 255 tok / 140 passes in 39.7 s: 6.4 tok/s, 155.8 ms/tok, 284 ms/pass, 1.82 tok/pass, accept p1 82 %
2026-09-22 09:47:53.184 INFO  rank 1: slot 5 closed: 140 sampled decode steps, 0 fallbacks
2026-09-22 09:47:53.184 INFO  sched: request 'chatcmpl-8a1e3904842c97f2' retired (steps): 256 tok in 39.1 s — prefill 35 tok (0 cached) in 726 ms; decode 255 tok / 140 passes in 38.4 s: 6.6 tok/s, 150.6 ms/tok, 274 ms/pass, 1.82 tok/pass, accept p1 83 %
2026-09-22 09:47:53.408 INFO  rank 1: slot 7 closed: 139 sampled decode steps, 0 fallbacks
2026-09-22 09:47:53.408 INFO  sched: request 'chatcmpl-8a1e3904842c97f4' retired (steps): 256 tok in 37.4 s — prefill 35 tok (0 cached) in 731 ms; decode 255 tok / 139 passes in 36.7 s: 6.9 tok/s, 144.0 ms/tok, 264 ms/pass, 1.83 tok/pass, accept p1 83 %
2026-09-22 09:47:53.477 INFO  rank 1: slot 6 closed: 141 sampled decode steps, 0 fallbacks
2026-09-22 09:47:53.477 INFO  sched: request 'chatcmpl-8a1e3904842c97f3' retired (steps): 256 tok in 38.5 s — prefill 33 tok (0 cached) in 709 ms; decode 255 tok / 141 passes in 37.8 s: 6.7 tok/s, 148.2 ms/tok, 268 ms/pass, 1.81 tok/pass, accept p1 81 %
2026-09-22 09:47:53.606 INFO  sched: request 'chatcmpl-8a1e3904842c97f5' admitted to slot 0 (reserve 3 blocks; pool 921/960 blocks in use) — first token 785
2026-09-22 09:47:53.769 INFO  sched: request 'chatcmpl-8a1e3904842c97f6' admitted to slot 1 (reserve 3 blocks; pool 925/960 blocks in use) — first token 785
2026-09-22 09:47:53.960 INFO  sched: request 'chatcmpl-8a1e3904842c97f7' admitted to slot 2 (reserve 3 blocks; pool 929/960 blocks in use) — first token 785
2026-09-22 09:47:54.184 INFO  sched: request 'chatcmpl-8a1e3904842c97f8' admitted to slot 3 (reserve 3 blocks; pool 933/960 blocks in use) — first token 785
2026-09-22 09:47:54.432 INFO  sched: request 'chatcmpl-8a1e3904842c97f9' admitted to slot 4 (reserve 3 blocks; pool 937/960 blocks in use) — first token 785
2026-09-22 09:47:54.738 INFO  sched: request 'chatcmpl-8a1e3904842c97fa' admitted to slot 5 (reserve 3 blocks; pool 941/960 blocks in use) — first token 785
2026-09-22 09:47:55.050 INFO  sched: request 'chatcmpl-8a1e3904842c97fb' admitted to slot 6 (reserve 3 blocks; pool 945/960 blocks in use) — first token 785
2026-09-22 09:47:55.416 INFO  sched: request 'chatcmpl-8a1e3904842c97fc' admitted to slot 7 (reserve 3 blocks; pool 949/960 blocks in use) — first token 785
2026-09-22 09:48:02.029 INFO  stats: rank 1 | 10.1 s | decode 47.8 tok/s, 18.4 ms/tok, 227.4 ms/step (39 steps / 482 tok, 88 % of wall) | mtp 1.93 tok/step/req, accept p1 90 % | prefill 8 prompts / 16 tok, 2 tok/s, 49.02 ms/tok, 98 ms avg (8 % of wall), 297 tok cached (8/8 hits) | live 8, queued 0 | pool 950/960 blocks (99 %) | prefix cache 67/4096 entries
2026-09-22 09:48:12.033 INFO  stats: rank 1 | 10.0 s | decode 54.8 tok/s, 17.5 ms/tok, 259.6 ms/step (37 steps / 548 tok, 96 % of wall) | mtp 1.85 tok/step/req, accept p1 85 % | prefill 0 prompts / 0 tok, 0 tok cached (0/0 hits) | live 8, queued 0 | pool 950/960 blocks (99 %) | prefix cache 67/4096 entries
2026-09-22 09:48:22.107 INFO  stats: rank 1 | 10.1 s | decode 54.8 tok/s, 17.5 ms/tok, 261.4 ms/step (37 steps / 552 tok, 96 % of wall) | mtp 1.86 tok/step/req, accept p1 86 % | prefill 0 prompts / 0 tok, 0 tok cached (0/0 hits) | live 8, queued 0 | pool 950/960 blocks (99 %) | prefix cache 67/4096 entries
2026-09-22 09:48:30.122 INFO  rank 1: slot 1 closed: 134 sampled decode steps, 0 fallbacks
2026-09-22 09:48:30.123 INFO  sched: request 'chatcmpl-8a1e3904842c97f6' retired (steps): 256 tok in 36.4 s — prefill 51 tok (49 cached) in 97 ms; decode 255 tok / 134 passes in 36.3 s: 7.0 tok/s, 142.2 ms/tok, 271 ms/pass, 1.90 tok/pass, accept p1 90 %
2026-09-22 09:48:30.936 INFO  rank 1: slot 4 closed: 134 sampled decode steps, 0 fallbacks
2026-09-22 09:48:30.936 INFO  sched: request 'chatcmpl-8a1e3904842c97f9' retired (steps): 256 tok in 36.5 s — prefill 33 tok (31 cached) in 98 ms; decode 255 tok / 134 passes in 36.4 s: 7.0 tok/s, 142.8 ms/tok, 272 ms/pass, 1.90 tok/pass, accept p1 90 %
2026-09-22 09:48:31.208 INFO  rank 1: slot 3 closed: 136 sampled decode steps, 0 fallbacks
2026-09-22 09:48:31.209 INFO  sched: request 'chatcmpl-8a1e3904842c97f8' retired (steps): 256 tok in 37.0 s — prefill 47 tok (45 cached) in 98 ms; decode 255 tok / 136 passes in 36.9 s: 6.9 tok/s, 144.8 ms/tok, 272 ms/pass, 1.88 tok/pass, accept p1 88 %
2026-09-22 09:48:31.209 INFO  rank 1: slot 0 closed: 139 sampled decode steps, 0 fallbacks
2026-09-22 09:48:31.209 INFO  sched: request 'chatcmpl-8a1e3904842c97f5' retired (steps): 256 tok in 37.6 s — prefill 45 tok (43 cached) in 96 ms; decode 255 tok / 139 passes in 37.5 s: 6.8 tok/s, 147.1 ms/tok, 270 ms/pass, 1.83 tok/pass, accept p1 84 %
2026-09-22 09:48:31.698 INFO  rank 1: slot 2 closed: 139 sampled decode steps, 0 fallbacks
2026-09-22 09:48:31.698 INFO  sched: request 'chatcmpl-8a1e3904842c97f7' retired (steps): 256 tok in 37.7 s — prefill 34 tok (32 cached) in 98 ms; decode 255 tok / 139 passes in 37.6 s: 6.8 tok/s, 147.6 ms/tok, 271 ms/pass, 1.83 tok/pass, accept p1 84 %
2026-09-22 09:48:31.937 INFO  rank 1: slot 5 closed: 137 sampled decode steps, 0 fallbacks
2026-09-22 09:48:31.937 INFO  sched: request 'chatcmpl-8a1e3904842c97fa' retired (steps): 256 tok in 37.2 s — prefill 33 tok (31 cached) in 98 ms; decode 255 tok / 137 passes in 37.1 s: 6.9 tok/s, 145.5 ms/tok, 271 ms/pass, 1.86 tok/pass, accept p1 86 %
2026-09-22 09:48:32.155 INFO  stats: rank 1 | 10.0 s | decode 49.3 tok/s, 19.5 ms/tok, 260.9 ms/step (37 steps / 495 tok, 96 % of wall) | mtp 1.82 tok/step/req, accept p1 83 % | prefill 0 prompts / 0 tok, 0 tok cached (0/0 hits) | live 2, queued 0 | pool 944/960 blocks (98 %) | prefix cache 73/4096 entries
2026-09-22 09:48:32.586 INFO  rank 1: slot 6 closed: 139 sampled decode steps, 0 fallbacks
2026-09-22 09:48:32.587 INFO  sched: request 'chatcmpl-8a1e3904842c97fb' retired (steps): 256 tok in 37.5 s — prefill 35 tok (33 cached) in 102 ms; decode 255 tok / 139 passes in 37.4 s: 6.8 tok/s, 146.8 ms/tok, 269 ms/pass, 1.83 tok/pass, accept p1 83 %
2026-09-22 09:48:32.722 INFO  rank 1: slot 7 closed: 140 sampled decode steps, 0 fallbacks
2026-09-22 09:48:32.723 INFO  sched: request 'chatcmpl-8a1e3904842c97fc' retired (steps): 256 tok in 37.3 s — prefill 35 tok (33 cached) in 99 ms; decode 255 tok / 140 passes in 37.2 s: 6.9 tok/s, 145.9 ms/tok, 266 ms/pass, 1.82 tok/pass, accept p1 83 %
2026-09-22 09:48:32.832 INFO  sched: request 'chatcmpl-8a1e3904842c97fd' admitted to slot 0 (reserve 3 blocks; pool 945/960 blocks in use) — first token 785
2026-09-22 09:48:32.993 INFO  sched: request 'chatcmpl-8a1e3904842c97fe' admitted to slot 1 (reserve 3 blocks; pool 949/960 blocks in use) — first token 785
2026-09-22 09:48:33.181 INFO  sched: request 'chatcmpl-8a1e3904842c97ff' admitted to slot 2 (reserve 3 blocks; pool 953/960 blocks in use) — first token 785
2026-09-22 09:48:33.406 INFO  sched: request 'chatcmpl-8a1e3904842c9800' admitted to slot 3 (reserve 3 blocks; pool 957/960 blocks in use) — first token 785
2026-09-22 09:48:33.652 INFO  sched: request 'chatcmpl-8a1e3904842c9801' admitted to slot 4 (reserve 3 blocks; pool 700/960 blocks in use) — first token 785
2026-09-22 09:48:33.955 INFO  sched: request 'chatcmpl-8a1e3904842c9802' admitted to slot 5 (reserve 3 blocks; pool 704/960 blocks in use) — first token 785
2026-09-22 09:48:34.266 INFO  sched: request 'chatcmpl-8a1e3904842c9803' admitted to slot 6 (reserve 3 blocks; pool 708/960 blocks in use) — first token 785
2026-09-22 09:48:34.627 INFO  sched: request 'chatcmpl-8a1e3904842c9804' admitted to slot 7 (reserve 3 blocks; pool 712/960 blocks in use) — first token 785
2026-09-22 09:48:42.244 INFO  stats: rank 1 | 10.1 s | decode 51.5 tok/s, 17.2 ms/tok, 223.1 ms/step (40 steps / 520 tok, 88 % of wall) | mtp 1.95 tok/step/req, accept p1 93 % | prefill 8 prompts / 16 tok, 2 tok/s, 48.87 ms/tok, 98 ms avg (8 % of wall), 297 tok cached (8/8 hits) | live 8, queued 0 | pool 713/960 blocks (74 %) | prefix cache 72/4096 entries
2026-09-22 09:48:52.272 INFO  stats: rank 1 | 10.0 s | decode 55.5 tok/s, 17.3 ms/tok, 260.0 ms/step (37 steps / 557 tok, 96 % of wall) | mtp 1.88 tok/step/req, accept p1 88 % | prefill 0 prompts / 0 tok, 0 tok cached (0/0 hits) | live 8, queued 0 | pool 713/960 blocks (74 %) | prefix cache 72/4096 entries
2026-09-22 09:49:02.365 INFO  stats: rank 1 | 10.1 s | decode 54.3 tok/s, 17.7 ms/tok, 261.7 ms/step (37 steps / 548 tok, 96 % of wall) | mtp 1.85 tok/step/req, accept p1 85 % | prefill 0 prompts / 0 tok, 0 tok cached (0/0 hits) | live 8, queued 0 | pool 713/960 blocks (74 %) | prefix cache 72/4096 entries
2026-09-22 09:49:09.195 INFO  rank 1: slot 1 closed: 134 sampled decode steps, 0 fallbacks
2026-09-22 09:49:09.195 INFO  sched: request 'chatcmpl-8a1e3904842c97fe' retired (steps): 256 tok in 36.2 s — prefill 33 tok (31 cached) in 96 ms; decode 255 tok / 134 passes in 36.1 s: 7.1 tok/s, 141.6 ms/tok, 269 ms/pass, 1.90 tok/pass, accept p1 91 %
2026-09-22 09:49:09.476 INFO  rank 1: slot 0 closed: 136 sampled decode steps, 0 fallbacks
2026-09-22 09:49:09.476 INFO  sched: request 'chatcmpl-8a1e3904842c97fd' retired (steps): 256 tok in 36.6 s — prefill 34 tok (32 cached) in 97 ms; decode 255 tok / 136 passes in 36.5 s: 7.0 tok/s, 143.3 ms/tok, 269 ms/pass, 1.88 tok/pass, accept p1 88 %
2026-09-22 09:49:10.521 INFO  rank 1: slot 2 closed: 138 sampled decode steps, 0 fallbacks
2026-09-22 09:49:10.522 INFO  sched: request 'chatcmpl-8a1e3904842c97ff' retired (steps): 256 tok in 37.3 s — prefill 45 tok (43 cached) in 96 ms; decode 255 tok / 138 passes in 37.2 s: 6.8 tok/s, 146.1 ms/tok, 270 ms/pass, 1.85 tok/pass, accept p1 85 %
2026-09-22 09:49:10.795 INFO  rank 1: slot 6 closed: 135 sampled decode steps, 0 fallbacks
2026-09-22 09:49:10.795 INFO  sched: request 'chatcmpl-8a1e3904842c9803' retired (steps): 256 tok in 36.5 s — prefill 35 tok (33 cached) in 99 ms; decode 255 tok / 135 passes in 36.4 s: 7.0 tok/s, 142.9 ms/tok, 270 ms/pass, 1.89 tok/pass, accept p1 90 %
2026-09-22 09:49:10.795 INFO  rank 1: slot 7 closed: 134 sampled decode steps, 0 fallbacks
2026-09-22 09:49:10.795 INFO  sched: request 'chatcmpl-8a1e3904842c9804' retired (steps): 256 tok in 36.2 s — prefill 51 tok (49 cached) in 99 ms; decode 255 tok / 134 passes in 36.1 s: 7.1 tok/s, 141.4 ms/tok, 269 ms/pass, 1.90 tok/pass, accept p1 91 %
2026-09-22 09:49:11.175 INFO  rank 1: slot 4 closed: 139 sampled decode steps, 0 fallbacks
2026-09-22 09:49:11.176 INFO  sched: request 'chatcmpl-8a1e3904842c9801' retired (steps): 256 tok in 37.5 s — prefill 35 tok (33 cached) in 98 ms; decode 255 tok / 139 passes in 37.4 s: 6.8 tok/s, 146.8 ms/tok, 269 ms/pass, 1.83 tok/pass, accept p1 83 %
2026-09-22 09:49:11.542 INFO  rank 1: slot 5 closed: 140 sampled decode steps, 0 fallbacks
2026-09-22 09:49:11.542 INFO  sched: request 'chatcmpl-8a1e3904842c9802' retired (steps): 256 tok in 37.6 s — prefill 47 tok (45 cached) in 98 ms; decode 255 tok / 140 passes in 37.5 s: 6.8 tok/s, 147.0 ms/tok, 268 ms/pass, 1.82 tok/pass, accept p1 83 %
2026-09-22 09:49:11.609 INFO  rank 1: slot 3 closed: 143 sampled decode steps, 0 fallbacks
2026-09-22 09:49:11.609 INFO  sched: request 'chatcmpl-8a1e3904842c9800' retired (steps): 256 tok in 38.2 s — prefill 33 tok (31 cached) in 100 ms; decode 255 tok / 143 passes in 38.1 s: 6.7 tok/s, 149.4 ms/tok, 266 ms/pass, 1.78 tok/pass, accept p1 79 %
2026-09-22 09:49:12.416 INFO  sched: request 'chatcmpl-8a1e3904842c9805' prefix cache miss — 3 cut(s) probed against 80 entries; an entry at this prompt's cut 44 was evicted (109 eviction(s) ago, last used at tick 4018, now tick 10952; the arena holds 4096 slots)
2026-09-22 09:49:12.416 INFO  sched: request 'chatcmpl-8a1e3904842c9805' admitted to slot 0 (reserve 3 blocks; pool 709/960 blocks in use) — first token 785
2026-09-22 09:49:12.479 INFO  stats: rank 1 | 10.1 s | decode 43.1 tok/s, 20.5 ms/tok, 241.6 ms/step (37 steps / 436 tok, 88 % of wall) | mtp 1.76 tok/step/req, accept p1 78 % | prefill 1 prompt / 46 tok, 5 tok/s, 17.07 ms/tok, 785 ms avg (8 % of wall), 0 tok cached (0/1 hit) | live 1, queued 0 | pool 710/960 blocks (74 %) | prefix cache 81/4096 entries
2026-09-22 09:49:20.672 INFO  rank 1: slot 0 closed: 129 sampled decode steps, 0 fallbacks
2026-09-22 09:49:20.673 INFO  sched: request 'chatcmpl-8a1e3904842c9805' retired (steps): 256 tok in 8.3 s — prefill 46 tok (0 cached) in 785 ms; decode 255 tok / 129 passes in 7.5 s: 34.1 tok/s, 29.3 ms/tok, 58 ms/pass, 1.98 tok/pass, accept p1 98 %
2026-09-22 09:49:20.776 INFO  sched: request 'chatcmpl-8a1e3904842c9806' admitted to slot 0 (reserve 3 blocks; pool 712/960 blocks in use) — first token 785
2026-09-22 09:49:22.520 INFO  stats: rank 1 | 10.0 s | decode 30.5 tok/s, 31.9 ms/tok, 63.1 ms/step (155 steps / 306 tok, 97 % of wall) | mtp 1.97 tok/step/req, accept p1 97 % | prefill 1 prompt / 2 tok, 0 tok/s, 48.27 ms/tok, 97 ms avg (1 % of wall), 44 tok cached (1/1 hit) | live 1, queued 0 | pool 713/960 blocks (74 %) | prefix cache 82/4096 entries
2026-09-22 09:49:29.045 INFO  rank 1: slot 0 closed: 129 sampled decode steps, 0 fallbacks
2026-09-22 09:49:29.045 INFO  sched: request 'chatcmpl-8a1e3904842c9806' retired (steps): 256 tok in 8.3 s — prefill 46 tok (44 cached) in 97 ms; decode 255 tok / 129 passes in 8.2 s: 31.2 tok/s, 32.1 ms/tok, 63 ms/pass, 1.98 tok/pass, accept p1 98 %
2026-09-22 09:49:29.148 INFO  sched: request 'chatcmpl-8a1e3904842c9807' admitted to slot 0 (reserve 3 blocks; pool 715/960 blocks in use) — first token 785
2026-09-22 09:49:32.537 INFO  stats: rank 1 | 10.0 s | decode 30.7 tok/s, 31.6 ms/tok, 62.9 ms/step (155 steps / 308 tok, 97 % of wall) | mtp 1.99 tok/step/req, accept p1 99 % | prefill 1 prompt / 2 tok, 0 tok/s, 48.18 ms/tok, 96 ms avg (1 % of wall), 44 tok cached (1/1 hit) | live 1, queued 0 | pool 716/960 blocks (75 %) | prefix cache 83/4096 entries
2026-09-22 09:49:37.505 INFO  rank 1: slot 0 closed: 129 sampled decode steps, 0 fallbacks
2026-09-22 09:49:37.506 INFO  sched: request 'chatcmpl-8a1e3904842c9807' retired (steps): 256 tok in 8.4 s — prefill 46 tok (44 cached) in 96 ms; decode 255 tok / 129 passes in 8.3 s: 30.9 tok/s, 32.4 ms/tok, 64 ms/pass, 1.98 tok/pass, accept p1 98 %
2026-09-22 09:49:38.318 INFO  sched: request 'chatcmpl-8a1e3904842c9808' prefix cache miss — 3 cut(s) probed against 84 entries; an entry at this prompt's cut 43 was evicted (100 eviction(s) ago, last used at tick 4883, now tick 11346; the arena holds 4096 slots)
2026-09-22 09:49:38.318 INFO  sched: request 'chatcmpl-8a1e3904842c9808' admitted to slot 0 (reserve 3 blocks; pool 719/960 blocks in use) — first token 785
2026-09-22 09:49:39.093 INFO  sched: request 'chatcmpl-8a1e3904842c9809' prefix cache miss — 3 cut(s) probed against 85 entries; an entry at this prompt's cut 32 was evicted (98 eviction(s) ago, last used at tick 4885, now tick 11347; the arena holds 4096 slots)
2026-09-22 09:49:39.093 INFO  sched: request 'chatcmpl-8a1e3904842c9809' admitted to slot 1 (reserve 3 blocks; pool 724/960 blocks in use) — first token 785
2026-09-22 09:49:39.893 INFO  sched: request 'chatcmpl-8a1e3904842c980a' prefix cache miss — 3 cut(s) probed against 86 entries; an entry at this prompt's cut 31 was evicted (97 eviction(s) ago, last used at tick 4886, now tick 11348; the arena holds 4096 slots)
2026-09-22 09:49:39.893 INFO  sched: request 'chatcmpl-8a1e3904842c980a' admitted to slot 2 (reserve 3 blocks; pool 729/960 blocks in use) — first token 785
2026-09-22 09:49:40.727 INFO  sched: request 'chatcmpl-8a1e3904842c980b' prefix cache miss — 3 cut(s) probed against 87 entries; an entry at this prompt's cut 32 was evicted (88 eviction(s) ago, last used at tick 5336, now tick 11349; the arena holds 4096 slots)
2026-09-22 09:49:40.727 INFO  sched: request 'chatcmpl-8a1e3904842c980b' admitted to slot 3 (reserve 3 blocks; pool 734/960 blocks in use) — first token 785
2026-09-22 09:49:41.620 INFO  sched: request 'chatcmpl-8a1e3904842c980c' prefix cache miss — 3 cut(s) probed against 88 entries; an entry at this prompt's cut 34 was evicted (99 eviction(s) ago, last used at tick 4884, now tick 11350; the arena holds 4096 slots)
2026-09-22 09:49:41.620 INFO  sched: request 'chatcmpl-8a1e3904842c980c' admitted to slot 4 (reserve 3 blocks; pool 739/960 blocks in use) — first token 785
2026-09-22 09:49:42.546 INFO  sched: request 'chatcmpl-8a1e3904842c980d' prefix cache miss — 3 cut(s) probed against 89 entries; an entry at this prompt's cut 32 was evicted (84 eviction(s) ago, last used at tick 5340, now tick 11351; the arena holds 4096 slots)
2026-09-22 09:49:42.546 INFO  sched: request 'chatcmpl-8a1e3904842c980d' admitted to slot 5 (reserve 3 blocks; pool 744/960 blocks in use) — first token 785
2026-09-22 09:49:42.746 INFO  stats: rank 1 | 10.2 s | decode 19.2 tok/s, 29.1 ms/tok, 69.5 ms/step (82 steps / 196 tok, 56 % of wall) | mtp 2.02 tok/step/req, accept p1 96 % | prefill 6 prompts / 216 tok, 21 tok/s, 20.24 ms/tok, 729 ms avg (43 % of wall), 0 tok cached (0/6 hits) | live 6, queued 2 | pool 745/960 blocks (78 %) | prefix cache 90/4096 entries
2026-09-22 09:49:43.550 INFO  sched: request 'chatcmpl-8a1e3904842c980e' prefix cache miss — 3 cut(s) probed against 90 entries; an entry at this prompt's cut 45 was evicted (106 eviction(s) ago, last used at tick 4454, now tick 11352; the arena holds 4096 slots)
2026-09-22 09:49:43.550 INFO  sched: request 'chatcmpl-8a1e3904842c980e' admitted to slot 6 (reserve 3 blocks; pool 749/960 blocks in use) — first token 785
2026-09-22 09:49:44.589 INFO  sched: request 'chatcmpl-8a1e3904842c980f' prefix cache miss — 3 cut(s) probed against 91 entries; an entry at this prompt's cut 44 was evicted (105 eviction(s) ago, last used at tick 4455, now tick 11353; the arena holds 4096 slots)
2026-09-22 09:49:44.589 INFO  sched: request 'chatcmpl-8a1e3904842c980f' admitted to slot 7 (reserve 3 blocks; pool 754/960 blocks in use) — first token 785
2026-09-22 09:49:52.822 INFO  stats: rank 1 | 10.1 s | decode 49.5 tok/s, 16.3 ms/tok, 246.8 ms/step (33 steps / 499 tok, 81 % of wall) | mtp 1.90 tok/step/req, accept p1 89 % | prefill 2 prompts / 93 tok, 9 tok/s, 17.01 ms/tok, 791 ms avg (16 % of wall), 0 tok cached (0/2 hits) | live 8, queued 0 | pool 755/960 blocks (79 %) | prefix cache 92/4096 entries
2026-09-22 09:50:02.927 INFO  stats: rank 1 | 10.1 s | decode 59.1 tok/s, 16.3 ms/tok, 255.4 ms/step (38 steps / 597 tok, 96 % of wall) | mtp 1.96 tok/step/req, accept p1 96 % | prefill 0 prompts / 0 tok, 0 tok cached (0/0 hits) | live 8, queued 0 | pool 755/960 blocks (79 %) | prefix cache 92/4096 entries
2026-09-22 09:50:13.144 INFO  stats: rank 1 | 10.2 s | decode 58.3 tok/s, 16.5 ms/tok, 258.3 ms/step (38 steps / 596 tok, 96 % of wall) | mtp 1.96 tok/step/req, accept p1 96 % | prefill 0 prompts / 0 tok, 0 tok cached (0/0 hits) | live 8, queued 0 | pool 754/960 blocks (79 %) | prefix cache 92/4096 entries
2026-09-22 09:50:17.159 INFO  rank 1: slot 1 closed: 129 sampled decode steps, 0 fallbacks
2026-09-22 09:50:17.159 INFO  sched: request 'chatcmpl-8a1e3904842c9809' retired (steps): 256 tok in 38.1 s — prefill 34 tok (0 cached) in 709 ms; decode 255 tok / 129 passes in 37.4 s: 6.8 tok/s, 146.5 ms/tok, 290 ms/pass, 1.98 tok/pass, accept p1 98 %
2026-09-22 09:50:17.432 INFO  rank 1: slot 2 closed: 129 sampled decode steps, 0 fallbacks
2026-09-22 09:50:17.432 INFO  sched: request 'chatcmpl-8a1e3904842c980a' retired (steps): 256 tok in 37.5 s — prefill 33 tok (0 cached) in 706 ms; decode 255 tok / 129 passes in 36.8 s: 6.9 tok/s, 144.4 ms/tok, 286 ms/pass, 1.98 tok/pass, accept p1 98 %
2026-09-22 09:50:17.432 INFO  rank 1: slot 0 closed: 131 sampled decode steps, 0 fallbacks
2026-09-22 09:50:17.433 INFO  sched: request 'chatcmpl-8a1e3904842c9808' retired (steps): 256 tok in 39.1 s — prefill 45 tok (0 cached) in 784 ms; decode 255 tok / 131 passes in 38.3 s: 6.7 tok/s, 150.3 ms/tok, 293 ms/pass, 1.95 tok/pass, accept p1 95 %
2026-09-22 09:50:17.691 INFO  rank 1: slot 3 closed: 129 sampled decode steps, 0 fallbacks
2026-09-22 09:50:17.692 INFO  sched: request 'chatcmpl-8a1e3904842c980b' retired (steps): 256 tok in 37.0 s — prefill 34 tok (0 cached) in 711 ms; decode 255 tok / 129 passes in 36.3 s: 7.0 tok/s, 142.2 ms/tok, 281 ms/pass, 1.98 tok/pass, accept p1 98 %
2026-09-22 09:50:18.394 INFO  rank 1: slot 4 closed: 131 sampled decode steps, 0 fallbacks
2026-09-22 09:50:18.400 INFO  sched: request 'chatcmpl-8a1e3904842c980c' retired (steps): 256 tok in 36.8 s — prefill 36 tok (0 cached) in 745 ms; decode 255 tok / 131 passes in 36.0 s: 7.1 tok/s, 141.3 ms/tok, 275 ms/pass, 1.95 tok/pass, accept p1 95 %
2026-09-22 09:50:18.400 INFO  rank 1: slot 5 closed: 130 sampled decode steps, 0 fallbacks
2026-09-22 09:50:18.400 INFO  sched: request 'chatcmpl-8a1e3904842c980d' retired (steps): 256 tok in 35.9 s — prefill 34 tok (0 cached) in 717 ms; decode 255 tok / 130 passes in 35.1 s: 7.3 tok/s, 137.8 ms/tok, 270 ms/pass, 1.96 tok/pass, accept p1 96 %
2026-09-22 09:50:19.262 INFO  rank 1: slot 7 closed: 132 sampled decode steps, 0 fallbacks
2026-09-22 09:50:19.262 INFO  sched: request 'chatcmpl-8a1e3904842c980f' retired (steps): 256 tok in 34.7 s — prefill 46 tok (0 cached) in 785 ms; decode 255 tok / 132 passes in 33.9 s: 7.5 tok/s, 132.9 ms/tok, 257 ms/pass, 1.93 tok/pass, accept p1 94 %
2026-09-22 09:50:19.850 INFO  rank 1: slot 6 closed: 142 sampled decode steps, 0 fallbacks
2026-09-22 09:50:19.851 INFO  sched: request 'chatcmpl-8a1e3904842c980e' retired (steps): 256 tok in 36.3 s — prefill 47 tok (0 cached) in 797 ms; decode 255 tok / 142 passes in 35.5 s: 7.2 tok/s, 139.2 ms/tok, 250 ms/pass, 1.80 tok/pass, accept p1 80 %
2026-09-22 09:50:19.976 INFO  sched: request 'chatcmpl-8a1e3904842c9810' admitted to slot 0 (reserve 3 blocks; pool 750/960 blocks in use) — first token 785
2026-09-22 09:50:20.140 INFO  sched: request 'chatcmpl-8a1e3904842c9811' admitted to slot 1 (reserve 3 blocks; pool 754/960 blocks in use) — first token 785
2026-09-22 09:50:20.328 INFO  sched: request 'chatcmpl-8a1e3904842c9812' admitted to slot 2 (reserve 3 blocks; pool 758/960 blocks in use) — first token 785
2026-09-22 09:50:20.551 INFO  sched: request 'chatcmpl-8a1e3904842c9813' admitted to slot 3 (reserve 3 blocks; pool 762/960 blocks in use) — first token 785
2026-09-22 09:50:20.792 INFO  sched: request 'chatcmpl-8a1e3904842c9814' admitted to slot 4 (reserve 3 blocks; pool 766/960 blocks in use) — first token 785
2026-09-22 09:50:21.094 INFO  sched: request 'chatcmpl-8a1e3904842c9815' admitted to slot 5 (reserve 3 blocks; pool 770/960 blocks in use) — first token 785
2026-09-22 09:50:21.401 INFO  sched: request 'chatcmpl-8a1e3904842c9816' admitted to slot 6 (reserve 3 blocks; pool 774/960 blocks in use) — first token 785
2026-09-22 09:50:21.753 INFO  sched: request 'chatcmpl-8a1e3904842c9817' admitted to slot 7 (reserve 3 blocks; pool 778/960 blocks in use) — first token 785
2026-09-22 09:50:23.241 INFO  stats: rank 1 | 10.1 s | decode 46.2 tok/s, 19.2 ms/tok, 194.6 ms/step (46 steps / 467 tok, 89 % of wall) | mtp 1.97 tok/step/req, accept p1 95 % | prefill 8 prompts / 16 tok, 2 tok/s, 48.93 ms/tok, 98 ms avg (8 % of wall), 293 tok cached (8/8 hits) | live 8, queued 0 | pool 779/960 blocks (81 %) | prefix cache 100/4096 entries
2026-09-22 09:50:33.341 INFO  stats: rank 1 | 10.1 s | decode 58.0 tok/s, 16.5 ms/tok, 248.3 ms/step (39 steps / 586 tok, 96 % of wall) | mtp 1.88 tok/step/req, accept p1 88 % | prefill 0 prompts / 0 tok, 0 tok cached (0/0 hits) | live 8, queued 0 | pool 779/960 blocks (81 %) | prefix cache 100/4096 entries
2026-09-22 09:50:43.509 INFO  stats: rank 1 | 10.2 s | decode 58.6 tok/s, 16.4 ms/tok, 256.9 ms/step (38 steps / 596 tok, 96 % of wall) | mtp 1.96 tok/step/req, accept p1 96 % | prefill 0 prompts / 0 tok, 0 tok cached (0/0 hits) | live 8, queued 0 | pool 779/960 blocks (81 %) | prefix cache 100/4096 entries
2026-09-22 09:50:53.612 INFO  stats: rank 1 | 10.1 s | decode 58.9 tok/s, 16.3 ms/tok, 255.2 ms/step (38 steps / 595 tok, 96 % of wall) | mtp 1.96 tok/step/req, accept p1 96 % | prefill 0 prompts / 0 tok, 0 tok cached (0/0 hits) | live 8, queued 0 | pool 779/960 blocks (81 %) | prefix cache 100/4096 entries
2026-09-22 09:50:54.163 INFO  rank 1: slot 1 closed: 129 sampled decode steps, 0 fallbacks
2026-09-22 09:50:54.163 INFO  sched: request 'chatcmpl-8a1e3904842c9811' retired (steps): 256 tok in 34.0 s — prefill 45 tok (43 cached) in 97 ms; decode 255 tok / 129 passes in 33.9 s: 7.5 tok/s, 133.0 ms/tok, 263 ms/pass, 1.98 tok/pass, accept p1 98 %
2026-09-22 09:50:54.163 INFO  rank 1: slot 0 closed: 130 sampled decode steps, 0 fallbacks
2026-09-22 09:50:54.163 INFO  sched: request 'chatcmpl-8a1e3904842c9810' retired (steps): 256 tok in 34.2 s — prefill 46 tok (44 cached) in 97 ms; decode 255 tok / 130 passes in 34.1 s: 7.5 tok/s, 133.7 ms/tok, 262 ms/pass, 1.96 tok/pass, accept p1 96 %
2026-09-22 09:50:55.445 INFO  rank 1: slot 3 closed: 132 sampled decode steps, 0 fallbacks
2026-09-22 09:50:55.445 INFO  sched: request 'chatcmpl-8a1e3904842c9813' retired (steps): 256 tok in 34.9 s — prefill 34 tok (32 cached) in 96 ms; decode 255 tok / 132 passes in 34.8 s: 7.3 tok/s, 136.5 ms/tok, 264 ms/pass, 1.93 tok/pass, accept p1 94 %
2026-09-22 09:50:55.445 INFO  rank 1: slot 6 closed: 129 sampled decode steps, 0 fallbacks
2026-09-22 09:50:55.445 INFO  sched: request 'chatcmpl-8a1e3904842c9816' retired (steps): 256 tok in 34.0 s — prefill 36 tok (34 cached) in 102 ms; decode 255 tok / 129 passes in 33.9 s: 7.5 tok/s, 133.1 ms/tok, 263 ms/pass, 1.98 tok/pass, accept p1 98 %
2026-09-22 09:50:55.925 INFO  rank 1: slot 4 closed: 133 sampled decode steps, 0 fallbacks
2026-09-22 09:50:55.925 INFO  sched: request 'chatcmpl-8a1e3904842c9814' retired (steps): 256 tok in 35.1 s — prefill 34 tok (32 cached) in 96 ms; decode 255 tok / 133 passes in 35.0 s: 7.3 tok/s, 137.4 ms/tok, 263 ms/pass, 1.92 tok/pass, accept p1 92 %
2026-09-22 09:50:55.925 INFO  rank 1: slot 5 closed: 132 sampled decode steps, 0 fallbacks
2026-09-22 09:50:55.926 INFO  sched: request 'chatcmpl-8a1e3904842c9815' retired (steps): 256 tok in 34.8 s — prefill 34 tok (32 cached) in 98 ms; decode 255 tok / 132 passes in 34.7 s: 7.3 tok/s, 136.2 ms/tok, 263 ms/pass, 1.93 tok/pass, accept p1 93 %
2026-09-22 09:50:56.573 INFO  rank 1: slot 7 closed: 133 sampled decode steps, 0 fallbacks
2026-09-22 09:50:56.573 INFO  sched: request 'chatcmpl-8a1e3904842c9817' retired (steps): 256 tok in 34.8 s — prefill 33 tok (31 cached) in 99 ms; decode 255 tok / 133 passes in 34.7 s: 7.3 tok/s, 136.2 ms/tok, 261 ms/pass, 1.92 tok/pass, accept p1 92 %
2026-09-22 09:50:56.708 INFO  rank 1: slot 2 closed: 140 sampled decode steps, 0 fallbacks
2026-09-22 09:50:56.708 INFO  sched: request 'chatcmpl-8a1e3904842c9812' retired (steps): 256 tok in 36.4 s — prefill 47 tok (45 cached) in 97 ms; decode 255 tok / 140 passes in 36.3 s: 7.0 tok/s, 142.3 ms/tok, 259 ms/pass, 1.82 tok/pass, accept p1 83 %
2026-09-22 09:50:56.815 INFO  sched: request 'chatcmpl-8a1e3904842c9818' admitted to slot 0 (reserve 3 blocks; pool 774/960 blocks in use) — first token 785
2026-09-22 09:50:56.976 INFO  sched: request 'chatcmpl-8a1e3904842c9819' admitted to slot 1 (reserve 3 blocks; pool 778/960 blocks in use) — first token 785
2026-09-22 09:50:57.165 INFO  sched: request 'chatcmpl-8a1e3904842c981a' admitted to slot 2 (reserve 3 blocks; pool 782/960 blocks in use) — first token 785
2026-09-22 09:50:57.392 INFO  sched: request 'chatcmpl-8a1e3904842c981b' admitted to slot 3 (reserve 3 blocks; pool 786/960 blocks in use) — first token 785
2026-09-22 09:50:57.643 INFO  sched: request 'chatcmpl-8a1e3904842c981c' admitted to slot 4 (reserve 3 blocks; pool 790/960 blocks in use) — first token 785
2026-09-22 09:50:57.945 INFO  sched: request 'chatcmpl-8a1e3904842c981d' admitted to slot 5 (reserve 3 blocks; pool 794/960 blocks in use) — first token 785
2026-09-22 09:50:58.251 INFO  sched: request 'chatcmpl-8a1e3904842c981e' admitted to slot 6 (reserve 3 blocks; pool 798/960 blocks in use) — first token 785
2026-09-22 09:50:58.607 INFO  sched: request 'chatcmpl-8a1e3904842c981f' admitted to slot 7 (reserve 3 blocks; pool 802/960 blocks in use) — first token 785
2026-09-22 09:51:03.733 INFO  stats: rank 1 | 10.1 s | decode 46.5 tok/s, 19.0 ms/tok, 218.7 ms/step (41 steps / 471 tok, 89 % of wall) | mtp 1.88 tok/step/req, accept p1 87 % | prefill 8 prompts / 16 tok, 2 tok/s, 48.93 ms/tok, 98 ms avg (8 % of wall), 293 tok cached (8/8 hits) | live 8, queued 0 | pool 803/960 blocks (84 %) | prefix cache 108/4096 entries
2026-09-22 09:51:13.887 INFO  stats: rank 1 | 10.2 s | decode 57.7 tok/s, 16.6 ms/tok, 256.4 ms/step (38 steps / 586 tok, 96 % of wall) | mtp 1.93 tok/step/req, accept p1 93 % | prefill 0 prompts / 0 tok, 0 tok cached (0/0 hits) | live 8, queued 0 | pool 803/960 blocks (84 %) | prefix cache 108/4096 entries
2026-09-22 09:51:24.020 INFO  stats: rank 1 | 10.1 s | decode 59.0 tok/s, 16.3 ms/tok, 255.9 ms/step (38 steps / 598 tok, 96 % of wall) | mtp 1.97 tok/step/req, accept p1 97 % | prefill 0 prompts / 0 tok, 0 tok cached (0/0 hits) | live 8, queued 0 | pool 803/960 blocks (84 %) | prefix cache 108/4096 entries
2026-09-22 09:51:31.802 INFO  rank 1: slot 3 closed: 129 sampled decode steps, 0 fallbacks
2026-09-22 09:51:31.802 INFO  sched: request 'chatcmpl-8a1e3904842c981b' retired (steps): 256 tok in 34.4 s — prefill 36 tok (34 cached) in 101 ms; decode 255 tok / 129 passes in 34.3 s: 7.4 tok/s, 134.5 ms/tok, 266 ms/pass, 1.98 tok/pass, accept p1 98 %
2026-09-22 09:51:31.803 INFO  rank 1: slot 0 closed: 132 sampled decode steps, 0 fallbacks
2026-09-22 09:51:31.803 INFO  sched: request 'chatcmpl-8a1e3904842c9818' retired (steps): 256 tok in 35.0 s — prefill 33 tok (31 cached) in 97 ms; decode 255 tok / 132 passes in 34.9 s: 7.3 tok/s, 136.8 ms/tok, 264 ms/pass, 1.93 tok/pass, accept p1 93 %
2026-09-22 09:51:32.332 INFO  rank 1: slot 2 closed: 132 sampled decode steps, 0 fallbacks
2026-09-22 09:51:32.333 INFO  sched: request 'chatcmpl-8a1e3904842c981a' retired (steps): 256 tok in 35.2 s — prefill 34 tok (32 cached) in 96 ms; decode 255 tok / 132 passes in 35.1 s: 7.3 tok/s, 137.5 ms/tok, 266 ms/pass, 1.93 tok/pass, accept p1 93 %
2026-09-22 09:51:32.333 INFO  rank 1: slot 4 closed: 130 sampled decode steps, 0 fallbacks
2026-09-22 09:51:32.333 INFO  sched: request 'chatcmpl-8a1e3904842c981c' retired (steps): 256 tok in 34.7 s — prefill 45 tok (43 cached) in 100 ms; decode 255 tok / 130 passes in 34.6 s: 7.4 tok/s, 135.6 ms/tok, 266 ms/pass, 1.96 tok/pass, accept p1 96 %
2026-09-22 09:51:32.333 INFO  rank 1: slot 5 closed: 129 sampled decode steps, 0 fallbacks
2026-09-22 09:51:32.334 INFO  sched: request 'chatcmpl-8a1e3904842c981d' retired (steps): 256 tok in 34.4 s — prefill 46 tok (44 cached) in 98 ms; decode 255 tok / 129 passes in 34.3 s: 7.4 tok/s, 134.5 ms/tok, 266 ms/pass, 1.98 tok/pass, accept p1 98 %
2026-09-22 09:51:33.028 INFO  rank 1: slot 6 closed: 131 sampled decode steps, 0 fallbacks
2026-09-22 09:51:33.028 INFO  sched: request 'chatcmpl-8a1e3904842c981e' retired (steps): 256 tok in 34.8 s — prefill 34 tok (32 cached) in 98 ms; decode 255 tok / 131 passes in 34.7 s: 7.4 tok/s, 136.0 ms/tok, 265 ms/pass, 1.95 tok/pass, accept p1 95 %
2026-09-22 09:51:33.252 INFO  rank 1: slot 7 closed: 131 sampled decode steps, 0 fallbacks
2026-09-22 09:51:33.252 INFO  sched: request 'chatcmpl-8a1e3904842c981f' retired (steps): 256 tok in 34.6 s — prefill 34 tok (32 cached) in 98 ms; decode 255 tok / 131 passes in 34.5 s: 7.4 tok/s, 135.5 ms/tok, 264 ms/pass, 1.95 tok/pass, accept p1 95 %
2026-09-22 09:51:33.767 INFO  rank 1: slot 1 closed: 145 sampled decode steps, 0 fallbacks
2026-09-22 09:51:33.767 INFO  sched: request 'chatcmpl-8a1e3904842c9819' retired (steps): 256 tok in 36.8 s — prefill 47 tok (45 cached) in 95 ms; decode 255 tok / 145 passes in 36.7 s: 6.9 tok/s, 143.9 ms/tok, 253 ms/pass, 1.76 tok/pass, accept p1 77 %
2026-09-22 09:51:34.780 INFO  sched: request 'chatcmpl-8a1e3904842c9820' prefix cache miss — 3 cut(s) probed against 116 entries; an entry at this prompt's cut 66 was evicted (79 eviction(s) ago, last used at tick 5776, now tick 11797; the arena holds 4096 slots)
2026-09-22 09:51:34.780 INFO  sched: request 'chatcmpl-8a1e3904842c9820' admitted to slot 0 (reserve 3 blocks; pool 799/960 blocks in use) — first token 1654
2026-09-22 09:51:34.844 INFO  stats: rank 1 | 10.8 s | decode 47.2 tok/s, 18.5 ms/tok, 214.5 ms/step (44 steps / 511 tok, 87 % of wall) | mtp 1.94 tok/step/req, accept p1 95 % | prefill 1 prompt / 68 tok, 6 tok/s, 13.72 ms/tok, 933 ms avg (9 % of wall), 0 tok cached (0/1 hit) | live 1, queued 0 | pool 800/960 blocks (83 %) | prefix cache 117/4096 entries
2026-09-22 09:51:43.568 INFO  rank 1: slot 0 closed: 136 sampled decode steps, 0 fallbacks
2026-09-22 09:51:43.569 INFO  sched: request 'chatcmpl-8a1e3904842c9820' retired (steps): 256 tok in 8.8 s — prefill 68 tok (0 cached) in 933 ms; decode 255 tok / 136 passes in 7.9 s: 32.5 tok/s, 30.8 ms/tok, 58 ms/pass, 1.88 tok/pass, accept p1 88 %
2026-09-22 09:51:43.681 INFO  sched: request 'chatcmpl-8a1e3904842c9821' admitted to slot 0 (reserve 3 blocks; pool 802/960 blocks in use) — first token 10056
2026-09-22 09:51:44.888 INFO  stats: rank 1 | 10.0 s | decode 29.0 tok/s, 33.5 ms/tok, 63.4 ms/step (154 steps / 291 tok, 97 % of wall) | mtp 1.89 tok/step/req, accept p1 88 % | prefill 1 prompt / 2 tok, 0 tok/s, 47.70 ms/tok, 95 ms avg (1 % of wall), 66 tok cached (1/1 hit) | live 1, queued 0 | pool 803/960 blocks (84 %) | prefix cache 118/4096 entries
2026-09-22 09:51:52.225 INFO  rank 1: slot 0 closed: 131 sampled decode steps, 0 fallbacks
2026-09-22 09:51:52.225 INFO  sched: request 'chatcmpl-8a1e3904842c9821' retired (steps): 256 tok in 8.5 s — prefill 68 tok (66 cached) in 95 ms; decode 255 tok / 131 passes in 8.4 s: 30.2 tok/s, 33.1 ms/tok, 64 ms/pass, 1.95 tok/pass, accept p1 95 %
2026-09-22 09:51:52.328 INFO  sched: request 'chatcmpl-8a1e3904842c9822' admitted to slot 0 (reserve 3 blocks; pool 805/960 blocks in use) — first token 10056
2026-09-22 09:51:54.949 INFO  stats: rank 1 | 10.1 s | decode 29.5 tok/s, 33.0 ms/tok, 64.0 ms/step (153 steps / 297 tok, 97 % of wall) | mtp 1.94 tok/step/req, accept p1 94 % | prefill 1 prompt / 2 tok, 0 tok/s, 48.44 ms/tok, 97 ms avg (1 % of wall), 66 tok cached (1/1 hit) | live 1, queued 0 | pool 806/960 blocks (84 %) | prefix cache 119/4096 entries
2026-09-22 09:52:00.885 INFO  rank 1: slot 0 closed: 133 sampled decode steps, 0 fallbacks
2026-09-22 09:52:00.885 INFO  sched: request 'chatcmpl-8a1e3904842c9822' retired (steps): 256 tok in 8.6 s — prefill 68 tok (66 cached) in 97 ms; decode 255 tok / 133 passes in 8.5 s: 30.1 tok/s, 33.2 ms/tok, 64 ms/pass, 1.92 tok/pass, accept p1 92 %
2026-09-22 09:52:01.656 INFO  sched: request 'chatcmpl-8a1e3904842c9823' prefix cache miss — 3 cut(s) probed against 120 entries; an entry at this prompt's cut 33 was evicted (67 eviction(s) ago, last used at tick 6642, now tick 12209; the arena holds 4096 slots)
2026-09-22 09:52:01.656 INFO  sched: request 'chatcmpl-8a1e3904842c9823' admitted to slot 0 (reserve 3 blocks; pool 809/960 blocks in use) — first token 785
2026-09-22 09:52:02.616 INFO  sched: request 'chatcmpl-8a1e3904842c9824' prefix cache miss — 3 cut(s) probed against 121 entries; an entry at this prompt's cut 59 was evicted (76 eviction(s) ago, last used at tick 6192, now tick 12210; the arena holds 4096 slots)
2026-09-22 09:52:02.616 INFO  sched: request 'chatcmpl-8a1e3904842c9824' admitted to slot 1 (reserve 3 blocks; pool 814/960 blocks in use) — first token 1654
2026-09-22 09:52:03.558 INFO  sched: request 'chatcmpl-8a1e3904842c9825' prefix cache miss — 3 cut(s) probed against 122 entries; an entry at this prompt's cut 52 was evicted (70 eviction(s) ago, last used at tick 6639, now tick 12211; the arena holds 4096 slots)
2026-09-22 09:52:03.558 INFO  sched: request 'chatcmpl-8a1e3904842c9825' admitted to slot 2 (reserve 3 blocks; pool 819/960 blocks in use) — first token 1654
2026-09-22 09:52:04.444 INFO  sched: request 'chatcmpl-8a1e3904842c9826' prefix cache miss — 3 cut(s) probed against 123 entries; an entry at this prompt's cut 37 was evicted (69 eviction(s) ago, last used at tick 6640, now tick 12212; the arena holds 4096 slots)
2026-09-22 09:52:04.444 INFO  sched: request 'chatcmpl-8a1e3904842c9826' admitted to slot 3 (reserve 3 blocks; pool 824/960 blocks in use) — first token 785
2026-09-22 09:52:05.358 INFO  sched: request 'chatcmpl-8a1e3904842c9827' prefix cache miss — 3 cut(s) probed against 124 entries; an entry at this prompt's cut 37 was evicted (58 eviction(s) ago, last used at tick 7094, now tick 12213; the arena holds 4096 slots)
2026-09-22 09:52:05.358 INFO  sched: request 'chatcmpl-8a1e3904842c9827' admitted to slot 4 (reserve 3 blocks; pool 829/960 blocks in use) — first token 785
2026-09-22 09:52:05.570 INFO  stats: rank 1 | 10.6 s | decode 19.7 tok/s, 30.9 ms/tok, 66.6 ms/step (97 steps / 209 tok, 61 % of wall) | mtp 1.95 tok/step/req, accept p1 91 % | prefill 5 prompts / 228 tok, 21 tok/s, 17.52 ms/tok, 799 ms avg (38 % of wall), 0 tok cached (0/5 hits) | live 5, queued 3 | pool 830/960 blocks (86 %) | prefix cache 125/4096 entries
2026-09-22 09:52:06.331 INFO  sched: request 'chatcmpl-8a1e3904842c9828' prefix cache miss — 3 cut(s) probed against 125 entries; an entry at this prompt's cut 35 was evicted (68 eviction(s) ago, last used at tick 6641, now tick 12214; the arena holds 4096 slots)
2026-09-22 09:52:06.331 INFO  sched: request 'chatcmpl-8a1e3904842c9828' admitted to slot 5 (reserve 3 blocks; pool 834/960 blocks in use) — first token 785
2026-09-22 09:52:07.399 INFO  sched: request 'chatcmpl-8a1e3904842c9829' prefix cache miss — 3 cut(s) probed against 126 entries; an entry at this prompt's cut 52 was evicted (75 eviction(s) ago, last used at tick 6193, now tick 12215; the arena holds 4096 slots)
2026-09-22 09:52:07.399 INFO  sched: request 'chatcmpl-8a1e3904842c9829' admitted to slot 6 (reserve 3 blocks; pool 839/960 blocks in use) — first token 1654
2026-09-22 09:52:08.417 INFO  sched: request 'chatcmpl-8a1e3904842c982a' prefix cache miss — 3 cut(s) probed against 127 entries; an entry at this prompt's cut 34 was evicted (57 eviction(s) ago, last used at tick 7095, now tick 12216; the arena holds 4096 slots)
2026-09-22 09:52:08.417 INFO  sched: request 'chatcmpl-8a1e3904842c982a' admitted to slot 7 (reserve 3 blocks; pool 844/960 blocks in use) — first token 785
2026-09-22 09:52:15.835 INFO  stats: rank 1 | 10.3 s | decode 45.2 tok/s, 16.4 ms/tok, 253.0 ms/step (30 steps / 464 tok, 74 % of wall) | mtp 1.96 tok/step/req, accept p1 95 % | prefill 3 prompts / 127 tok, 12 tok/s, 18.57 ms/tok, 786 ms avg (23 % of wall), 0 tok cached (0/3 hits) | live 8, queued 0 | pool 845/960 blocks (88 %) | prefix cache 128/4096 entries
2026-09-22 09:52:26.006 INFO  stats: rank 1 | 10.2 s | decode 55.6 tok/s, 17.3 ms/tok, 264.2 ms/step (37 steps / 565 tok, 96 % of wall) | mtp 1.91 tok/step/req, accept p1 91 % | prefill 0 prompts / 0 tok, 0 tok cached (0/0 hits) | live 8, queued 0 | pool 845/960 blocks (88 %) | prefix cache 128/4096 entries
2026-09-22 09:52:36.132 INFO  stats: rank 1 | 10.1 s | decode 56.9 tok/s, 16.9 ms/tok, 263.1 ms/step (37 steps / 576 tok, 96 % of wall) | mtp 1.95 tok/step/req, accept p1 95 % | prefill 0 prompts / 0 tok, 0 tok cached (0/0 hits) | live 8, queued 0 | pool 845/960 blocks (88 %) | prefix cache 128/4096 entries
2026-09-22 09:52:42.753 INFO  rank 1: slot 1 closed: 132 sampled decode steps, 0 fallbacks
2026-09-22 09:52:42.753 INFO  sched: request 'chatcmpl-8a1e3904842c9824' retired (steps): 256 tok in 40.1 s — prefill 61 tok (0 cached) in 896 ms; decode 255 tok / 132 passes in 39.2 s: 6.5 tok/s, 153.9 ms/tok, 297 ms/pass, 1.93 tok/pass, accept p1 94 %
2026-09-22 09:52:43.027 INFO  rank 1: slot 2 closed: 132 sampled decode steps, 0 fallbacks
2026-09-22 09:52:43.027 INFO  sched: request 'chatcmpl-8a1e3904842c9825' retired (steps): 256 tok in 39.5 s — prefill 54 tok (0 cached) in 850 ms; decode 255 tok / 132 passes in 38.6 s: 6.6 tok/s, 151.4 ms/tok, 293 ms/pass, 1.93 tok/pass, accept p1 94 %
2026-09-22 09:52:43.027 INFO  rank 1: slot 0 closed: 134 sampled decode steps, 0 fallbacks
2026-09-22 09:52:43.027 INFO  sched: request 'chatcmpl-8a1e3904842c9823' retired (steps): 256 tok in 41.4 s — prefill 35 tok (0 cached) in 727 ms; decode 255 tok / 134 passes in 40.6 s: 6.3 tok/s, 159.4 ms/tok, 303 ms/pass, 1.90 tok/pass, accept p1 90 %
2026-09-22 09:52:43.291 INFO  rank 1: slot 3 closed: 132 sampled decode steps, 0 fallbacks
2026-09-22 09:52:43.292 INFO  sched: request 'chatcmpl-8a1e3904842c9826' retired (steps): 256 tok in 38.8 s — prefill 39 tok (0 cached) in 760 ms; decode 255 tok / 132 passes in 38.1 s: 6.7 tok/s, 149.4 ms/tok, 289 ms/pass, 1.93 tok/pass, accept p1 93 %
2026-09-22 09:52:43.783 INFO  rank 1: slot 4 closed: 133 sampled decode steps, 0 fallbacks
2026-09-22 09:52:43.783 INFO  sched: request 'chatcmpl-8a1e3904842c9827' retired (steps): 256 tok in 38.4 s — prefill 39 tok (0 cached) in 762 ms; decode 255 tok / 133 passes in 37.7 s: 6.8 tok/s, 147.7 ms/tok, 283 ms/pass, 1.92 tok/pass, accept p1 92 %
2026-09-22 09:52:43.783 INFO  rank 1: slot 6 closed: 131 sampled decode steps, 0 fallbacks
2026-09-22 09:52:43.784 INFO  sched: request 'chatcmpl-8a1e3904842c9829' retired (steps): 256 tok in 36.4 s — prefill 54 tok (0 cached) in 853 ms; decode 255 tok / 131 passes in 35.5 s: 7.2 tok/s, 139.3 ms/tok, 271 ms/pass, 1.95 tok/pass, accept p1 95 %
2026-09-22 09:52:44.009 INFO  rank 1: slot 7 closed: 131 sampled decode steps, 0 fallbacks
2026-09-22 09:52:44.010 INFO  sched: request 'chatcmpl-8a1e3904842c982a' retired (steps): 256 tok in 35.6 s — prefill 36 tok (0 cached) in 752 ms; decode 255 tok / 131 passes in 34.8 s: 7.3 tok/s, 136.6 ms/tok, 266 ms/pass, 1.95 tok/pass, accept p1 95 %
2026-09-22 09:52:44.078 INFO  rank 1: slot 5 closed: 134 sampled decode steps, 0 fallbacks
2026-09-22 09:52:44.079 INFO  sched: request 'chatcmpl-8a1e3904842c9828' retired (steps): 256 tok in 37.7 s — prefill 37 tok (0 cached) in 754 ms; decode 255 tok / 134 passes in 37.0 s: 6.9 tok/s, 145.1 ms/tok, 276 ms/pass, 1.90 tok/pass, accept p1 90 %
2026-09-22 09:52:44.193 INFO  sched: request 'chatcmpl-8a1e3904842c982b' admitted to slot 0 (reserve 3 blocks; pool 840/960 blocks in use) — first token 785
2026-09-22 09:52:44.356 INFO  sched: request 'chatcmpl-8a1e3904842c982c' admitted to slot 1 (reserve 3 blocks; pool 844/960 blocks in use) — first token 785
2026-09-22 09:52:44.545 INFO  sched: request 'chatcmpl-8a1e3904842c982d' admitted to slot 2 (reserve 3 blocks; pool 848/960 blocks in use) — first token 785
2026-09-22 09:52:44.770 INFO  sched: request 'chatcmpl-8a1e3904842c982e' admitted to slot 3 (reserve 3 blocks; pool 852/960 blocks in use) — first token 785
2026-09-22 09:52:45.017 INFO  sched: request 'chatcmpl-8a1e3904842c982f' admitted to slot 4 (reserve 3 blocks; pool 856/960 blocks in use) — first token 785
2026-09-22 09:52:45.328 INFO  sched: request 'chatcmpl-8a1e3904842c9830' admitted to slot 5 (reserve 3 blocks; pool 860/960 blocks in use) — first token 785
2026-09-22 09:52:45.637 INFO  sched: request 'chatcmpl-8a1e3904842c9831' admitted to slot 6 (reserve 3 blocks; pool 864/960 blocks in use) — first token 785
2026-09-22 09:52:46.003 INFO  sched: request 'chatcmpl-8a1e3904842c9832' admitted to slot 7 (reserve 3 blocks; pool 868/960 blocks in use) — first token 1654
2026-09-22 09:52:46.263 INFO  stats: rank 1 | 10.1 s | decode 48.5 tok/s, 18.3 ms/tok, 236.3 ms/step (38 steps / 491 tok, 89 % of wall) | mtp 1.96 tok/step/req, accept p1 94 % | prefill 8 prompts / 16 tok, 2 tok/s, 48.59 ms/tok, 97 ms avg (8 % of wall), 339 tok cached (8/8 hits) | live 8, queued 0 | pool 869/960 blocks (91 %) | prefix cache 136/4096 entries
2026-09-22 09:52:56.493 INFO  stats: rank 1 | 10.2 s | decode 57.5 tok/s, 16.7 ms/tok, 258.3 ms/step (38 steps / 588 tok, 96 % of wall) | mtp 1.93 tok/step/req, accept p1 93 % | prefill 0 prompts / 0 tok, 0 tok cached (0/0 hits) | live 8, queued 0 | pool 869/960 blocks (91 %) | prefix cache 136/4096 entries
2026-09-22 09:53:06.605 INFO  stats: rank 1 | 10.1 s | decode 55.6 tok/s, 17.3 ms/tok, 262.6 ms/step (37 steps / 562 tok, 96 % of wall) | mtp 1.90 tok/step/req, accept p1 90 % | prefill 0 prompts / 0 tok, 0 tok cached (0/0 hits) | live 8, queued 0 | pool 869/960 blocks (91 %) | prefix cache 136/4096 entries
2026-09-22 09:53:16.840 INFO  stats: rank 1 | 10.2 s | decode 55.8 tok/s, 17.2 ms/tok, 265.9 ms/step (37 steps / 571 tok, 96 % of wall) | mtp 1.93 tok/step/req, accept p1 93 % | prefill 0 prompts / 0 tok, 0 tok cached (0/0 hits) | live 8, queued 0 | pool 869/960 blocks (91 %) | prefix cache 136/4096 entries
2026-09-22 09:53:19.869 INFO  rank 1: slot 0 closed: 131 sampled decode steps, 0 fallbacks
2026-09-22 09:53:19.879 INFO  sched: request 'chatcmpl-8a1e3904842c982b' retired (steps): 256 tok in 35.7 s — prefill 54 tok (52 cached) in 97 ms; decode 255 tok / 131 passes in 35.6 s: 7.2 tok/s, 139.6 ms/tok, 272 ms/pass, 1.95 tok/pass, accept p1 95 %
2026-09-22 09:53:20.695 INFO  rank 1: slot 5 closed: 129 sampled decode steps, 0 fallbacks
2026-09-22 09:53:20.695 INFO  sched: request 'chatcmpl-8a1e3904842c9830' retired (steps): 256 tok in 35.4 s — prefill 61 tok (59 cached) in 98 ms; decode 255 tok / 129 passes in 35.3 s: 7.2 tok/s, 138.3 ms/tok, 273 ms/pass, 1.98 tok/pass, accept p1 98 %
2026-09-22 09:53:20.964 INFO  rank 1: slot 1 closed: 134 sampled decode steps, 0 fallbacks
2026-09-22 09:53:20.965 INFO  sched: request 'chatcmpl-8a1e3904842c982c' retired (steps): 256 tok in 36.6 s — prefill 39 tok (37 cached) in 96 ms; decode 255 tok / 134 passes in 36.5 s: 7.0 tok/s, 143.2 ms/tok, 272 ms/pass, 1.90 tok/pass, accept p1 90 %
2026-09-22 09:53:20.965 INFO  rank 1: slot 4 closed: 131 sampled decode steps, 0 fallbacks
2026-09-22 09:53:20.965 INFO  sched: request 'chatcmpl-8a1e3904842c982f' retired (steps): 256 tok in 35.9 s — prefill 39 tok (37 cached) in 97 ms; decode 255 tok / 131 passes in 35.9 s: 7.1 tok/s, 140.6 ms/tok, 274 ms/pass, 1.95 tok/pass, accept p1 95 %
2026-09-22 09:53:21.226 INFO  rank 1: slot 2 closed: 134 sampled decode steps, 0 fallbacks
2026-09-22 09:53:21.227 INFO  sched: request 'chatcmpl-8a1e3904842c982d' retired (steps): 256 tok in 36.7 s — prefill 36 tok (34 cached) in 95 ms; decode 255 tok / 134 passes in 36.6 s: 7.0 tok/s, 143.5 ms/tok, 273 ms/pass, 1.90 tok/pass, accept p1 91 %
2026-09-22 09:53:21.227 INFO  rank 1: slot 3 closed: 133 sampled decode steps, 0 fallbacks
2026-09-22 09:53:21.227 INFO  sched: request 'chatcmpl-8a1e3904842c982e' retired (steps): 256 tok in 36.5 s — prefill 37 tok (35 cached) in 97 ms; decode 255 tok / 133 passes in 36.4 s: 7.0 tok/s, 142.6 ms/tok, 273 ms/pass, 1.92 tok/pass, accept p1 92 %
2026-09-22 09:53:21.463 INFO  rank 1: slot 7 closed: 130 sampled decode steps, 0 fallbacks
2026-09-22 09:53:21.463 INFO  sched: request 'chatcmpl-8a1e3904842c9832' retired (steps): 256 tok in 35.5 s — prefill 54 tok (52 cached) in 99 ms; decode 255 tok / 130 passes in 35.4 s: 7.2 tok/s, 138.7 ms/tok, 272 ms/pass, 1.96 tok/pass, accept p1 97 %
2026-09-22 09:53:21.989 INFO  rank 1: slot 6 closed: 139 sampled decode steps, 0 fallbacks
2026-09-22 09:53:21.990 INFO  sched: request 'chatcmpl-8a1e3904842c9831' retired (steps): 256 tok in 36.4 s — prefill 35 tok (33 cached) in 98 ms; decode 255 tok / 139 passes in 36.3 s: 7.0 tok/s, 142.2 ms/tok, 261 ms/pass, 1.83 tok/pass, accept p1 83 %
2026-09-22 09:53:22.115 INFO  sched: request 'chatcmpl-8a1e3904842c9833' admitted to slot 0 (reserve 3 blocks; pool 864/960 blocks in use) — first token 1654
2026-09-22 09:53:22.276 INFO  sched: request 'chatcmpl-8a1e3904842c9834' admitted to slot 1 (reserve 3 blocks; pool 868/960 blocks in use) — first token 1654
2026-09-22 09:53:22.466 INFO  sched: request 'chatcmpl-8a1e3904842c9835' admitted to slot 2 (reserve 3 blocks; pool 872/960 blocks in use) — first token 1654
2026-09-22 09:53:22.691 INFO  sched: request 'chatcmpl-8a1e3904842c9836' admitted to slot 3 (reserve 3 blocks; pool 876/960 blocks in use) — first token 785
2026-09-22 09:53:22.944 INFO  sched: request 'chatcmpl-8a1e3904842c9837' admitted to slot 4 (reserve 3 blocks; pool 880/960 blocks in use) — first token 785
2026-09-22 09:53:23.258 INFO  sched: request 'chatcmpl-8a1e3904842c9838' admitted to slot 5 (reserve 3 blocks; pool 884/960 blocks in use) — first token 785
2026-09-22 09:53:23.574 INFO  sched: request 'chatcmpl-8a1e3904842c9839' admitted to slot 6 (reserve 3 blocks; pool 888/960 blocks in use) — first token 785
2026-09-22 09:53:24.006 INFO  sched: request 'chatcmpl-8a1e3904842c983a' admitted to slot 7 (reserve 3 blocks; pool 892/960 blocks in use) — first token 785
2026-09-22 09:53:26.921 INFO  stats: rank 1 | 10.1 s | decode 47.4 tok/s, 18.6 ms/tok, 207.1 ms/step (43 steps / 478 tok, 88 % of wall) | mtp 1.95 tok/step/req, accept p1 94 % | prefill 8 prompts / 16 tok, 2 tok/s, 48.79 ms/tok, 98 ms avg (8 % of wall), 339 tok cached (8/8 hits) | live 8, queued 0 | pool 893/960 blocks (93 %) | prefix cache 144/4096 entries
2026-09-22 09:53:36.961 INFO  stats: rank 1 | 10.0 s | decode 55.9 tok/s, 17.2 ms/tok, 260.5 ms/step (37 steps / 561 tok, 96 % of wall) | mtp 1.90 tok/step/req, accept p1 90 % | prefill 0 prompts / 0 tok, 0 tok cached (0/0 hits) | live 8, queued 0 | pool 893/960 blocks (93 %) | prefix cache 144/4096 entries
2026-09-22 09:53:47.056 INFO  stats: rank 1 | 10.1 s | decode 56.2 tok/s, 17.1 ms/tok, 261.9 ms/step (37 steps / 567 tok, 96 % of wall) | mtp 1.92 tok/step/req, accept p1 92 % | prefill 0 prompts / 0 tok, 0 tok cached (0/0 hits) | live 8, queued 0 | pool 893/960 blocks (93 %) | prefix cache 144/4096 entries
2026-09-22 09:53:57.074 INFO  stats: rank 1 | 10.0 s | decode 55.6 tok/s, 17.3 ms/tok, 267.2 ms/step (36 steps / 557 tok, 96 % of wall) | mtp 1.93 tok/step/req, accept p1 93 % | prefill 0 prompts / 0 tok, 0 tok cached (0/0 hits) | live 8, queued 0 | pool 893/960 blocks (93 %) | prefix cache 144/4096 entries
2026-09-22 09:53:57.901 INFO  rank 1: slot 1 closed: 130 sampled decode steps, 0 fallbacks
2026-09-22 09:53:57.901 INFO  sched: request 'chatcmpl-8a1e3904842c9834' retired (steps): 256 tok in 35.6 s — prefill 54 tok (52 cached) in 95 ms; decode 255 tok / 130 passes in 35.5 s: 7.2 tok/s, 139.3 ms/tok, 273 ms/pass, 1.96 tok/pass, accept p1 97 %
2026-09-22 09:53:57.901 INFO  rank 1: slot 0 closed: 131 sampled decode steps, 0 fallbacks
2026-09-22 09:53:57.901 INFO  sched: request 'chatcmpl-8a1e3904842c9833' retired (steps): 256 tok in 35.8 s — prefill 54 tok (52 cached) in 98 ms; decode 255 tok / 131 passes in 35.7 s: 7.1 tok/s, 140.0 ms/tok, 272 ms/pass, 1.95 tok/pass, accept p1 95 %
2026-09-22 09:53:59.470 INFO  rank 1: slot 3 closed: 134 sampled decode steps, 0 fallbacks
2026-09-22 09:53:59.470 INFO  sched: request 'chatcmpl-8a1e3904842c9836' retired (steps): 256 tok in 36.8 s — prefill 37 tok (35 cached) in 97 ms; decode 255 tok / 134 passes in 36.7 s: 7.0 tok/s, 143.9 ms/tok, 274 ms/pass, 1.90 tok/pass, accept p1 91 %
2026-09-22 09:53:59.470 INFO  rank 1: slot 7 closed: 130 sampled decode steps, 0 fallbacks
2026-09-22 09:53:59.471 INFO  sched: request 'chatcmpl-8a1e3904842c983a' retired (steps): 256 tok in 35.5 s — prefill 39 tok (37 cached) in 101 ms; decode 255 tok / 130 passes in 35.4 s: 7.2 tok/s, 138.7 ms/tok, 272 ms/pass, 1.96 tok/pass, accept p1 96 %
2026-09-22 09:53:59.725 INFO  rank 1: slot 2 closed: 136 sampled decode steps, 0 fallbacks
2026-09-22 09:53:59.725 INFO  sched: request 'chatcmpl-8a1e3904842c9835' retired (steps): 256 tok in 37.3 s — prefill 61 tok (59 cached) in 96 ms; decode 255 tok / 136 passes in 37.2 s: 6.9 tok/s, 145.7 ms/tok, 273 ms/pass, 1.88 tok/pass, accept p1 88 %
2026-09-22 09:53:59.725 INFO  rank 1: slot 6 closed: 132 sampled decode steps, 0 fallbacks
2026-09-22 09:53:59.726 INFO  sched: request 'chatcmpl-8a1e3904842c9839' retired (steps): 256 tok in 36.2 s — prefill 36 tok (34 cached) in 98 ms; decode 255 tok / 132 passes in 36.1 s: 7.1 tok/s, 141.4 ms/tok, 273 ms/pass, 1.93 tok/pass, accept p1 93 %
2026-09-22 09:54:00.091 INFO  rank 1: slot 5 closed: 135 sampled decode steps, 0 fallbacks
2026-09-22 09:54:00.091 INFO  sched: request 'chatcmpl-8a1e3904842c9838' retired (steps): 256 tok in 36.8 s — prefill 39 tok (37 cached) in 98 ms; decode 255 tok / 135 passes in 36.7 s: 6.9 tok/s, 144.1 ms/tok, 272 ms/pass, 1.89 tok/pass, accept p1 90 %
2026-09-22 09:54:00.225 INFO  rank 1: slot 4 closed: 138 sampled decode steps, 0 fallbacks
2026-09-22 09:54:00.225 INFO  sched: request 'chatcmpl-8a1e3904842c9837' retired (steps): 256 tok in 37.3 s — prefill 35 tok (33 cached) in 98 ms; decode 255 tok / 138 passes in 37.2 s: 6.9 tok/s, 145.8 ms/tok, 269 ms/pass, 1.85 tok/pass, accept p1 85 %
2026-09-22 09:54:01.052 INFO  sched: request 'chatcmpl-8a1e3904842c983b' prefix cache miss — 3 cut(s) probed against 152 entries; an entry at this prompt's cut 38 was evicted (49 eviction(s) ago, last used at tick 7558, now tick 12651; the arena holds 4096 slots)
2026-09-22 09:54:01.052 INFO  sched: request 'chatcmpl-8a1e3904842c983b' admitted to slot 0 (reserve 3 blocks; pool 889/960 blocks in use) — first token 785
2026-09-22 09:54:07.112 INFO  stats: rank 1 | 10.0 s | decode 30.4 tok/s, 29.4 ms/tok, 82.4 ms/step (109 steps / 305 tok, 89 % of wall) | mtp 1.85 tok/step/req, accept p1 87 % | prefill 1 prompt / 40 tok, 4 tok/s, 19.60 ms/tok, 784 ms avg (8 % of wall), 0 tok cached (0/1 hit) | live 1, queued 0 | pool 890/960 blocks (93 %) | prefix cache 153/4096 entries
2026-09-22 09:54:10.302 INFO  rank 1: slot 0 closed: 145 sampled decode steps, 0 fallbacks
2026-09-22 09:54:10.302 INFO  sched: request 'chatcmpl-8a1e3904842c983b' retired (steps): 256 tok in 9.2 s — prefill 40 tok (0 cached) in 784 ms; decode 255 tok / 145 passes in 8.5 s: 30.1 tok/s, 33.2 ms/tok, 58 ms/pass, 1.76 tok/pass, accept p1 76 %
2026-09-22 09:54:10.410 INFO  sched: request 'chatcmpl-8a1e3904842c983c' admitted to slot 0 (reserve 3 blocks; pool 892/960 blocks in use) — first token 785
2026-09-22 09:54:17.121 INFO  stats: rank 1 | 10.0 s | decode 26.2 tok/s, 37.2 ms/tok, 62.8 ms/step (155 steps / 262 tok, 97 % of wall) | mtp 1.69 tok/step/req, accept p1 68 % | prefill 1 prompt / 2 tok, 0 tok/s, 47.79 ms/tok, 96 ms avg (1 % of wall), 38 tok cached (1/1 hit) | live 1, queued 0 | pool 893/960 blocks (93 %) | prefix cache 154/4096 entries
2026-09-22 09:54:19.868 INFO  rank 1: slot 0 closed: 148 sampled decode steps, 0 fallbacks
2026-09-22 09:54:19.868 INFO  sched: request 'chatcmpl-8a1e3904842c983c' retired (steps): 256 tok in 9.5 s — prefill 40 tok (38 cached) in 96 ms; decode 255 tok / 148 passes in 9.4 s: 27.2 tok/s, 36.7 ms/tok, 63 ms/pass, 1.72 tok/pass, accept p1 73 %
2026-09-22 09:54:19.993 INFO  sched: request 'chatcmpl-8a1e3904842c983d' admitted to slot 0 (reserve 3 blocks; pool 895/960 blocks in use) — first token 785
2026-09-22 09:54:27.128 INFO  stats: rank 1 | 10.0 s | decode 28.1 tok/s, 34.6 ms/tok, 62.7 ms/step (155 steps / 281 tok, 97 % of wall) | mtp 1.81 tok/step/req, accept p1 81 % | prefill 1 prompt / 2 tok, 0 tok/s, 48.60 ms/tok, 97 ms avg (1 % of wall), 38 tok cached (1/1 hit) | live 1, queued 0 | pool 896/960 blocks (93 %) | prefix cache 155/4096 entries
2026-09-22 09:54:28.984 INFO  rank 1: slot 0 closed: 141 sampled decode steps, 0 fallbacks
2026-09-22 09:54:28.985 INFO  sched: request 'chatcmpl-8a1e3904842c983d' retired (steps): 256 tok in 9.0 s — prefill 40 tok (38 cached) in 97 ms; decode 255 tok / 141 passes in 8.9 s: 28.7 tok/s, 34.9 ms/tok, 63 ms/pass, 1.81 tok/pass, accept p1 81 %
2026-09-22 09:54:29.790 INFO  sched: request 'chatcmpl-8a1e3904842c983e' prefix cache miss — 3 cut(s) probed against 156 entries; an entry at this prompt's cut 29 was evicted (39 eviction(s) ago, last used at tick 8485, now tick 13101; the arena holds 4096 slots)
2026-09-22 09:54:29.790 INFO  sched: request 'chatcmpl-8a1e3904842c983e' admitted to slot 0 (reserve 3 blocks; pool 899/960 blocks in use) — first token 785
2026-09-22 09:54:30.644 INFO  sched: request 'chatcmpl-8a1e3904842c983f' prefix cache miss — 3 cut(s) probed against 157 entries; an entry at this prompt's cut 39 was evicted (46 eviction(s) ago, last used at tick 8019, now tick 13102; the arena holds 4096 slots)
2026-09-22 09:54:30.644 INFO  sched: request 'chatcmpl-8a1e3904842c983f' admitted to slot 1 (reserve 3 blocks; pool 904/960 blocks in use) — first token 785
2026-09-22 09:54:31.521 INFO  sched: request 'chatcmpl-8a1e3904842c9840' prefix cache miss — 3 cut(s) probed against 158 entries; an entry at this prompt's cut 38 was evicted (40 eviction(s) ago, last used at tick 8484, now tick 13103; the arena holds 4096 slots)
2026-09-22 09:54:31.521 INFO  sched: request 'chatcmpl-8a1e3904842c9840' admitted to slot 2 (reserve 3 blocks; pool 909/960 blocks in use) — first token 785
2026-09-22 09:54:32.337 INFO  sched: request 'chatcmpl-8a1e3904842c9841' prefix cache miss — 3 cut(s) probed against 159 entries; an entry at this prompt's cut 29 was evicted (28 eviction(s) ago, last used at tick 8941, now tick 13104; the arena holds 4096 slots)
2026-09-22 09:54:32.338 INFO  sched: request 'chatcmpl-8a1e3904842c9841' admitted to slot 3 (reserve 3 blocks; pool 914/960 blocks in use) — first token 785
2026-09-22 09:54:33.280 INFO  sched: request 'chatcmpl-8a1e3904842c9842' prefix cache miss — 3 cut(s) probed against 160 entries; an entry at this prompt's cut 38 was evicted (45 eviction(s) ago, last used at tick 8020, now tick 13105; the arena holds 4096 slots)
2026-09-22 09:54:33.280 INFO  sched: request 'chatcmpl-8a1e3904842c9842' admitted to slot 4 (reserve 3 blocks; pool 919/960 blocks in use) — first token 785
2026-09-22 09:54:34.192 INFO  sched: request 'chatcmpl-8a1e3904842c9843' prefix cache miss — 3 cut(s) probed against 161 entries; an entry at this prompt's cut 29 was evicted (38 eviction(s) ago, last used at tick 8486, now tick 13106; the arena holds 4096 slots)
2026-09-22 09:54:34.192 INFO  sched: request 'chatcmpl-8a1e3904842c9843' admitted to slot 5 (reserve 3 blocks; pool 924/960 blocks in use) — first token 785
2026-09-22 09:54:35.115 INFO  sched: request 'chatcmpl-8a1e3904842c9844' prefix cache miss — 3 cut(s) probed against 162 entries; an entry at this prompt's cut 30 was evicted (25 eviction(s) ago, last used at tick 8944, now tick 13107; the arena holds 4096 slots)
2026-09-22 09:54:35.115 INFO  sched: request 'chatcmpl-8a1e3904842c9844' admitted to slot 6 (reserve 3 blocks; pool 929/960 blocks in use) — first token 785
2026-09-22 09:54:36.055 INFO  sched: request 'chatcmpl-8a1e3904842c9845' prefix cache miss — 3 cut(s) probed against 163 entries; an entry at this prompt's cut 29 was evicted (37 eviction(s) ago, last used at tick 8487, now tick 13108; the arena holds 4096 slots)
2026-09-22 09:54:36.055 INFO  sched: request 'chatcmpl-8a1e3904842c9845' admitted to slot 7 (reserve 3 blocks; pool 934/960 blocks in use) — first token 785
2026-09-22 09:54:37.328 INFO  stats: rank 1 | 10.2 s | decode 18.7 tok/s, 21.6 ms/tok, 100.7 ms/step (41 steps / 191 tok, 40 % of wall) | mtp 1.97 tok/step/req, accept p1 89 % | prefill 8 prompts / 277 tok, 27 tok/s, 21.29 ms/tok, 737 ms avg (58 % of wall), 0 tok cached (0/8 hits) | live 8, queued 0 | pool 935/960 blocks (97 %) | prefix cache 164/4096 entries
2026-09-22 09:54:47.548 INFO  stats: rank 1 | 10.2 s | decode 56.3 tok/s, 17.1 ms/tok, 251.4 ms/step (39 steps / 575 tok, 96 % of wall) | mtp 1.84 tok/step/req, accept p1 84 % | prefill 0 prompts / 0 tok, 0 tok cached (0/0 hits) | live 8, queued 0 | pool 934/960 blocks (97 %) | prefix cache 164/4096 entries
2026-09-22 09:54:57.719 INFO  stats: rank 1 | 10.2 s | decode 53.5 tok/s, 18.0 ms/tok, 257.0 ms/step (38 steps / 544 tok, 96 % of wall) | mtp 1.79 tok/step/req, accept p1 79 % | prefill 0 prompts / 0 tok, 0 tok cached (0/0 hits) | live 8, queued 0 | pool 935/960 blocks (97 %) | prefix cache 164/4096 entries
2026-09-22 09:55:07.812 INFO  stats: rank 1 | 10.1 s | decode 52.0 tok/s, 18.5 ms/tok, 262.0 ms/step (37 steps / 525 tok, 96 % of wall) | mtp 1.77 tok/step/req, accept p1 77 % | prefill 0 prompts / 0 tok, 0 tok cached (0/0 hits) | live 8, queued 0 | pool 933/960 blocks (97 %) | prefix cache 164/4096 entries
2026-09-22 09:55:11.605 INFO  rank 1: slot 3 closed: 137 sampled decode steps, 0 fallbacks
2026-09-22 09:55:11.606 INFO  sched: request 'chatcmpl-8a1e3904842c9841' retired (steps): 256 tok in 39.3 s — prefill 31 tok (0 cached) in 688 ms; decode 255 tok / 137 passes in 38.6 s: 6.6 tok/s, 151.3 ms/tok, 282 ms/pass, 1.86 tok/pass, accept p1 86 %
2026-09-22 09:55:11.878 INFO  rank 1: slot 1 closed: 140 sampled decode steps, 0 fallbacks
2026-09-22 09:55:11.878 INFO  sched: request 'chatcmpl-8a1e3904842c983f' retired (steps): 256 tok in 41.2 s — prefill 41 tok (0 cached) in 789 ms; decode 255 tok / 140 passes in 40.4 s: 6.3 tok/s, 158.6 ms/tok, 289 ms/pass, 1.82 tok/pass, accept p1 82 %
2026-09-22 09:55:11.879 INFO  rank 1: slot 0 closed: 141 sampled decode steps, 0 fallbacks
2026-09-22 09:55:11.879 INFO  sched: request 'chatcmpl-8a1e3904842c983e' retired (steps): 256 tok in 42.1 s — prefill 31 tok (0 cached) in 757 ms; decode 255 tok / 141 passes in 41.3 s: 6.2 tok/s, 162.1 ms/tok, 293 ms/pass, 1.81 tok/pass, accept p1 81 %
2026-09-22 09:55:12.626 INFO  rank 1: slot 4 closed: 140 sampled decode steps, 0 fallbacks
2026-09-22 09:55:12.636 INFO  sched: request 'chatcmpl-8a1e3904842c9842' retired (steps): 256 tok in 39.4 s — prefill 40 tok (0 cached) in 788 ms; decode 255 tok / 140 passes in 38.6 s: 6.6 tok/s, 151.2 ms/tok, 275 ms/pass, 1.82 tok/pass, accept p1 82 %
2026-09-22 09:55:12.637 INFO  rank 1: slot 5 closed: 139 sampled decode steps, 0 fallbacks
2026-09-22 09:55:12.637 INFO  sched: request 'chatcmpl-8a1e3904842c9843' retired (steps): 256 tok in 38.4 s — prefill 31 tok (0 cached) in 695 ms; decode 255 tok / 139 passes in 37.7 s: 6.8 tok/s, 148.0 ms/tok, 272 ms/pass, 1.83 tok/pass, accept p1 84 %
2026-09-22 09:55:13.563 INFO  rank 1: slot 6 closed: 142 sampled decode steps, 0 fallbacks
2026-09-22 09:55:13.563 INFO  sched: request 'chatcmpl-8a1e3904842c9844' retired (steps): 256 tok in 38.4 s — prefill 32 tok (0 cached) in 711 ms; decode 255 tok / 142 passes in 37.7 s: 6.8 tok/s, 148.0 ms/tok, 266 ms/pass, 1.80 tok/pass, accept p1 80 %
2026-09-22 09:55:13.999 INFO  rank 1: slot 7 closed: 143 sampled decode steps, 0 fallbacks
2026-09-22 09:55:14.000 INFO  sched: request 'chatcmpl-8a1e3904842c9845' retired (steps): 256 tok in 37.9 s — prefill 31 tok (0 cached) in 688 ms; decode 255 tok / 143 passes in 37.3 s: 6.8 tok/s, 146.1 ms/tok, 261 ms/pass, 1.78 tok/pass, accept p1 78 %
2026-09-22 09:55:14.069 INFO  rank 1: slot 2 closed: 149 sampled decode steps, 0 fallbacks
2026-09-22 09:55:14.069 INFO  sched: request 'chatcmpl-8a1e3904842c9840' retired (steps): 256 tok in 42.5 s — prefill 40 tok (0 cached) in 781 ms; decode 255 tok / 149 passes in 41.8 s: 6.1 tok/s, 163.8 ms/tok, 280 ms/pass, 1.71 tok/pass, accept p1 72 %
2026-09-22 09:55:14.184 INFO  sched: request 'chatcmpl-8a1e3904842c9846' admitted to slot 0 (reserve 3 blocks; pool 930/960 blocks in use) — first token 785
2026-09-22 09:55:14.348 INFO  sched: request 'chatcmpl-8a1e3904842c9847' admitted to slot 1 (reserve 3 blocks; pool 934/960 blocks in use) — first token 785
2026-09-22 09:55:14.537 INFO  sched: request 'chatcmpl-8a1e3904842c9848' admitted to slot 2 (reserve 3 blocks; pool 938/960 blocks in use) — first token 785
2026-09-22 09:55:14.763 INFO  sched: request 'chatcmpl-8a1e3904842c9849' admitted to slot 3 (reserve 3 blocks; pool 942/960 blocks in use) — first token 785
2026-09-22 09:55:15.015 INFO  sched: request 'chatcmpl-8a1e3904842c984a' admitted to slot 4 (reserve 3 blocks; pool 946/960 blocks in use) — first token 785
2026-09-22 09:55:15.323 INFO  sched: request 'chatcmpl-8a1e3904842c984b' admitted to slot 5 (reserve 3 blocks; pool 950/960 blocks in use) — first token 785
2026-09-22 09:55:15.636 INFO  sched: request 'chatcmpl-8a1e3904842c984c' admitted to slot 6 (reserve 3 blocks; pool 954/960 blocks in use) — first token 785
2026-09-22 09:55:15.998 INFO  sched: request 'chatcmpl-8a1e3904842c984d' admitted to slot 7 (reserve 3 blocks; pool 958/960 blocks in use) — first token 785
2026-09-22 09:55:18.047 INFO  stats: rank 1 | 10.2 s | decode 44.3 tok/s, 20.0 ms/tok, 227.0 ms/step (40 steps / 453 tok, 89 % of wall) | mtp 1.86 tok/step/req, accept p1 84 % | prefill 8 prompts / 16 tok, 2 tok/s, 48.76 ms/tok, 98 ms avg (8 % of wall), 261 tok cached (8/8 hits) | live 8, queued 0 | pool 959/960 blocks (100 %) | prefix cache 172/4096 entries
2026-09-22 09:55:28.124 INFO  stats: rank 1 | 10.1 s | decode 55.7 tok/s, 17.2 ms/tok, 254.3 ms/step (38 steps / 561 tok, 96 % of wall) | mtp 1.85 tok/step/req, accept p1 85 % | prefill 0 prompts / 0 tok, 0 tok cached (0/0 hits) | live 8, queued 0 | pool 959/960 blocks (100 %) | prefix cache 172/4096 entries
2026-09-22 09:55:38.173 INFO  stats: rank 1 | 10.0 s | decode 52.5 tok/s, 18.3 ms/tok, 260.6 ms/step (37 steps / 528 tok, 96 % of wall) | mtp 1.78 tok/step/req, accept p1 78 % | prefill 0 prompts / 0 tok, 0 tok cached (0/0 hits) | live 8, queued 0 | pool 959/960 blocks (100 %) | prefix cache 172/4096 entries
2026-09-22 09:55:48.447 INFO  stats: rank 1 | 10.3 s | decode 53.1 tok/s, 18.1 ms/tok, 259.5 ms/step (38 steps / 546 tok, 96 % of wall) | mtp 1.80 tok/step/req, accept p1 80 % | prefill 0 prompts / 0 tok, 0 tok cached (0/0 hits) | live 8, queued 0 | pool 959/960 blocks (100 %) | prefix cache 172/4096 entries
2026-09-22 09:55:50.913 INFO  rank 1: slot 1 closed: 136 sampled decode steps, 0 fallbacks
2026-09-22 09:55:50.913 INFO  sched: request 'chatcmpl-8a1e3904842c9847' retired (steps): 256 tok in 36.6 s — prefill 31 tok (29 cached) in 95 ms; decode 255 tok / 136 passes in 36.5 s: 7.0 tok/s, 143.0 ms/tok, 268 ms/pass, 1.88 tok/pass, accept p1 88 %
2026-09-22 09:55:51.978 INFO  rank 1: slot 2 closed: 139 sampled decode steps, 0 fallbacks
2026-09-22 09:55:51.978 INFO  sched: request 'chatcmpl-8a1e3904842c9848' retired (steps): 256 tok in 37.4 s — prefill 40 tok (38 cached) in 97 ms; decode 255 tok / 139 passes in 37.3 s: 6.8 tok/s, 146.4 ms/tok, 269 ms/pass, 1.83 tok/pass, accept p1 83 %
2026-09-22 09:55:52.499 INFO  rank 1: slot 6 closed: 137 sampled decode steps, 0 fallbacks
2026-09-22 09:55:52.499 INFO  sched: request 'chatcmpl-8a1e3904842c984c' retired (steps): 256 tok in 36.9 s — prefill 31 tok (29 cached) in 98 ms; decode 255 tok / 137 passes in 36.8 s: 6.9 tok/s, 144.2 ms/tok, 268 ms/pass, 1.86 tok/pass, accept p1 86 %
2026-09-22 09:55:52.500 INFO  rank 1: slot 0 closed: 143 sampled decode steps, 0 fallbacks
2026-09-22 09:55:52.500 INFO  sched: request 'chatcmpl-8a1e3904842c9846' retired (steps): 256 tok in 38.3 s — prefill 41 tok (39 cached) in 98 ms; decode 255 tok / 143 passes in 38.2 s: 6.7 tok/s, 149.9 ms/tok, 267 ms/pass, 1.78 tok/pass, accept p1 78 %
2026-09-22 09:55:52.750 INFO  rank 1: slot 3 closed: 141 sampled decode steps, 0 fallbacks
2026-09-22 09:55:52.750 INFO  sched: request 'chatcmpl-8a1e3904842c9849' retired (steps): 256 tok in 38.0 s — prefill 32 tok (30 cached) in 98 ms; decode 255 tok / 141 passes in 37.9 s: 6.7 tok/s, 148.6 ms/tok, 269 ms/pass, 1.81 tok/pass, accept p1 81 %
2026-09-22 09:55:53.441 INFO  rank 1: slot 4 closed: 143 sampled decode steps, 0 fallbacks
2026-09-22 09:55:53.441 INFO  sched: request 'chatcmpl-8a1e3904842c984a' retired (steps): 256 tok in 38.4 s — prefill 40 tok (38 cached) in 98 ms; decode 255 tok / 143 passes in 38.3 s: 6.7 tok/s, 150.3 ms/tok, 268 ms/pass, 1.78 tok/pass, accept p1 79 %
2026-09-22 09:55:53.663 INFO  rank 1: slot 7 closed: 141 sampled decode steps, 0 fallbacks
2026-09-22 09:55:53.664 INFO  sched: request 'chatcmpl-8a1e3904842c984d' retired (steps): 256 tok in 37.7 s — prefill 31 tok (29 cached) in 98 ms; decode 255 tok / 141 passes in 37.6 s: 6.8 tok/s, 147.3 ms/tok, 266 ms/pass, 1.81 tok/pass, accept p1 81 %
2026-09-22 09:55:53.803 INFO  rank 1: slot 5 closed: 145 sampled decode steps, 0 fallbacks
2026-09-22 09:55:53.803 INFO  sched: request 'chatcmpl-8a1e3904842c984b' retired (steps): 256 tok in 38.5 s — prefill 31 tok (29 cached) in 98 ms; decode 255 tok / 145 passes in 38.4 s: 6.6 tok/s, 150.5 ms/tok, 265 ms/pass, 1.76 tok/pass, accept p1 77 %
2026-09-22 09:55:53.929 INFO  sched: request 'chatcmpl-8a1e3904842c984e' admitted to slot 0 (reserve 3 blocks; pool 954/960 blocks in use) — first token 785
2026-09-22 09:55:54.091 INFO  sched: request 'chatcmpl-8a1e3904842c984f' admitted to slot 1 (reserve 3 blocks; pool 958/960 blocks in use) — first token 785
2026-09-22 09:55:54.281 INFO  sched: request 'chatcmpl-8a1e3904842c9850' admitted to slot 2 (reserve 3 blocks; pool 700/960 blocks in use) — first token 785
2026-09-22 09:55:54.508 INFO  sched: request 'chatcmpl-8a1e3904842c9851' admitted to slot 3 (reserve 3 blocks; pool 704/960 blocks in use) — first token 785
2026-09-22 09:55:54.762 INFO  sched: request 'chatcmpl-8a1e3904842c9852' admitted to slot 4 (reserve 3 blocks; pool 708/960 blocks in use) — first token 785
2026-09-22 09:55:55.077 INFO  sched: request 'chatcmpl-8a1e3904842c9853' admitted to slot 5 (reserve 3 blocks; pool 712/960 blocks in use) — first token 785
2026-09-22 09:55:55.388 INFO  sched: request 'chatcmpl-8a1e3904842c9854' admitted to slot 6 (reserve 3 blocks; pool 716/960 blocks in use) — first token 785
2026-09-22 09:55:55.752 INFO  sched: request 'chatcmpl-8a1e3904842c9855' admitted to slot 7 (reserve 3 blocks; pool 720/960 blocks in use) — first token 785
2026-09-22 09:55:58.616 INFO  stats: rank 1 | 10.2 s | decode 44.5 tok/s, 19.9 ms/tok, 224.8 ms/step (40 steps / 453 tok, 88 % of wall) | mtp 1.85 tok/step/req, accept p1 83 % | prefill 8 prompts / 16 tok, 2 tok/s, 48.87 ms/tok, 98 ms avg (8 % of wall), 261 tok cached (8/8 hits) | live 8, queued 0 | pool 721/960 blocks (75 %) | prefix cache 177/4096 entries
2026-09-22 09:56:08.736 INFO  stats: rank 1 | 10.1 s | decode 54.8 tok/s, 17.5 ms/tok, 255.2 ms/step (38 steps / 555 tok, 96 % of wall) | mtp 1.83 tok/step/req, accept p1 83 % | prefill 0 prompts / 0 tok, 0 tok cached (0/0 hits) | live 8, queued 0 | pool 721/960 blocks (75 %) | prefix cache 177/4096 entries
2026-09-22 09:56:18.943 INFO  stats: rank 1 | 10.2 s | decode 53.0 tok/s, 18.1 ms/tok, 257.5 ms/step (38 steps / 541 tok, 96 % of wall) | mtp 1.78 tok/step/req, accept p1 78 % | prefill 0 prompts / 0 tok, 0 tok cached (0/0 hits) | live 8, queued 0 | pool 721/960 blocks (75 %) | prefix cache 177/4096 entries
2026-09-22 09:56:28.978 INFO  stats: rank 1 | 10.0 s | decode 53.0 tok/s, 18.1 ms/tok, 260.1 ms/step (37 steps / 532 tok, 96 % of wall) | mtp 1.80 tok/step/req, accept p1 80 % | prefill 0 prompts / 0 tok, 0 tok cached (0/0 hits) | live 8, queued 0 | pool 721/960 blocks (75 %) | prefix cache 177/4096 entries
2026-09-22 09:56:31.689 INFO  rank 1: slot 2 closed: 139 sampled decode steps, 0 fallbacks
2026-09-22 09:56:31.690 INFO  sched: request 'chatcmpl-8a1e3904842c9850' retired (steps): 256 tok in 37.4 s — prefill 40 tok (38 cached) in 95 ms; decode 255 tok / 139 passes in 37.3 s: 6.8 tok/s, 146.3 ms/tok, 268 ms/pass, 1.83 tok/pass, accept p1 83 %
2026-09-22 09:56:31.963 INFO  rank 1: slot 3 closed: 139 sampled decode steps, 0 fallbacks
2026-09-22 09:56:31.963 INFO  sched: request 'chatcmpl-8a1e3904842c9851' retired (steps): 256 tok in 37.5 s — prefill 31 tok (29 cached) in 99 ms; decode 255 tok / 139 passes in 37.4 s: 6.8 tok/s, 146.5 ms/tok, 269 ms/pass, 1.83 tok/pass, accept p1 83 %
2026-09-22 09:56:32.233 INFO  rank 1: slot 0 closed: 143 sampled decode steps, 0 fallbacks
2026-09-22 09:56:32.233 INFO  sched: request 'chatcmpl-8a1e3904842c984e' retired (steps): 256 tok in 38.3 s — prefill 40 tok (38 cached) in 99 ms; decode 255 tok / 143 passes in 38.2 s: 6.7 tok/s, 149.8 ms/tok, 267 ms/pass, 1.78 tok/pass, accept p1 79 %
2026-09-22 09:56:32.489 INFO  rank 1: slot 6 closed: 138 sampled decode steps, 0 fallbacks
2026-09-22 09:56:32.490 INFO  sched: request 'chatcmpl-8a1e3904842c9854' retired (steps): 256 tok in 37.1 s — prefill 31 tok (29 cached) in 99 ms; decode 255 tok / 138 passes in 37.0 s: 6.9 tok/s, 145.1 ms/tok, 268 ms/pass, 1.85 tok/pass, accept p1 86 %
2026-09-22 09:56:32.968 INFO  rank 1: slot 5 closed: 141 sampled decode steps, 0 fallbacks
2026-09-22 09:56:32.969 INFO  sched: request 'chatcmpl-8a1e3904842c9853' retired (steps): 256 tok in 37.9 s — prefill 31 tok (29 cached) in 98 ms; decode 255 tok / 141 passes in 37.8 s: 6.7 tok/s, 148.2 ms/tok, 268 ms/pass, 1.81 tok/pass, accept p1 81 %
2026-09-22 09:56:32.969 INFO  rank 1: slot 7 closed: 139 sampled decode steps, 0 fallbacks
2026-09-22 09:56:32.969 INFO  sched: request 'chatcmpl-8a1e3904842c9855' retired (steps): 256 tok in 37.2 s — prefill 31 tok (29 cached) in 98 ms; decode 255 tok / 139 passes in 37.1 s: 6.9 tok/s, 145.6 ms/tok, 267 ms/pass, 1.83 tok/pass, accept p1 84 %
2026-09-22 09:56:33.333 INFO  rank 1: slot 4 closed: 144 sampled decode steps, 0 fallbacks
2026-09-22 09:56:33.333 INFO  sched: request 'chatcmpl-8a1e3904842c9852' retired (steps): 256 tok in 38.6 s — prefill 32 tok (30 cached) in 99 ms; decode 255 tok / 144 passes in 38.5 s: 6.6 tok/s, 150.9 ms/tok, 267 ms/pass, 1.77 tok/pass, accept p1 77 %
2026-09-22 09:56:33.400 INFO  rank 1: slot 1 closed: 148 sampled decode steps, 0 fallbacks
2026-09-22 09:56:33.401 INFO  sched: request 'chatcmpl-8a1e3904842c984f' retired (steps): 256 tok in 39.3 s — prefill 41 tok (39 cached) in 95 ms; decode 255 tok / 148 passes in 39.2 s: 6.5 tok/s, 153.8 ms/tok, 265 ms/pass, 1.72 tok/pass, accept p1 72 %
2026-09-22 09:56:33.615 INFO  sched: request 'chatcmpl-8a1e3904842c9856' admitted to slot 0 (reserve 1 blocks; pool 714/960 blocks in use) — first token 785
2026-09-22 09:56:35.682 INFO  sched: request 'chatcmpl-8a1e3904842c9856' retired (steps): 64 tok in 2.1 s — prefill 62 tok (60 cached) in 97 ms; decode 63 tok / 32 passes in 2.0 s: 32.0 tok/s, 31.3 ms/tok, 62 ms/pass, 1.97 tok/pass, accept p1 100 %
2026-09-22 09:56:35.783 INFO  sched: request 'chatcmpl-8a1e3904842c9857' admitted to slot 0 (reserve 3 blocks; pool 716/960 blocks in use) — first token 785
2026-09-22 09:56:39.041 INFO  stats: rank 1 | 10.1 s | decode 35.2 tok/s, 26.8 ms/tok, 93.9 ms/step (101 steps / 354 tok, 94 % of wall) | mtp 1.82 tok/step/req, accept p1 84 % | prefill 2 prompts / 4 tok, 0 tok/s, 47.87 ms/tok, 96 ms avg (2 % of wall), 120 tok cached (2/2 hits) | live 1, queued 0 | pool 717/960 blocks (75 %) | prefix cache 185/4096 entries
2026-09-22 09:56:44.939 INFO  sched: request 'chatcmpl-8a1e3904842c9857' retired (steps): 256 tok in 9.2 s — prefill 62 tok (60 cached) in 95 ms; decode 255 tok / 142 passes in 9.1 s: 28.1 tok/s, 35.5 ms/tok, 64 ms/pass, 1.80 tok/pass, accept p1 80 %
2026-09-22 09:56:45.064 INFO  sched: request 'chatcmpl-8a1e3904842c9858' admitted to slot 0 (reserve 3 blocks; pool 719/960 blocks in use) — first token 785
2026-09-22 09:56:46.041 INFO  sched: request 'chatcmpl-8a1e3904842c9859' prefix cache miss — 3 cut(s) probed against 186 entries; the nearest entry (position 317) shares the first 22 of the prompt's 59 tokens (the prompt differs from it from that token on)
2026-09-22 09:56:46.041 INFO  sched: request 'chatcmpl-8a1e3904842c9859' admitted to slot 1 (reserve 3 blocks; pool 724/960 blocks in use) — first token 785
2026-09-22 09:56:47.026 INFO  sched: request 'chatcmpl-8a1e3904842c985a' prefix cache miss — 3 cut(s) probed against 187 entries; the nearest entry (position 317) shares the first 22 of the prompt's 60 tokens (the prompt differs from it from that token on)
2026-09-22 09:56:47.027 INFO  sched: request 'chatcmpl-8a1e3904842c985a' admitted to slot 2 (reserve 3 blocks; pool 729/960 blocks in use) — first token 785
2026-09-22 09:56:48.072 INFO  sched: request 'chatcmpl-8a1e3904842c985b' prefix cache miss — 3 cut(s) probed against 188 entries; the nearest entry (position 317) shares the first 22 of the prompt's 66 tokens (the prompt differs from it from that token on)
2026-09-22 09:56:48.072 INFO  sched: request 'chatcmpl-8a1e3904842c985b' admitted to slot 3 (reserve 3 blocks; pool 734/960 blocks in use) — first token 785
2026-09-22 09:56:49.121 INFO  sched: request 'chatcmpl-8a1e3904842c985c' prefix cache miss — 3 cut(s) probed against 189 entries; the nearest entry (position 317) shares the first 22 of the prompt's 62 tokens (the prompt differs from it from that token on)
2026-09-22 09:56:49.122 INFO  sched: request 'chatcmpl-8a1e3904842c985c' admitted to slot 4 (reserve 3 blocks; pool 739/960 blocks in use) — first token 785
2026-09-22 09:56:49.326 INFO  stats: rank 1 | 10.3 s | decode 18.8 tok/s, 33.3 ms/tok, 67.0 ms/step (96 steps / 193 tok, 63 % of wall) | mtp 1.82 tok/step/req, accept p1 77 % | prefill 5 prompts / 249 tok, 24 tok/s, 14.88 ms/tok, 741 ms avg (36 % of wall), 60 tok cached (1/5 hits) | live 5, queued 3 | pool 740/960 blocks (77 %) | prefix cache 190/4096 entries
2026-09-22 09:56:50.196 INFO  sched: request 'chatcmpl-8a1e3904842c985d' prefix cache miss — 3 cut(s) probed against 190 entries; the nearest entry (position 317) shares the first 22 of the prompt's 56 tokens (the prompt differs from it from that token on)
2026-09-22 09:56:50.196 INFO  sched: request 'chatcmpl-8a1e3904842c985d' admitted to slot 5 (reserve 3 blocks; pool 744/960 blocks in use) — first token 785
2026-09-22 09:56:51.314 INFO  sched: request 'chatcmpl-8a1e3904842c985e' prefix cache miss — 3 cut(s) probed against 191 entries; the nearest entry (position 317) shares the first 22 of the prompt's 63 tokens (the prompt differs from it from that token on)
2026-09-22 09:56:51.314 INFO  sched: request 'chatcmpl-8a1e3904842c985e' admitted to slot 6 (reserve 3 blocks; pool 749/960 blocks in use) — first token 785
2026-09-22 09:56:52.490 INFO  sched: request 'chatcmpl-8a1e3904842c985f' prefix cache miss — 3 cut(s) probed against 192 entries; the nearest entry (position 54) shares the first 23 of the prompt's 64 tokens (the prompt differs from it from that token on)
2026-09-22 09:56:52.490 INFO  sched: request 'chatcmpl-8a1e3904842c985f' admitted to slot 7 (reserve 3 blocks; pool 754/960 blocks in use) — first token 785
2026-09-22 09:56:59.478 INFO  stats: rank 1 | 10.2 s | decode 44.4 tok/s, 15.9 ms/tok, 246.8 ms/step (29 steps / 451 tok, 71 % of wall) | mtp 1.97 tok/step/req, accept p1 96 % | prefill 3 prompts / 183 tok, 18 tok/s, 14.71 ms/tok, 897 ms avg (27 % of wall), 0 tok cached (0/3 hits) | live 8, queued 0 | pool 754/960 blocks (79 %) | prefix cache 193/4096 entries
2026-09-22 09:57:09.701 INFO  stats: rank 1 | 10.2 s | decode 56.5 tok/s, 17.0 ms/tok, 251.5 ms/step (39 steps / 578 tok, 96 % of wall) | mtp 1.85 tok/step/req, accept p1 85 % | prefill 0 prompts / 0 tok, 0 tok cached (0/0 hits) | live 8, queued 0 | pool 755/960 blocks (79 %) | prefix cache 193/4096 entries
2026-09-22 09:57:19.889 INFO  stats: rank 1 | 10.2 s | decode 52.1 tok/s, 18.4 ms/tok, 257.4 ms/step (38 steps / 531 tok, 96 % of wall) | mtp 1.75 tok/step/req, accept p1 75 % | prefill 0 prompts / 0 tok, 0 tok cached (0/0 hits) | live 8, queued 0 | pool 755/960 blocks (79 %) | prefix cache 193/4096 entries
2026-09-22 09:57:27.434 INFO  sched: request 'chatcmpl-8a1e3904842c9859' retired (steps): 256 tok in 41.4 s — prefill 59 tok (0 cached) in 884 ms; decode 255 tok / 138 passes in 40.5 s: 6.3 tok/s, 158.9 ms/tok, 294 ms/pass, 1.85 tok/pass, accept p1 85 %
2026-09-22 09:57:28.234 INFO  sched: request 'chatcmpl-8a1e3904842c985b' retired (steps): 256 tok in 40.2 s — prefill 66 tok (0 cached) in 924 ms; decode 255 tok / 139 passes in 39.2 s: 6.5 tok/s, 153.9 ms/tok, 282 ms/pass, 1.83 tok/pass, accept p1 84 %
2026-09-22 09:57:28.235 INFO  sched: request 'chatcmpl-8a1e3904842c9858' retired (steps): 256 tok in 43.2 s — prefill 62 tok (60 cached) in 98 ms; decode 255 tok / 142 passes in 43.1 s: 5.9 tok/s, 168.9 ms/tok, 303 ms/pass, 1.80 tok/pass, accept p1 80 %
2026-09-22 09:57:28.495 INFO  sched: request 'chatcmpl-8a1e3904842c985c' retired (steps): 256 tok in 39.4 s — prefill 62 tok (0 cached) in 905 ms; decode 255 tok / 139 passes in 38.5 s: 6.6 tok/s, 150.9 ms/tok, 277 ms/pass, 1.83 tok/pass, accept p1 83 %
2026-09-22 09:57:28.495 INFO  sched: request 'chatcmpl-8a1e3904842c985e' retired (steps): 256 tok in 37.2 s — prefill 63 tok (0 cached) in 913 ms; decode 255 tok / 137 passes in 36.3 s: 7.0 tok/s, 142.2 ms/tok, 265 ms/pass, 1.86 tok/pass, accept p1 87 %
2026-09-22 09:57:28.955 INFO  sched: request 'chatcmpl-8a1e3904842c985d' retired (steps): 256 tok in 38.8 s — prefill 56 tok (0 cached) in 862 ms; decode 255 tok / 140 passes in 37.9 s: 6.7 tok/s, 148.6 ms/tok, 271 ms/pass, 1.82 tok/pass, accept p1 82 %
2026-09-22 09:57:29.602 INFO  sched: request 'chatcmpl-8a1e3904842c985a' retired (steps): 256 tok in 42.6 s — prefill 60 tok (0 cached) in 894 ms; decode 255 tok / 146 passes in 41.7 s: 6.1 tok/s, 163.5 ms/tok, 285 ms/pass, 1.75 tok/pass, accept p1 75 %
2026-09-22 09:57:29.602 INFO  sched: request 'chatcmpl-8a1e3904842c985f' retired (steps): 256 tok in 37.1 s — prefill 64 tok (0 cached) in 916 ms; decode 255 tok / 141 passes in 36.2 s: 7.0 tok/s, 141.9 ms/tok, 257 ms/pass, 1.81 tok/pass, accept p1 82 %
2026-09-22 09:57:29.715 INFO  sched: request 'chatcmpl-8a1e3904842c9860' admitted to slot 0 (reserve 3 blocks; pool 747/960 blocks in use) — first token 785
2026-09-22 09:57:29.907 INFO  stats: rank 1 | 10.0 s | decode 45.9 tok/s, 20.7 ms/tok, 238.1 ms/step (40 steps / 460 tok, 95 % of wall) | mtp 1.74 tok/step/req, accept p1 74 % | prefill 1 prompt / 2 tok, 0 tok/s, 47.77 ms/tok, 96 ms avg (1 % of wall), 38 tok cached (1/1 hit) | live 1, queued 0 | pool 748/960 blocks (78 %) | prefix cache 200/4096 entries
2026-09-22 09:57:39.285 INFO  sched: request 'chatcmpl-8a1e3904842c9860' retired (steps): 256 tok in 9.6 s — prefill 40 tok (38 cached) in 96 ms; decode 255 tok / 150 passes in 9.5 s: 26.9 tok/s, 37.2 ms/tok, 63 ms/pass, 1.70 tok/pass, accept p1 71 %
2026-09-22 09:57:39.911 INFO  stats: rank 1 | 10.0 s | decode 24.9 tok/s, 37.1 ms/tok, 62.8 ms/step (147 steps / 249 tok, 92 % of wall) | mtp 1.69 tok/step/req, accept p1 70 % | prefill 0 prompts / 0 tok, 0 tok cached (0/0 hits) | live 0, queued 0 | pool 747/960 blocks (78 %) | prefix cache 201/4096 entries
2026-09-22 09:57:40.970 INFO  journal: stop record — exiting
2026-09-22 09:57:41.063 INFO  rank 1: graph engine sampling summary — 18515 sampled decode steps, 12 served by the exact gather fallback (0.1%), 128 candidates per rank
2026-09-22 09:57:42.270 INFO  rank 1: exited cleanly
