2026-09-22 01:22:11.359 INFO  dgpp-serve 0.1.0+g4b3d4a86f3dd (git 4b3d4a86f3dd)
2026-09-22 01:22:11.359 INFO  config /tmp/bus4/deployments/860d5a991d6b0c9a/cluster.json: model HawkBearPig/GLM-5.3-Flash-NVFP4-FP8, world 4, rank 2, http :18080, fabric :29970, journal :29971
2026-09-22 01:22:11.360 INFO  model HawkBearPig/GLM-5.3-Flash-NVFP4-FP8 -> /home/stephen/.cache/huggingface/hub/models--HawkBearPig--GLM-5.3-Flash-NVFP4-FP8/snapshots/17b8d4d83e33e836e9549d7e1a8d25b5117203c1
2026-09-22 01:22:11.360 INFO  journal: connected to rank 0 at 192.168.88.11:29971 (120000 attempt window)
2026-09-22 01:22:11.377 INFO  rank 2: settings from rank 0: model=HawkBearPig/GLM-5.3-Flash-NVFP4-FP8 world=4 fabric=29970 journal=29971 conc=4 kv=786432 kvdt=bf16 ngt=resident dw=checkpoint bfw=bf12+bf16 fp8head=gemv pf=bounded emsh=replicated maxtok=256 queue=8 eos=1 graph=1 compact=0 mtp=1 mtpd=1 mss=0 msrow=8 msbase=28 mslam=0 msmin=1 msad=1 batchmin=2 cand=128 pcgib=8 adm=full win=256 pfbudget=256 pfidle=2048 pace=-1 inflight=-1 reasoning_in_content=0 rs=off
2026-09-22 01:22:11.377 INFO  config: model=HawkBearPig/GLM-5.3-Flash-NVFP4-FP8 world=4 fabric=29970 journal=29971 conc=4 kv=786432 kvdt=bf16 ngt=resident dw=checkpoint bfw=bf12+bf16 fp8head=gemv pf=bounded emsh=replicated maxtok=256 queue=8 eos=1 graph=1 compact=0 mtp=1 mtpd=1 mss=0 msrow=8 msbase=28 mslam=0 msmin=1 msad=1 batchmin=2 cand=128 pcgib=8 adm=full win=256 pfbudget=256 pfidle=2048 pace=-1 inflight=-1 reasoning_in_content=0 rs=off (digest ee39883879453127)
2026-09-22 01:22:11.498 INFO  serve: model family glm5 (/home/stephen/.cache/huggingface/hub/models--HawkBearPig--GLM-5.3-Flash-NVFP4-FP8/snapshots/17b8d4d83e33e836e9549d7e1a8d25b5117203c1)
2026-09-22 01:22:11.498 INFO  serve: decode rows 8 (4 slot(s) x 2 row(s) per request, floor 8, the glm5 family's cap 8)
2026-09-22 01:22:11.498 WARN  generation config /home/stephen/.cache/huggingface/hub/models--HawkBearPig--GLM-5.3-Flash-NVFP4-FP8/snapshots/17b8d4d83e33e836e9549d7e1a8d25b5117203c1/generation_config.json omits top_k, min_p, repetition_penalty; using greedy-safe/neutral fallbacks for those fields
2026-09-22 01:22:11.498 INFO  generation defaults: temperature=1 top_p=0.95 top_k=0 min_p=0 repetition_penalty=1
2026-09-22 01:22:11.498 INFO  serve: sampling defaults temperature 1 top_p 0.95 top_k 0 min_p 0 repetition_penalty 1 (from generation_config.json; overrides: none)
2026-09-22 01:22:11.498 INFO  serve: request context limit 786432 tokens (the 786432-token K/V pool from engine.kv_capacity 786432; this family states no positional ceiling of its own)
2026-09-22 01:22:11.498 INFO  rank 2: prefix cache plan — 8 GiB budget, 232 slots of 35.227 MiB, 7.981 GiB allocated; cached K/V blocks share the 786432-token pool
2026-09-22 01:22:11.643 INFO  tokenizer: loaded vocab 154820 merges 321649 added 36 (revision 0x700b4469fc43f23b; glm pattern, no normalizer, ignore_merges true)
2026-09-22 01:22:11.652 INFO  serve: grammar vocabulary built (154880 ids, tool markers present, call-turn EOS 154829)
2026-09-22 01:22:11.751 INFO  serve: JSON grammar tables built in 0.10 s
2026-09-22 01:22:11.966 INFO  bus: globaltimer offset 13912268427 ns (+-2 us)
2026-09-22 01:22:11.971 INFO  verbs: device roceP2p1s0f0 port 1 gid_index 3
2026-09-22 01:22:11.974 INFO  verbs: device rocep1s0f0 port 1 gid_index 3
2026-09-22 01:22:13.127 INFO  bus: rank 2 up — 3 peer(s) x 2 lane(s), lat 8x65536B, bulk 8x262144B, bulk pace 28.3 Gb/s per QP, window 4 per lane
2026-09-22 01:22:13.127 INFO  rank 2: boundary reducer host-driven
2026-09-22 01:22:13.246 INFO  rank 2: process memory locked (mlockall MCL_CURRENT, 14513 MiB)
2026-09-22 01:22:13.246 INFO  rank 2: resident image cache at /home/stephen/.cache/dgpp/resident
2026-09-22 01:22:13.246 INFO  bus engine: rank 2 pinned to cpu 19
2026-09-22 01:22:13.303 INFO  rank 2: memory plan for a 786432-token context — vision weights (replicated) 1.05 GiB; vision workspace (bounded image prefill) 0.33 GiB; model weights (resident) 48.27 GiB (1.81 GiB pinned); tensor-parallel slice views 0.67 GiB; bf16 decode packing (12-bit companions) 1.96 GiB; gemm workspace (at least) 0.06 GiB; kda scratch 0.08 GiB; kv cache pool (bf16) 9.29 GiB; dsa scratch 0.23 GiB; moe scratch 0.68 GiB (0.00 GiB pinned); kda state (request slots) 0.14 GiB; kda speculative snapshots 0.27 GiB; draft hidden cache (per position) 24.00 GiB; draft activations 0.05 GiB; activations (per-forward rows) 0.61 GiB (0.00 GiB pinned); route-trace staging 0.10 GiB (0.10 GiB pinned); prefix cache 7.98 GiB; engine 0.08 GiB
2026-09-22 01:22:13.303 INFO  rank 2: memory plan total 95.85 GiB (85.87 GiB device + 9.97 GiB pinned) + 4.00 GiB headroom against 116.67 GiB free (device free 103.11 GiB of 121.69 GiB, host available 116.67 GiB)
2026-09-22 01:22:13.303 INFO  memory ledger: rank 2 after the plan check — rss 1.14 GiB (anon 0.41, shmem 0.09, file 0.64; locked 14.17); device free 103.11 GiB, node available 116.67 GiB
2026-09-22 01:22:13.303 INFO  memory ledger: rank 2 after the bus — rss 1.14 GiB (anon 0.41, shmem 0.09, file 0.64; locked 14.17); device free 103.11 GiB, node available 116.67 GiB
2026-09-22 01:22:13.620 INFO  glm loader: rank 2 resident footprint 46.5 GiB; device free 103.1 of 121.7 GiB, host available 116.6 GiB
2026-09-22 01:22:14.389 INFO  glm loader: rank 2 resident image /home/stephen/.cache/dgpp/resident/e96e68119906dd8f.img — 46/46 layers present, direct I/O
2026-09-22 01:22:14.424 INFO  l2 prefetch: on, window budget 12 MiB, boundary rate light, layer rate light
2026-09-22 01:22:14.424 INFO  glm loader: rank 2 boot digest from the resident image (713 tensors, 2.91 GiB)
2026-09-22 01:22:24.410 INFO  glm loader: rank 2 resident load complete — released 40 shard mappings (181.7 GiB) and evicted their page cache; image: 46 layers restored, 0 captured
2026-09-22 01:22:24.791 INFO  rank 2 bf12: 70 decode matrices packed (2.55 GiB of bf16 -> 1.92 GiB, 215186 escapes, widest row 62, 16 rows kept raw; 0 matrices kept bf16) in 1.4 s
2026-09-22 01:22:30.054 INFO  rank 2 boot phases: digest 0.0 s (3.96 GiB hashed), globals 1.3 s, layers 13.2 s
2026-09-22 01:22:30.054 INFO  memory ledger: rank 2 after the model — rss 3.10 GiB (anon 0.45, shmem 2.00, file 0.64; locked 14.16); device free 14.33 GiB, node available 27.86 GiB
2026-09-22 01:22:30.055 INFO  rank 2: model constructed in 16.8s (resident, 4 request slots, 786432-token pool in bf16, 2048-row forwards)
2026-09-22 01:22:30.055 INFO  rank 2: prefix cache on — 232 snapshot slot(s) of 35.2 MiB (8.00 GiB asked)
2026-09-22 01:22:30.329 INFO  rank 2: graph engine samples on the device — 112 candidates per rank (8 rows x 4 ranks in a 65536-byte latency slot; the planned width is 128); constrained decoding available
2026-09-22 01:22:34.197 INFO  memory ledger: rank 2 after the graph engine — rss 3.11 GiB (anon 0.45, shmem 2.01, file 0.64; locked 14.16); device free 6.25 GiB, node available 19.79 GiB
2026-09-22 01:22:34.458 INFO  allreduce: device clock rate 2418000 kHz (stamps conversion)
2026-09-22 01:22:34.458 INFO  allreduce: rank 2 seq 1 launched (3 peers)
2026-09-22 01:22:34.458 INFO  allreduce: rank 2 seq 1 ready after 37.9us
2026-09-22 01:22:34.468 INFO  allreduce: rank 2 seq 1 done status=0 after 9960.3us
2026-09-22 01:22:34.503 INFO  allreduce: rank 2 seq 2 launched (3 peers)
2026-09-22 01:22:34.503 INFO  allreduce: rank 2 seq 2 ready after 11.3us
2026-09-22 01:22:34.504 INFO  allreduce: rank 2 seq 2 done status=0 after 1010.8us
2026-09-22 01:22:34.504 INFO  allreduce: rank 2 seq 3 launched (3 peers)
2026-09-22 01:22:34.504 INFO  allreduce: rank 2 seq 3 ready after 11.0us
2026-09-22 01:22:34.504 INFO  allreduce: rank 2 seq 3 done status=0 after 119.3us
2026-09-22 01:22:34.505 INFO  allreduce: rank 2 seq 4 launched (3 peers)
2026-09-22 01:22:34.505 INFO  allreduce: rank 2 seq 4 ready after 11.3us
2026-09-22 01:22:34.505 INFO  allreduce: rank 2 seq 4 done status=0 after 54.1us
2026-09-22 01:22:34.505 INFO  allreduce: rank 2 seq 5 launched (3 peers)
2026-09-22 01:22:34.505 INFO  allreduce: rank 2 seq 5 ready after 11.1us
2026-09-22 01:22:34.505 INFO  allreduce: rank 2 seq 5 done status=0 after 70.0us
2026-09-22 01:22:34.506 INFO  allreduce: rank 2 seq 6 launched (3 peers)
2026-09-22 01:22:34.506 INFO  allreduce: rank 2 seq 6 ready after 11.1us
2026-09-22 01:22:34.506 INFO  allreduce: rank 2 seq 6 done status=0 after 48.5us
2026-09-22 01:22:34.508 INFO  allreduce: rank 2 seq 7 launched (3 peers)
2026-09-22 01:22:34.508 INFO  allreduce: rank 2 seq 7 ready after 13.6us
2026-09-22 01:22:34.509 INFO  allreduce: rank 2 seq 7 done status=0 after 730.2us
2026-09-22 01:22:34.510 INFO  allreduce: rank 2 seq 8 launched (3 peers)
2026-09-22 01:22:34.510 INFO  allreduce: rank 2 seq 8 ready after 11.2us
2026-09-22 01:22:34.510 INFO  allreduce: rank 2 seq 8 done status=0 after 49.4us
2026-09-22 01:22:34.510 INFO  allreduce: rank 2 seq 9 launched (3 peers)
2026-09-22 01:22:34.510 INFO  allreduce: rank 2 seq 9 ready after 10.7us
2026-09-22 01:22:34.510 INFO  allreduce: rank 2 seq 9 done status=0 after 82.2us
2026-09-22 01:22:34.511 INFO  allreduce: rank 2 seq 10 launched (3 peers)
2026-09-22 01:22:34.511 INFO  allreduce: rank 2 seq 10 ready after 12.4us
2026-09-22 01:22:34.511 INFO  allreduce: rank 2 seq 10 done status=0 after 57.2us
2026-09-22 01:22:34.511 INFO  allreduce: rank 2 seq 11 launched (3 peers)
2026-09-22 01:22:34.511 INFO  allreduce: rank 2 seq 11 ready after 11.0us
2026-09-22 01:22:34.511 INFO  allreduce: rank 2 seq 11 done status=0 after 53.2us
2026-09-22 01:22:34.512 INFO  allreduce: rank 2 seq 12 launched (3 peers)
2026-09-22 01:22:34.512 INFO  allreduce: rank 2 seq 12 ready after 11.4us
2026-09-22 01:22:34.512 INFO  allreduce: rank 2 seq 12 done status=0 after 68.9us
2026-09-22 01:22:34.512 INFO  allreduce: rank 2 seq 13 launched (3 peers)
2026-09-22 01:22:34.512 INFO  allreduce: rank 2 seq 13 ready after 11.2us
2026-09-22 01:22:34.512 INFO  allreduce: rank 2 seq 13 done status=0 after 91.4us
2026-09-22 01:22:34.513 INFO  allreduce: rank 2 seq 14 launched (3 peers)
2026-09-22 01:22:34.513 INFO  allreduce: rank 2 seq 14 ready after 14.2us
2026-09-22 01:22:34.513 INFO  allreduce: rank 2 seq 14 done status=0 after 59.6us
2026-09-22 01:22:34.514 INFO  allreduce: rank 2 seq 15 launched (3 peers)
2026-09-22 01:22:34.514 INFO  allreduce: rank 2 seq 15 ready after 9.1us
2026-09-22 01:22:34.514 INFO  allreduce: rank 2 seq 15 done status=0 after 57.9us
2026-09-22 01:22:34.514 INFO  allreduce: rank 2 seq 16 launched (3 peers)
2026-09-22 01:22:34.514 INFO  allreduce: rank 2 seq 16 ready after 9.2us
2026-09-22 01:22:34.515 INFO  allreduce: rank 2 seq 16 done status=0 after 59.9us
2026-09-22 01:22:34.592 INFO  bus graph era: variant 0 recorded with 94 collective node(s)
2026-09-22 01:22:34.593 INFO  rank 2: graph variant 0 shape: 1297 nodes, 1612 edges: kernel 1297 empty 0 memcpy 0 memset 0 host 0 event 0 other 0; max in-degree 2
2026-09-22 01:22:34.596 INFO  rank 2: graph variant 0 instantiated — 23.3 MiB of device memory (5.9 GiB free)
2026-09-22 01:22:34.598 INFO  bus graph era: variant 1 recorded with 94 collective node(s)
2026-09-22 01:22:34.598 INFO  rank 2: graph variant 1 shape: 1297 nodes, 1612 edges: kernel 1297 empty 0 memcpy 0 memset 0 host 0 event 0 other 0; max in-degree 2
2026-09-22 01:22:34.601 INFO  rank 2: graph variant 1 instantiated — 21.1 MiB of device memory (5.9 GiB free)
2026-09-22 01:22:34.601 INFO  rank 2: serving scalar graph variants 0/1 captured for request slot 0 (2 rows, MTP)
2026-09-22 01:22:34.603 INFO  bus graph era: variant 8 recorded with 94 collective node(s)
2026-09-22 01:22:34.603 INFO  rank 2: graph variant 8 shape: 1299 nodes, 1614 edges: kernel 1299 empty 0 memcpy 0 memset 0 host 0 event 0 other 0; max in-degree 2
2026-09-22 01:22:34.609 INFO  rank 2: graph variant 8 instantiated — 25.1 MiB of device memory (5.8 GiB free)
2026-09-22 01:22:34.611 INFO  bus graph era: variant 9 recorded with 94 collective node(s)
2026-09-22 01:22:34.611 INFO  rank 2: graph variant 9 shape: 1299 nodes, 1614 edges: kernel 1299 empty 0 memcpy 0 memset 0 host 0 event 0 other 0; max in-degree 2
2026-09-22 01:22:34.618 INFO  rank 2: graph variant 9 instantiated — 34.1 MiB of device memory (5.8 GiB free)
2026-09-22 01:22:34.618 INFO  rank 2: serving row-batched graph variants 8/9 captured for 2 slots x 2 rows = 4 fixed rows, MTP (a batch is selected at 2+ live requests, the smallest that covers the live slots)
2026-09-22 01:22:34.632 INFO  bus graph era: variant 10 recorded with 94 collective node(s)
2026-09-22 01:22:34.632 INFO  rank 2: graph variant 10 shape: 1359 nodes, 1674 edges: kernel 1359 empty 0 memcpy 0 memset 0 host 0 event 0 other 0; max in-degree 2
2026-09-22 01:22:34.639 INFO  rank 2: graph variant 10 instantiated — 29.3 MiB of device memory (5.7 GiB free)
2026-09-22 01:22:34.640 INFO  bus graph era: variant 11 recorded with 94 collective node(s)
2026-09-22 01:22:34.640 INFO  rank 2: graph variant 11 shape: 1359 nodes, 1674 edges: kernel 1359 empty 0 memcpy 0 memset 0 host 0 event 0 other 0; max in-degree 2
2026-09-22 01:22:34.647 INFO  rank 2: graph variant 11 instantiated — 30.7 MiB of device memory (5.7 GiB free)
2026-09-22 01:22:34.647 INFO  rank 2: serving row-batched graph variants 10/11 captured for 3 slots x 2 rows = 6 fixed rows, MTP (a batch is selected at 2+ live requests, the smallest that covers the live slots)
2026-09-22 01:22:34.649 INFO  bus graph era: variant 12 recorded with 94 collective node(s)
2026-09-22 01:22:34.649 INFO  rank 2: graph variant 12 shape: 1361 nodes, 1676 edges: kernel 1361 empty 0 memcpy 0 memset 0 host 0 event 0 other 0; max in-degree 2
2026-09-22 01:22:34.656 INFO  rank 2: graph variant 12 instantiated — 35.0 MiB of device memory (5.7 GiB free)
2026-09-22 01:22:34.657 INFO  bus graph era: variant 13 recorded with 94 collective node(s)
2026-09-22 01:22:34.657 INFO  rank 2: graph variant 13 shape: 1361 nodes, 1676 edges: kernel 1361 empty 0 memcpy 0 memset 0 host 0 event 0 other 0; max in-degree 2
2026-09-22 01:22:34.664 INFO  rank 2: graph variant 13 instantiated — 31.5 MiB of device memory (5.6 GiB free)
2026-09-22 01:22:34.664 INFO  rank 2: serving row-batched graph variants 12/13 captured for 4 slots x 2 rows = 8 fixed rows, MTP (a batch is selected at 2+ live requests, the smallest that covers the live slots)
2026-09-22 01:22:34.729 INFO  bus graph era: variant 2 recorded with 94 collective node(s)
2026-09-22 01:22:34.729 INFO  rank 2: graph variant 2 shape: 1297 nodes, 1612 edges: kernel 1297 empty 0 memcpy 0 memset 0 host 0 event 0 other 0; max in-degree 2
2026-09-22 01:22:34.736 INFO  rank 2: graph variant 2 instantiated — 32.0 MiB of device memory (5.6 GiB free)
2026-09-22 01:22:34.737 INFO  bus graph era: variant 3 recorded with 94 collective node(s)
2026-09-22 01:22:34.737 INFO  rank 2: graph variant 3 shape: 1297 nodes, 1612 edges: kernel 1297 empty 0 memcpy 0 memset 0 host 0 event 0 other 0; max in-degree 2
2026-09-22 01:22:34.745 INFO  rank 2: graph variant 3 instantiated — 34.5 MiB of device memory (5.6 GiB free)
2026-09-22 01:22:34.745 INFO  rank 2: serving scalar graph variants 2/3 captured for request slot 1 (2 rows, MTP)
2026-09-22 01:22:34.808 INFO  bus graph era: variant 4 recorded with 94 collective node(s)
2026-09-22 01:22:34.809 INFO  rank 2: graph variant 4 shape: 1297 nodes, 1612 edges: kernel 1297 empty 0 memcpy 0 memset 0 host 0 event 0 other 0; max in-degree 2
2026-09-22 01:22:34.815 INFO  rank 2: graph variant 4 instantiated — 32.8 MiB of device memory (5.5 GiB free)
2026-09-22 01:22:34.817 INFO  bus graph era: variant 5 recorded with 94 collective node(s)
2026-09-22 01:22:34.817 INFO  rank 2: graph variant 5 shape: 1297 nodes, 1612 edges: kernel 1297 empty 0 memcpy 0 memset 0 host 0 event 0 other 0; max in-degree 2
2026-09-22 01:22:34.826 INFO  rank 2: graph variant 5 instantiated — 32.9 MiB of device memory (5.5 GiB free)
2026-09-22 01:22:34.826 INFO  rank 2: serving scalar graph variants 4/5 captured for request slot 2 (2 rows, MTP)
2026-09-22 01:22:34.891 INFO  bus graph era: variant 6 recorded with 94 collective node(s)
2026-09-22 01:22:34.891 INFO  rank 2: graph variant 6 shape: 1297 nodes, 1612 edges: kernel 1297 empty 0 memcpy 0 memset 0 host 0 event 0 other 0; max in-degree 2
2026-09-22 01:22:34.899 INFO  rank 2: graph variant 6 instantiated — 34.1 MiB of device memory (5.5 GiB free)
2026-09-22 01:22:34.900 INFO  bus graph era: variant 7 recorded with 94 collective node(s)
2026-09-22 01:22:34.900 INFO  rank 2: graph variant 7 shape: 1297 nodes, 1612 edges: kernel 1297 empty 0 memcpy 0 memset 0 host 0 event 0 other 0; max in-degree 2
2026-09-22 01:22:34.907 INFO  rank 2: graph variant 7 instantiated — 33.3 MiB of device memory (5.4 GiB free)
2026-09-22 01:22:34.907 INFO  rank 2: serving scalar graph variants 6/7 captured for request slot 3 (2 rows, MTP)
2026-09-22 01:22:34.907 INFO  rank 2: warm capture complete — 4 scalar variants and the row batches for 2 slots, 3 slots, 4 slots recorded before the first request
2026-09-22 01:22:34.907 INFO  memory ledger: rank 2 after the warm capture — rss 3.54 GiB (anon 0.88, shmem 2.01, file 0.65; locked 14.15); device free 5.44 GiB, node available 18.98 GiB
2026-09-22 01:22:34.907 INFO  rank 2: graph variants warm-captured in 0.71s
2026-09-22 01:22:34.907 INFO  rank 2: following rank 0's journal (admission full, window 256)
2026-09-22 01:22:36.732 INFO  sched: request 'chatcmpl-2693f8214ec4dd9a' prefix cache miss — 2 cut(s), the cache is empty
2026-09-22 01:22:36.733 INFO  sched: request 'chatcmpl-2693f8214ec4dd9a' admitted to slot 0 (reserve 1 blocks; pool 2/6144 blocks in use) — first token 785
2026-09-22 01:22:37.816 INFO  sched: request 'chatcmpl-2693f8214ec4dd9a' retired (steps): 64 tok in 1.1 s — prefill 62 tok (0 cached) in 306 ms; decode 63 tok / 34 passes in 0.8 s: 81.0 tok/s, 12.3 ms/tok, 23 ms/pass, 1.85 tok/pass, accept p1 85 %
2026-09-22 01:22:38.105 INFO  sched: request 'chatcmpl-2693f8214ec4dd9b' prefix cache miss — 2 cut(s) probed against 2 entries; the nearest entry (position 124) shares the first 12 of the prompt's 37 tokens (the prompt differs from it from that token on)
2026-09-22 01:22:38.105 INFO  sched: request 'chatcmpl-2693f8214ec4dd9b' admitted to slot 0 (reserve 3 blocks; pool 6/6144 blocks in use) — first token 785
2026-09-22 01:22:42.417 INFO  sched: request 'chatcmpl-2693f8214ec4dd9b' retired (steps): 256 tok in 4.3 s — prefill 37 tok (0 cached) in 262 ms; decode 255 tok / 137 passes in 4.1 s: 63.0 tok/s, 15.9 ms/tok, 30 ms/pass, 1.86 tok/pass, accept p1 87 %
2026-09-22 01:22:42.499 INFO  sched: request 'chatcmpl-2693f8214ec4dd9c' admitted to slot 0 (reserve 3 blocks; pool 9/6144 blocks in use) — first token 785
2026-09-22 01:22:45.078 INFO  stats: rank 2 | 10.0 s | decode 47.7 tok/s, 16.5 ms/tok, 31.1 ms/step (253 steps / 477 tok, 79 % of wall) | mtp 1.89 tok/step/req, accept p1 88 % | prefill 3 prompts / 104 tok, 10 tok/s, 6.10 ms/tok, 211 ms avg (6 % of wall), 32 tok cached (1/3 hits) | live 1, queued 0 | pool 10/6144 blocks (0 %) | prefix cache 4/232 entries
2026-09-22 01:22:46.812 INFO  sched: request 'chatcmpl-2693f8214ec4dd9c' retired (steps): 256 tok in 4.3 s — prefill 37 tok (32 cached) in 66 ms; decode 255 tok / 137 passes in 4.2 s: 60.0 tok/s, 16.7 ms/tok, 31 ms/pass, 1.86 tok/pass, accept p1 87 %
2026-09-22 01:22:46.889 INFO  sched: request 'chatcmpl-2693f8214ec4dd9d' admitted to slot 0 (reserve 3 blocks; pool 9/6144 blocks in use) — first token 785
2026-09-22 01:22:51.203 INFO  sched: request 'chatcmpl-2693f8214ec4dd9d' retired (steps): 256 tok in 4.3 s — prefill 37 tok (32 cached) in 66 ms; decode 255 tok / 137 passes in 4.2 s: 60.0 tok/s, 16.7 ms/tok, 31 ms/pass, 1.86 tok/pass, accept p1 87 %
2026-09-22 01:22:51.474 INFO  sched: request 'chatcmpl-2693f8214ec4dd9e' prefix cache miss — 2 cut(s) probed against 4 entries; the nearest entry (position 292) shares the first 18 of the prompt's 36 tokens (the prompt differs from it from that token on)
2026-09-22 01:22:51.474 INFO  sched: request 'chatcmpl-2693f8214ec4dd9e' admitted to slot 0 (reserve 3 blocks; pool 10/6144 blocks in use) — first token 785
2026-09-22 01:22:51.765 INFO  sched: request 'chatcmpl-2693f8214ec4dd9f' prefix cache miss — 2 cut(s) probed against 5 entries; the nearest entry (position 292) shares the first 18 of the prompt's 36 tokens (the prompt differs from it from that token on)
2026-09-22 01:22:51.765 INFO  sched: request 'chatcmpl-2693f8214ec4dd9f' admitted to slot 1 (reserve 3 blocks; pool 15/6144 blocks in use) — first token 785
2026-09-22 01:22:55.089 INFO  stats: rank 2 | 10.0 s | decode 63.4 tok/s, 14.6 ms/tok, 34.3 ms/step (270 steps / 635 tok, 93 % of wall) | mtp 1.83 tok/step/req, accept p1 83 % | prefill 3 prompts / 77 tok, 8 tok/s, 7.57 ms/tok, 194 ms avg (6 % of wall), 32 tok cached (1/3 hits) | live 2, queued 0 | pool 16/6144 blocks (0 %) | prefix cache 6/232 entries
2026-09-22 01:22:57.945 INFO  sched: request 'chatcmpl-2693f8214ec4dd9f' retired (steps): 256 tok in 6.2 s — prefill 36 tok (0 cached) in 258 ms; decode 255 tok / 143 passes in 5.9 s: 43.1 tok/s, 23.2 ms/tok, 41 ms/pass, 1.78 tok/pass, accept p1 78 %
2026-09-22 01:22:58.136 INFO  sched: request 'chatcmpl-2693f8214ec4dd9e' retired (steps): 256 tok in 6.7 s — prefill 36 tok (0 cached) in 259 ms; decode 255 tok / 150 passes in 6.4 s: 39.8 tok/s, 25.1 ms/tok, 43 ms/pass, 1.70 tok/pass, accept p1 70 %
2026-09-22 01:22:58.215 INFO  sched: request 'chatcmpl-2693f8214ec4dda0' admitted to slot 0 (reserve 3 blocks; pool 17/6144 blocks in use) — first token 785
2026-09-22 01:22:58.309 INFO  sched: request 'chatcmpl-2693f8214ec4dda1' admitted to slot 1 (reserve 3 blocks; pool 21/6144 blocks in use) — first token 785
2026-09-22 01:23:04.492 INFO  sched: request 'chatcmpl-2693f8214ec4dda1' retired (steps): 256 tok in 6.2 s — prefill 36 tok (32 cached) in 60 ms; decode 255 tok / 143 passes in 6.1 s: 41.6 tok/s, 24.0 ms/tok, 43 ms/pass, 1.78 tok/pass, accept p1 78 %
2026-09-22 01:23:04.683 INFO  sched: request 'chatcmpl-2693f8214ec4dda0' retired (steps): 256 tok in 6.5 s — prefill 36 tok (32 cached) in 63 ms; decode 255 tok / 150 passes in 6.4 s: 39.8 tok/s, 25.1 ms/tok, 43 ms/pass, 1.70 tok/pass, accept p1 70 %
2026-09-22 01:23:04.779 INFO  sched: request 'chatcmpl-2693f8214ec4dda2' admitted to slot 0 (reserve 3 blocks; pool 17/6144 blocks in use) — first token 785
2026-09-22 01:23:04.873 INFO  sched: request 'chatcmpl-2693f8214ec4dda3' admitted to slot 1 (reserve 3 blocks; pool 21/6144 blocks in use) — first token 785
2026-09-22 01:23:05.091 INFO  stats: rank 2 | 10.0 s | decode 76.8 tok/s, 12.5 ms/tok, 42.0 ms/step (228 steps / 768 tok, 96 % of wall) | mtp 1.74 tok/step/req, accept p1 73 % | prefill 4 prompts / 16 tok, 2 tok/s, 15.44 ms/tok, 62 ms avg (2 % of wall), 128 tok cached (4/4 hits) | live 2, queued 0 | pool 22/6144 blocks (0 %) | prefix cache 8/232 entries
2026-09-22 01:23:11.062 INFO  sched: request 'chatcmpl-2693f8214ec4dda3' retired (steps): 256 tok in 6.2 s — prefill 36 tok (32 cached) in 60 ms; decode 255 tok / 143 passes in 6.1 s: 41.6 tok/s, 24.0 ms/tok, 43 ms/pass, 1.78 tok/pass, accept p1 78 %
2026-09-22 01:23:11.253 INFO  sched: request 'chatcmpl-2693f8214ec4dda2' retired (steps): 256 tok in 6.5 s — prefill 36 tok (32 cached) in 64 ms; decode 255 tok / 150 passes in 6.4 s: 39.8 tok/s, 25.1 ms/tok, 43 ms/pass, 1.70 tok/pass, accept p1 70 %
2026-09-22 01:23:11.536 INFO  sched: request 'chatcmpl-2693f8214ec4dda4' prefix cache miss — 2 cut(s) probed against 8 entries; the nearest entry (position 292) shares the first 18 of the prompt's 35 tokens (the prompt differs from it from that token on)
2026-09-22 01:23:11.536 INFO  sched: request 'chatcmpl-2693f8214ec4dda4' admitted to slot 0 (reserve 3 blocks; pool 18/6144 blocks in use) — first token 785
2026-09-22 01:23:11.817 INFO  sched: request 'chatcmpl-2693f8214ec4dda5' prefix cache miss — 2 cut(s) probed against 9 entries; the nearest entry (position 292) shares the first 10 of the prompt's 32 tokens (the prompt differs from it from that token on)
2026-09-22 01:23:11.817 INFO  sched: request 'chatcmpl-2693f8214ec4dda5' admitted to slot 1 (reserve 3 blocks; pool 23/6144 blocks in use) — first token 785
2026-09-22 01:23:12.112 INFO  sched: request 'chatcmpl-2693f8214ec4dda6' prefix cache miss — 2 cut(s) probed against 10 entries; the nearest entry (position 28) shares the first 12 of the prompt's 32 tokens (the prompt differs from it from that token on)
2026-09-22 01:23:12.112 INFO  sched: request 'chatcmpl-2693f8214ec4dda6' admitted to slot 2 (reserve 3 blocks; pool 28/6144 blocks in use) — first token 785
2026-09-22 01:23:12.417 INFO  sched: request 'chatcmpl-2693f8214ec4dda7' prefix cache miss — 2 cut(s) probed against 11 entries; the nearest entry (position 28) shares the first 12 of the prompt's 31 tokens (the prompt differs from it from that token on)
2026-09-22 01:23:12.417 INFO  sched: request 'chatcmpl-2693f8214ec4dda7' admitted to slot 3 (reserve 3 blocks; pool 33/6144 blocks in use) — first token 785
2026-09-22 01:23:15.113 INFO  stats: rank 2 | 10.0 s | decode 80.6 tok/s, 11.0 ms/tok, 47.0 ms/step (189 steps / 808 tok, 89 % of wall) | mtp 1.77 tok/step/req, accept p1 76 % | prefill 4 prompts / 130 tok, 13 tok/s, 7.75 ms/tok, 252 ms avg (10 % of wall), 0 tok cached (0/4 hits) | live 4, queued 0 | pool 34/6144 blocks (1 %) | prefix cache 12/232 entries
2026-09-22 01:23:21.591 INFO  sched: request 'chatcmpl-2693f8214ec4dda6' retired (steps): 256 tok in 9.5 s — prefill 32 tok (0 cached) in 251 ms; decode 255 tok / 143 passes in 9.2 s: 27.6 tok/s, 36.2 ms/tok, 65 ms/pass, 1.78 tok/pass, accept p1 78 %
2026-09-22 01:23:21.591 INFO  sched: request 'chatcmpl-2693f8214ec4dda4' retired (steps): 256 tok in 10.1 s — prefill 35 tok (0 cached) in 260 ms; decode 255 tok / 145 passes in 9.8 s: 26.0 tok/s, 38.4 ms/tok, 68 ms/pass, 1.76 tok/pass, accept p1 76 %
2026-09-22 01:23:21.660 INFO  sched: request 'chatcmpl-2693f8214ec4dda7' retired (steps): 256 tok in 9.2 s — prefill 31 tok (0 cached) in 248 ms; decode 255 tok / 143 passes in 9.0 s: 28.4 tok/s, 35.3 ms/tok, 63 ms/pass, 1.78 tok/pass, accept p1 78 %
2026-09-22 01:23:21.757 INFO  sched: request 'chatcmpl-2693f8214ec4dda5' retired (steps): 256 tok in 9.9 s — prefill 32 tok (0 cached) in 248 ms; decode 255 tok / 148 passes in 9.7 s: 26.3 tok/s, 38.0 ms/tok, 65 ms/pass, 1.72 tok/pass, accept p1 73 %
2026-09-22 01:23:21.824 INFO  sched: request 'chatcmpl-2693f8214ec4dda8' admitted to slot 0 (reserve 3 blocks; pool 33/6144 blocks in use) — first token 785
2026-09-22 01:23:21.917 INFO  sched: request 'chatcmpl-2693f8214ec4dda9' admitted to slot 1 (reserve 3 blocks; pool 37/6144 blocks in use) — first token 785
2026-09-22 01:23:22.018 INFO  sched: request 'chatcmpl-2693f8214ec4ddaa' admitted to slot 2 (reserve 3 blocks; pool 41/6144 blocks in use) — first token 785
2026-09-22 01:23:22.137 INFO  sched: request 'chatcmpl-2693f8214ec4ddab' admitted to slot 3 (reserve 3 blocks; pool 45/6144 blocks in use) — first token 785
2026-09-22 01:23:25.156 INFO  stats: rank 2 | 10.0 s | decode 105.4 tok/s, 9.1 ms/tok, 62.8 ms/step (154 steps / 1059 tok, 96 % of wall) | mtp 1.77 tok/step/req, accept p1 76 % | prefill 4 prompts / 14 tok, 1 tok/s, 16.89 ms/tok, 59 ms avg (2 % of wall), 116 tok cached (4/4 hits) | live 4, queued 0 | pool 46/6144 blocks (1 %) | prefix cache 16/232 entries
2026-09-22 01:23:31.307 INFO  sched: request 'chatcmpl-2693f8214ec4ddaa' retired (steps): 256 tok in 9.3 s — prefill 31 tok (28 cached) in 58 ms; decode 255 tok / 143 passes in 9.2 s: 27.6 tok/s, 36.2 ms/tok, 65 ms/pass, 1.78 tok/pass, accept p1 78 %
2026-09-22 01:23:31.307 INFO  sched: request 'chatcmpl-2693f8214ec4dda8' retired (steps): 256 tok in 9.5 s — prefill 35 tok (32 cached) in 56 ms; decode 255 tok / 145 passes in 9.4 s: 27.1 tok/s, 37.0 ms/tok, 65 ms/pass, 1.76 tok/pass, accept p1 76 %
2026-09-22 01:23:31.374 INFO  sched: request 'chatcmpl-2693f8214ec4ddab' retired (steps): 256 tok in 9.2 s — prefill 32 tok (28 cached) in 63 ms; decode 255 tok / 143 passes in 9.2 s: 27.8 tok/s, 36.0 ms/tok, 64 ms/pass, 1.78 tok/pass, accept p1 78 %
2026-09-22 01:23:31.472 INFO  sched: request 'chatcmpl-2693f8214ec4dda9' retired (steps): 256 tok in 9.6 s — prefill 32 tok (28 cached) in 60 ms; decode 255 tok / 148 passes in 9.5 s: 26.9 tok/s, 37.2 ms/tok, 64 ms/pass, 1.72 tok/pass, accept p1 73 %
2026-09-22 01:23:31.545 INFO  sched: request 'chatcmpl-2693f8214ec4ddac' admitted to slot 0 (reserve 3 blocks; pool 33/6144 blocks in use) — first token 785
2026-09-22 01:23:31.638 INFO  sched: request 'chatcmpl-2693f8214ec4ddad' admitted to slot 1 (reserve 3 blocks; pool 37/6144 blocks in use) — first token 785
2026-09-22 01:23:31.737 INFO  sched: request 'chatcmpl-2693f8214ec4ddae' admitted to slot 2 (reserve 3 blocks; pool 41/6144 blocks in use) — first token 785
2026-09-22 01:23:31.854 INFO  sched: request 'chatcmpl-2693f8214ec4ddaf' admitted to slot 3 (reserve 3 blocks; pool 45/6144 blocks in use) — first token 785
2026-09-22 01:23:35.201 INFO  stats: rank 2 | 10.0 s | decode 105.4 tok/s, 9.1 ms/tok, 62.8 ms/step (154 steps / 1059 tok, 96 % of wall) | mtp 1.77 tok/step/req, accept p1 76 % | prefill 4 prompts / 14 tok, 1 tok/s, 16.70 ms/tok, 58 ms avg (2 % of wall), 116 tok cached (4/4 hits) | live 4, queued 0 | pool 45/6144 blocks (1 %) | prefix cache 16/232 entries
2026-09-22 01:23:41.044 INFO  sched: request 'chatcmpl-2693f8214ec4ddae' retired (steps): 256 tok in 9.3 s — prefill 31 tok (28 cached) in 55 ms; decode 255 tok / 143 passes in 9.3 s: 27.6 tok/s, 36.3 ms/tok, 65 ms/pass, 1.78 tok/pass, accept p1 78 %
2026-09-22 01:23:41.044 INFO  sched: request 'chatcmpl-2693f8214ec4ddac' retired (steps): 256 tok in 9.5 s — prefill 35 tok (32 cached) in 57 ms; decode 255 tok / 145 passes in 9.4 s: 27.0 tok/s, 37.0 ms/tok, 65 ms/pass, 1.76 tok/pass, accept p1 76 %
2026-09-22 01:23:41.110 INFO  sched: request 'chatcmpl-2693f8214ec4ddaf' retired (steps): 256 tok in 9.3 s — prefill 32 tok (28 cached) in 61 ms; decode 255 tok / 143 passes in 9.2 s: 27.7 tok/s, 36.1 ms/tok, 64 ms/pass, 1.78 tok/pass, accept p1 78 %
2026-09-22 01:23:41.210 INFO  sched: request 'chatcmpl-2693f8214ec4ddad' retired (steps): 256 tok in 9.6 s — prefill 32 tok (28 cached) in 61 ms; decode 255 tok / 148 passes in 9.5 s: 26.8 tok/s, 37.3 ms/tok, 64 ms/pass, 1.72 tok/pass, accept p1 73 %
2026-09-22 01:23:41.526 INFO  sched: request 'chatcmpl-2693f8214ec4ddb0' prefix cache miss — 2 cut(s) probed against 16 entries; the nearest entry (position 292) shares the first 12 of the prompt's 51 tokens (the prompt differs from it from that token on)
2026-09-22 01:23:41.527 INFO  sched: request 'chatcmpl-2693f8214ec4ddb0' admitted to slot 0 (reserve 3 blocks; pool 34/6144 blocks in use) — first token 785
2026-09-22 01:23:45.228 INFO  stats: rank 2 | 10.0 s | decode 86.1 tok/s, 11.1 ms/tok, 45.9 ms/step (209 steps / 863 tok, 96 % of wall) | mtp 1.80 tok/step/req, accept p1 80 % | prefill 1 prompt / 51 tok, 5 tok/s, 5.68 ms/tok, 290 ms avg (3 % of wall), 0 tok cached (0/1 hit) | live 1, queued 0 | pool 35/6144 blocks (1 %) | prefix cache 17/232 entries
2026-09-22 01:23:45.685 INFO  sched: request 'chatcmpl-2693f8214ec4ddb0' retired (steps): 256 tok in 4.2 s — prefill 51 tok (0 cached) in 290 ms; decode 255 tok / 129 passes in 3.9 s: 65.9 tok/s, 15.2 ms/tok, 30 ms/pass, 1.98 tok/pass, accept p1 98 %
2026-09-22 01:23:45.779 INFO  sched: request 'chatcmpl-2693f8214ec4ddb1' admitted to slot 0 (reserve 3 blocks; pool 37/6144 blocks in use) — first token 785
2026-09-22 01:23:49.942 INFO  sched: request 'chatcmpl-2693f8214ec4ddb1' retired (steps): 256 tok in 4.2 s — prefill 51 tok (48 cached) in 56 ms; decode 255 tok / 129 passes in 4.1 s: 62.1 tok/s, 16.1 ms/tok, 32 ms/pass, 1.98 tok/pass, accept p1 98 %
2026-09-22 01:23:50.026 INFO  sched: request 'chatcmpl-2693f8214ec4ddb2' admitted to slot 0 (reserve 3 blocks; pool 37/6144 blocks in use) — first token 785
2026-09-22 01:23:54.189 INFO  sched: request 'chatcmpl-2693f8214ec4ddb2' retired (steps): 256 tok in 4.2 s — prefill 51 tok (48 cached) in 57 ms; decode 255 tok / 129 passes in 4.1 s: 62.1 tok/s, 16.1 ms/tok, 32 ms/pass, 1.98 tok/pass, accept p1 98 %
2026-09-22 01:23:54.502 INFO  sched: request 'chatcmpl-2693f8214ec4ddb3' prefix cache miss — 2 cut(s) probed against 18 entries; the nearest entry (position 304) shares the first 14 of the prompt's 47 tokens (the prompt differs from it from that token on)
2026-09-22 01:23:54.502 INFO  sched: request 'chatcmpl-2693f8214ec4ddb3' admitted to slot 0 (reserve 3 blocks; pool 38/6144 blocks in use) — first token 785
2026-09-22 01:23:54.815 INFO  sched: request 'chatcmpl-2693f8214ec4ddb4' prefix cache miss — 2 cut(s) probed against 19 entries; the nearest entry (position 304) shares the first 15 of the prompt's 51 tokens (the prompt differs from it from that token on)
2026-09-22 01:23:54.815 INFO  sched: request 'chatcmpl-2693f8214ec4ddb4' admitted to slot 1 (reserve 3 blocks; pool 43/6144 blocks in use) — first token 785
2026-09-22 01:23:55.256 INFO  stats: rank 2 | 10.0 s | decode 58.1 tok/s, 15.7 ms/tok, 32.3 ms/step (283 steps / 583 tok, 91 % of wall) | mtp 1.99 tok/step/req, accept p1 99 % | prefill 4 prompts / 104 tok, 10 tok/s, 6.46 ms/tok, 168 ms avg (7 % of wall), 96 tok cached (2/4 hits) | live 2, queued 0 | pool 44/6144 blocks (1 %) | prefix cache 20/232 entries
2026-09-22 01:24:00.776 INFO  sched: request 'chatcmpl-2693f8214ec4ddb3' retired (steps): 256 tok in 6.3 s — prefill 47 tok (0 cached) in 280 ms; decode 255 tok / 135 passes in 6.0 s: 42.5 tok/s, 23.5 ms/tok, 44 ms/pass, 1.89 tok/pass, accept p1 89 %
2026-09-22 01:24:00.841 INFO  sched: request 'chatcmpl-2693f8214ec4ddb4' retired (steps): 256 tok in 6.0 s — prefill 51 tok (0 cached) in 280 ms; decode 255 tok / 136 passes in 5.7 s: 44.4 tok/s, 22.5 ms/tok, 42 ms/pass, 1.88 tok/pass, accept p1 88 %
2026-09-22 01:24:00.913 INFO  sched: request 'chatcmpl-2693f8214ec4ddb5' admitted to slot 0 (reserve 3 blocks; pool 45/6144 blocks in use) — first token 785
2026-09-22 01:24:01.001 INFO  sched: request 'chatcmpl-2693f8214ec4ddb6' admitted to slot 1 (reserve 3 blocks; pool 49/6144 blocks in use) — first token 785
2026-09-22 01:24:05.261 INFO  stats: rank 2 | 10.0 s | decode 83.5 tok/s, 11.7 ms/tok, 43.8 ms/step (223 steps / 835 tok, 98 % of wall) | mtp 1.88 tok/step/req, accept p1 88 % | prefill 2 prompts / 6 tok, 1 tok/s, 18.22 ms/tok, 55 ms avg (1 % of wall), 92 tok cached (2/2 hits) | live 2, queued 0 | pool 50/6144 blocks (1 %) | prefix cache 22/232 entries
2026-09-22 01:24:06.964 INFO  sched: request 'chatcmpl-2693f8214ec4ddb5' retired (steps): 256 tok in 6.1 s — prefill 47 tok (44 cached) in 56 ms; decode 255 tok / 135 passes in 6.0 s: 42.5 tok/s, 23.5 ms/tok, 44 ms/pass, 1.89 tok/pass, accept p1 89 %
2026-09-22 01:24:07.029 INFO  sched: request 'chatcmpl-2693f8214ec4ddb6' retired (steps): 256 tok in 6.0 s — prefill 51 tok (48 cached) in 54 ms; decode 255 tok / 136 passes in 6.0 s: 42.7 tok/s, 23.4 ms/tok, 44 ms/pass, 1.88 tok/pass, accept p1 88 %
2026-09-22 01:24:07.114 INFO  sched: request 'chatcmpl-2693f8214ec4ddb7' admitted to slot 0 (reserve 3 blocks; pool 45/6144 blocks in use) — first token 785
2026-09-22 01:24:07.202 INFO  sched: request 'chatcmpl-2693f8214ec4ddb8' admitted to slot 1 (reserve 3 blocks; pool 49/6144 blocks in use) — first token 785
2026-09-22 01:24:13.168 INFO  sched: request 'chatcmpl-2693f8214ec4ddb7' retired (steps): 256 tok in 6.1 s — prefill 47 tok (44 cached) in 57 ms; decode 255 tok / 135 passes in 6.0 s: 42.5 tok/s, 23.5 ms/tok, 44 ms/pass, 1.89 tok/pass, accept p1 89 %
2026-09-22 01:24:13.235 INFO  sched: request 'chatcmpl-2693f8214ec4ddb8' retired (steps): 256 tok in 6.0 s — prefill 51 tok (48 cached) in 54 ms; decode 255 tok / 136 passes in 6.0 s: 42.7 tok/s, 23.4 ms/tok, 44 ms/pass, 1.88 tok/pass, accept p1 88 %
2026-09-22 01:24:13.525 INFO  sched: request 'chatcmpl-2693f8214ec4ddb9' prefix cache miss — 2 cut(s) probed against 22 entries; the nearest entry (position 304) shares the first 10 of the prompt's 33 tokens (the prompt differs from it from that token on)
2026-09-22 01:24:13.525 INFO  sched: request 'chatcmpl-2693f8214ec4ddb9' admitted to slot 0 (reserve 3 blocks; pool 46/6144 blocks in use) — first token 785
2026-09-22 01:24:13.805 INFO  sched: request 'chatcmpl-2693f8214ec4ddba' prefix cache miss — 2 cut(s) probed against 23 entries; the nearest entry (position 28) shares the first 12 of the prompt's 34 tokens (the prompt differs from it from that token on)
2026-09-22 01:24:13.805 INFO  sched: request 'chatcmpl-2693f8214ec4ddba' admitted to slot 1 (reserve 3 blocks; pool 50/6144 blocks in use) — first token 785
2026-09-22 01:24:14.133 INFO  sched: request 'chatcmpl-2693f8214ec4ddbb' prefix cache miss — 2 cut(s) probed against 24 entries; the nearest entry (position 300) shares the first 15 of the prompt's 45 tokens (the prompt differs from it from that token on)
2026-09-22 01:24:14.133 INFO  sched: request 'chatcmpl-2693f8214ec4ddbb' admitted to slot 2 (reserve 3 blocks; pool 55/6144 blocks in use) — first token 785
2026-09-22 01:24:14.447 INFO  sched: request 'chatcmpl-2693f8214ec4ddbc' prefix cache miss — 2 cut(s) probed against 25 entries; the nearest entry (position 32) shares the first 12 of the prompt's 33 tokens (the prompt differs from it from that token on)
2026-09-22 01:24:14.447 INFO  sched: request 'chatcmpl-2693f8214ec4ddbc' admitted to slot 3 (reserve 3 blocks; pool 60/6144 blocks in use) — first token 785
2026-09-22 01:24:15.270 INFO  stats: rank 2 | 10.0 s | decode 77.5 tok/s, 11.2 ms/tok, 45.0 ms/step (193 steps / 776 tok, 87 % of wall) | mtp 1.91 tok/step/req, accept p1 89 % | prefill 6 prompts / 151 tok, 15 tok/s, 7.64 ms/tok, 192 ms avg (12 % of wall), 92 tok cached (2/6 hits) | live 4, queued 0 | pool 62/6144 blocks (1 %) | prefix cache 26/232 entries
2026-09-22 01:24:23.416 INFO  sched: request 'chatcmpl-2693f8214ec4ddbb' retired (steps): 256 tok in 9.3 s — prefill 45 tok (0 cached) in 283 ms; decode 255 tok / 136 passes in 9.0 s: 28.3 tok/s, 35.3 ms/tok, 66 ms/pass, 1.88 tok/pass, accept p1 88 %
2026-09-22 01:24:23.426 INFO  sched: request 'chatcmpl-2693f8214ec4ddbc' retired (steps): 256 tok in 9.0 s — prefill 33 tok (0 cached) in 256 ms; decode 255 tok / 135 passes in 8.7 s: 29.2 tok/s, 34.2 ms/tok, 65 ms/pass, 1.89 tok/pass, accept p1 89 %
2026-09-22 01:24:23.427 INFO  sched: request 'chatcmpl-2693f8214ec4ddb9' retired (steps): 256 tok in 9.9 s — prefill 33 tok (0 cached) in 256 ms; decode 255 tok / 138 passes in 9.6 s: 26.4 tok/s, 37.8 ms/tok, 70 ms/pass, 1.85 tok/pass, accept p1 85 %
2026-09-22 01:24:23.527 INFO  sched: request 'chatcmpl-2693f8214ec4ddba' retired (steps): 256 tok in 9.7 s — prefill 34 tok (0 cached) in 247 ms; decode 255 tok / 140 passes in 9.5 s: 26.9 tok/s, 37.2 ms/tok, 68 ms/pass, 1.82 tok/pass, accept p1 83 %
2026-09-22 01:24:23.622 INFO  sched: request 'chatcmpl-2693f8214ec4ddbd' admitted to slot 0 (reserve 3 blocks; pool 61/6144 blocks in use) — first token 785
2026-09-22 01:24:23.721 INFO  sched: request 'chatcmpl-2693f8214ec4ddbe' admitted to slot 1 (reserve 3 blocks; pool 64/6144 blocks in use) — first token 785
2026-09-22 01:24:23.816 INFO  sched: request 'chatcmpl-2693f8214ec4ddbf' admitted to slot 2 (reserve 3 blocks; pool 68/6144 blocks in use) — first token 785
2026-09-22 01:24:23.941 INFO  sched: request 'chatcmpl-2693f8214ec4ddc0' admitted to slot 3 (reserve 3 blocks; pool 72/6144 blocks in use) — first token 785
2026-09-22 01:24:25.299 INFO  stats: rank 2 | 10.0 s | decode 108.4 tok/s, 8.9 ms/tok, 64.7 ms/step (149 steps / 1087 tok, 96 % of wall) | mtp 1.87 tok/step/req, accept p1 87 % | prefill 4 prompts / 17 tok, 2 tok/s, 14.77 ms/tok, 63 ms avg (3 % of wall), 128 tok cached (4/4 hits) | live 4, queued 0 | pool 74/6144 blocks (1 %) | prefix cache 30/232 entries
2026-09-22 01:24:32.655 INFO  sched: request 'chatcmpl-2693f8214ec4ddbe' retired (steps): 256 tok in 8.9 s — prefill 45 tok (40 cached) in 65 ms; decode 255 tok / 133 passes in 8.9 s: 28.8 tok/s, 34.8 ms/tok, 67 ms/pass, 1.92 tok/pass, accept p1 92 %
2026-09-22 01:24:32.916 INFO  sched: request 'chatcmpl-2693f8214ec4ddc0' retired (steps): 256 tok in 9.0 s — prefill 33 tok (28 cached) in 68 ms; decode 255 tok / 135 passes in 8.9 s: 28.6 tok/s, 34.9 ms/tok, 66 ms/pass, 1.89 tok/pass, accept p1 89 %
2026-09-22 01:24:32.916 INFO  sched: request 'chatcmpl-2693f8214ec4ddbd' retired (steps): 256 tok in 9.3 s — prefill 33 tok (28 cached) in 68 ms; decode 255 tok / 138 passes in 9.2 s: 27.6 tok/s, 36.2 ms/tok, 67 ms/pass, 1.85 tok/pass, accept p1 85 %
2026-09-22 01:24:33.017 INFO  sched: request 'chatcmpl-2693f8214ec4ddbf' retired (steps): 256 tok in 9.2 s — prefill 34 tok (32 cached) in 50 ms; decode 255 tok / 139 passes in 9.2 s: 27.9 tok/s, 35.9 ms/tok, 66 ms/pass, 1.83 tok/pass, accept p1 84 %
2026-09-22 01:24:33.095 INFO  sched: request 'chatcmpl-2693f8214ec4ddc1' admitted to slot 0 (reserve 3 blocks; pool 67/6144 blocks in use) — first token 785
2026-09-22 01:24:33.193 INFO  sched: request 'chatcmpl-2693f8214ec4ddc2' admitted to slot 1 (reserve 3 blocks; pool 70/6144 blocks in use) — first token 785
2026-09-22 01:24:33.289 INFO  sched: request 'chatcmpl-2693f8214ec4ddc3' admitted to slot 2 (reserve 3 blocks; pool 74/6144 blocks in use) — first token 785
2026-09-22 01:24:33.412 INFO  sched: request 'chatcmpl-2693f8214ec4ddc4' admitted to slot 3 (reserve 3 blocks; pool 78/6144 blocks in use) — first token 785
2026-09-22 01:24:35.313 INFO  stats: rank 2 | 10.0 s | decode 107.6 tok/s, 9.0 ms/tok, 64.8 ms/step (149 steps / 1078 tok, 96 % of wall) | mtp 1.87 tok/step/req, accept p1 86 % | prefill 4 prompts / 17 tok, 2 tok/s, 14.69 ms/tok, 62 ms avg (2 % of wall), 128 tok cached (4/4 hits) | live 4, queued 0 | pool 80/6144 blocks (1 %) | prefix cache 32/232 entries
2026-09-22 01:24:42.174 INFO  sched: request 'chatcmpl-2693f8214ec4ddc2' retired (steps): 256 tok in 9.0 s — prefill 45 tok (40 cached) in 66 ms; decode 255 tok / 133 passes in 8.9 s: 28.6 tok/s, 35.0 ms/tok, 67 ms/pass, 1.92 tok/pass, accept p1 92 %
2026-09-22 01:24:42.497 INFO  sched: request 'chatcmpl-2693f8214ec4ddc1' retired (steps): 256 tok in 9.4 s — prefill 33 tok (28 cached) in 66 ms; decode 255 tok / 139 passes in 9.3 s: 27.3 tok/s, 36.6 ms/tok, 67 ms/pass, 1.83 tok/pass, accept p1 83 %
2026-09-22 01:24:42.623 INFO  sched: request 'chatcmpl-2693f8214ec4ddc3' retired (steps): 256 tok in 9.3 s — prefill 34 tok (32 cached) in 50 ms; decode 255 tok / 139 passes in 9.3 s: 27.5 tok/s, 36.4 ms/tok, 67 ms/pass, 1.83 tok/pass, accept p1 84 %
2026-09-22 01:24:42.657 INFO  sched: request 'chatcmpl-2693f8214ec4ddc4' retired (steps): 256 tok in 9.2 s — prefill 33 tok (28 cached) in 67 ms; decode 255 tok / 139 passes in 9.2 s: 27.8 tok/s, 36.0 ms/tok, 66 ms/pass, 1.83 tok/pass, accept p1 84 %
2026-09-22 01:24:42.950 INFO  sched: request 'chatcmpl-2693f8214ec4ddc5' prefix cache miss — 2 cut(s) probed against 34 entries; the nearest entry (position 304) shares the first 10 of the prompt's 46 tokens (the prompt differs from it from that token on)
2026-09-22 01:24:42.950 INFO  sched: request 'chatcmpl-2693f8214ec4ddc5' admitted to slot 0 (reserve 3 blocks; pool 74/6144 blocks in use) — first token 785
2026-09-22 01:24:45.333 INFO  stats: rank 2 | 10.0 s | decode 93.4 tok/s, 10.3 ms/tok, 52.0 ms/step (185 steps / 936 tok, 96 % of wall) | mtp 1.86 tok/step/req, accept p1 86 % | prefill 1 prompt / 46 tok, 5 tok/s, 6.00 ms/tok, 276 ms avg (3 % of wall), 0 tok cached (0/1 hit) | live 1, queued 0 | pool 75/6144 blocks (1 %) | prefix cache 35/232 entries
2026-09-22 01:24:47.077 INFO  sched: request 'chatcmpl-2693f8214ec4ddc5' retired (steps): 256 tok in 4.1 s — prefill 46 tok (0 cached) in 276 ms; decode 255 tok / 130 passes in 3.9 s: 66.2 tok/s, 15.1 ms/tok, 30 ms/pass, 1.96 tok/pass, accept p1 96 %
2026-09-22 01:24:47.150 INFO  sched: request 'chatcmpl-2693f8214ec4ddc6' admitted to slot 0 (reserve 3 blocks; pool 77/6144 blocks in use) — first token 785
2026-09-22 01:24:51.284 INFO  sched: request 'chatcmpl-2693f8214ec4ddc6' retired (steps): 256 tok in 4.1 s — prefill 46 tok (44 cached) in 52 ms; decode 255 tok / 130 passes in 4.1 s: 62.5 tok/s, 16.0 ms/tok, 31 ms/pass, 1.96 tok/pass, accept p1 96 %
2026-09-22 01:24:51.378 INFO  sched: request 'chatcmpl-2693f8214ec4ddc7' admitted to slot 0 (reserve 3 blocks; pool 77/6144 blocks in use) — first token 785
2026-09-22 01:24:55.349 INFO  stats: rank 2 | 10.0 s | decode 60.9 tok/s, 15.9 ms/tok, 31.3 ms/step (310 steps / 610 tok, 97 % of wall) | mtp 1.97 tok/step/req, accept p1 96 % | prefill 2 prompts / 4 tok, 0 tok/s, 25.48 ms/tok, 51 ms avg (1 % of wall), 88 tok cached (2/2 hits) | live 1, queued 0 | pool 78/6144 blocks (1 %) | prefix cache 36/232 entries
2026-09-22 01:24:55.509 INFO  sched: request 'chatcmpl-2693f8214ec4ddc7' retired (steps): 256 tok in 4.1 s — prefill 46 tok (44 cached) in 50 ms; decode 255 tok / 130 passes in 4.1 s: 62.5 tok/s, 16.0 ms/tok, 31 ms/pass, 1.96 tok/pass, accept p1 96 %
2026-09-22 01:24:55.828 INFO  sched: request 'chatcmpl-2693f8214ec4ddc8' prefix cache miss — 2 cut(s) probed against 36 entries; the nearest entry (position 300) shares the first 23 of the prompt's 47 tokens (the prompt differs from it from that token on)
2026-09-22 01:24:55.828 INFO  sched: request 'chatcmpl-2693f8214ec4ddc8' admitted to slot 0 (reserve 3 blocks; pool 78/6144 blocks in use) — first token 785
2026-09-22 01:24:56.132 INFO  sched: request 'chatcmpl-2693f8214ec4ddc9' prefix cache miss — 2 cut(s) probed against 37 entries; the nearest entry (position 300) shares the first 23 of the prompt's 46 tokens (the prompt differs from it from that token on)
2026-09-22 01:24:56.132 INFO  sched: request 'chatcmpl-2693f8214ec4ddc9' admitted to slot 1 (reserve 3 blocks; pool 83/6144 blocks in use) — first token 785
2026-09-22 01:25:02.000 INFO  sched: request 'chatcmpl-2693f8214ec4ddc9' retired (steps): 256 tok in 5.9 s — prefill 46 tok (0 cached) in 271 ms; decode 255 tok / 131 passes in 5.6 s: 45.6 tok/s, 22.0 ms/tok, 43 ms/pass, 1.95 tok/pass, accept p1 95 %
2026-09-22 01:25:02.486 INFO  sched: request 'chatcmpl-2693f8214ec4ddc8' retired (steps): 256 tok in 6.7 s — prefill 47 tok (0 cached) in 280 ms; decode 255 tok / 147 passes in 6.4 s: 40.0 tok/s, 25.0 ms/tok, 43 ms/pass, 1.73 tok/pass, accept p1 74 %
2026-09-22 01:25:02.548 INFO  sched: request 'chatcmpl-2693f8214ec4ddca' admitted to slot 0 (reserve 3 blocks; pool 85/6144 blocks in use) — first token 785
2026-09-22 01:25:02.630 INFO  sched: request 'chatcmpl-2693f8214ec4ddcb' admitted to slot 1 (reserve 3 blocks; pool 89/6144 blocks in use) — first token 785
2026-09-22 01:25:05.376 INFO  stats: rank 2 | 10.0 s | decode 74.5 tok/s, 12.3 ms/tok, 42.9 ms/step (215 steps / 747 tok, 92 % of wall) | mtp 1.83 tok/step/req, accept p1 82 % | prefill 4 prompts / 98 tok, 10 tok/s, 6.70 ms/tok, 164 ms avg (7 % of wall), 88 tok cached (2/4 hits) | live 2, queued 0 | pool 90/6144 blocks (1 %) | prefix cache 40/232 entries
2026-09-22 01:25:08.496 INFO  sched: request 'chatcmpl-2693f8214ec4ddcb' retired (steps): 256 tok in 5.9 s — prefill 46 tok (44 cached) in 50 ms; decode 255 tok / 131 passes in 5.8 s: 43.8 tok/s, 22.8 ms/tok, 44 ms/pass, 1.95 tok/pass, accept p1 95 %
2026-09-22 01:25:08.981 INFO  sched: request 'chatcmpl-2693f8214ec4ddca' retired (steps): 256 tok in 6.4 s — prefill 47 tok (44 cached) in 56 ms; decode 255 tok / 147 passes in 6.4 s: 40.0 tok/s, 25.0 ms/tok, 43 ms/pass, 1.73 tok/pass, accept p1 74 %
2026-09-22 01:25:09.054 INFO  sched: request 'chatcmpl-2693f8214ec4ddcc' admitted to slot 0 (reserve 3 blocks; pool 85/6144 blocks in use) — first token 785
2026-09-22 01:25:09.142 INFO  sched: request 'chatcmpl-2693f8214ec4ddcd' admitted to slot 1 (reserve 3 blocks; pool 88/6144 blocks in use) — first token 785
2026-09-22 01:25:14.951 INFO  sched: request 'chatcmpl-2693f8214ec4ddcc' retired (steps): 256 tok in 5.9 s — prefill 46 tok (44 cached) in 51 ms; decode 255 tok / 131 passes in 5.8 s: 43.6 tok/s, 22.9 ms/tok, 45 ms/pass, 1.95 tok/pass, accept p1 95 %
2026-09-22 01:25:15.401 INFO  stats: rank 2 | 10.0 s | decode 79.2 tok/s, 12.3 ms/tok, 42.7 ms/step (229 steps / 794 tok, 98 % of wall) | mtp 1.86 tok/step/req, accept p1 85 % | prefill 2 prompts / 5 tok, 0 tok/s, 21.21 ms/tok, 53 ms avg (1 % of wall), 88 tok cached (2/2 hits) | live 1, queued 0 | pool 86/6144 blocks (1 %) | prefix cache 40/232 entries
2026-09-22 01:25:15.499 INFO  sched: request 'chatcmpl-2693f8214ec4ddcd' retired (steps): 256 tok in 6.4 s — prefill 47 tok (44 cached) in 55 ms; decode 255 tok / 147 passes in 6.3 s: 40.5 tok/s, 24.7 ms/tok, 43 ms/pass, 1.73 tok/pass, accept p1 74 %
2026-09-22 01:25:15.785 INFO  sched: request 'chatcmpl-2693f8214ec4ddce' prefix cache miss — 2 cut(s) probed against 40 entries; the nearest entry (position 304) shares the first 10 of the prompt's 33 tokens (the prompt differs from it from that token on)
2026-09-22 01:25:15.785 INFO  sched: request 'chatcmpl-2693f8214ec4ddce' admitted to slot 0 (reserve 3 blocks; pool 86/6144 blocks in use) — first token 785
2026-09-22 01:25:16.078 INFO  sched: request 'chatcmpl-2693f8214ec4ddcf' prefix cache miss — 2 cut(s) probed against 41 entries; the nearest entry (position 28) shares the first 14 of the prompt's 36 tokens (the prompt differs from it from that token on)
2026-09-22 01:25:16.078 INFO  sched: request 'chatcmpl-2693f8214ec4ddcf' admitted to slot 1 (reserve 3 blocks; pool 90/6144 blocks in use) — first token 785
2026-09-22 01:25:16.410 INFO  sched: request 'chatcmpl-2693f8214ec4ddd0' prefix cache miss — 2 cut(s) probed against 42 entries; the nearest entry (position 300) shares the first 23 of the prompt's 45 tokens (the prompt differs from it from that token on)
2026-09-22 01:25:16.410 INFO  sched: request 'chatcmpl-2693f8214ec4ddd0' admitted to slot 2 (reserve 3 blocks; pool 96/6144 blocks in use) — first token 785
2026-09-22 01:25:16.717 INFO  sched: request 'chatcmpl-2693f8214ec4ddd1' prefix cache miss — 2 cut(s) probed against 43 entries; the nearest entry (position 32) shares the first 14 of the prompt's 34 tokens (the prompt differs from it from that token on)
2026-09-22 01:25:16.717 INFO  sched: request 'chatcmpl-2693f8214ec4ddd1' admitted to slot 3 (reserve 3 blocks; pool 100/6144 blocks in use) — first token 785
2026-09-22 01:25:25.152 INFO  sched: request 'chatcmpl-2693f8214ec4ddd0' retired (steps): 256 tok in 8.7 s — prefill 45 tok (0 cached) in 286 ms; decode 255 tok / 129 passes in 8.5 s: 30.2 tok/s, 33.2 ms/tok, 66 ms/pass, 1.98 tok/pass, accept p1 98 %
2026-09-22 01:25:25.221 INFO  sched: request 'chatcmpl-2693f8214ec4ddce' retired (steps): 256 tok in 9.4 s — prefill 33 tok (0 cached) in 259 ms; decode 255 tok / 132 passes in 9.2 s: 27.8 tok/s, 36.0 ms/tok, 70 ms/pass, 1.93 tok/pass, accept p1 93 %
2026-09-22 01:25:25.287 INFO  sched: request 'chatcmpl-2693f8214ec4ddcf' retired (steps): 256 tok in 9.2 s — prefill 36 tok (0 cached) in 260 ms; decode 255 tok / 132 passes in 8.9 s: 28.5 tok/s, 35.1 ms/tok, 68 ms/pass, 1.93 tok/pass, accept p1 94 %
2026-09-22 01:25:25.354 INFO  sched: request 'chatcmpl-2693f8214ec4ddd1' retired (steps): 256 tok in 8.6 s — prefill 34 tok (0 cached) in 251 ms; decode 255 tok / 132 passes in 8.4 s: 30.4 tok/s, 32.9 ms/tok, 64 ms/pass, 1.93 tok/pass, accept p1 94 %
2026-09-22 01:25:25.428 INFO  sched: request 'chatcmpl-2693f8214ec4ddd2' admitted to slot 0 (reserve 3 blocks; pool 101/6144 blocks in use) — first token 785
2026-09-22 01:25:25.458 INFO  stats: rank 2 | 10.1 s | decode 102.6 tok/s, 8.5 ms/tok, 63.5 ms/step (139 steps / 1032 tok, 88 % of wall) | mtp 1.95 tok/step/req, accept p1 95 % | prefill 5 prompts / 152 tok, 15 tok/s, 7.36 ms/tok, 224 ms avg (11 % of wall), 32 tok cached (1/5 hits) | live 1, queued 3 | pool 102/6144 blocks (2 %) | prefix cache 48/232 entries
2026-09-22 01:25:25.511 INFO  sched: request 'chatcmpl-2693f8214ec4ddd3' admitted to slot 1 (reserve 3 blocks; pool 105/6144 blocks in use) — first token 785
2026-09-22 01:25:25.623 INFO  sched: request 'chatcmpl-2693f8214ec4ddd4' admitted to slot 2 (reserve 3 blocks; pool 108/6144 blocks in use) — first token 785
2026-09-22 01:25:25.747 INFO  sched: request 'chatcmpl-2693f8214ec4ddd5' admitted to slot 3 (reserve 3 blocks; pool 112/6144 blocks in use) — first token 785
2026-09-22 01:25:34.175 INFO  sched: request 'chatcmpl-2693f8214ec4ddd3' retired (steps): 256 tok in 8.7 s — prefill 34 tok (32 cached) in 51 ms; decode 255 tok / 130 passes in 8.6 s: 29.6 tok/s, 33.8 ms/tok, 66 ms/pass, 1.96 tok/pass, accept p1 96 %
2026-09-22 01:25:34.175 INFO  sched: request 'chatcmpl-2693f8214ec4ddd2' retired (steps): 256 tok in 8.7 s — prefill 36 tok (32 cached) in 62 ms; decode 255 tok / 131 passes in 8.7 s: 29.4 tok/s, 34.1 ms/tok, 66 ms/pass, 1.95 tok/pass, accept p1 95 %
2026-09-22 01:25:34.243 INFO  sched: request 'chatcmpl-2693f8214ec4ddd5' retired (steps): 256 tok in 8.5 s — prefill 45 tok (40 cached) in 67 ms; decode 255 tok / 129 passes in 8.4 s: 30.3 tok/s, 33.1 ms/tok, 65 ms/pass, 1.98 tok/pass, accept p1 98 %
2026-09-22 01:25:34.277 INFO  sched: request 'chatcmpl-2693f8214ec4ddd4' retired (steps): 256 tok in 8.7 s — prefill 33 tok (28 cached) in 68 ms; decode 255 tok / 131 passes in 8.6 s: 29.7 tok/s, 33.7 ms/tok, 66 ms/pass, 1.95 tok/pass, accept p1 95 %
2026-09-22 01:25:34.343 INFO  sched: request 'chatcmpl-2693f8214ec4ddd6' admitted to slot 0 (reserve 3 blocks; pool 110/6144 blocks in use) — first token 785
2026-09-22 01:25:34.443 INFO  sched: request 'chatcmpl-2693f8214ec4ddd7' admitted to slot 1 (reserve 3 blocks; pool 113/6144 blocks in use) — first token 785
2026-09-22 01:25:34.549 INFO  sched: request 'chatcmpl-2693f8214ec4ddd8' admitted to slot 2 (reserve 3 blocks; pool 117/6144 blocks in use) — first token 785
2026-09-22 01:25:34.671 INFO  sched: request 'chatcmpl-2693f8214ec4ddd9' admitted to slot 3 (reserve 3 blocks; pool 122/6144 blocks in use) — first token 785
2026-09-22 01:25:35.508 INFO  stats: rank 2 | 10.1 s | decode 113.2 tok/s, 8.4 ms/tok, 64.2 ms/step (148 steps / 1138 tok, 95 % of wall) | mtp 1.97 tok/step/req, accept p1 96 % | prefill 7 prompts / 28 tok, 3 tok/s, 15.44 ms/tok, 62 ms avg (4 % of wall), 232 tok cached (7/7 hits) | live 4, queued 0 | pool 123/6144 blocks (2 %) | prefix cache 51/232 entries
2026-09-22 01:25:43.110 INFO  sched: request 'chatcmpl-2693f8214ec4ddd6' retired (steps): 256 tok in 8.8 s — prefill 34 tok (32 cached) in 50 ms; decode 255 tok / 131 passes in 8.7 s: 29.3 tok/s, 34.2 ms/tok, 67 ms/pass, 1.95 tok/pass, accept p1 95 %
2026-09-22 01:25:43.180 INFO  sched: request 'chatcmpl-2693f8214ec4ddd7' retired (steps): 256 tok in 8.7 s — prefill 33 tok (28 cached) in 67 ms; decode 255 tok / 131 passes in 8.7 s: 29.4 tok/s, 34.0 ms/tok, 66 ms/pass, 1.95 tok/pass, accept p1 95 %
2026-09-22 01:25:43.181 INFO  sched: request 'chatcmpl-2693f8214ec4ddd9' retired (steps): 256 tok in 8.5 s — prefill 45 tok (40 cached) in 67 ms; decode 255 tok / 129 passes in 8.4 s: 30.2 tok/s, 33.1 ms/tok, 65 ms/pass, 1.98 tok/pass, accept p1 98 %
2026-09-22 01:25:43.214 INFO  sched: request 'chatcmpl-2693f8214ec4ddd8' retired (steps): 256 tok in 8.7 s — prefill 36 tok (32 cached) in 62 ms; decode 255 tok / 131 passes in 8.6 s: 29.6 tok/s, 33.7 ms/tok, 66 ms/pass, 1.95 tok/pass, accept p1 95 %
2026-09-22 01:25:43.572 INFO  sched: request 'chatcmpl-2693f8214ec4ddda' prefix cache miss — 2 cut(s) probed against 54 entries; the nearest entry (position 304) shares the first 10 of the prompt's 68 tokens (the prompt differs from it from that token on)
2026-09-22 01:25:43.572 INFO  sched: request 'chatcmpl-2693f8214ec4ddda' admitted to slot 0 (reserve 3 blocks; pool 120/6144 blocks in use) — first token 1654
2026-09-22 01:25:45.517 INFO  stats: rank 2 | 10.0 s | decode 102.0 tok/s, 9.4 ms/tok, 53.6 ms/step (178 steps / 1021 tok, 95 % of wall) | mtp 1.94 tok/step/req, accept p1 95 % | prefill 1 prompt / 68 tok, 7 tok/s, 4.62 ms/tok, 314 ms avg (3 % of wall), 0 tok cached (0/1 hit) | live 1, queued 0 | pool 121/6144 blocks (2 %) | prefix cache 55/232 entries
2026-09-22 01:25:47.847 INFO  sched: request 'chatcmpl-2693f8214ec4ddda' retired (steps): 256 tok in 4.3 s — prefill 68 tok (0 cached) in 314 ms; decode 255 tok / 133 passes in 4.0 s: 64.4 tok/s, 15.5 ms/tok, 30 ms/pass, 1.92 tok/pass, accept p1 92 %
2026-09-22 01:25:47.921 INFO  sched: request 'chatcmpl-2693f8214ec4dddb' admitted to slot 0 (reserve 3 blocks; pool 123/6144 blocks in use) — first token 1654
2026-09-22 01:25:52.204 INFO  sched: request 'chatcmpl-2693f8214ec4dddb' retired (steps): 256 tok in 4.3 s — prefill 68 tok (64 cached) in 63 ms; decode 255 tok / 133 passes in 4.2 s: 60.4 tok/s, 16.6 ms/tok, 32 ms/pass, 1.92 tok/pass, accept p1 92 %
2026-09-22 01:25:52.296 INFO  sched: request 'chatcmpl-2693f8214ec4dddc' admitted to slot 0 (reserve 3 blocks; pool 123/6144 blocks in use) — first token 1654
2026-09-22 01:25:55.540 INFO  stats: rank 2 | 10.0 s | decode 59.0 tok/s, 16.4 ms/tok, 31.7 ms/step (306 steps / 591 tok, 97 % of wall) | mtp 1.93 tok/step/req, accept p1 93 % | prefill 2 prompts / 8 tok, 1 tok/s, 15.89 ms/tok, 64 ms avg (1 % of wall), 128 tok cached (2/2 hits) | live 1, queued 0 | pool 123/6144 blocks (2 %) | prefix cache 56/232 entries
2026-09-22 01:25:56.575 INFO  sched: request 'chatcmpl-2693f8214ec4dddc' retired (steps): 256 tok in 4.3 s — prefill 68 tok (64 cached) in 64 ms; decode 255 tok / 133 passes in 4.2 s: 60.5 tok/s, 16.5 ms/tok, 32 ms/pass, 1.92 tok/pass, accept p1 92 %
2026-09-22 01:25:56.916 INFO  sched: request 'chatcmpl-2693f8214ec4dddd' prefix cache miss — 2 cut(s) probed against 56 entries; the nearest entry (position 320) shares the first 10 of the prompt's 54 tokens (the prompt differs from it from that token on)
2026-09-22 01:25:56.916 INFO  sched: request 'chatcmpl-2693f8214ec4dddd' admitted to slot 0 (reserve 3 blocks; pool 124/6144 blocks in use) — first token 785
2026-09-22 01:25:57.256 INFO  sched: request 'chatcmpl-2693f8214ec4ddde' prefix cache miss — 2 cut(s) probed against 57 entries; the nearest entry (position 320) shares the first 11 of the prompt's 61 tokens (the prompt differs from it from that token on)
2026-09-22 01:25:57.256 INFO  sched: request 'chatcmpl-2693f8214ec4ddde' admitted to slot 1 (reserve 3 blocks; pool 128/6144 blocks in use) — first token 785
2026-09-22 01:26:03.059 INFO  sched: request 'chatcmpl-2693f8214ec4dddd' retired (steps): 256 tok in 6.1 s — prefill 54 tok (0 cached) in 293 ms; decode 255 tok / 131 passes in 5.9 s: 43.6 tok/s, 22.9 ms/tok, 45 ms/pass, 1.95 tok/pass, accept p1 95 %
2026-09-22 01:26:03.127 INFO  sched: request 'chatcmpl-2693f8214ec4ddde' retired (steps): 256 tok in 5.9 s — prefill 61 tok (0 cached) in 307 ms; decode 255 tok / 132 passes in 5.6 s: 45.8 tok/s, 21.8 ms/tok, 42 ms/pass, 1.93 tok/pass, accept p1 93 %
2026-09-22 01:26:03.207 INFO  sched: request 'chatcmpl-2693f8214ec4dddf' admitted to slot 0 (reserve 3 blocks; pool 131/6144 blocks in use) — first token 785
2026-09-22 01:26:03.305 INFO  sched: request 'chatcmpl-2693f8214ec4dde0' admitted to slot 1 (reserve 3 blocks; pool 134/6144 blocks in use) — first token 785
2026-09-22 01:26:05.570 INFO  stats: rank 2 | 10.0 s | decode 77.2 tok/s, 11.8 ms/tok, 42.1 ms/step (217 steps / 774 tok, 91 % of wall) | mtp 1.94 tok/step/req, accept p1 94 % | prefill 4 prompts / 122 tok, 12 tok/s, 5.89 ms/tok, 180 ms avg (7 % of wall), 108 tok cached (2/4 hits) | live 2, queued 0 | pool 136/6144 blocks (2 %) | prefix cache 60/232 entries
2026-09-22 01:26:09.110 INFO  sched: request 'chatcmpl-2693f8214ec4dddf' retired (steps): 256 tok in 5.9 s — prefill 54 tok (52 cached) in 53 ms; decode 255 tok / 131 passes in 5.9 s: 43.6 tok/s, 22.9 ms/tok, 45 ms/pass, 1.95 tok/pass, accept p1 95 %
2026-09-22 01:26:09.177 INFO  sched: request 'chatcmpl-2693f8214ec4dde0' retired (steps): 256 tok in 5.9 s — prefill 61 tok (56 cached) in 65 ms; decode 255 tok / 132 passes in 5.8 s: 43.9 tok/s, 22.8 ms/tok, 44 ms/pass, 1.93 tok/pass, accept p1 93 %
2026-09-22 01:26:09.268 INFO  sched: request 'chatcmpl-2693f8214ec4dde1' admitted to slot 0 (reserve 3 blocks; pool 131/6144 blocks in use) — first token 785
2026-09-22 01:26:09.353 INFO  sched: request 'chatcmpl-2693f8214ec4dde2' admitted to slot 1 (reserve 3 blocks; pool 134/6144 blocks in use) — first token 785
2026-09-22 01:26:15.216 INFO  sched: request 'chatcmpl-2693f8214ec4dde2' retired (steps): 256 tok in 5.9 s — prefill 54 tok (52 cached) in 52 ms; decode 255 tok / 131 passes in 5.8 s: 43.9 tok/s, 22.8 ms/tok, 44 ms/pass, 1.95 tok/pass, accept p1 95 %
2026-09-22 01:26:15.217 INFO  sched: request 'chatcmpl-2693f8214ec4dde1' retired (steps): 256 tok in 5.9 s — prefill 61 tok (56 cached) in 68 ms; decode 255 tok / 132 passes in 5.9 s: 43.4 tok/s, 23.1 ms/tok, 45 ms/pass, 1.93 tok/pass, accept p1 93 %
2026-09-22 01:26:15.534 INFO  sched: request 'chatcmpl-2693f8214ec4dde3' prefix cache miss — 2 cut(s) probed against 60 entries; the nearest entry (position 320) shares the first 11 of the prompt's 54 tokens (the prompt differs from it from that token on)
2026-09-22 01:26:15.534 INFO  sched: request 'chatcmpl-2693f8214ec4dde3' admitted to slot 0 (reserve 3 blocks; pool 132/6144 blocks in use) — first token 785
2026-09-22 01:26:15.830 INFO  sched: request 'chatcmpl-2693f8214ec4dde4' prefix cache miss — 2 cut(s) probed against 61 entries; the nearest entry (position 320) shares the first 10 of the prompt's 39 tokens (the prompt differs from it from that token on)
2026-09-22 01:26:15.830 INFO  sched: request 'chatcmpl-2693f8214ec4dde4' admitted to slot 1 (reserve 3 blocks; pool 136/6144 blocks in use) — first token 785
2026-09-22 01:26:15.871 INFO  stats: rank 2 | 10.3 s | decode 80.8 tok/s, 11.4 ms/tok, 44.0 ms/step (215 steps / 832 tok, 92 % of wall) | mtp 1.95 tok/step/req, accept p1 95 % | prefill 4 prompts / 100 tok, 10 tok/s, 6.74 ms/tok, 168 ms avg (7 % of wall), 108 tok cached (2/4 hits) | live 2, queued 2 | pool 138/6144 blocks (2 %) | prefix cache 62/232 entries
2026-09-22 01:26:16.128 INFO  sched: request 'chatcmpl-2693f8214ec4dde5' prefix cache miss — 2 cut(s) probed against 62 entries; the nearest entry (position 36) shares the first 14 of the prompt's 35 tokens (the prompt differs from it from that token on)
2026-09-22 01:26:16.128 INFO  sched: request 'chatcmpl-2693f8214ec4dde5' admitted to slot 2 (reserve 3 blocks; pool 142/6144 blocks in use) — first token 785
2026-09-22 01:26:16.451 INFO  sched: request 'chatcmpl-2693f8214ec4dde6' prefix cache miss — 2 cut(s) probed against 63 entries; the nearest entry (position 36) shares the first 15 of the prompt's 37 tokens (the prompt differs from it from that token on)
2026-09-22 01:26:16.451 INFO  sched: request 'chatcmpl-2693f8214ec4dde6' admitted to slot 3 (reserve 3 blocks; pool 147/6144 blocks in use) — first token 785
2026-09-22 01:26:25.312 INFO  sched: request 'chatcmpl-2693f8214ec4dde3' retired (steps): 256 tok in 9.8 s — prefill 54 tok (0 cached) in 291 ms; decode 255 tok / 135 passes in 9.5 s: 26.9 tok/s, 37.2 ms/tok, 70 ms/pass, 1.89 tok/pass, accept p1 89 %
2026-09-22 01:26:25.381 INFO  sched: request 'chatcmpl-2693f8214ec4dde6' retired (steps): 256 tok in 8.9 s — prefill 37 tok (0 cached) in 269 ms; decode 255 tok / 133 passes in 8.7 s: 29.4 tok/s, 34.0 ms/tok, 65 ms/pass, 1.92 tok/pass, accept p1 92 %
2026-09-22 01:26:25.435 INFO  sched: request 'chatcmpl-2693f8214ec4dde4' retired (steps): 256 tok in 9.6 s — prefill 39 tok (0 cached) in 262 ms; decode 255 tok / 136 passes in 9.3 s: 27.3 tok/s, 36.6 ms/tok, 69 ms/pass, 1.88 tok/pass, accept p1 88 %
2026-09-22 01:26:25.729 INFO  sched: request 'chatcmpl-2693f8214ec4dde5' retired (steps): 256 tok in 9.6 s — prefill 35 tok (0 cached) in 253 ms; decode 255 tok / 144 passes in 9.3 s: 27.3 tok/s, 36.7 ms/tok, 65 ms/pass, 1.77 tok/pass, accept p1 78 %
2026-09-22 01:26:25.803 INFO  sched: request 'chatcmpl-2693f8214ec4dde7' admitted to slot 0 (reserve 3 blocks; pool 147/6144 blocks in use) — first token 785
2026-09-22 01:26:25.888 INFO  sched: request 'chatcmpl-2693f8214ec4dde8' admitted to slot 1 (reserve 3 blocks; pool 151/6144 blocks in use) — first token 785
2026-09-22 01:26:25.929 INFO  stats: rank 2 | 10.1 s | decode 101.8 tok/s, 9.1 ms/tok, 63.7 ms/step (146 steps / 1024 tok, 92 % of wall) | mtp 1.87 tok/step/req, accept p1 86 % | prefill 4 prompts / 77 tok, 8 tok/s, 8.19 ms/tok, 158 ms avg (6 % of wall), 84 tok cached (2/4 hits) | live 2, queued 2 | pool 151/6144 blocks (2 %) | prefix cache 68/232 entries
2026-09-22 01:26:26.000 INFO  sched: request 'chatcmpl-2693f8214ec4dde9' admitted to slot 2 (reserve 3 blocks; pool 154/6144 blocks in use) — first token 785
2026-09-22 01:26:26.111 INFO  sched: request 'chatcmpl-2693f8214ec4ddea' admitted to slot 3 (reserve 3 blocks; pool 158/6144 blocks in use) — first token 785
2026-09-22 01:26:34.884 INFO  sched: request 'chatcmpl-2693f8214ec4dde8' retired (steps): 256 tok in 9.0 s — prefill 54 tok (52 cached) in 51 ms; decode 255 tok / 133 passes in 8.9 s: 28.5 tok/s, 35.1 ms/tok, 67 ms/pass, 1.92 tok/pass, accept p1 92 %
2026-09-22 01:26:34.955 INFO  sched: request 'chatcmpl-2693f8214ec4dde9' retired (steps): 256 tok in 9.0 s — prefill 37 tok (32 cached) in 68 ms; decode 255 tok / 133 passes in 8.9 s: 28.7 tok/s, 34.9 ms/tok, 67 ms/pass, 1.92 tok/pass, accept p1 92 %
2026-09-22 01:26:35.201 INFO  sched: request 'chatcmpl-2693f8214ec4ddea' retired (steps): 256 tok in 9.1 s — prefill 39 tok (36 cached) in 56 ms; decode 255 tok / 136 passes in 9.0 s: 28.2 tok/s, 35.4 ms/tok, 66 ms/pass, 1.88 tok/pass, accept p1 88 %
2026-09-22 01:26:35.235 INFO  sched: request 'chatcmpl-2693f8214ec4dde7' retired (steps): 256 tok in 9.4 s — prefill 35 tok (32 cached) in 57 ms; decode 255 tok / 140 passes in 9.4 s: 27.2 tok/s, 36.8 ms/tok, 67 ms/pass, 1.82 tok/pass, accept p1 83 %
2026-09-22 01:26:35.315 INFO  sched: request 'chatcmpl-2693f8214ec4ddeb' admitted to slot 0 (reserve 3 blocks; pool 156/6144 blocks in use) — first token 785
2026-09-22 01:26:35.398 INFO  sched: request 'chatcmpl-2693f8214ec4ddec' admitted to slot 1 (reserve 3 blocks; pool 160/6144 blocks in use) — first token 785
2026-09-22 01:26:35.510 INFO  sched: request 'chatcmpl-2693f8214ec4dded' admitted to slot 2 (reserve 3 blocks; pool 163/6144 blocks in use) — first token 785
2026-09-22 01:26:35.622 INFO  sched: request 'chatcmpl-2693f8214ec4ddee' admitted to slot 3 (reserve 3 blocks; pool 167/6144 blocks in use) — first token 785
2026-09-22 01:26:35.937 INFO  stats: rank 2 | 10.0 s | decode 106.9 tok/s, 8.9 ms/tok, 65.2 ms/step (146 steps / 1070 tok, 95 % of wall) | mtp 1.89 tok/step/req, accept p1 89 % | prefill 6 prompts / 21 tok, 2 tok/s, 16.88 ms/tok, 59 ms avg (4 % of wall), 220 tok cached (6/6 hits) | live 4, queued 0 | pool 169/6144 blocks (3 %) | prefix cache 71/232 entries
2026-09-22 01:26:44.431 INFO  sched: request 'chatcmpl-2693f8214ec4ddec' retired (steps): 256 tok in 9.0 s — prefill 54 tok (52 cached) in 50 ms; decode 255 tok / 133 passes in 9.0 s: 28.4 tok/s, 35.2 ms/tok, 68 ms/pass, 1.92 tok/pass, accept p1 92 %
2026-09-22 01:26:44.499 INFO  sched: request 'chatcmpl-2693f8214ec4dded' retired (steps): 256 tok in 9.0 s — prefill 37 tok (32 cached) in 69 ms; decode 255 tok / 133 passes in 8.9 s: 28.6 tok/s, 35.0 ms/tok, 67 ms/pass, 1.92 tok/pass, accept p1 92 %
2026-09-22 01:26:44.500 INFO  sched: request 'chatcmpl-2693f8214ec4ddeb' retired (steps): 256 tok in 9.2 s — prefill 39 tok (36 cached) in 58 ms; decode 255 tok / 135 passes in 9.1 s: 27.9 tok/s, 35.8 ms/tok, 68 ms/pass, 1.89 tok/pass, accept p1 90 %
2026-09-22 01:26:44.889 INFO  sched: request 'chatcmpl-2693f8214ec4ddee' retired (steps): 256 tok in 9.3 s — prefill 35 tok (32 cached) in 55 ms; decode 255 tok / 144 passes in 9.2 s: 27.7 tok/s, 36.1 ms/tok, 64 ms/pass, 1.77 tok/pass, accept p1 78 %
2026-09-22 01:26:45.220 INFO  sched: request 'chatcmpl-2693f8214ec4ddef' prefix cache miss — 2 cut(s) probed against 72 entries; the nearest entry (position 292) shares the first 12 of the prompt's 40 tokens (the prompt differs from it from that token on)
2026-09-22 01:26:45.220 INFO  sched: request 'chatcmpl-2693f8214ec4ddef' admitted to slot 0 (reserve 3 blocks; pool 160/6144 blocks in use) — first token 785
2026-09-22 01:26:45.957 INFO  stats: rank 2 | 10.0 s | decode 101.1 tok/s, 9.5 ms/tok, 59.2 ms/step (162 steps / 1013 tok, 96 % of wall) | mtp 1.87 tok/step/req, accept p1 87 % | prefill 1 prompt / 40 tok, 4 tok/s, 6.94 ms/tok, 277 ms avg (3 % of wall), 0 tok cached (0/1 hit) | live 1, queued 0 | pool 161/6144 blocks (3 %) | prefix cache 73/232 entries
2026-09-22 01:26:49.939 INFO  sched: request 'chatcmpl-2693f8214ec4ddef' retired (steps): 256 tok in 4.7 s — prefill 40 tok (0 cached) in 277 ms; decode 255 tok / 148 passes in 4.4 s: 57.4 tok/s, 17.4 ms/tok, 30 ms/pass, 1.72 tok/pass, accept p1 72 %
2026-09-22 01:26:50.027 INFO  sched: request 'chatcmpl-2693f8214ec4ddf0' admitted to slot 0 (reserve 3 blocks; pool 163/6144 blocks in use) — first token 785
2026-09-22 01:26:54.750 INFO  sched: request 'chatcmpl-2693f8214ec4ddf0' retired (steps): 256 tok in 4.7 s — prefill 40 tok (36 cached) in 65 ms; decode 255 tok / 148 passes in 4.7 s: 54.7 tok/s, 18.3 ms/tok, 31 ms/pass, 1.72 tok/pass, accept p1 72 %
2026-09-22 01:26:54.832 INFO  sched: request 'chatcmpl-2693f8214ec4ddf1' admitted to slot 0 (reserve 3 blocks; pool 163/6144 blocks in use) — first token 785
2026-09-22 01:26:55.986 INFO  stats: rank 2 | 10.0 s | decode 53.2 tok/s, 18.2 ms/tok, 31.4 ms/step (309 steps / 534 tok, 97 % of wall) | mtp 1.73 tok/step/req, accept p1 72 % | prefill 2 prompts / 8 tok, 1 tok/s, 16.20 ms/tok, 65 ms avg (1 % of wall), 72 tok cached (2/2 hits) | live 1, queued 0 | pool 164/6144 blocks (3 %) | prefix cache 74/232 entries
2026-09-22 01:26:59.554 INFO  sched: request 'chatcmpl-2693f8214ec4ddf1' retired (steps): 256 tok in 4.7 s — prefill 40 tok (36 cached) in 65 ms; decode 255 tok / 148 passes in 4.7 s: 54.8 tok/s, 18.3 ms/tok, 31 ms/pass, 1.72 tok/pass, accept p1 72 %
2026-09-22 01:26:59.885 INFO  sched: request 'chatcmpl-2693f8214ec4ddf2' prefix cache miss — 2 cut(s) probed against 74 entries; the nearest entry (position 292) shares the first 19 of the prompt's 40 tokens (the prompt differs from it from that token on)
2026-09-22 01:26:59.885 INFO  sched: request 'chatcmpl-2693f8214ec4ddf2' admitted to slot 0 (reserve 3 blocks; pool 164/6144 blocks in use) — first token 785
2026-09-22 01:27:00.193 INFO  sched: request 'chatcmpl-2693f8214ec4ddf3' prefix cache miss — 2 cut(s) probed against 75 entries; the nearest entry (position 292) shares the first 20 of the prompt's 41 tokens (the prompt differs from it from that token on)
2026-09-22 01:27:00.193 INFO  sched: request 'chatcmpl-2693f8214ec4ddf3' admitted to slot 1 (reserve 3 blocks; pool 169/6144 blocks in use) — first token 785
2026-09-22 01:27:06.010 INFO  stats: rank 2 | 10.0 s | decode 66.5 tok/s, 13.9 ms/tok, 37.9 ms/step (245 steps / 667 tok, 93 % of wall) | mtp 1.77 tok/step/req, accept p1 76 % | prefill 2 prompts / 81 tok, 8 tok/s, 6.81 ms/tok, 276 ms avg (6 % of wall), 0 tok cached (0/2 hits) | live 2, queued 0 | pool 170/6144 blocks (3 %) | prefix cache 76/232 entries
2026-09-22 01:27:06.281 INFO  sched: request 'chatcmpl-2693f8214ec4ddf2' retired (steps): 256 tok in 6.4 s — prefill 40 tok (0 cached) in 277 ms; decode 255 tok / 139 passes in 6.1 s: 41.7 tok/s, 24.0 ms/tok, 44 ms/pass, 1.83 tok/pass, accept p1 83 %
2026-09-22 01:27:06.603 INFO  sched: request 'chatcmpl-2693f8214ec4ddf3' retired (steps): 256 tok in 6.4 s — prefill 41 tok (0 cached) in 275 ms; decode 255 tok / 148 passes in 6.1 s: 41.6 tok/s, 24.1 ms/tok, 41 ms/pass, 1.72 tok/pass, accept p1 73 %
2026-09-22 01:27:06.684 INFO  sched: request 'chatcmpl-2693f8214ec4ddf4' admitted to slot 0 (reserve 3 blocks; pool 171/6144 blocks in use) — first token 785
2026-09-22 01:27:06.779 INFO  sched: request 'chatcmpl-2693f8214ec4ddf5' admitted to slot 1 (reserve 3 blocks; pool 174/6144 blocks in use) — first token 785
2026-09-22 01:27:12.900 INFO  sched: request 'chatcmpl-2693f8214ec4ddf5' retired (steps): 256 tok in 6.1 s — prefill 40 tok (36 cached) in 63 ms; decode 255 tok / 139 passes in 6.1 s: 42.1 tok/s, 23.8 ms/tok, 44 ms/pass, 1.83 tok/pass, accept p1 83 %
2026-09-22 01:27:13.158 INFO  sched: request 'chatcmpl-2693f8214ec4ddf4' retired (steps): 256 tok in 6.5 s — prefill 41 tok (36 cached) in 69 ms; decode 255 tok / 148 passes in 6.4 s: 39.8 tok/s, 25.1 ms/tok, 43 ms/pass, 1.72 tok/pass, accept p1 73 %
2026-09-22 01:27:13.240 INFO  sched: request 'chatcmpl-2693f8214ec4ddf6' admitted to slot 0 (reserve 3 blocks; pool 171/6144 blocks in use) — first token 785
2026-09-22 01:27:13.335 INFO  sched: request 'chatcmpl-2693f8214ec4ddf7' admitted to slot 1 (reserve 3 blocks; pool 174/6144 blocks in use) — first token 785
2026-09-22 01:27:16.010 INFO  stats: rank 2 | 10.0 s | decode 77.0 tok/s, 12.5 ms/tok, 42.4 ms/step (226 steps / 770 tok, 96 % of wall) | mtp 1.78 tok/step/req, accept p1 78 % | prefill 4 prompts / 18 tok, 2 tok/s, 14.77 ms/tok, 66 ms avg (3 % of wall), 144 tok cached (4/4 hits) | live 2, queued 0 | pool 176/6144 blocks (3 %) | prefix cache 78/232 entries
2026-09-22 01:27:19.457 INFO  sched: request 'chatcmpl-2693f8214ec4ddf7' retired (steps): 256 tok in 6.1 s — prefill 40 tok (36 cached) in 62 ms; decode 255 tok / 139 passes in 6.1 s: 42.1 tok/s, 23.8 ms/tok, 44 ms/pass, 1.83 tok/pass, accept p1 83 %
2026-09-22 01:27:19.716 INFO  sched: request 'chatcmpl-2693f8214ec4ddf6' retired (steps): 256 tok in 6.5 s — prefill 41 tok (36 cached) in 71 ms; decode 255 tok / 148 passes in 6.4 s: 39.8 tok/s, 25.1 ms/tok, 43 ms/pass, 1.72 tok/pass, accept p1 73 %
2026-09-22 01:27:20.038 INFO  sched: request 'chatcmpl-2693f8214ec4ddf8' prefix cache miss — 2 cut(s) probed against 78 entries; the nearest entry (position 296) shares the first 19 of the prompt's 40 tokens (the prompt differs from it from that token on)
2026-09-22 01:27:20.038 INFO  sched: request 'chatcmpl-2693f8214ec4ddf8' admitted to slot 0 (reserve 3 blocks; pool 172/6144 blocks in use) — first token 785
2026-09-22 01:27:20.312 INFO  sched: request 'chatcmpl-2693f8214ec4ddf9' prefix cache miss — 2 cut(s) probed against 79 entries; the nearest entry (position 296) shares the first 12 of the prompt's 31 tokens (the prompt differs from it from that token on)
2026-09-22 01:27:20.312 INFO  sched: request 'chatcmpl-2693f8214ec4ddf9' admitted to slot 1 (reserve 3 blocks; pool 177/6144 blocks in use) — first token 785
2026-09-22 01:27:20.602 INFO  sched: request 'chatcmpl-2693f8214ec4ddfa' prefix cache miss — 2 cut(s) probed against 80 entries; the nearest entry (position 296) shares the first 12 of the prompt's 31 tokens (the prompt differs from it from that token on)
2026-09-22 01:27:20.602 INFO  sched: request 'chatcmpl-2693f8214ec4ddfa' admitted to slot 2 (reserve 3 blocks; pool 182/6144 blocks in use) — first token 785
2026-09-22 01:27:20.903 INFO  sched: request 'chatcmpl-2693f8214ec4ddfb' prefix cache miss — 2 cut(s) probed against 81 entries; the nearest entry (position 296) shares the first 12 of the prompt's 31 tokens (the prompt differs from it from that token on)
2026-09-22 01:27:20.903 INFO  sched: request 'chatcmpl-2693f8214ec4ddfb' admitted to slot 3 (reserve 3 blocks; pool 187/6144 blocks in use) — first token 785
2026-09-22 01:27:26.075 INFO  stats: rank 2 | 10.1 s | decode 85.8 tok/s, 10.3 ms/tok, 53.3 ms/step (167 steps / 864 tok, 88 % of wall) | mtp 1.79 tok/step/req, accept p1 79 % | prefill 4 prompts / 133 tok, 13 tok/s, 7.57 ms/tok, 252 ms avg (10 % of wall), 0 tok cached (0/4 hits) | live 4, queued 0 | pool 188/6144 blocks (3 %) | prefix cache 82/232 entries
2026-09-22 01:27:29.992 INFO  sched: request 'chatcmpl-2693f8214ec4ddf9' retired (steps): 256 tok in 9.7 s — prefill 31 tok (0 cached) in 242 ms; decode 255 tok / 139 passes in 9.4 s: 27.0 tok/s, 37.0 ms/tok, 68 ms/pass, 1.83 tok/pass, accept p1 83 %
2026-09-22 01:27:30.447 INFO  sched: request 'chatcmpl-2693f8214ec4ddfa' retired (steps): 256 tok in 9.8 s — prefill 31 tok (0 cached) in 245 ms; decode 255 tok / 145 passes in 9.6 s: 26.6 tok/s, 37.6 ms/tok, 66 ms/pass, 1.76 tok/pass, accept p1 76 %
2026-09-22 01:27:30.513 INFO  sched: request 'chatcmpl-2693f8214ec4ddfb' retired (steps): 256 tok in 9.6 s — prefill 31 tok (0 cached) in 245 ms; decode 255 tok / 145 passes in 9.4 s: 27.2 tok/s, 36.7 ms/tok, 65 ms/pass, 1.76 tok/pass, accept p1 77 %
2026-09-22 01:27:30.581 INFO  sched: request 'chatcmpl-2693f8214ec4ddf8' retired (steps): 256 tok in 10.5 s — prefill 40 tok (0 cached) in 275 ms; decode 255 tok / 150 passes in 10.3 s: 24.8 tok/s, 40.3 ms/tok, 68 ms/pass, 1.70 tok/pass, accept p1 70 %
2026-09-22 01:27:30.660 INFO  sched: request 'chatcmpl-2693f8214ec4ddfc' admitted to slot 0 (reserve 3 blocks; pool 187/6144 blocks in use) — first token 785
2026-09-22 01:27:30.747 INFO  sched: request 'chatcmpl-2693f8214ec4ddfd' admitted to slot 1 (reserve 3 blocks; pool 191/6144 blocks in use) — first token 785
2026-09-22 01:27:30.847 INFO  sched: request 'chatcmpl-2693f8214ec4ddfe' admitted to slot 2 (reserve 3 blocks; pool 195/6144 blocks in use) — first token 785
2026-09-22 01:27:30.968 INFO  sched: request 'chatcmpl-2693f8214ec4ddff' admitted to slot 3 (reserve 3 blocks; pool 199/6144 blocks in use) — first token 785
2026-09-22 01:27:36.079 INFO  stats: rank 2 | 10.0 s | decode 102.8 tok/s, 9.4 ms/tok, 64.7 ms/step (149 steps / 1028 tok, 96 % of wall) | mtp 1.79 tok/step/req, accept p1 78 % | prefill 4 prompts / 13 tok, 1 tok/s, 17.75 ms/tok, 58 ms avg (2 % of wall), 120 tok cached (4/4 hits) | live 4, queued 0 | pool 200/6144 blocks (3 %) | prefix cache 86/232 entries
2026-09-22 01:27:40.000 INFO  sched: request 'chatcmpl-2693f8214ec4ddfc' retired (steps): 256 tok in 9.3 s — prefill 31 tok (28 cached) in 58 ms; decode 255 tok / 139 passes in 9.3 s: 27.5 tok/s, 36.4 ms/tok, 67 ms/pass, 1.83 tok/pass, accept p1 83 %
2026-09-22 01:27:40.195 INFO  sched: request 'chatcmpl-2693f8214ec4ddff' retired (steps): 256 tok in 9.2 s — prefill 40 tok (36 cached) in 64 ms; decode 255 tok / 139 passes in 9.2 s: 27.8 tok/s, 35.9 ms/tok, 66 ms/pass, 1.83 tok/pass, accept p1 83 %
2026-09-22 01:27:40.403 INFO  sched: request 'chatcmpl-2693f8214ec4ddfd' retired (steps): 256 tok in 9.7 s — prefill 31 tok (28 cached) in 54 ms; decode 255 tok / 145 passes in 9.6 s: 26.6 tok/s, 37.7 ms/tok, 66 ms/pass, 1.76 tok/pass, accept p1 77 %
2026-09-22 01:27:40.436 INFO  sched: request 'chatcmpl-2693f8214ec4ddfe' retired (steps): 256 tok in 9.6 s — prefill 31 tok (28 cached) in 55 ms; decode 255 tok / 145 passes in 9.5 s: 26.7 tok/s, 37.4 ms/tok, 66 ms/pass, 1.76 tok/pass, accept p1 76 %
2026-09-22 01:27:40.519 INFO  sched: request 'chatcmpl-2693f8214ec4de00' admitted to slot 0 (reserve 3 blocks; pool 196/6144 blocks in use) — first token 785
2026-09-22 01:27:40.615 INFO  sched: request 'chatcmpl-2693f8214ec4de01' admitted to slot 1 (reserve 3 blocks; pool 200/6144 blocks in use) — first token 785
2026-09-22 01:27:40.717 INFO  sched: request 'chatcmpl-2693f8214ec4de02' admitted to slot 2 (reserve 3 blocks; pool 204/6144 blocks in use) — first token 785
2026-09-22 01:27:40.831 INFO  sched: request 'chatcmpl-2693f8214ec4de03' admitted to slot 3 (reserve 3 blocks; pool 208/6144 blocks in use) — first token 785
2026-09-22 01:27:46.090 INFO  stats: rank 2 | 10.0 s | decode 103.8 tok/s, 9.3 ms/tok, 64.7 ms/step (149 steps / 1039 tok, 96 % of wall) | mtp 1.80 tok/step/req, accept p1 80 % | prefill 4 prompts / 13 tok, 1 tok/s, 17.95 ms/tok, 58 ms avg (2 % of wall), 120 tok cached (4/4 hits) | live 4, queued 0 | pool 209/6144 blocks (3 %) | prefix cache 89/232 entries
2026-09-22 01:27:49.865 INFO  sched: request 'chatcmpl-2693f8214ec4de00' retired (steps): 256 tok in 9.3 s — prefill 31 tok (28 cached) in 56 ms; decode 255 tok / 139 passes in 9.3 s: 27.5 tok/s, 36.4 ms/tok, 67 ms/pass, 1.83 tok/pass, accept p1 83 %
2026-09-22 01:27:50.124 INFO  sched: request 'chatcmpl-2693f8214ec4de01' retired (steps): 256 tok in 9.5 s — prefill 40 tok (36 cached) in 63 ms; decode 255 tok / 142 passes in 9.4 s: 27.0 tok/s, 37.0 ms/tok, 67 ms/pass, 1.80 tok/pass, accept p1 80 %
2026-09-22 01:27:50.366 INFO  sched: request 'chatcmpl-2693f8214ec4de02' retired (steps): 256 tok in 9.6 s — prefill 31 tok (28 cached) in 57 ms; decode 255 tok / 145 passes in 9.6 s: 26.6 tok/s, 37.6 ms/tok, 66 ms/pass, 1.76 tok/pass, accept p1 77 %
2026-09-22 01:27:50.400 INFO  sched: request 'chatcmpl-2693f8214ec4de03' retired (steps): 256 tok in 9.6 s — prefill 31 tok (28 cached) in 57 ms; decode 255 tok / 145 passes in 9.5 s: 26.8 tok/s, 37.3 ms/tok, 66 ms/pass, 1.76 tok/pass, accept p1 76 %
2026-09-22 01:27:50.708 INFO  sched: request 'chatcmpl-2693f8214ec4de04' admitted to slot 0 (reserve 1 blocks; pool 197/6144 blocks in use) — first token 785
2026-09-22 01:27:51.801 INFO  sched: request 'chatcmpl-2693f8214ec4de04' retired (steps): 64 tok in 1.1 s — prefill 62 tok (60 cached) in 51 ms; decode 63 tok / 34 passes in 1.0 s: 60.4 tok/s, 16.5 ms/tok, 31 ms/pass, 1.85 tok/pass, accept p1 85 %
2026-09-22 01:27:51.873 INFO  sched: request 'chatcmpl-2693f8214ec4de05' admitted to slot 0 (reserve 3 blocks; pool 199/6144 blocks in use) — first token 785
2026-09-22 01:27:56.111 INFO  stats: rank 2 | 10.0 s | decode 74.8 tok/s, 12.7 ms/tok, 40.7 ms/step (234 steps / 750 tok, 95 % of wall) | mtp 1.80 tok/step/req, accept p1 80 % | prefill 2 prompts / 7 tok, 1 tok/s, 16.76 ms/tok, 59 ms avg (1 % of wall), 92 tok cached (2/2 hits) | live 1, queued 0 | pool 200/6144 blocks (3 %) | prefix cache 90/232 entries
2026-09-22 01:27:56.176 INFO  rank 2: slot 0 closed: 136 sampled decode steps, 0 fallbacks
2026-09-22 01:27:56.177 INFO  sched: request 'chatcmpl-2693f8214ec4de05' retired (steps): 256 tok in 4.3 s — prefill 37 tok (32 cached) in 66 ms; decode 255 tok / 136 passes in 4.2 s: 60.2 tok/s, 16.6 ms/tok, 31 ms/pass, 1.88 tok/pass, accept p1 88 %
2026-09-22 01:27:56.267 INFO  sched: request 'chatcmpl-2693f8214ec4de06' admitted to slot 0 (reserve 3 blocks; pool 202/6144 blocks in use) — first token 785
2026-09-22 01:28:00.510 INFO  rank 2: slot 0 closed: 134 sampled decode steps, 0 fallbacks
2026-09-22 01:28:00.511 INFO  sched: request 'chatcmpl-2693f8214ec4de06' retired (steps): 256 tok in 4.2 s — prefill 37 tok (32 cached) in 69 ms; decode 255 tok / 134 passes in 4.2 s: 61.1 tok/s, 16.4 ms/tok, 31 ms/pass, 1.90 tok/pass, accept p1 90 %
2026-09-22 01:28:00.594 INFO  sched: request 'chatcmpl-2693f8214ec4de07' admitted to slot 0 (reserve 3 blocks; pool 205/6144 blocks in use) — first token 785
2026-09-22 01:28:04.894 INFO  rank 2: slot 0 closed: 136 sampled decode steps, 0 fallbacks
2026-09-22 01:28:04.904 INFO  sched: request 'chatcmpl-2693f8214ec4de07' retired (steps): 256 tok in 4.3 s — prefill 37 tok (32 cached) in 67 ms; decode 255 tok / 136 passes in 4.2 s: 60.1 tok/s, 16.6 ms/tok, 31 ms/pass, 1.88 tok/pass, accept p1 88 %
2026-09-22 01:28:04.969 INFO  sched: request 'chatcmpl-2693f8214ec4de08' admitted to slot 0 (reserve 3 blocks; pool 208/6144 blocks in use) — first token 785
2026-09-22 01:28:05.056 INFO  sched: request 'chatcmpl-2693f8214ec4de09' admitted to slot 1 (reserve 3 blocks; pool 212/6144 blocks in use) — first token 785
2026-09-22 01:28:05.161 INFO  sched: request 'chatcmpl-2693f8214ec4de0a' admitted to slot 2 (reserve 3 blocks; pool 216/6144 blocks in use) — first token 785
2026-09-22 01:28:05.282 INFO  sched: request 'chatcmpl-2693f8214ec4de0b' admitted to slot 3 (reserve 3 blocks; pool 220/6144 blocks in use) — first token 785
2026-09-22 01:28:06.122 INFO  stats: rank 2 | 10.0 s | decode 63.0 tok/s, 15.0 ms/tok, 32.8 ms/step (288 steps / 631 tok, 94 % of wall) | mtp 1.91 tok/step/req, accept p1 89 % | prefill 6 prompts / 25 tok, 2 tok/s, 15.15 ms/tok, 63 ms avg (4 % of wall), 188 tok cached (6/6 hits) | live 4, queued 0 | pool 221/6144 blocks (4 %) | prefix cache 93/232 entries
2026-09-22 01:28:14.238 INFO  rank 2: slot 2 closed: 139 sampled decode steps, 0 fallbacks
2026-09-22 01:28:14.238 INFO  sched: request 'chatcmpl-2693f8214ec4de0a' retired (steps): 256 tok in 9.1 s — prefill 36 tok (32 cached) in 60 ms; decode 255 tok / 139 passes in 9.0 s: 28.3 tok/s, 35.4 ms/tok, 65 ms/pass, 1.83 tok/pass, accept p1 84 %
2026-09-22 01:28:14.437 INFO  rank 2: slot 3 closed: 141 sampled decode steps, 0 fallbacks
2026-09-22 01:28:14.437 INFO  sched: request 'chatcmpl-2693f8214ec4de0b' retired (steps): 256 tok in 9.2 s — prefill 36 tok (32 cached) in 65 ms; decode 255 tok / 141 passes in 9.1 s: 28.1 tok/s, 35.6 ms/tok, 64 ms/pass, 1.81 tok/pass, accept p1 81 %
2026-09-22 01:28:14.614 INFO  rank 2: slot 0 closed: 148 sampled decode steps, 3 fallbacks
2026-09-22 01:28:14.614 INFO  sched: request 'chatcmpl-2693f8214ec4de08' retired (steps): 256 tok in 9.6 s — prefill 32 tok (28 cached) in 63 ms; decode 255 tok / 148 passes in 9.6 s: 26.6 tok/s, 37.6 ms/tok, 65 ms/pass, 1.72 tok/pass, accept p1 72 %
2026-09-22 01:28:14.681 INFO  rank 2: slot 1 closed: 149 sampled decode steps, 6 fallbacks
2026-09-22 01:28:14.682 INFO  sched: request 'chatcmpl-2693f8214ec4de09' retired (steps): 256 tok in 9.6 s — prefill 35 tok (32 cached) in 54 ms; decode 255 tok / 149 passes in 9.6 s: 26.6 tok/s, 37.5 ms/tok, 64 ms/pass, 1.71 tok/pass, accept p1 71 %
2026-09-22 01:28:14.767 INFO  sched: request 'chatcmpl-2693f8214ec4de0c' admitted to slot 0 (reserve 3 blocks; pool 220/6144 blocks in use) — first token 785
2026-09-22 01:28:14.862 INFO  sched: request 'chatcmpl-2693f8214ec4de0d' admitted to slot 1 (reserve 3 blocks; pool 224/6144 blocks in use) — first token 785
2026-09-22 01:28:14.971 INFO  sched: request 'chatcmpl-2693f8214ec4de0e' admitted to slot 2 (reserve 3 blocks; pool 228/6144 blocks in use) — first token 785
2026-09-22 01:28:15.091 INFO  sched: request 'chatcmpl-2693f8214ec4de0f' admitted to slot 3 (reserve 3 blocks; pool 232/6144 blocks in use) — first token 785
2026-09-22 01:28:16.158 INFO  stats: rank 2 | 10.0 s | decode 105.0 tok/s, 9.1 ms/tok, 62.5 ms/step (154 steps / 1054 tok, 96 % of wall) | mtp 1.78 tok/step/req, accept p1 77 % | prefill 4 prompts / 15 tok, 1 tok/s, 16.53 ms/tok, 62 ms avg (2 % of wall), 124 tok cached (4/4 hits) | live 4, queued 0 | pool 233/6144 blocks (4 %) | prefix cache 97/232 entries
2026-09-22 01:28:24.300 INFO  rank 2: slot 3 closed: 141 sampled decode steps, 2 fallbacks
2026-09-22 01:28:24.301 INFO  sched: request 'chatcmpl-2693f8214ec4de0f' retired (steps): 256 tok in 9.2 s — prefill 32 tok (28 cached) in 62 ms; decode 255 tok / 141 passes in 9.1 s: 27.9 tok/s, 35.9 ms/tok, 65 ms/pass, 1.81 tok/pass, accept p1 81 %
2026-09-22 01:28:24.411 INFO  rank 2: slot 2 closed: 144 sampled decode steps, 1 fallbacks
2026-09-22 01:28:24.412 INFO  sched: request 'chatcmpl-2693f8214ec4de0e' retired (steps): 256 tok in 9.4 s — prefill 36 tok (32 cached) in 65 ms; decode 255 tok / 144 passes in 9.4 s: 27.2 tok/s, 36.8 ms/tok, 65 ms/pass, 1.77 tok/pass, accept p1 78 %
2026-09-22 01:28:24.600 INFO  rank 2: slot 1 closed: 149 sampled decode steps, 3 fallbacks
2026-09-22 01:28:24.600 INFO  sched: request 'chatcmpl-2693f8214ec4de0d' retired (steps): 256 tok in 9.7 s — prefill 36 tok (32 cached) in 62 ms; decode 255 tok / 149 passes in 9.7 s: 26.4 tok/s, 37.9 ms/tok, 65 ms/pass, 1.71 tok/pass, accept p1 71 %
2026-09-22 01:28:24.600 INFO  rank 2: slot 0 closed: 150 sampled decode steps, 7 fallbacks
2026-09-22 01:28:24.600 INFO  sched: request 'chatcmpl-2693f8214ec4de0c' retired (steps): 256 tok in 9.8 s — prefill 35 tok (32 cached) in 59 ms; decode 255 tok / 150 passes in 9.8 s: 26.1 tok/s, 38.3 ms/tok, 65 ms/pass, 1.70 tok/pass, accept p1 70 %
2026-09-22 01:28:24.680 INFO  sched: request 'chatcmpl-2693f8214ec4de10' admitted to slot 0 (reserve 3 blocks; pool 232/6144 blocks in use) — first token 785
2026-09-22 01:28:24.768 INFO  sched: request 'chatcmpl-2693f8214ec4de11' admitted to slot 1 (reserve 3 blocks; pool 236/6144 blocks in use) — first token 785
2026-09-22 01:28:24.877 INFO  sched: request 'chatcmpl-2693f8214ec4de12' admitted to slot 2 (reserve 3 blocks; pool 240/6144 blocks in use) — first token 785
2026-09-22 01:28:24.996 INFO  sched: request 'chatcmpl-2693f8214ec4de13' admitted to slot 3 (reserve 3 blocks; pool 244/6144 blocks in use) — first token 785
2026-09-22 01:28:26.160 INFO  stats: rank 2 | 10.0 s | decode 102.9 tok/s, 9.4 ms/tok, 63.8 ms/step (151 steps / 1029 tok, 96 % of wall) | mtp 1.75 tok/step/req, accept p1 74 % | prefill 4 prompts / 15 tok, 1 tok/s, 16.40 ms/tok, 61 ms avg (2 % of wall), 124 tok cached (4/4 hits) | live 4, queued 0 | pool 245/6144 blocks (4 %) | prefix cache 101/232 entries
2026-09-22 01:28:33.864 INFO  rank 2: slot 2 closed: 137 sampled decode steps, 0 fallbacks
2026-09-22 01:28:33.864 INFO  sched: request 'chatcmpl-2693f8214ec4de12' retired (steps): 256 tok in 9.0 s — prefill 32 tok (28 cached) in 65 ms; decode 255 tok / 137 passes in 8.9 s: 28.6 tok/s, 35.0 ms/tok, 65 ms/pass, 1.86 tok/pass, accept p1 86 %
2026-09-22 01:28:34.249 INFO  rank 2: slot 0 closed: 145 sampled decode steps, 2 fallbacks
2026-09-22 01:28:34.249 INFO  sched: request 'chatcmpl-2693f8214ec4de10' retired (steps): 256 tok in 9.6 s — prefill 36 tok (32 cached) in 63 ms; decode 255 tok / 145 passes in 9.5 s: 26.8 tok/s, 37.3 ms/tok, 66 ms/pass, 1.76 tok/pass, accept p1 76 %
2026-09-22 01:28:34.490 INFO  rank 2: slot 1 closed: 148 sampled decode steps, 2 fallbacks
2026-09-22 01:28:34.490 INFO  sched: request 'chatcmpl-2693f8214ec4de11' retired (steps): 256 tok in 9.7 s — prefill 35 tok (32 cached) in 54 ms; decode 255 tok / 148 passes in 9.7 s: 26.4 tok/s, 37.9 ms/tok, 65 ms/pass, 1.72 tok/pass, accept p1 73 %
2026-09-22 01:28:34.623 INFO  rank 2: slot 3 closed: 150 sampled decode steps, 5 fallbacks
2026-09-22 01:28:34.623 INFO  sched: request 'chatcmpl-2693f8214ec4de13' retired (steps): 256 tok in 9.6 s — prefill 36 tok (32 cached) in 63 ms; decode 255 tok / 150 passes in 9.6 s: 26.7 tok/s, 37.5 ms/tok, 64 ms/pass, 1.70 tok/pass, accept p1 70 %
2026-09-22 01:28:34.712 INFO  sched: request 'chatcmpl-2693f8214ec4de14' admitted to slot 0 (reserve 3 blocks; pool 244/6144 blocks in use) — first token 785
2026-09-22 01:28:36.190 INFO  stats: rank 2 | 10.0 s | decode 96.1 tok/s, 10.2 ms/tok, 55.3 ms/step (178 steps / 964 tok, 98 % of wall) | mtp 1.76 tok/step/req, accept p1 76 % | prefill 1 prompt / 3 tok, 0 tok/s, 19.19 ms/tok, 58 ms avg (1 % of wall), 48 tok cached (1/1 hit) | live 1, queued 0 | pool 245/6144 blocks (4 %) | prefix cache 105/232 entries
2026-09-22 01:28:38.895 INFO  rank 2: slot 0 closed: 129 sampled decode steps, 0 fallbacks
2026-09-22 01:28:38.895 INFO  sched: request 'chatcmpl-2693f8214ec4de14' retired (steps): 256 tok in 4.2 s — prefill 51 tok (48 cached) in 58 ms; decode 255 tok / 129 passes in 4.1 s: 61.8 tok/s, 16.2 ms/tok, 32 ms/pass, 1.98 tok/pass, accept p1 98 %
2026-09-22 01:28:38.957 INFO  sched: request 'chatcmpl-2693f8214ec4de15' admitted to slot 0 (reserve 3 blocks; pool 247/6144 blocks in use) — first token 785
2026-09-22 01:28:43.173 INFO  rank 2: slot 0 closed: 130 sampled decode steps, 0 fallbacks
2026-09-22 01:28:43.173 INFO  sched: request 'chatcmpl-2693f8214ec4de15' retired (steps): 256 tok in 4.2 s — prefill 51 tok (48 cached) in 56 ms; decode 255 tok / 130 passes in 4.2 s: 61.3 tok/s, 16.3 ms/tok, 32 ms/pass, 1.96 tok/pass, accept p1 97 %
2026-09-22 01:28:43.253 INFO  sched: request 'chatcmpl-2693f8214ec4de16' admitted to slot 0 (reserve 3 blocks; pool 250/6144 blocks in use) — first token 785
2026-09-22 01:28:46.191 INFO  stats: rank 2 | 10.0 s | decode 59.9 tok/s, 16.2 ms/tok, 32.0 ms/step (304 steps / 599 tok, 97 % of wall) | mtp 1.97 tok/step/req, accept p1 97 % | prefill 2 prompts / 6 tok, 1 tok/s, 18.99 ms/tok, 57 ms avg (1 % of wall), 96 tok cached (2/2 hits) | live 1, queued 0 | pool 251/6144 blocks (4 %) | prefix cache 107/232 entries
2026-09-22 01:28:47.464 INFO  rank 2: slot 0 closed: 130 sampled decode steps, 0 fallbacks
2026-09-22 01:28:47.464 INFO  sched: request 'chatcmpl-2693f8214ec4de16' retired (steps): 256 tok in 4.2 s — prefill 51 tok (48 cached) in 58 ms; decode 255 tok / 130 passes in 4.2 s: 61.4 tok/s, 16.3 ms/tok, 32 ms/pass, 1.96 tok/pass, accept p1 96 %
2026-09-22 01:28:47.568 INFO  sched: request 'chatcmpl-2693f8214ec4de17' admitted to slot 0 (reserve 3 blocks; pool 253/6144 blocks in use) — first token 785
2026-09-22 01:28:47.669 INFO  sched: request 'chatcmpl-2693f8214ec4de18' admitted to slot 1 (reserve 3 blocks; pool 256/6144 blocks in use) — first token 785
2026-09-22 01:28:47.769 INFO  sched: request 'chatcmpl-2693f8214ec4de19' admitted to slot 2 (reserve 3 blocks; pool 260/6144 blocks in use) — first token 785
2026-09-22 01:28:47.881 INFO  sched: request 'chatcmpl-2693f8214ec4de1a' admitted to slot 3 (reserve 3 blocks; pool 265/6144 blocks in use) — first token 785
2026-09-22 01:28:56.249 INFO  stats: rank 2 | 10.1 s | decode 100.2 tok/s, 9.6 ms/tok, 58.2 ms/step (166 steps / 1008 tok, 96 % of wall) | mtp 1.86 tok/step/req, accept p1 86 % | prefill 4 prompts / 13 tok, 1 tok/s, 17.71 ms/tok, 58 ms avg (2 % of wall), 164 tok cached (4/4 hits) | live 4, queued 0 | pool 266/6144 blocks (4 %) | prefix cache 108/232 entries
2026-09-22 01:28:57.002 INFO  rank 2: slot 1 closed: 137 sampled decode steps, 0 fallbacks
2026-09-22 01:28:57.003 INFO  sched: request 'chatcmpl-2693f8214ec4de18' retired (steps): 256 tok in 9.3 s — prefill 45 tok (40 cached) in 67 ms; decode 255 tok / 137 passes in 9.3 s: 27.5 tok/s, 36.3 ms/tok, 68 ms/pass, 1.86 tok/pass, accept p1 86 %
2026-09-22 01:28:57.003 INFO  rank 2: slot 3 closed: 135 sampled decode steps, 0 fallbacks
2026-09-22 01:28:57.003 INFO  sched: request 'chatcmpl-2693f8214ec4de1a' retired (steps): 256 tok in 9.1 s — prefill 51 tok (48 cached) in 56 ms; decode 255 tok / 135 passes in 9.1 s: 28.1 tok/s, 35.6 ms/tok, 67 ms/pass, 1.89 tok/pass, accept p1 90 %
2026-09-22 01:28:57.167 INFO  rank 2: slot 2 closed: 139 sampled decode steps, 0 fallbacks
2026-09-22 01:28:57.167 INFO  sched: request 'chatcmpl-2693f8214ec4de19' retired (steps): 256 tok in 9.4 s — prefill 47 tok (44 cached) in 56 ms; decode 255 tok / 139 passes in 9.3 s: 27.3 tok/s, 36.6 ms/tok, 67 ms/pass, 1.83 tok/pass, accept p1 83 %
2026-09-22 01:28:57.199 INFO  rank 2: slot 0 closed: 142 sampled decode steps, 0 fallbacks
2026-09-22 01:28:57.200 INFO  sched: request 'chatcmpl-2693f8214ec4de17' retired (steps): 256 tok in 9.6 s — prefill 34 tok (32 cached) in 51 ms; decode 255 tok / 142 passes in 9.6 s: 26.6 tok/s, 37.6 ms/tok, 67 ms/pass, 1.80 tok/pass, accept p1 80 %
2026-09-22 01:28:57.284 INFO  sched: request 'chatcmpl-2693f8214ec4de1b' admitted to slot 0 (reserve 3 blocks; pool 265/6144 blocks in use) — first token 785
2026-09-22 01:28:57.372 INFO  sched: request 'chatcmpl-2693f8214ec4de1c' admitted to slot 1 (reserve 3 blocks; pool 269/6144 blocks in use) — first token 785
2026-09-22 01:28:57.486 INFO  sched: request 'chatcmpl-2693f8214ec4de1d' admitted to slot 2 (reserve 3 blocks; pool 273/6144 blocks in use) — first token 785
2026-09-22 01:28:57.596 INFO  sched: request 'chatcmpl-2693f8214ec4de1e' admitted to slot 3 (reserve 3 blocks; pool 276/6144 blocks in use) — first token 785
2026-09-22 01:29:06.255 INFO  stats: rank 2 | 10.0 s | decode 105.9 tok/s, 9.1 ms/tok, 65.5 ms/step (147 steps / 1060 tok, 96 % of wall) | mtp 1.85 tok/step/req, accept p1 84 % | prefill 4 prompts / 13 tok, 1 tok/s, 18.02 ms/tok, 59 ms avg (2 % of wall), 164 tok cached (4/4 hits) | live 4, queued 0 | pool 278/6144 blocks (5 %) | prefix cache 112/232 entries
2026-09-22 01:29:06.597 INFO  rank 2: slot 0 closed: 137 sampled decode steps, 0 fallbacks
2026-09-22 01:29:06.607 INFO  sched: request 'chatcmpl-2693f8214ec4de1b' retired (steps): 256 tok in 9.3 s — prefill 51 tok (48 cached) in 58 ms; decode 255 tok / 137 passes in 9.3 s: 27.5 tok/s, 36.3 ms/tok, 68 ms/pass, 1.86 tok/pass, accept p1 87 %
2026-09-22 01:29:06.811 INFO  rank 2: slot 1 closed: 139 sampled decode steps, 0 fallbacks
2026-09-22 01:29:06.812 INFO  sched: request 'chatcmpl-2693f8214ec4de1c' retired (steps): 256 tok in 9.4 s — prefill 47 tok (44 cached) in 54 ms; decode 255 tok / 139 passes in 9.4 s: 27.2 tok/s, 36.8 ms/tok, 68 ms/pass, 1.83 tok/pass, accept p1 84 %
2026-09-22 01:29:06.877 INFO  rank 2: slot 2 closed: 139 sampled decode steps, 0 fallbacks
2026-09-22 01:29:06.878 INFO  sched: request 'chatcmpl-2693f8214ec4de1d' retired (steps): 256 tok in 9.4 s — prefill 45 tok (40 cached) in 69 ms; decode 255 tok / 139 passes in 9.3 s: 27.4 tok/s, 36.6 ms/tok, 67 ms/pass, 1.83 tok/pass, accept p1 83 %
2026-09-22 01:29:06.946 INFO  rank 2: slot 3 closed: 140 sampled decode steps, 0 fallbacks
2026-09-22 01:29:06.946 INFO  sched: request 'chatcmpl-2693f8214ec4de1e' retired (steps): 256 tok in 9.4 s — prefill 34 tok (32 cached) in 53 ms; decode 255 tok / 140 passes in 9.3 s: 27.4 tok/s, 36.5 ms/tok, 66 ms/pass, 1.82 tok/pass, accept p1 82 %
2026-09-22 01:29:07.020 INFO  sched: request 'chatcmpl-2693f8214ec4de1f' admitted to slot 0 (reserve 3 blocks; pool 277/6144 blocks in use) — first token 785
2026-09-22 01:29:07.119 INFO  sched: request 'chatcmpl-2693f8214ec4de20' admitted to slot 1 (reserve 3 blocks; pool 281/6144 blocks in use) — first token 785
2026-09-22 01:29:07.220 INFO  sched: request 'chatcmpl-2693f8214ec4de21' admitted to slot 2 (reserve 3 blocks; pool 284/6144 blocks in use) — first token 785
2026-09-22 01:29:07.330 INFO  sched: request 'chatcmpl-2693f8214ec4de22' admitted to slot 3 (reserve 3 blocks; pool 289/6144 blocks in use) — first token 785
2026-09-22 01:29:16.298 INFO  rank 2: slot 2 closed: 134 sampled decode steps, 0 fallbacks
2026-09-22 01:29:16.298 INFO  sched: request 'chatcmpl-2693f8214ec4de21' retired (steps): 256 tok in 9.1 s — prefill 51 tok (48 cached) in 57 ms; decode 255 tok / 134 passes in 9.0 s: 28.3 tok/s, 35.4 ms/tok, 67 ms/pass, 1.90 tok/pass, accept p1 91 %
2026-09-22 01:29:16.298 INFO  stats: rank 2 | 10.0 s | decode 105.0 tok/s, 9.2 ms/tok, 65.8 ms/step (147 steps / 1054 tok, 96 % of wall) | mtp 1.85 tok/step/req, accept p1 84 % | prefill 4 prompts / 13 tok, 1 tok/s, 17.88 ms/tok, 58 ms avg (2 % of wall), 164 tok cached (4/4 hits) | live 3, queued 0 | pool 289/6144 blocks (5 %) | prefix cache 117/232 entries
2026-09-22 01:29:16.558 INFO  rank 2: slot 0 closed: 140 sampled decode steps, 0 fallbacks
2026-09-22 01:29:16.558 INFO  sched: request 'chatcmpl-2693f8214ec4de1f' retired (steps): 256 tok in 9.5 s — prefill 47 tok (44 cached) in 57 ms; decode 255 tok / 140 passes in 9.5 s: 26.9 tok/s, 37.2 ms/tok, 68 ms/pass, 1.82 tok/pass, accept p1 83 %
2026-09-22 01:29:16.623 INFO  rank 2: slot 1 closed: 140 sampled decode steps, 0 fallbacks
2026-09-22 01:29:16.624 INFO  sched: request 'chatcmpl-2693f8214ec4de20' retired (steps): 256 tok in 9.5 s — prefill 45 tok (40 cached) in 67 ms; decode 255 tok / 140 passes in 9.4 s: 27.0 tok/s, 37.0 ms/tok, 67 ms/pass, 1.82 tok/pass, accept p1 82 %
2026-09-22 01:29:16.659 INFO  rank 2: slot 3 closed: 139 sampled decode steps, 0 fallbacks
2026-09-22 01:29:16.659 INFO  sched: request 'chatcmpl-2693f8214ec4de22' retired (steps): 256 tok in 9.3 s — prefill 34 tok (32 cached) in 52 ms; decode 255 tok / 139 passes in 9.3 s: 27.5 tok/s, 36.4 ms/tok, 67 ms/pass, 1.83 tok/pass, accept p1 84 %
2026-09-22 01:29:16.738 INFO  sched: request 'chatcmpl-2693f8214ec4de23' admitted to slot 0 (reserve 3 blocks; pool 289/6144 blocks in use) — first token 785
2026-09-22 01:29:20.892 INFO  rank 2: slot 0 closed: 130 sampled decode steps, 0 fallbacks
2026-09-22 01:29:20.892 INFO  sched: request 'chatcmpl-2693f8214ec4de23' retired (steps): 256 tok in 4.2 s — prefill 46 tok (44 cached) in 52 ms; decode 255 tok / 130 passes in 4.1 s: 62.2 tok/s, 16.1 ms/tok, 32 ms/pass, 1.96 tok/pass, accept p1 96 %
2026-09-22 01:29:20.972 INFO  sched: request 'chatcmpl-2693f8214ec4de24' admitted to slot 0 (reserve 3 blocks; pool 292/6144 blocks in use) — first token 785
2026-09-22 01:29:25.218 INFO  rank 2: slot 0 closed: 133 sampled decode steps, 0 fallbacks
2026-09-22 01:29:25.218 INFO  sched: request 'chatcmpl-2693f8214ec4de24' retired (steps): 256 tok in 4.2 s — prefill 46 tok (44 cached) in 53 ms; decode 255 tok / 133 passes in 4.2 s: 60.8 tok/s, 16.4 ms/tok, 32 ms/pass, 1.92 tok/pass, accept p1 92 %
2026-09-22 01:29:25.286 INFO  sched: request 'chatcmpl-2693f8214ec4de25' admitted to slot 0 (reserve 3 blocks; pool 295/6144 blocks in use) — first token 785
2026-09-22 01:29:26.318 INFO  stats: rank 2 | 10.0 s | decode 59.9 tok/s, 16.1 ms/tok, 32.1 ms/step (301 steps / 600 tok, 96 % of wall) | mtp 1.94 tok/step/req, accept p1 94 % | prefill 3 prompts / 6 tok, 1 tok/s, 26.13 ms/tok, 52 ms avg (2 % of wall), 132 tok cached (3/3 hits) | live 1, queued 0 | pool 296/6144 blocks (5 %) | prefix cache 122/232 entries
2026-09-22 01:29:29.471 INFO  rank 2: slot 0 closed: 131 sampled decode steps, 0 fallbacks
2026-09-22 01:29:29.471 INFO  sched: request 'chatcmpl-2693f8214ec4de25' retired (steps): 256 tok in 4.2 s — prefill 46 tok (44 cached) in 51 ms; decode 255 tok / 131 passes in 4.1 s: 61.7 tok/s, 16.2 ms/tok, 32 ms/pass, 1.95 tok/pass, accept p1 95 %
2026-09-22 01:29:29.568 INFO  sched: request 'chatcmpl-2693f8214ec4de26' admitted to slot 0 (reserve 3 blocks; pool 298/6144 blocks in use) — first token 785
2026-09-22 01:29:29.656 INFO  sched: request 'chatcmpl-2693f8214ec4de27' admitted to slot 1 (reserve 3 blocks; pool 301/6144 blocks in use) — first token 785
2026-09-22 01:29:29.752 INFO  sched: request 'chatcmpl-2693f8214ec4de28' admitted to slot 2 (reserve 3 blocks; pool 306/6144 blocks in use) — first token 785
2026-09-22 01:29:29.859 INFO  sched: request 'chatcmpl-2693f8214ec4de29' admitted to slot 3 (reserve 3 blocks; pool 309/6144 blocks in use) — first token 785
2026-09-22 01:29:36.324 INFO  stats: rank 2 | 10.0 s | decode 94.7 tok/s, 10.2 ms/tok, 48.5 ms/step (199 steps / 948 tok, 96 % of wall) | mtp 1.92 tok/step/req, accept p1 92 % | prefill 4 prompts / 12 tok, 1 tok/s, 18.84 ms/tok, 57 ms avg (2 % of wall), 160 tok cached (4/4 hits) | live 4, queued 0 | pool 311/6144 blocks (5 %) | prefix cache 123/232 entries
2026-09-22 01:29:38.434 INFO  rank 2: slot 0 closed: 131 sampled decode steps, 0 fallbacks
2026-09-22 01:29:38.434 INFO  sched: request 'chatcmpl-2693f8214ec4de26' retired (steps): 256 tok in 8.9 s — prefill 45 tok (40 cached) in 69 ms; decode 255 tok / 131 passes in 8.8 s: 29.0 tok/s, 34.5 ms/tok, 67 ms/pass, 1.95 tok/pass, accept p1 95 %
2026-09-22 01:29:38.503 INFO  rank 2: slot 2 closed: 130 sampled decode steps, 0 fallbacks
2026-09-22 01:29:38.504 INFO  sched: request 'chatcmpl-2693f8214ec4de28' retired (steps): 256 tok in 8.8 s — prefill 46 tok (44 cached) in 51 ms; decode 255 tok / 130 passes in 8.7 s: 29.3 tok/s, 34.1 ms/tok, 67 ms/pass, 1.96 tok/pass, accept p1 96 %
2026-09-22 01:29:38.504 INFO  rank 2: slot 3 closed: 129 sampled decode steps, 0 fallbacks
2026-09-22 01:29:38.504 INFO  sched: request 'chatcmpl-2693f8214ec4de29' retired (steps): 256 tok in 8.6 s — prefill 34 tok (32 cached) in 50 ms; decode 255 tok / 129 passes in 8.6 s: 29.7 tok/s, 33.7 ms/tok, 67 ms/pass, 1.98 tok/pass, accept p1 98 %
2026-09-22 01:29:39.024 INFO  rank 2: slot 1 closed: 147 sampled decode steps, 0 fallbacks
2026-09-22 01:29:39.024 INFO  sched: request 'chatcmpl-2693f8214ec4de27' retired (steps): 256 tok in 9.4 s — prefill 47 tok (44 cached) in 55 ms; decode 255 tok / 147 passes in 9.3 s: 27.4 tok/s, 36.5 ms/tok, 63 ms/pass, 1.73 tok/pass, accept p1 74 %
2026-09-22 01:29:39.125 INFO  sched: request 'chatcmpl-2693f8214ec4de2a' admitted to slot 0 (reserve 3 blocks; pool 310/6144 blocks in use) — first token 785
2026-09-22 01:29:39.209 INFO  sched: request 'chatcmpl-2693f8214ec4de2b' admitted to slot 1 (reserve 3 blocks; pool 313/6144 blocks in use) — first token 785
2026-09-22 01:29:39.306 INFO  sched: request 'chatcmpl-2693f8214ec4de2c' admitted to slot 2 (reserve 3 blocks; pool 317/6144 blocks in use) — first token 785
2026-09-22 01:29:39.419 INFO  sched: request 'chatcmpl-2693f8214ec4de2d' admitted to slot 3 (reserve 3 blocks; pool 321/6144 blocks in use) — first token 785
2026-09-22 01:29:46.377 INFO  stats: rank 2 | 10.1 s | decode 106.9 tok/s, 9.0 ms/tok, 62.5 ms/step (155 steps / 1075 tok, 96 % of wall) | mtp 1.90 tok/step/req, accept p1 90 % | prefill 4 prompts / 12 tok, 1 tok/s, 19.09 ms/tok, 57 ms avg (2 % of wall), 160 tok cached (4/4 hits) | live 4, queued 0 | pool 323/6144 blocks (5 %) | prefix cache 127/232 entries
2026-09-22 01:29:47.914 INFO  rank 2: slot 1 closed: 129 sampled decode steps, 0 fallbacks
2026-09-22 01:29:47.915 INFO  sched: request 'chatcmpl-2693f8214ec4de2b' retired (steps): 256 tok in 8.7 s — prefill 34 tok (32 cached) in 51 ms; decode 255 tok / 129 passes in 8.7 s: 29.5 tok/s, 33.9 ms/tok, 67 ms/pass, 1.98 tok/pass, accept p1 98 %
2026-09-22 01:29:47.981 INFO  rank 2: slot 2 closed: 129 sampled decode steps, 0 fallbacks
2026-09-22 01:29:47.982 INFO  sched: request 'chatcmpl-2693f8214ec4de2c' retired (steps): 256 tok in 8.7 s — prefill 46 tok (44 cached) in 52 ms; decode 255 tok / 129 passes in 8.6 s: 29.6 tok/s, 33.8 ms/tok, 67 ms/pass, 1.98 tok/pass, accept p1 98 %
2026-09-22 01:29:48.103 INFO  rank 2: slot 0 closed: 133 sampled decode steps, 0 fallbacks
2026-09-22 01:29:48.104 INFO  sched: request 'chatcmpl-2693f8214ec4de2a' retired (steps): 256 tok in 9.0 s — prefill 45 tok (40 cached) in 69 ms; decode 255 tok / 133 passes in 8.9 s: 28.6 tok/s, 34.9 ms/tok, 67 ms/pass, 1.92 tok/pass, accept p1 92 %
2026-09-22 01:29:48.652 INFO  rank 2: slot 3 closed: 147 sampled decode steps, 0 fallbacks
2026-09-22 01:29:48.652 INFO  sched: request 'chatcmpl-2693f8214ec4de2d' retired (steps): 256 tok in 9.2 s — prefill 47 tok (44 cached) in 57 ms; decode 255 tok / 147 passes in 9.2 s: 27.8 tok/s, 36.0 ms/tok, 62 ms/pass, 1.73 tok/pass, accept p1 73 %
2026-09-22 01:29:48.749 INFO  sched: request 'chatcmpl-2693f8214ec4de2e' admitted to slot 0 (reserve 3 blocks; pool 322/6144 blocks in use) — first token 785
2026-09-22 01:29:48.838 INFO  sched: request 'chatcmpl-2693f8214ec4de2f' admitted to slot 1 (reserve 3 blocks; pool 325/6144 blocks in use) — first token 785
2026-09-22 01:29:48.934 INFO  sched: request 'chatcmpl-2693f8214ec4de30' admitted to slot 2 (reserve 3 blocks; pool 330/6144 blocks in use) — first token 785
2026-09-22 01:29:49.042 INFO  sched: request 'chatcmpl-2693f8214ec4de31' admitted to slot 3 (reserve 3 blocks; pool 333/6144 blocks in use) — first token 785
2026-09-22 01:29:56.399 INFO  stats: rank 2 | 10.0 s | decode 108.7 tok/s, 8.9 ms/tok, 61.5 ms/step (157 steps / 1089 tok, 96 % of wall) | mtp 1.92 tok/step/req, accept p1 92 % | prefill 4 prompts / 12 tok, 1 tok/s, 19.03 ms/tok, 57 ms avg (2 % of wall), 160 tok cached (4/4 hits) | live 4, queued 0 | pool 335/6144 blocks (5 %) | prefix cache 131/232 entries
2026-09-22 01:29:57.477 INFO  rank 2: slot 0 closed: 130 sampled decode steps, 0 fallbacks
2026-09-22 01:29:57.478 INFO  sched: request 'chatcmpl-2693f8214ec4de2e' retired (steps): 256 tok in 8.7 s — prefill 45 tok (40 cached) in 70 ms; decode 255 tok / 130 passes in 8.7 s: 29.5 tok/s, 34.0 ms/tok, 67 ms/pass, 1.96 tok/pass, accept p1 96 %
2026-09-22 01:29:57.608 INFO  rank 2: slot 2 closed: 130 sampled decode steps, 0 fallbacks
2026-09-22 01:29:57.609 INFO  sched: request 'chatcmpl-2693f8214ec4de30' retired (steps): 256 tok in 8.7 s — prefill 34 tok (32 cached) in 52 ms; decode 255 tok / 130 passes in 8.6 s: 29.6 tok/s, 33.8 ms/tok, 66 ms/pass, 1.96 tok/pass, accept p1 96 %
2026-09-22 01:29:57.609 INFO  rank 2: slot 3 closed: 129 sampled decode steps, 0 fallbacks
2026-09-22 01:29:57.609 INFO  sched: request 'chatcmpl-2693f8214ec4de31' retired (steps): 256 tok in 8.6 s — prefill 46 tok (44 cached) in 51 ms; decode 255 tok / 129 passes in 8.5 s: 29.9 tok/s, 33.4 ms/tok, 66 ms/pass, 1.98 tok/pass, accept p1 98 %
2026-09-22 01:29:57.932 INFO  rank 2: slot 1 closed: 141 sampled decode steps, 0 fallbacks
2026-09-22 01:29:57.932 INFO  sched: request 'chatcmpl-2693f8214ec4de2f' retired (steps): 256 tok in 9.1 s — prefill 47 tok (44 cached) in 55 ms; decode 255 tok / 141 passes in 9.0 s: 28.2 tok/s, 35.4 ms/tok, 64 ms/pass, 1.81 tok/pass, accept p1 81 %
2026-09-22 01:29:58.032 INFO  sched: request 'chatcmpl-2693f8214ec4de32' admitted to slot 0 (reserve 3 blocks; pool 334/6144 blocks in use) — first token 1654
2026-09-22 01:30:02.261 INFO  rank 2: slot 0 closed: 131 sampled decode steps, 0 fallbacks
2026-09-22 01:30:02.261 INFO  sched: request 'chatcmpl-2693f8214ec4de32' retired (steps): 256 tok in 4.2 s — prefill 68 tok (64 cached) in 64 ms; decode 255 tok / 131 passes in 4.2 s: 61.2 tok/s, 16.3 ms/tok, 32 ms/pass, 1.95 tok/pass, accept p1 95 %
2026-09-22 01:30:02.343 INFO  sched: request 'chatcmpl-2693f8214ec4de33' admitted to slot 0 (reserve 3 blocks; pool 337/6144 blocks in use) — first token 785
2026-09-22 01:30:06.425 INFO  stats: rank 2 | 10.0 s | decode 64.2 tok/s, 15.1 ms/tok, 33.9 ms/step (286 steps / 644 tok, 97 % of wall) | mtp 1.91 tok/step/req, accept p1 90 % | prefill 2 prompts / 8 tok, 1 tok/s, 16.14 ms/tok, 65 ms avg (1 % of wall), 128 tok cached (2/2 hits) | live 1, queued 0 | pool 338/6144 blocks (6 %) | prefix cache 136/232 entries
2026-09-22 01:30:06.817 INFO  rank 2: slot 0 closed: 139 sampled decode steps, 0 fallbacks
2026-09-22 01:30:06.817 INFO  sched: request 'chatcmpl-2693f8214ec4de33' retired (steps): 256 tok in 4.5 s — prefill 68 tok (64 cached) in 65 ms; decode 255 tok / 139 passes in 4.4 s: 57.8 tok/s, 17.3 ms/tok, 32 ms/pass, 1.83 tok/pass, accept p1 84 %
2026-09-22 01:30:06.904 INFO  sched: request 'chatcmpl-2693f8214ec4de34' admitted to slot 0 (reserve 3 blocks; pool 340/6144 blocks in use) — first token 1654
2026-09-22 01:30:11.182 INFO  rank 2: slot 0 closed: 133 sampled decode steps, 0 fallbacks
2026-09-22 01:30:11.183 INFO  sched: request 'chatcmpl-2693f8214ec4de34' retired (steps): 256 tok in 4.3 s — prefill 68 tok (64 cached) in 65 ms; decode 255 tok / 133 passes in 4.2 s: 60.5 tok/s, 16.5 ms/tok, 32 ms/pass, 1.92 tok/pass, accept p1 92 %
2026-09-22 01:30:11.273 INFO  sched: request 'chatcmpl-2693f8214ec4de35' admitted to slot 0 (reserve 3 blocks; pool 343/6144 blocks in use) — first token 785
2026-09-22 01:30:11.362 INFO  sched: request 'chatcmpl-2693f8214ec4de36' admitted to slot 1 (reserve 3 blocks; pool 346/6144 blocks in use) — first token 785
2026-09-22 01:30:11.476 INFO  sched: request 'chatcmpl-2693f8214ec4de37' admitted to slot 2 (reserve 3 blocks; pool 351/6144 blocks in use) — first token 785
2026-09-22 01:30:11.582 INFO  sched: request 'chatcmpl-2693f8214ec4de38' admitted to slot 3 (reserve 3 blocks; pool 354/6144 blocks in use) — first token 785
2026-09-22 01:30:16.442 INFO  stats: rank 2 | 10.0 s | decode 85.0 tok/s, 11.2 ms/tok, 43.4 ms/step (220 steps / 851 tok, 95 % of wall) | mtp 1.94 tok/step/req, accept p1 93 % | prefill 5 prompts / 16 tok, 2 tok/s, 18.36 ms/tok, 59 ms avg (3 % of wall), 260 tok cached (5/5 hits) | live 4, queued 0 | pool 356/6144 blocks (6 %) | prefix cache 138/232 entries
2026-09-22 01:30:20.464 INFO  rank 2: slot 1 closed: 133 sampled decode steps, 0 fallbacks
2026-09-22 01:30:20.464 INFO  sched: request 'chatcmpl-2693f8214ec4de36' retired (steps): 256 tok in 9.1 s — prefill 39 tok (36 cached) in 55 ms; decode 255 tok / 133 passes in 9.0 s: 28.2 tok/s, 35.5 ms/tok, 68 ms/pass, 1.92 tok/pass, accept p1 92 %
2026-09-22 01:30:20.464 INFO  rank 2: slot 3 closed: 131 sampled decode steps, 0 fallbacks
2026-09-22 01:30:20.464 INFO  sched: request 'chatcmpl-2693f8214ec4de38' retired (steps): 256 tok in 8.9 s — prefill 54 tok (52 cached) in 51 ms; decode 255 tok / 131 passes in 8.8 s: 28.9 tok/s, 34.6 ms/tok, 67 ms/pass, 1.95 tok/pass, accept p1 95 %
2026-09-22 01:30:20.519 INFO  rank 2: slot 2 closed: 133 sampled decode steps, 0 fallbacks
2026-09-22 01:30:20.520 INFO  sched: request 'chatcmpl-2693f8214ec4de37' retired (steps): 256 tok in 9.0 s — prefill 61 tok (56 cached) in 69 ms; decode 255 tok / 133 passes in 9.0 s: 28.4 tok/s, 35.2 ms/tok, 67 ms/pass, 1.92 tok/pass, accept p1 92 %
2026-09-22 01:30:20.555 INFO  rank 2: slot 0 closed: 136 sampled decode steps, 0 fallbacks
2026-09-22 01:30:20.556 INFO  sched: request 'chatcmpl-2693f8214ec4de35' retired (steps): 256 tok in 9.3 s — prefill 54 tok (52 cached) in 54 ms; decode 255 tok / 136 passes in 9.2 s: 27.6 tok/s, 36.2 ms/tok, 68 ms/pass, 1.88 tok/pass, accept p1 88 %
2026-09-22 01:30:20.640 INFO  sched: request 'chatcmpl-2693f8214ec4de39' admitted to slot 0 (reserve 3 blocks; pool 355/6144 blocks in use) — first token 785
2026-09-22 01:30:20.723 INFO  sched: request 'chatcmpl-2693f8214ec4de3a' admitted to slot 1 (reserve 3 blocks; pool 358/6144 blocks in use) — first token 785
2026-09-22 01:30:20.818 INFO  sched: request 'chatcmpl-2693f8214ec4de3b' admitted to slot 2 (reserve 3 blocks; pool 361/6144 blocks in use) — first token 785
2026-09-22 01:30:20.930 INFO  sched: request 'chatcmpl-2693f8214ec4de3c' admitted to slot 3 (reserve 3 blocks; pool 366/6144 blocks in use) — first token 785
2026-09-22 01:30:26.453 INFO  stats: rank 2 | 10.0 s | decode 107.8 tok/s, 9.0 ms/tok, 66.2 ms/step (146 steps / 1079 tok, 97 % of wall) | mtp 1.88 tok/step/req, accept p1 88 % | prefill 4 prompts / 12 tok, 1 tok/s, 18.91 ms/tok, 57 ms avg (2 % of wall), 196 tok cached (4/4 hits) | live 4, queued 0 | pool 368/6144 blocks (6 %) | prefix cache 142/232 entries
2026-09-22 01:30:29.734 INFO  rank 2: slot 2 closed: 131 sampled decode steps, 0 fallbacks
2026-09-22 01:30:29.734 INFO  sched: request 'chatcmpl-2693f8214ec4de3b' retired (steps): 256 tok in 8.9 s — prefill 54 tok (52 cached) in 52 ms; decode 255 tok / 131 passes in 8.9 s: 28.8 tok/s, 34.8 ms/tok, 68 ms/pass, 1.95 tok/pass, accept p1 95 %
2026-09-22 01:30:29.803 INFO  rank 2: slot 0 closed: 134 sampled decode steps, 0 fallbacks
2026-09-22 01:30:29.805 INFO  sched: request 'chatcmpl-2693f8214ec4de39' retired (steps): 256 tok in 9.2 s — prefill 61 tok (56 cached) in 68 ms; decode 255 tok / 134 passes in 9.1 s: 28.0 tok/s, 35.7 ms/tok, 68 ms/pass, 1.90 tok/pass, accept p1 91 %
2026-09-22 01:30:29.929 INFO  rank 2: slot 1 closed: 135 sampled decode steps, 0 fallbacks
2026-09-22 01:30:29.930 INFO  sched: request 'chatcmpl-2693f8214ec4de3a' retired (steps): 256 tok in 9.2 s — prefill 54 tok (52 cached) in 51 ms; decode 255 tok / 135 passes in 9.2 s: 27.8 tok/s, 35.9 ms/tok, 68 ms/pass, 1.89 tok/pass, accept p1 89 %
2026-09-22 01:30:30.100 INFO  rank 2: slot 3 closed: 138 sampled decode steps, 0 fallbacks
2026-09-22 01:30:30.100 INFO  sched: request 'chatcmpl-2693f8214ec4de3c' retired (steps): 256 tok in 9.2 s — prefill 39 tok (36 cached) in 56 ms; decode 255 tok / 138 passes in 9.1 s: 28.0 tok/s, 35.7 ms/tok, 66 ms/pass, 1.85 tok/pass, accept p1 86 %
2026-09-22 01:30:30.184 INFO  sched: request 'chatcmpl-2693f8214ec4de3d' admitted to slot 0 (reserve 3 blocks; pool 367/6144 blocks in use) — first token 785
2026-09-22 01:30:30.285 INFO  sched: request 'chatcmpl-2693f8214ec4de3e' admitted to slot 1 (reserve 3 blocks; pool 370/6144 blocks in use) — first token 785
2026-09-22 01:30:30.387 INFO  sched: request 'chatcmpl-2693f8214ec4de3f' admitted to slot 2 (reserve 3 blocks; pool 374/6144 blocks in use) — first token 785
2026-09-22 01:30:30.496 INFO  sched: request 'chatcmpl-2693f8214ec4de40' admitted to slot 3 (reserve 3 blocks; pool 378/6144 blocks in use) — first token 785
2026-09-22 01:30:36.463 INFO  stats: rank 2 | 10.0 s | decode 109.3 tok/s, 8.8 ms/tok, 65.6 ms/step (147 steps / 1094 tok, 96 % of wall) | mtp 1.95 tok/step/req, accept p1 94 % | prefill 4 prompts / 12 tok, 1 tok/s, 18.92 ms/tok, 57 ms avg (2 % of wall), 196 tok cached (4/4 hits) | live 4, queued 0 | pool 380/6144 blocks (6 %) | prefix cache 146/232 entries
2026-09-22 01:30:39.201 INFO  rank 2: slot 0 closed: 131 sampled decode steps, 0 fallbacks
2026-09-22 01:30:39.201 INFO  sched: request 'chatcmpl-2693f8214ec4de3d' retired (steps): 256 tok in 9.0 s — prefill 54 tok (52 cached) in 52 ms; decode 255 tok / 131 passes in 9.0 s: 28.4 tok/s, 35.2 ms/tok, 68 ms/pass, 1.95 tok/pass, accept p1 95 %
2026-09-22 01:30:39.404 INFO  rank 2: slot 2 closed: 132 sampled decode steps, 0 fallbacks
2026-09-22 01:30:39.415 INFO  sched: request 'chatcmpl-2693f8214ec4de3f' retired (steps): 256 tok in 9.0 s — prefill 39 tok (36 cached) in 57 ms; decode 255 tok / 132 passes in 9.0 s: 28.4 tok/s, 35.2 ms/tok, 68 ms/pass, 1.93 tok/pass, accept p1 93 %
2026-09-22 01:30:39.543 INFO  rank 2: slot 1 closed: 135 sampled decode steps, 0 fallbacks
2026-09-22 01:30:39.543 INFO  sched: request 'chatcmpl-2693f8214ec4de3e' retired (steps): 256 tok in 9.3 s — prefill 61 tok (56 cached) in 67 ms; decode 255 tok / 135 passes in 9.2 s: 27.7 tok/s, 36.0 ms/tok, 68 ms/pass, 1.89 tok/pass, accept p1 90 %
2026-09-22 01:30:39.579 INFO  rank 2: slot 3 closed: 134 sampled decode steps, 0 fallbacks
2026-09-22 01:30:39.579 INFO  sched: request 'chatcmpl-2693f8214ec4de40' retired (steps): 256 tok in 9.1 s — prefill 54 tok (52 cached) in 51 ms; decode 255 tok / 134 passes in 9.0 s: 28.2 tok/s, 35.4 ms/tok, 67 ms/pass, 1.90 tok/pass, accept p1 91 %
2026-09-22 01:30:39.728 INFO  sched: request 'chatcmpl-2693f8214ec4de41' admitted to slot 0 (reserve 3 blocks; pool 379/6144 blocks in use) — first token 785
2026-09-22 01:30:44.402 INFO  rank 2: slot 0 closed: 146 sampled decode steps, 0 fallbacks
2026-09-22 01:30:44.402 INFO  sched: request 'chatcmpl-2693f8214ec4de41' retired (steps): 256 tok in 4.7 s — prefill 40 tok (36 cached) in 65 ms; decode 255 tok / 146 passes in 4.6 s: 55.3 tok/s, 18.1 ms/tok, 32 ms/pass, 1.75 tok/pass, accept p1 75 %
2026-09-22 01:30:44.490 INFO  sched: request 'chatcmpl-2693f8214ec4de42' admitted to slot 0 (reserve 3 blocks; pool 382/6144 blocks in use) — first token 785
2026-09-22 01:30:46.481 INFO  stats: rank 2 | 10.0 s | decode 69.6 tok/s, 13.8 ms/tok, 37.9 ms/step (254 steps / 697 tok, 96 % of wall) | mtp 1.82 tok/step/req, accept p1 83 % | prefill 2 prompts / 8 tok, 1 tok/s, 16.47 ms/tok, 66 ms avg (1 % of wall), 72 tok cached (2/2 hits) | live 1, queued 0 | pool 383/6144 blocks (6 %) | prefix cache 151/232 entries
2026-09-22 01:30:49.124 INFO  rank 2: slot 0 closed: 145 sampled decode steps, 0 fallbacks
2026-09-22 01:30:49.124 INFO  sched: request 'chatcmpl-2693f8214ec4de42' retired (steps): 256 tok in 4.6 s — prefill 40 tok (36 cached) in 67 ms; decode 255 tok / 145 passes in 4.6 s: 55.8 tok/s, 17.9 ms/tok, 32 ms/pass, 1.76 tok/pass, accept p1 77 %
2026-09-22 01:30:49.205 INFO  sched: request 'chatcmpl-2693f8214ec4de43' admitted to slot 0 (reserve 3 blocks; pool 385/6144 blocks in use) — first token 785
2026-09-22 01:30:53.834 INFO  rank 2: slot 0 closed: 145 sampled decode steps, 0 fallbacks
2026-09-22 01:30:53.834 INFO  sched: request 'chatcmpl-2693f8214ec4de43' retired (steps): 256 tok in 4.6 s — prefill 40 tok (36 cached) in 65 ms; decode 255 tok / 145 passes in 4.6 s: 55.9 tok/s, 17.9 ms/tok, 31 ms/pass, 1.76 tok/pass, accept p1 77 %
2026-09-22 01:30:53.938 INFO  sched: request 'chatcmpl-2693f8214ec4de44' admitted to slot 0 (reserve 3 blocks; pool 388/6144 blocks in use) — first token 785
2026-09-22 01:30:54.039 INFO  sched: request 'chatcmpl-2693f8214ec4de45' admitted to slot 1 (reserve 3 blocks; pool 392/6144 blocks in use) — first token 785
2026-09-22 01:30:54.148 INFO  sched: request 'chatcmpl-2693f8214ec4de46' admitted to slot 2 (reserve 3 blocks; pool 395/6144 blocks in use) — first token 785
2026-09-22 01:30:54.262 INFO  sched: request 'chatcmpl-2693f8214ec4de47' admitted to slot 3 (reserve 3 blocks; pool 400/6144 blocks in use) — first token 785
2026-09-22 01:30:56.509 INFO  stats: rank 2 | 10.0 s | decode 65.0 tok/s, 14.6 ms/tok, 35.9 ms/step (265 steps / 652 tok, 95 % of wall) | mtp 1.76 tok/step/req, accept p1 75 % | prefill 5 prompts / 20 tok, 2 tok/s, 16.03 ms/tok, 64 ms avg (3 % of wall), 172 tok cached (5/5 hits) | live 4, queued 0 | pool 401/6144 blocks (7 %) | prefix cache 153/232 entries
2026-09-22 01:31:03.280 INFO  rank 2: slot 1 closed: 138 sampled decode steps, 0 fallbacks
2026-09-22 01:31:03.281 INFO  sched: request 'chatcmpl-2693f8214ec4de45' retired (steps): 256 tok in 9.2 s — prefill 41 tok (36 cached) in 68 ms; decode 255 tok / 138 passes in 9.2 s: 27.8 tok/s, 36.0 ms/tok, 66 ms/pass, 1.85 tok/pass, accept p1 86 %
2026-09-22 01:31:03.605 INFO  rank 2: slot 2 closed: 142 sampled decode steps, 1 fallbacks
2026-09-22 01:31:03.605 INFO  sched: request 'chatcmpl-2693f8214ec4de46' retired (steps): 256 tok in 9.5 s — prefill 40 tok (36 cached) in 65 ms; decode 255 tok / 142 passes in 9.4 s: 27.2 tok/s, 36.8 ms/tok, 66 ms/pass, 1.80 tok/pass, accept p1 80 %
2026-09-22 01:31:03.965 INFO  rank 2: slot 0 closed: 150 sampled decode steps, 0 fallbacks
2026-09-22 01:31:03.965 INFO  sched: request 'chatcmpl-2693f8214ec4de44' retired (steps): 256 tok in 10.0 s — prefill 40 tok (36 cached) in 66 ms; decode 255 tok / 150 passes in 10.0 s: 25.6 tok/s, 39.1 ms/tok, 66 ms/pass, 1.70 tok/pass, accept p1 70 %
2026-09-22 01:31:04.130 INFO  rank 2: slot 3 closed: 152 sampled decode steps, 0 fallbacks
2026-09-22 01:31:04.130 INFO  sched: request 'chatcmpl-2693f8214ec4de47' retired (steps): 256 tok in 9.9 s — prefill 31 tok (28 cached) in 57 ms; decode 255 tok / 152 passes in 9.8 s: 26.0 tok/s, 38.5 ms/tok, 65 ms/pass, 1.68 tok/pass, accept p1 68 %
2026-09-22 01:31:04.216 INFO  sched: request 'chatcmpl-2693f8214ec4de48' admitted to slot 0 (reserve 3 blocks; pool 400/6144 blocks in use) — first token 785
2026-09-22 01:31:04.314 INFO  sched: request 'chatcmpl-2693f8214ec4de49' admitted to slot 1 (reserve 3 blocks; pool 403/6144 blocks in use) — first token 785
2026-09-22 01:31:04.425 INFO  sched: request 'chatcmpl-2693f8214ec4de4a' admitted to slot 2 (reserve 3 blocks; pool 408/6144 blocks in use) — first token 785
2026-09-22 01:31:04.538 INFO  sched: request 'chatcmpl-2693f8214ec4de4b' admitted to slot 3 (reserve 3 blocks; pool 412/6144 blocks in use) — first token 785
2026-09-22 01:31:06.524 INFO  stats: rank 2 | 10.0 s | decode 100.5 tok/s, 9.6 ms/tok, 63.8 ms/step (151 steps / 1007 tok, 96 % of wall) | mtp 1.78 tok/step/req, accept p1 78 % | prefill 4 prompts / 16 tok, 2 tok/s, 16.01 ms/tok, 64 ms avg (3 % of wall), 136 tok cached (4/4 hits) | live 4, queued 0 | pool 413/6144 blocks (7 %) | prefix cache 157/232 entries
2026-09-22 01:31:13.876 INFO  rank 2: slot 1 closed: 143 sampled decode steps, 0 fallbacks
2026-09-22 01:31:13.877 INFO  sched: request 'chatcmpl-2693f8214ec4de49' retired (steps): 256 tok in 9.6 s — prefill 40 tok (36 cached) in 64 ms; decode 255 tok / 143 passes in 9.5 s: 26.8 tok/s, 37.3 ms/tok, 66 ms/pass, 1.78 tok/pass, accept p1 78 %
2026-09-22 01:31:13.944 INFO  rank 2: slot 2 closed: 143 sampled decode steps, 0 fallbacks
2026-09-22 01:31:13.945 INFO  sched: request 'chatcmpl-2693f8214ec4de4a' retired (steps): 256 tok in 9.5 s — prefill 40 tok (36 cached) in 65 ms; decode 255 tok / 143 passes in 9.5 s: 27.0 tok/s, 37.1 ms/tok, 66 ms/pass, 1.78 tok/pass, accept p1 78 %
2026-09-22 01:31:14.009 INFO  rank 2: slot 3 closed: 143 sampled decode steps, 0 fallbacks
2026-09-22 01:31:14.009 INFO  sched: request 'chatcmpl-2693f8214ec4de4b' retired (steps): 256 tok in 9.5 s — prefill 31 tok (28 cached) in 56 ms; decode 255 tok / 143 passes in 9.4 s: 27.1 tok/s, 36.9 ms/tok, 66 ms/pass, 1.78 tok/pass, accept p1 78 %
2026-09-22 01:31:14.009 INFO  rank 2: slot 0 closed: 146 sampled decode steps, 0 fallbacks
2026-09-22 01:31:14.009 INFO  sched: request 'chatcmpl-2693f8214ec4de48' retired (steps): 256 tok in 9.8 s — prefill 41 tok (36 cached) in 70 ms; decode 255 tok / 146 passes in 9.7 s: 26.2 tok/s, 38.1 ms/tok, 67 ms/pass, 1.75 tok/pass, accept p1 75 %
2026-09-22 01:31:14.091 INFO  sched: request 'chatcmpl-2693f8214ec4de4c' admitted to slot 0 (reserve 3 blocks; pool 412/6144 blocks in use) — first token 785
2026-09-22 01:31:14.178 INFO  sched: request 'chatcmpl-2693f8214ec4de4d' admitted to slot 1 (reserve 3 blocks; pool 416/6144 blocks in use) — first token 785
2026-09-22 01:31:14.294 INFO  sched: request 'chatcmpl-2693f8214ec4de4e' admitted to slot 2 (reserve 3 blocks; pool 420/6144 blocks in use) — first token 785
2026-09-22 01:31:14.415 INFO  sched: request 'chatcmpl-2693f8214ec4de4f' admitted to slot 3 (reserve 3 blocks; pool 423/6144 blocks in use) — first token 785
2026-09-22 01:31:16.581 INFO  stats: rank 2 | 10.1 s | decode 104.0 tok/s, 9.2 ms/tok, 64.9 ms/step (149 steps / 1046 tok, 96 % of wall) | mtp 1.78 tok/step/req, accept p1 78 % | prefill 4 prompts / 16 tok, 2 tok/s, 16.02 ms/tok, 64 ms avg (3 % of wall), 136 tok cached (4/4 hits) | live 4, queued 0 | pool 425/6144 blocks (7 %) | prefix cache 161/232 entries
2026-09-22 01:31:23.537 INFO  rank 2: slot 3 closed: 138 sampled decode steps, 0 fallbacks
2026-09-22 01:31:23.538 INFO  sched: request 'chatcmpl-2693f8214ec4de4f' retired (steps): 256 tok in 9.1 s — prefill 40 tok (36 cached) in 67 ms; decode 255 tok / 138 passes in 9.1 s: 28.2 tok/s, 35.5 ms/tok, 66 ms/pass, 1.85 tok/pass, accept p1 86 %
2026-09-22 01:31:23.707 INFO  rank 2: slot 2 closed: 142 sampled decode steps, 0 fallbacks
2026-09-22 01:31:23.708 INFO  sched: request 'chatcmpl-2693f8214ec4de4e' retired (steps): 256 tok in 9.4 s — prefill 41 tok (36 cached) in 71 ms; decode 255 tok / 142 passes in 9.3 s: 27.3 tok/s, 36.6 ms/tok, 66 ms/pass, 1.80 tok/pass, accept p1 80 %
2026-09-22 01:31:23.708 INFO  rank 2: slot 0 closed: 144 sampled decode steps, 0 fallbacks
2026-09-22 01:31:23.708 INFO  sched: request 'chatcmpl-2693f8214ec4de4c' retired (steps): 256 tok in 9.6 s — prefill 40 tok (36 cached) in 65 ms; decode 255 tok / 144 passes in 9.6 s: 26.7 tok/s, 37.5 ms/tok, 66 ms/pass, 1.77 tok/pass, accept p1 78 %
2026-09-22 01:31:23.774 INFO  rank 2: slot 1 closed: 145 sampled decode steps, 0 fallbacks
2026-09-22 01:31:23.774 INFO  sched: request 'chatcmpl-2693f8214ec4de4d' retired (steps): 256 tok in 9.6 s — prefill 31 tok (28 cached) in 54 ms; decode 255 tok / 145 passes in 9.5 s: 26.7 tok/s, 37.4 ms/tok, 66 ms/pass, 1.76 tok/pass, accept p1 77 %
2026-09-22 01:31:23.967 INFO  sched: request 'chatcmpl-2693f8214ec4de50' admitted to slot 0 (reserve 1 blocks; pool 422/6144 blocks in use) — first token 785
2026-09-22 01:31:25.062 INFO  sched: request 'chatcmpl-2693f8214ec4de50' retired (steps): 64 tok in 1.1 s — prefill 62 tok (60 cached) in 51 ms; decode 63 tok / 34 passes in 1.0 s: 60.4 tok/s, 16.6 ms/tok, 31 ms/pass, 1.85 tok/pass, accept p1 85 %
2026-09-22 01:31:25.146 INFO  sched: request 'chatcmpl-2693f8214ec4de51' admitted to slot 0 (reserve 3 blocks; pool 424/6144 blocks in use) — first token 785
2026-09-22 01:31:26.584 INFO  stats: rank 2 | 10.0 s | decode 91.2 tok/s, 10.6 ms/tok, 50.9 ms/step (189 steps / 912 tok, 96 % of wall) | mtp 1.79 tok/step/req, accept p1 79 % | prefill 2 prompts / 4 tok, 0 tok/s, 25.86 ms/tok, 52 ms avg (1 % of wall), 120 tok cached (2/2 hits) | live 1, queued 0 | pool 425/6144 blocks (7 %) | prefix cache 165/232 entries
2026-09-22 01:31:29.611 INFO  sched: request 'chatcmpl-2693f8214ec4de51' retired (steps): 256 tok in 4.5 s — prefill 62 tok (60 cached) in 52 ms; decode 255 tok / 140 passes in 4.4 s: 57.8 tok/s, 17.3 ms/tok, 32 ms/pass, 1.82 tok/pass, accept p1 82 %
2026-09-22 01:31:29.678 INFO  sched: request 'chatcmpl-2693f8214ec4de52' admitted to slot 0 (reserve 3 blocks; pool 427/6144 blocks in use) — first token 785
2026-09-22 01:31:30.011 INFO  sched: request 'chatcmpl-2693f8214ec4de53' prefix cache miss — 2 cut(s) probed against 166 entries; the nearest entry (position 316) shares the first 22 of the prompt's 66 tokens (the prompt differs from it from that token on)
2026-09-22 01:31:30.011 INFO  sched: request 'chatcmpl-2693f8214ec4de53' admitted to slot 1 (reserve 3 blocks; pool 431/6144 blocks in use) — first token 785
2026-09-22 01:31:30.354 INFO  sched: request 'chatcmpl-2693f8214ec4de54' prefix cache miss — 2 cut(s) probed against 167 entries; the nearest entry (position 316) shares the first 22 of the prompt's 59 tokens (the prompt differs from it from that token on)
2026-09-22 01:31:30.354 INFO  sched: request 'chatcmpl-2693f8214ec4de54' admitted to slot 2 (reserve 3 blocks; pool 436/6144 blocks in use) — first token 785
2026-09-22 01:31:30.709 INFO  sched: request 'chatcmpl-2693f8214ec4de55' prefix cache miss — 2 cut(s) probed against 168 entries; the nearest entry (position 316) shares the first 22 of the prompt's 62 tokens (the prompt differs from it from that token on)
2026-09-22 01:31:30.709 INFO  sched: request 'chatcmpl-2693f8214ec4de55' admitted to slot 3 (reserve 3 blocks; pool 442/6144 blocks in use) — first token 785
2026-09-22 01:31:36.646 INFO  stats: rank 2 | 10.1 s | decode 84.3 tok/s, 10.6 ms/tok, 47.8 ms/step (188 steps / 848 tok, 89 % of wall) | mtp 1.84 tok/step/req, accept p1 83 % | prefill 4 prompts / 189 tok, 19 tok/s, 5.02 ms/tok, 237 ms avg (9 % of wall), 60 tok cached (1/4 hits) | live 4, queued 0 | pool 443/6144 blocks (7 %) | prefix cache 169/232 entries
2026-09-22 01:31:39.554 INFO  sched: request 'chatcmpl-2693f8214ec4de55' retired (steps): 256 tok in 8.8 s — prefill 62 tok (0 cached) in 298 ms; decode 255 tok / 134 passes in 8.5 s: 29.8 tok/s, 33.5 ms/tok, 64 ms/pass, 1.90 tok/pass, accept p1 90 %
2026-09-22 01:31:39.776 INFO  sched: request 'chatcmpl-2693f8214ec4de54' retired (steps): 256 tok in 9.4 s — prefill 59 tok (0 cached) in 299 ms; decode 255 tok / 139 passes in 9.1 s: 28.0 tok/s, 35.8 ms/tok, 66 ms/pass, 1.83 tok/pass, accept p1 84 %
2026-09-22 01:31:39.999 INFO  sched: request 'chatcmpl-2693f8214ec4de52' retired (steps): 256 tok in 10.3 s — prefill 62 tok (60 cached) in 51 ms; decode 255 tok / 146 passes in 10.3 s: 24.8 tok/s, 40.3 ms/tok, 70 ms/pass, 1.75 tok/pass, accept p1 75 %
2026-09-22 01:31:40.162 INFO  sched: request 'chatcmpl-2693f8214ec4de53' retired (steps): 256 tok in 10.2 s — prefill 66 tok (0 cached) in 301 ms; decode 255 tok / 150 passes in 9.8 s: 25.9 tok/s, 38.6 ms/tok, 66 ms/pass, 1.70 tok/pass, accept p1 70 %
2026-09-22 01:31:41.790 INFO  journal: stop record — exiting
2026-09-22 01:31:41.820 INFO  rank 2: graph engine sampling summary — 10364 sampled decode steps, 32 served by the exact gather fallback (0.3%), 112 candidates per rank
2026-09-22 01:31:43.315 INFO  rank 2: exited cleanly
2026-09-22 01:35:54.519 INFO  dgpp-serve 0.1.0+ga3ed8994a34c (git a3ed8994a34c)
2026-09-22 01:35:54.519 INFO  config /tmp/bus4/deployments/860d5a991d6b0c9a/cluster.json: model HawkBearPig/GLM-5.3-Flash-NVFP4-FP8, world 4, rank 2, http :18080, fabric :29970, journal :29971
2026-09-22 01:35:54.520 INFO  model HawkBearPig/GLM-5.3-Flash-NVFP4-FP8 -> /home/stephen/.cache/huggingface/hub/models--HawkBearPig--GLM-5.3-Flash-NVFP4-FP8/snapshots/17b8d4d83e33e836e9549d7e1a8d25b5117203c1
2026-09-22 01:35:54.521 INFO  journal: connected to rank 0 at 192.168.88.11:29971 (120000 attempt window)
2026-09-22 01:35:54.558 INFO  rank 2: settings from rank 0: model=HawkBearPig/GLM-5.3-Flash-NVFP4-FP8 world=4 fabric=29970 journal=29971 conc=4 kv=786432 kvdt=bf16 ngt=resident dw=checkpoint bfw=bf12+bf16 fp8head=gemv pf=bounded emsh=replicated maxtok=256 queue=8 eos=1 graph=1 compact=0 mtp=1 mtpd=1 mss=0 msrow=8 msbase=28 mslam=0 msmin=1 msad=1 batchmin=2 cand=128 pcgib=8 adm=full win=256 pfbudget=256 pfidle=2048 pace=-1 inflight=-1 reasoning_in_content=0 rs=off
2026-09-22 01:35:54.558 INFO  config: model=HawkBearPig/GLM-5.3-Flash-NVFP4-FP8 world=4 fabric=29970 journal=29971 conc=4 kv=786432 kvdt=bf16 ngt=resident dw=checkpoint bfw=bf12+bf16 fp8head=gemv pf=bounded emsh=replicated maxtok=256 queue=8 eos=1 graph=1 compact=0 mtp=1 mtpd=1 mss=0 msrow=8 msbase=28 mslam=0 msmin=1 msad=1 batchmin=2 cand=128 pcgib=8 adm=full win=256 pfbudget=256 pfidle=2048 pace=-1 inflight=-1 reasoning_in_content=0 rs=off (digest ee39883879453127)
2026-09-22 01:35:54.679 INFO  serve: model family glm5 (/home/stephen/.cache/huggingface/hub/models--HawkBearPig--GLM-5.3-Flash-NVFP4-FP8/snapshots/17b8d4d83e33e836e9549d7e1a8d25b5117203c1)
2026-09-22 01:35:54.679 INFO  serve: decode rows 8 (4 slot(s) x 2 row(s) per request, floor 8, the glm5 family's cap 8)
2026-09-22 01:35:54.679 WARN  generation config /home/stephen/.cache/huggingface/hub/models--HawkBearPig--GLM-5.3-Flash-NVFP4-FP8/snapshots/17b8d4d83e33e836e9549d7e1a8d25b5117203c1/generation_config.json omits top_k, min_p, repetition_penalty; using greedy-safe/neutral fallbacks for those fields
2026-09-22 01:35:54.679 INFO  generation defaults: temperature=1 top_p=0.95 top_k=0 min_p=0 repetition_penalty=1
2026-09-22 01:35:54.679 INFO  serve: sampling defaults temperature 1 top_p 0.95 top_k 0 min_p 0 repetition_penalty 1 (from generation_config.json; overrides: none)
2026-09-22 01:35:54.679 INFO  serve: request context limit 786432 tokens (the 786432-token K/V pool from engine.kv_capacity 786432; this family states no positional ceiling of its own)
2026-09-22 01:35:54.679 INFO  rank 2: prefix cache plan — 8 GiB budget, 232 slots of 35.227 MiB, 7.981 GiB allocated; cached K/V blocks share the 786432-token pool
2026-09-22 01:35:54.841 INFO  tokenizer: loaded vocab 154820 merges 321649 added 36 (revision 0x700b4469fc43f23b; glm pattern, no normalizer, ignore_merges true)
2026-09-22 01:35:54.851 INFO  serve: grammar vocabulary built (154880 ids, tool markers present, call-turn EOS 154829)
2026-09-22 01:35:54.950 INFO  serve: JSON grammar tables built in 0.10 s
2026-09-22 01:35:55.160 INFO  bus: globaltimer offset 13907931915 ns (+-2 us)
2026-09-22 01:35:55.164 INFO  verbs: device roceP2p1s0f0 port 1 gid_index 3
2026-09-22 01:35:55.167 INFO  verbs: device rocep1s0f0 port 1 gid_index 3
2026-09-22 01:35:56.266 INFO  bus: rank 2 up — 3 peer(s) x 2 lane(s), lat 8x65536B, bulk 8x262144B, bulk pace 28.3 Gb/s per QP, window 4 per lane
2026-09-22 01:35:56.266 INFO  rank 2: boundary reducer host-driven
2026-09-22 01:35:56.393 INFO  rank 2: process memory locked (mlockall MCL_CURRENT, 14513 MiB)
2026-09-22 01:35:56.393 INFO  rank 2: resident image cache at /home/stephen/.cache/dgpp/resident
2026-09-22 01:35:56.393 INFO  bus engine: rank 2 pinned to cpu 19
2026-09-22 01:35:56.450 INFO  rank 2: memory plan for a 786432-token context — vision weights (replicated) 1.05 GiB; vision workspace (bounded image prefill) 0.33 GiB; model weights (resident) 48.27 GiB (1.81 GiB pinned); tensor-parallel slice views 0.67 GiB; bf16 decode packing (12-bit companions) 1.96 GiB; gemm workspace (at least) 0.06 GiB; kda scratch 0.08 GiB; kv cache pool (bf16) 9.29 GiB; dsa scratch 0.23 GiB; moe scratch 0.68 GiB (0.00 GiB pinned); kda state (request slots) 0.14 GiB; kda speculative snapshots 0.27 GiB; draft hidden cache (per position) 24.00 GiB; draft activations 0.05 GiB; activations (per-forward rows) 0.61 GiB (0.00 GiB pinned); route-trace staging 0.10 GiB (0.10 GiB pinned); prefix cache 7.98 GiB; engine 0.08 GiB
2026-09-22 01:35:56.450 INFO  rank 2: memory plan total 95.85 GiB (85.87 GiB device + 9.97 GiB pinned) + 4.00 GiB headroom against 116.63 GiB free (device free 103.07 GiB of 121.69 GiB, host available 116.63 GiB)
2026-09-22 01:35:56.450 INFO  memory ledger: rank 2 after the plan check — rss 1.14 GiB (anon 0.41, shmem 0.09, file 0.64; locked 14.17); device free 103.07 GiB, node available 116.63 GiB
2026-09-22 01:35:56.450 INFO  memory ledger: rank 2 after the bus — rss 1.14 GiB (anon 0.41, shmem 0.09, file 0.64; locked 14.17); device free 103.07 GiB, node available 116.63 GiB
2026-09-22 01:35:56.768 INFO  glm loader: rank 2 resident footprint 46.5 GiB; device free 103.0 of 121.7 GiB, host available 116.6 GiB
2026-09-22 01:35:57.658 INFO  glm loader: rank 2 resident image /home/stephen/.cache/dgpp/resident/e96e68119906dd8f.img — 46/46 layers present, direct I/O
2026-09-22 01:35:57.694 INFO  l2 prefetch: on, window budget 12 MiB, boundary rate light, layer rate light
2026-09-22 01:35:57.694 INFO  glm loader: rank 2 boot digest from the resident image (713 tensors, 2.91 GiB)
2026-09-22 01:36:07.699 INFO  glm loader: rank 2 resident load complete — released 40 shard mappings (181.7 GiB) and evicted their page cache; image: 46 layers restored, 0 captured
2026-09-22 01:36:08.051 INFO  rank 2 bf12: 70 decode matrices packed (2.55 GiB of bf16 -> 1.92 GiB, 215186 escapes, widest row 62, 16 rows kept raw; 0 matrices kept bf16) in 1.3 s
2026-09-22 01:36:13.136 INFO  rank 2 boot phases: digest 0.0 s (3.96 GiB hashed), globals 1.3 s, layers 13.1 s
2026-09-22 01:36:13.136 INFO  memory ledger: rank 2 after the model — rss 3.06 GiB (anon 0.41, shmem 2.00, file 0.64; locked 14.16); device free 13.96 GiB, node available 27.50 GiB
2026-09-22 01:36:13.136 INFO  rank 2: model constructed in 16.7s (resident, 4 request slots, 786432-token pool in bf16, 2048-row forwards)
2026-09-22 01:36:13.136 INFO  rank 2: prefix cache on — 232 snapshot slot(s) of 35.2 MiB (8.00 GiB asked)
2026-09-22 01:36:13.417 INFO  rank 2: graph engine samples on the device — 112 candidates per rank (8 rows x 4 ranks in a 65536-byte latency slot; the planned width is 128); constrained decoding available
2026-09-22 01:36:17.784 INFO  memory ledger: rank 2 after the graph engine — rss 3.07 GiB (anon 0.41, shmem 2.01, file 0.64; locked 14.16); device free 5.92 GiB, node available 19.46 GiB
2026-09-22 01:36:18.071 INFO  allreduce: device clock rate 2418000 kHz (stamps conversion)
2026-09-22 01:36:18.071 INFO  allreduce: rank 2 seq 1 launched (3 peers)
2026-09-22 01:36:18.071 INFO  allreduce: rank 2 seq 1 ready after 41.5us
2026-09-22 01:36:18.072 INFO  allreduce: rank 2 seq 1 done status=0 after 124.1us
2026-09-22 01:36:18.107 INFO  allreduce: rank 2 seq 2 launched (3 peers)
2026-09-22 01:36:18.107 INFO  allreduce: rank 2 seq 2 ready after 11.2us
2026-09-22 01:36:18.107 INFO  allreduce: rank 2 seq 2 done status=0 after 302.3us
2026-09-22 01:36:18.108 INFO  allreduce: rank 2 seq 3 launched (3 peers)
2026-09-22 01:36:18.108 INFO  allreduce: rank 2 seq 3 ready after 11.0us
2026-09-22 01:36:18.108 INFO  allreduce: rank 2 seq 3 done status=0 after 104.5us
2026-09-22 01:36:18.108 INFO  allreduce: rank 2 seq 4 launched (3 peers)
2026-09-22 01:36:18.108 INFO  allreduce: rank 2 seq 4 ready after 11.3us
2026-09-22 01:36:18.108 INFO  allreduce: rank 2 seq 4 done status=0 after 88.4us
2026-09-22 01:36:18.108 INFO  allreduce: rank 2 seq 5 launched (3 peers)
2026-09-22 01:36:18.108 INFO  allreduce: rank 2 seq 5 ready after 11.1us
2026-09-22 01:36:18.108 INFO  allreduce: rank 2 seq 5 done status=0 after 48.7us
2026-09-22 01:36:18.109 INFO  allreduce: rank 2 seq 6 launched (3 peers)
2026-09-22 01:36:18.109 INFO  allreduce: rank 2 seq 6 ready after 11.2us
2026-09-22 01:36:18.109 INFO  allreduce: rank 2 seq 6 done status=0 after 92.3us
2026-09-22 01:36:18.111 INFO  allreduce: rank 2 seq 7 launched (3 peers)
2026-09-22 01:36:18.111 INFO  allreduce: rank 2 seq 7 ready after 13.6us
2026-09-22 01:36:18.112 INFO  allreduce: rank 2 seq 7 done status=0 after 801.3us
2026-09-22 01:36:18.113 INFO  allreduce: rank 2 seq 8 launched (3 peers)
2026-09-22 01:36:18.113 INFO  allreduce: rank 2 seq 8 ready after 11.5us
2026-09-22 01:36:18.113 INFO  allreduce: rank 2 seq 8 done status=0 after 50.0us
2026-09-22 01:36:18.113 INFO  allreduce: rank 2 seq 9 launched (3 peers)
2026-09-22 01:36:18.113 INFO  allreduce: rank 2 seq 9 ready after 11.1us
2026-09-22 01:36:18.113 INFO  allreduce: rank 2 seq 9 done status=0 after 77.4us
2026-09-22 01:36:18.114 INFO  allreduce: rank 2 seq 10 launched (3 peers)
2026-09-22 01:36:18.114 INFO  allreduce: rank 2 seq 10 ready after 12.8us
2026-09-22 01:36:18.114 INFO  allreduce: rank 2 seq 10 done status=0 after 50.4us
2026-09-22 01:36:18.114 INFO  allreduce: rank 2 seq 11 launched (3 peers)
2026-09-22 01:36:18.114 INFO  allreduce: rank 2 seq 11 ready after 11.0us
2026-09-22 01:36:18.114 INFO  allreduce: rank 2 seq 11 done status=0 after 76.3us
2026-09-22 01:36:18.115 INFO  allreduce: rank 2 seq 12 launched (3 peers)
2026-09-22 01:36:18.115 INFO  allreduce: rank 2 seq 12 ready after 12.6us
2026-09-22 01:36:18.115 INFO  allreduce: rank 2 seq 12 done status=0 after 57.9us
2026-09-22 01:36:18.116 INFO  allreduce: rank 2 seq 13 launched (3 peers)
2026-09-22 01:36:18.116 INFO  allreduce: rank 2 seq 13 ready after 10.9us
2026-09-22 01:36:18.116 INFO  allreduce: rank 2 seq 13 done status=0 after 95.4us
2026-09-22 01:36:18.116 INFO  allreduce: rank 2 seq 14 launched (3 peers)
2026-09-22 01:36:18.116 INFO  allreduce: rank 2 seq 14 ready after 16.1us
2026-09-22 01:36:18.116 INFO  allreduce: rank 2 seq 14 done status=0 after 61.3us
2026-09-22 01:36:18.117 INFO  allreduce: rank 2 seq 15 launched (3 peers)
2026-09-22 01:36:18.117 INFO  allreduce: rank 2 seq 15 ready after 9.2us
2026-09-22 01:36:18.117 INFO  allreduce: rank 2 seq 15 done status=0 after 71.4us
2026-09-22 01:36:18.118 INFO  allreduce: rank 2 seq 16 launched (3 peers)
2026-09-22 01:36:18.118 INFO  allreduce: rank 2 seq 16 ready after 9.1us
2026-09-22 01:36:18.118 INFO  allreduce: rank 2 seq 16 done status=0 after 43.8us
2026-09-22 01:36:18.195 INFO  bus graph era: variant 0 recorded with 94 collective node(s)
2026-09-22 01:36:18.195 INFO  rank 2: graph variant 0 shape: 1297 nodes, 1612 edges: kernel 1297 empty 0 memcpy 0 memset 0 host 0 event 0 other 0; max in-degree 2
2026-09-22 01:36:18.209 INFO  rank 2: graph variant 0 instantiated — 22.3 MiB of device memory (5.5 GiB free)
2026-09-22 01:36:18.210 INFO  bus graph era: variant 1 recorded with 94 collective node(s)
2026-09-22 01:36:18.210 INFO  rank 2: graph variant 1 shape: 1297 nodes, 1612 edges: kernel 1297 empty 0 memcpy 0 memset 0 host 0 event 0 other 0; max in-degree 2
2026-09-22 01:36:18.214 INFO  rank 2: graph variant 1 instantiated — 20.6 MiB of device memory (5.5 GiB free)
2026-09-22 01:36:18.214 INFO  rank 2: serving scalar graph variants 0/1 captured for request slot 0 (2 rows, MTP)
2026-09-22 01:36:18.216 INFO  bus graph era: variant 8 recorded with 94 collective node(s)
2026-09-22 01:36:18.216 INFO  rank 2: graph variant 8 shape: 1299 nodes, 1614 edges: kernel 1299 empty 0 memcpy 0 memset 0 host 0 event 0 other 0; max in-degree 2
2026-09-22 01:36:18.222 INFO  rank 2: graph variant 8 instantiated — 27.2 MiB of device memory (5.5 GiB free)
2026-09-22 01:36:18.223 INFO  bus graph era: variant 9 recorded with 94 collective node(s)
2026-09-22 01:36:18.223 INFO  rank 2: graph variant 9 shape: 1299 nodes, 1614 edges: kernel 1299 empty 0 memcpy 0 memset 0 host 0 event 0 other 0; max in-degree 2
2026-09-22 01:36:18.230 INFO  rank 2: graph variant 9 instantiated — 34.5 MiB of device memory (5.4 GiB free)
2026-09-22 01:36:18.230 INFO  rank 2: serving row-batched graph variants 8/9 captured for 2 slots x 2 rows = 4 fixed rows, MTP (a batch is selected at 2+ live requests, the smallest that covers the live slots)
2026-09-22 01:36:18.243 INFO  bus graph era: variant 10 recorded with 94 collective node(s)
2026-09-22 01:36:18.243 INFO  rank 2: graph variant 10 shape: 1359 nodes, 1674 edges: kernel 1359 empty 0 memcpy 0 memset 0 host 0 event 0 other 0; max in-degree 2
2026-09-22 01:36:18.249 INFO  rank 2: graph variant 10 instantiated — 25.9 MiB of device memory (5.4 GiB free)
2026-09-22 01:36:18.251 INFO  bus graph era: variant 11 recorded with 94 collective node(s)
2026-09-22 01:36:18.251 INFO  rank 2: graph variant 11 shape: 1359 nodes, 1674 edges: kernel 1359 empty 0 memcpy 0 memset 0 host 0 event 0 other 0; max in-degree 2
2026-09-22 01:36:18.257 INFO  rank 2: graph variant 11 instantiated — 33.6 MiB of device memory (5.3 GiB free)
2026-09-22 01:36:18.257 INFO  rank 2: serving row-batched graph variants 10/11 captured for 3 slots x 2 rows = 6 fixed rows, MTP (a batch is selected at 2+ live requests, the smallest that covers the live slots)
2026-09-22 01:36:18.259 INFO  bus graph era: variant 12 recorded with 94 collective node(s)
2026-09-22 01:36:18.259 INFO  rank 2: graph variant 12 shape: 1361 nodes, 1676 edges: kernel 1361 empty 0 memcpy 0 memset 0 host 0 event 0 other 0; max in-degree 2
2026-09-22 01:36:18.266 INFO  rank 2: graph variant 12 instantiated — 35.0 MiB of device memory (5.3 GiB free)
2026-09-22 01:36:18.267 INFO  bus graph era: variant 13 recorded with 94 collective node(s)
2026-09-22 01:36:18.267 INFO  rank 2: graph variant 13 shape: 1361 nodes, 1676 edges: kernel 1361 empty 0 memcpy 0 memset 0 host 0 event 0 other 0; max in-degree 2
2026-09-22 01:36:18.274 INFO  rank 2: graph variant 13 instantiated — 31.0 MiB of device memory (5.3 GiB free)
2026-09-22 01:36:18.274 INFO  rank 2: serving row-batched graph variants 12/13 captured for 4 slots x 2 rows = 8 fixed rows, MTP (a batch is selected at 2+ live requests, the smallest that covers the live slots)
2026-09-22 01:36:18.337 INFO  bus graph era: variant 2 recorded with 94 collective node(s)
2026-09-22 01:36:18.338 INFO  rank 2: graph variant 2 shape: 1297 nodes, 1612 edges: kernel 1297 empty 0 memcpy 0 memset 0 host 0 event 0 other 0; max in-degree 2
2026-09-22 01:36:18.344 INFO  rank 2: graph variant 2 instantiated — 32.5 MiB of device memory (5.2 GiB free)
2026-09-22 01:36:18.345 INFO  bus graph era: variant 3 recorded with 94 collective node(s)
2026-09-22 01:36:18.345 INFO  rank 2: graph variant 3 shape: 1297 nodes, 1612 edges: kernel 1297 empty 0 memcpy 0 memset 0 host 0 event 0 other 0; max in-degree 2
2026-09-22 01:36:18.353 INFO  rank 2: graph variant 3 instantiated — 34.1 MiB of device memory (5.2 GiB free)
2026-09-22 01:36:18.353 INFO  rank 2: serving scalar graph variants 2/3 captured for request slot 1 (2 rows, MTP)
2026-09-22 01:36:18.419 INFO  bus graph era: variant 4 recorded with 94 collective node(s)
2026-09-22 01:36:18.419 INFO  rank 2: graph variant 4 shape: 1297 nodes, 1612 edges: kernel 1297 empty 0 memcpy 0 memset 0 host 0 event 0 other 0; max in-degree 2
2026-09-22 01:36:18.426 INFO  rank 2: graph variant 4 instantiated — 31.9 MiB of device memory (5.2 GiB free)
2026-09-22 01:36:18.427 INFO  bus graph era: variant 5 recorded with 94 collective node(s)
2026-09-22 01:36:18.427 INFO  rank 2: graph variant 5 shape: 1297 nodes, 1612 edges: kernel 1297 empty 0 memcpy 0 memset 0 host 0 event 0 other 0; max in-degree 2
2026-09-22 01:36:18.436 INFO  rank 2: graph variant 5 instantiated — 35.1 MiB of device memory (5.1 GiB free)
2026-09-22 01:36:18.436 INFO  rank 2: serving scalar graph variants 4/5 captured for request slot 2 (2 rows, MTP)
2026-09-22 01:36:18.502 INFO  bus graph era: variant 6 recorded with 94 collective node(s)
2026-09-22 01:36:18.502 INFO  rank 2: graph variant 6 shape: 1297 nodes, 1612 edges: kernel 1297 empty 0 memcpy 0 memset 0 host 0 event 0 other 0; max in-degree 2
2026-09-22 01:36:18.509 INFO  rank 2: graph variant 6 instantiated — 33.7 MiB of device memory (5.1 GiB free)
2026-09-22 01:36:18.511 INFO  bus graph era: variant 7 recorded with 94 collective node(s)
2026-09-22 01:36:18.511 INFO  rank 2: graph variant 7 shape: 1297 nodes, 1612 edges: kernel 1297 empty 0 memcpy 0 memset 0 host 0 event 0 other 0; max in-degree 2
2026-09-22 01:36:18.518 INFO  rank 2: graph variant 7 instantiated — 33.2 MiB of device memory (5.1 GiB free)
2026-09-22 01:36:18.518 INFO  rank 2: serving scalar graph variants 6/7 captured for request slot 3 (2 rows, MTP)
2026-09-22 01:36:18.518 INFO  rank 2: warm capture complete — 4 scalar variants and the row batches for 2 slots, 3 slots, 4 slots recorded before the first request
2026-09-22 01:36:18.518 INFO  memory ledger: rank 2 after the warm capture — rss 3.54 GiB (anon 0.88, shmem 2.01, file 0.65; locked 14.15); device free 5.08 GiB, node available 18.61 GiB
2026-09-22 01:36:18.518 INFO  rank 2: graph variants warm-captured in 0.73s
2026-09-22 01:36:18.518 INFO  rank 2: following rank 0's journal (admission full, window 256)
2026-09-22 01:36:19.893 INFO  sched: request 'chatcmpl-f4861a7f71d3af7c' prefix cache miss — 2 cut(s), the cache is empty
2026-09-22 01:36:19.893 INFO  sched: request 'chatcmpl-f4861a7f71d3af7c' admitted to slot 0 (reserve 1 blocks; pool 2/6144 blocks in use) — first token 785
2026-09-22 01:36:20.981 INFO  sched: request 'chatcmpl-f4861a7f71d3af7c' retired (steps): 64 tok in 1.1 s — prefill 62 tok (0 cached) in 307 ms; decode 63 tok / 34 passes in 0.8 s: 80.7 tok/s, 12.4 ms/tok, 23 ms/pass, 1.85 tok/pass, accept p1 85 %
2026-09-22 01:36:21.267 INFO  sched: request 'chatcmpl-f4861a7f71d3af7d' prefix cache miss — 2 cut(s) probed against 2 entries; the nearest entry (position 124) shares the first 12 of the prompt's 37 tokens (the prompt differs from it from that token on)
2026-09-22 01:36:21.267 INFO  sched: request 'chatcmpl-f4861a7f71d3af7d' admitted to slot 0 (reserve 3 blocks; pool 6/6144 blocks in use) — first token 785
2026-09-22 01:36:25.593 INFO  sched: request 'chatcmpl-f4861a7f71d3af7d' retired (steps): 256 tok in 4.3 s — prefill 37 tok (0 cached) in 264 ms; decode 255 tok / 137 passes in 4.1 s: 62.8 tok/s, 15.9 ms/tok, 30 ms/pass, 1.86 tok/pass, accept p1 87 %
2026-09-22 01:36:25.688 INFO  sched: request 'chatcmpl-f4861a7f71d3af7e' admitted to slot 0 (reserve 3 blocks; pool 9/6144 blocks in use) — first token 785
2026-09-22 01:36:28.681 INFO  stats: rank 2 | 10.0 s | decode 50.1 tok/s, 16.7 ms/tok, 31.4 ms/step (266 steps / 501 tok, 84 % of wall) | mtp 1.88 tok/step/req, accept p1 88 % | prefill 3 prompts / 104 tok, 10 tok/s, 6.14 ms/tok, 213 ms avg (6 % of wall), 32 tok cached (1/3 hits) | live 1, queued 0 | pool 10/6144 blocks (0 %) | prefix cache 4/232 entries
2026-09-22 01:36:30.015 INFO  sched: request 'chatcmpl-f4861a7f71d3af7e' retired (steps): 256 tok in 4.3 s — prefill 37 tok (32 cached) in 68 ms; decode 255 tok / 137 passes in 4.3 s: 59.9 tok/s, 16.7 ms/tok, 31 ms/pass, 1.86 tok/pass, accept p1 87 %
2026-09-22 01:36:30.103 INFO  sched: request 'chatcmpl-f4861a7f71d3af7f' admitted to slot 0 (reserve 3 blocks; pool 9/6144 blocks in use) — first token 785
2026-09-22 01:36:34.433 INFO  sched: request 'chatcmpl-f4861a7f71d3af7f' retired (steps): 256 tok in 4.3 s — prefill 37 tok (32 cached) in 67 ms; decode 255 tok / 137 passes in 4.3 s: 59.8 tok/s, 16.7 ms/tok, 31 ms/pass, 1.86 tok/pass, accept p1 87 %
2026-09-22 01:36:34.713 INFO  sched: request 'chatcmpl-f4861a7f71d3af80' prefix cache miss — 2 cut(s) probed against 4 entries; the nearest entry (position 292) shares the first 18 of the prompt's 36 tokens (the prompt differs from it from that token on)
2026-09-22 01:36:34.713 INFO  sched: request 'chatcmpl-f4861a7f71d3af80' admitted to slot 0 (reserve 3 blocks; pool 10/6144 blocks in use) — first token 785
2026-09-22 01:36:35.003 INFO  sched: request 'chatcmpl-f4861a7f71d3af81' prefix cache miss — 2 cut(s) probed against 5 entries; the nearest entry (position 292) shares the first 18 of the prompt's 36 tokens (the prompt differs from it from that token on)
2026-09-22 01:36:35.003 INFO  sched: request 'chatcmpl-f4861a7f71d3af81' admitted to slot 1 (reserve 3 blocks; pool 15/6144 blocks in use) — first token 785
2026-09-22 01:36:38.686 INFO  stats: rank 2 | 10.0 s | decode 63.3 tok/s, 14.8 ms/tok, 35.3 ms/step (265 steps / 633 tok, 93 % of wall) | mtp 1.81 tok/step/req, accept p1 81 % | prefill 3 prompts / 77 tok, 8 tok/s, 7.63 ms/tok, 196 ms avg (6 % of wall), 32 tok cached (1/3 hits) | live 2, queued 0 | pool 16/6144 blocks (0 %) | prefix cache 6/232 entries
2026-09-22 01:36:41.200 INFO  sched: request 'chatcmpl-f4861a7f71d3af81' retired (steps): 256 tok in 6.2 s — prefill 36 tok (0 cached) in 257 ms; decode 255 tok / 143 passes in 5.9 s: 42.9 tok/s, 23.3 ms/tok, 42 ms/pass, 1.78 tok/pass, accept p1 78 %
2026-09-22 01:36:41.391 INFO  sched: request 'chatcmpl-f4861a7f71d3af80' retired (steps): 256 tok in 6.7 s — prefill 36 tok (0 cached) in 263 ms; decode 255 tok / 150 passes in 6.4 s: 39.8 tok/s, 25.2 ms/tok, 43 ms/pass, 1.70 tok/pass, accept p1 70 %
2026-09-22 01:36:41.482 INFO  sched: request 'chatcmpl-f4861a7f71d3af82' admitted to slot 0 (reserve 3 blocks; pool 17/6144 blocks in use) — first token 785
2026-09-22 01:36:41.577 INFO  sched: request 'chatcmpl-f4861a7f71d3af83' admitted to slot 1 (reserve 3 blocks; pool 21/6144 blocks in use) — first token 785
2026-09-22 01:36:47.783 INFO  sched: request 'chatcmpl-f4861a7f71d3af83' retired (steps): 256 tok in 6.2 s — prefill 36 tok (32 cached) in 61 ms; decode 255 tok / 143 passes in 6.1 s: 41.5 tok/s, 24.1 ms/tok, 43 ms/pass, 1.78 tok/pass, accept p1 78 %
2026-09-22 01:36:47.974 INFO  sched: request 'chatcmpl-f4861a7f71d3af82' retired (steps): 256 tok in 6.5 s — prefill 36 tok (32 cached) in 64 ms; decode 255 tok / 150 passes in 6.4 s: 39.7 tok/s, 25.2 ms/tok, 43 ms/pass, 1.70 tok/pass, accept p1 70 %
2026-09-22 01:36:48.071 INFO  sched: request 'chatcmpl-f4861a7f71d3af84' admitted to slot 0 (reserve 3 blocks; pool 17/6144 blocks in use) — first token 785
2026-09-22 01:36:48.164 INFO  sched: request 'chatcmpl-f4861a7f71d3af85' admitted to slot 1 (reserve 3 blocks; pool 21/6144 blocks in use) — first token 785
2026-09-22 01:36:48.691 INFO  stats: rank 2 | 10.0 s | decode 77.2 tok/s, 12.5 ms/tok, 42.5 ms/step (227 steps / 772 tok, 96 % of wall) | mtp 1.75 tok/step/req, accept p1 75 % | prefill 4 prompts / 16 tok, 2 tok/s, 15.61 ms/tok, 62 ms avg (2 % of wall), 128 tok cached (4/4 hits) | live 2, queued 0 | pool 22/6144 blocks (0 %) | prefix cache 8/232 entries
2026-09-22 01:36:54.370 INFO  sched: request 'chatcmpl-f4861a7f71d3af85' retired (steps): 256 tok in 6.2 s — prefill 36 tok (32 cached) in 60 ms; decode 255 tok / 143 passes in 6.1 s: 41.5 tok/s, 24.1 ms/tok, 43 ms/pass, 1.78 tok/pass, accept p1 78 %
2026-09-22 01:36:54.562 INFO  sched: request 'chatcmpl-f4861a7f71d3af84' retired (steps): 256 tok in 6.5 s — prefill 36 tok (32 cached) in 64 ms; decode 255 tok / 150 passes in 6.4 s: 39.7 tok/s, 25.2 ms/tok, 43 ms/pass, 1.70 tok/pass, accept p1 70 %
2026-09-22 01:36:54.854 INFO  sched: request 'chatcmpl-f4861a7f71d3af86' prefix cache miss — 2 cut(s) probed against 8 entries; the nearest entry (position 292) shares the first 18 of the prompt's 35 tokens (the prompt differs from it from that token on)
2026-09-22 01:36:54.854 INFO  sched: request 'chatcmpl-f4861a7f71d3af86' admitted to slot 0 (reserve 3 blocks; pool 18/6144 blocks in use) — first token 785
2026-09-22 01:36:55.135 INFO  sched: request 'chatcmpl-f4861a7f71d3af87' prefix cache miss — 2 cut(s) probed against 9 entries; the nearest entry (position 292) shares the first 10 of the prompt's 32 tokens (the prompt differs from it from that token on)
2026-09-22 01:36:55.135 INFO  sched: request 'chatcmpl-f4861a7f71d3af87' admitted to slot 1 (reserve 3 blocks; pool 23/6144 blocks in use) — first token 785
2026-09-22 01:36:55.425 INFO  sched: request 'chatcmpl-f4861a7f71d3af88' prefix cache miss — 2 cut(s) probed against 10 entries; the nearest entry (position 28) shares the first 12 of the prompt's 31 tokens (the prompt differs from it from that token on)
2026-09-22 01:36:55.425 INFO  sched: request 'chatcmpl-f4861a7f71d3af88' admitted to slot 2 (reserve 3 blocks; pool 28/6144 blocks in use) — first token 785
2026-09-22 01:36:55.734 INFO  sched: request 'chatcmpl-f4861a7f71d3af89' prefix cache miss — 2 cut(s) probed against 11 entries; the nearest entry (position 28) shares the first 12 of the prompt's 32 tokens (the prompt differs from it from that token on)
2026-09-22 01:36:55.734 INFO  sched: request 'chatcmpl-f4861a7f71d3af89' admitted to slot 3 (reserve 3 blocks; pool 33/6144 blocks in use) — first token 785
2026-09-22 01:36:58.697 INFO  stats: rank 2 | 10.0 s | decode 81.1 tok/s, 11.0 ms/tok, 47.9 ms/step (186 steps / 811 tok, 89 % of wall) | mtp 1.77 tok/step/req, accept p1 76 % | prefill 4 prompts / 130 tok, 13 tok/s, 7.75 ms/tok, 252 ms avg (10 % of wall), 0 tok cached (0/4 hits) | live 4, queued 0 | pool 34/6144 blocks (1 %) | prefix cache 12/232 entries
2026-09-22 01:37:04.971 INFO  sched: request 'chatcmpl-f4861a7f71d3af88' retired (steps): 256 tok in 9.5 s — prefill 31 tok (0 cached) in 247 ms; decode 255 tok / 143 passes in 9.3 s: 27.4 tok/s, 36.5 ms/tok, 65 ms/pass, 1.78 tok/pass, accept p1 78 %
2026-09-22 01:37:04.971 INFO  sched: request 'chatcmpl-f4861a7f71d3af86' retired (steps): 256 tok in 10.1 s — prefill 35 tok (0 cached) in 260 ms; decode 255 tok / 145 passes in 9.9 s: 25.9 tok/s, 38.7 ms/tok, 68 ms/pass, 1.76 tok/pass, accept p1 76 %
2026-09-22 01:37:05.037 INFO  sched: request 'chatcmpl-f4861a7f71d3af89' retired (steps): 256 tok in 9.3 s — prefill 32 tok (0 cached) in 252 ms; decode 255 tok / 143 passes in 9.1 s: 28.2 tok/s, 35.5 ms/tok, 63 ms/pass, 1.78 tok/pass, accept p1 78 %
2026-09-22 01:37:05.135 INFO  sched: request 'chatcmpl-f4861a7f71d3af87' retired (steps): 256 tok in 10.0 s — prefill 32 tok (0 cached) in 249 ms; decode 255 tok / 148 passes in 9.8 s: 26.2 tok/s, 38.2 ms/tok, 66 ms/pass, 1.72 tok/pass, accept p1 73 %
2026-09-22 01:37:05.215 INFO  sched: request 'chatcmpl-f4861a7f71d3af8a' admitted to slot 0 (reserve 3 blocks; pool 33/6144 blocks in use) — first token 785
2026-09-22 01:37:05.302 INFO  sched: request 'chatcmpl-f4861a7f71d3af8b' admitted to slot 1 (reserve 3 blocks; pool 37/6144 blocks in use) — first token 785
2026-09-22 01:37:05.408 INFO  sched: request 'chatcmpl-f4861a7f71d3af8c' admitted to slot 2 (reserve 3 blocks; pool 41/6144 blocks in use) — first token 785
2026-09-22 01:37:05.523 INFO  sched: request 'chatcmpl-f4861a7f71d3af8d' admitted to slot 3 (reserve 3 blocks; pool 45/6144 blocks in use) — first token 785
2026-09-22 01:37:08.737 INFO  stats: rank 2 | 10.0 s | decode 105.1 tok/s, 9.2 ms/tok, 63.5 ms/step (153 steps / 1055 tok, 97 % of wall) | mtp 1.77 tok/step/req, accept p1 77 % | prefill 4 prompts / 14 tok, 1 tok/s, 17.08 ms/tok, 60 ms avg (2 % of wall), 116 tok cached (4/4 hits) | live 4, queued 0 | pool 45/6144 blocks (1 %) | prefix cache 16/232 entries
2026-09-22 01:37:14.758 INFO  sched: request 'chatcmpl-f4861a7f71d3af8b' retired (steps): 256 tok in 9.5 s — prefill 31 tok (28 cached) in 55 ms; decode 255 tok / 144 passes in 9.4 s: 27.1 tok/s, 36.9 ms/tok, 65 ms/pass, 1.77 tok/pass, accept p1 78 %
2026-09-22 01:37:14.758 INFO  sched: request 'chatcmpl-f4861a7f71d3af8c' retired (steps): 256 tok in 9.3 s — prefill 32 tok (28 cached) in 62 ms; decode 255 tok / 143 passes in 9.3 s: 27.5 tok/s, 36.4 ms/tok, 65 ms/pass, 1.78 tok/pass, accept p1 78 %
2026-09-22 01:37:14.822 INFO  sched: request 'chatcmpl-f4861a7f71d3af8d' retired (steps): 256 tok in 9.3 s — prefill 35 tok (32 cached) in 58 ms; decode 255 tok / 143 passes in 9.2 s: 27.6 tok/s, 36.2 ms/tok, 65 ms/pass, 1.78 tok/pass, accept p1 79 %
2026-09-22 01:37:14.854 INFO  sched: request 'chatcmpl-f4861a7f71d3af8a' retired (steps): 256 tok in 9.6 s — prefill 32 tok (28 cached) in 64 ms; decode 255 tok / 147 passes in 9.6 s: 26.6 tok/s, 37.6 ms/tok, 65 ms/pass, 1.73 tok/pass, accept p1 73 %
2026-09-22 01:37:14.951 INFO  sched: request 'chatcmpl-f4861a7f71d3af8e' admitted to slot 0 (reserve 3 blocks; pool 42/6144 blocks in use) — first token 785
2026-09-22 01:37:15.043 INFO  sched: request 'chatcmpl-f4861a7f71d3af8f' admitted to slot 1 (reserve 3 blocks; pool 46/6144 blocks in use) — first token 785
2026-09-22 01:37:15.144 INFO  sched: request 'chatcmpl-f4861a7f71d3af90' admitted to slot 2 (reserve 3 blocks; pool 50/6144 blocks in use) — first token 785
2026-09-22 01:37:15.257 INFO  sched: request 'chatcmpl-f4861a7f71d3af91' admitted to slot 3 (reserve 3 blocks; pool 54/6144 blocks in use) — first token 785
2026-09-22 01:37:18.797 INFO  stats: rank 2 | 10.1 s | decode 104.2 tok/s, 9.3 ms/tok, 64.4 ms/step (151 steps / 1048 tok, 97 % of wall) | mtp 1.77 tok/step/req, accept p1 76 % | prefill 4 prompts / 14 tok, 1 tok/s, 16.92 ms/tok, 59 ms avg (2 % of wall), 116 tok cached (4/4 hits) | live 4, queued 0 | pool 55/6144 blocks (1 %) | prefix cache 19/232 entries
2026-09-22 01:37:24.425 INFO  sched: request 'chatcmpl-f4861a7f71d3af8e' retired (steps): 256 tok in 9.5 s — prefill 32 tok (28 cached) in 64 ms; decode 255 tok / 142 passes in 9.4 s: 27.1 tok/s, 36.9 ms/tok, 66 ms/pass, 1.80 tok/pass, accept p1 80 %
2026-09-22 01:37:24.619 INFO  sched: request 'chatcmpl-f4861a7f71d3af90' retired (steps): 256 tok in 9.5 s — prefill 31 tok (28 cached) in 57 ms; decode 255 tok / 143 passes in 9.4 s: 27.1 tok/s, 36.9 ms/tok, 66 ms/pass, 1.78 tok/pass, accept p1 78 %
2026-09-22 01:37:24.681 INFO  sched: request 'chatcmpl-f4861a7f71d3af91' retired (steps): 256 tok in 9.4 s — prefill 35 tok (32 cached) in 57 ms; decode 255 tok / 143 passes in 9.4 s: 27.2 tok/s, 36.7 ms/tok, 66 ms/pass, 1.78 tok/pass, accept p1 79 %
2026-09-22 01:37:24.779 INFO  sched: request 'chatcmpl-f4861a7f71d3af8f' retired (steps): 256 tok in 9.7 s — prefill 32 tok (28 cached) in 59 ms; decode 255 tok / 148 passes in 9.7 s: 26.4 tok/s, 37.9 ms/tok, 65 ms/pass, 1.72 tok/pass, accept p1 73 %
2026-09-22 01:37:25.096 INFO  sched: request 'chatcmpl-f4861a7f71d3af92' prefix cache miss — 2 cut(s) probed against 20 entries; the nearest entry (position 292) shares the first 12 of the prompt's 51 tokens (the prompt differs from it from that token on)
2026-09-22 01:37:25.096 INFO  sched: request 'chatcmpl-f4861a7f71d3af92' admitted to slot 0 (reserve 3 blocks; pool 46/6144 blocks in use) — first token 785
2026-09-22 01:37:28.814 INFO  stats: rank 2 | 10.0 s | decode 84.6 tok/s, 11.4 ms/tok, 46.8 ms/step (206 steps / 847 tok, 96 % of wall) | mtp 1.81 tok/step/req, accept p1 81 % | prefill 1 prompt / 51 tok, 5 tok/s, 5.69 ms/tok, 290 ms avg (3 % of wall), 0 tok cached (0/1 hit) | live 1, queued 0 | pool 47/6144 blocks (1 %) | prefix cache 21/232 entries
2026-09-22 01:37:29.322 INFO  sched: request 'chatcmpl-f4861a7f71d3af92' retired (steps): 256 tok in 4.2 s — prefill 51 tok (0 cached) in 290 ms; decode 255 tok / 129 passes in 3.9 s: 64.8 tok/s, 15.4 ms/tok, 31 ms/pass, 1.98 tok/pass, accept p1 98 %
2026-09-22 01:37:29.401 INFO  sched: request 'chatcmpl-f4861a7f71d3af93' admitted to slot 0 (reserve 3 blocks; pool 49/6144 blocks in use) — first token 785
2026-09-22 01:37:33.669 INFO  sched: request 'chatcmpl-f4861a7f71d3af93' retired (steps): 256 tok in 4.3 s — prefill 51 tok (48 cached) in 57 ms; decode 255 tok / 129 passes in 4.2 s: 60.5 tok/s, 16.5 ms/tok, 33 ms/pass, 1.98 tok/pass, accept p1 98 %
2026-09-22 01:37:33.743 INFO  sched: request 'chatcmpl-f4861a7f71d3af94' admitted to slot 0 (reserve 3 blocks; pool 49/6144 blocks in use) — first token 785
2026-09-22 01:37:37.975 INFO  sched: request 'chatcmpl-f4861a7f71d3af94' retired (steps): 256 tok in 4.2 s — prefill 51 tok (48 cached) in 57 ms; decode 255 tok / 129 passes in 4.2 s: 61.1 tok/s, 16.4 ms/tok, 32 ms/pass, 1.98 tok/pass, accept p1 98 %
2026-09-22 01:37:38.288 INFO  sched: request 'chatcmpl-f4861a7f71d3af95' prefix cache miss — 2 cut(s) probed against 22 entries; the nearest entry (position 304) shares the first 14 of the prompt's 47 tokens (the prompt differs from it from that token on)
2026-09-22 01:37:38.288 INFO  sched: request 'chatcmpl-f4861a7f71d3af95' admitted to slot 0 (reserve 3 blocks; pool 50/6144 blocks in use) — first token 785
2026-09-22 01:37:38.605 INFO  sched: request 'chatcmpl-f4861a7f71d3af96' prefix cache miss — 2 cut(s) probed against 23 entries; the nearest entry (position 304) shares the first 15 of the prompt's 51 tokens (the prompt differs from it from that token on)
2026-09-22 01:37:38.605 INFO  sched: request 'chatcmpl-f4861a7f71d3af96' admitted to slot 1 (reserve 3 blocks; pool 55/6144 blocks in use) — first token 785
2026-09-22 01:37:38.823 INFO  stats: rank 2 | 10.0 s | decode 56.4 tok/s, 16.3 ms/tok, 33.1 ms/step (279 steps / 565 tok, 92 % of wall) | mtp 1.99 tok/step/req, accept p1 99 % | prefill 4 prompts / 104 tok, 10 tok/s, 6.51 ms/tok, 169 ms avg (7 % of wall), 96 tok cached (2/4 hits) | live 2, queued 0 | pool 56/6144 blocks (1 %) | prefix cache 24/232 entries
2026-09-22 01:37:44.696 INFO  sched: request 'chatcmpl-f4861a7f71d3af95' retired (steps): 256 tok in 6.4 s — prefill 47 tok (0 cached) in 281 ms; decode 255 tok / 135 passes in 6.1 s: 41.6 tok/s, 24.0 ms/tok, 45 ms/pass, 1.89 tok/pass, accept p1 89 %
2026-09-22 01:37:44.762 INFO  sched: request 'chatcmpl-f4861a7f71d3af96' retired (steps): 256 tok in 6.2 s — prefill 51 tok (0 cached) in 283 ms; decode 255 tok / 136 passes in 5.9 s: 43.4 tok/s, 23.0 ms/tok, 43 ms/pass, 1.88 tok/pass, accept p1 88 %
2026-09-22 01:37:44.846 INFO  sched: request 'chatcmpl-f4861a7f71d3af97' admitted to slot 0 (reserve 3 blocks; pool 57/6144 blocks in use) — first token 785
2026-09-22 01:37:44.936 INFO  sched: request 'chatcmpl-f4861a7f71d3af98' admitted to slot 1 (reserve 3 blocks; pool 61/6144 blocks in use) — first token 785
2026-09-22 01:37:48.863 INFO  stats: rank 2 | 10.0 s | decode 81.5 tok/s, 12.1 ms/tok, 45.2 ms/step (218 steps / 818 tok, 98 % of wall) | mtp 1.89 tok/step/req, accept p1 88 % | prefill 2 prompts / 6 tok, 1 tok/s, 18.93 ms/tok, 57 ms avg (1 % of wall), 92 tok cached (2/2 hits) | live 2, queued 0 | pool 62/6144 blocks (1 %) | prefix cache 26/232 entries
2026-09-22 01:37:51.067 INFO  sched: request 'chatcmpl-f4861a7f71d3af98' retired (steps): 256 tok in 6.1 s — prefill 47 tok (44 cached) in 56 ms; decode 255 tok / 135 passes in 6.1 s: 42.0 tok/s, 23.8 ms/tok, 45 ms/pass, 1.89 tok/pass, accept p1 89 %
2026-09-22 01:37:51.067 INFO  sched: request 'chatcmpl-f4861a7f71d3af97' retired (steps): 256 tok in 6.2 s — prefill 51 tok (48 cached) in 57 ms; decode 255 tok / 136 passes in 6.2 s: 41.4 tok/s, 24.2 ms/tok, 45 ms/pass, 1.88 tok/pass, accept p1 88 %
2026-09-22 01:37:51.129 INFO  sched: request 'chatcmpl-f4861a7f71d3af99' admitted to slot 0 (reserve 3 blocks; pool 57/6144 blocks in use) — first token 785
2026-09-22 01:37:51.215 INFO  sched: request 'chatcmpl-f4861a7f71d3af9a' admitted to slot 1 (reserve 3 blocks; pool 61/6144 blocks in use) — first token 785
2026-09-22 01:37:57.245 INFO  sched: request 'chatcmpl-f4861a7f71d3af9a' retired (steps): 256 tok in 6.0 s — prefill 47 tok (44 cached) in 52 ms; decode 255 tok / 135 passes in 6.0 s: 42.7 tok/s, 23.4 ms/tok, 44 ms/pass, 1.89 tok/pass, accept p1 89 %
2026-09-22 01:37:57.245 INFO  sched: request 'chatcmpl-f4861a7f71d3af99' retired (steps): 256 tok in 6.1 s — prefill 51 tok (48 cached) in 56 ms; decode 255 tok / 136 passes in 6.1 s: 42.1 tok/s, 23.8 ms/tok, 45 ms/pass, 1.88 tok/pass, accept p1 88 %
2026-09-22 01:37:57.527 INFO  sched: request 'chatcmpl-f4861a7f71d3af9b' prefix cache miss — 2 cut(s) probed against 26 entries; the nearest entry (position 304) shares the first 10 of the prompt's 33 tokens (the prompt differs from it from that token on)
2026-09-22 01:37:57.527 INFO  sched: request 'chatcmpl-f4861a7f71d3af9b' admitted to slot 0 (reserve 3 blocks; pool 58/6144 blocks in use) — first token 785
2026-09-22 01:37:57.813 INFO  sched: request 'chatcmpl-f4861a7f71d3af9c' prefix cache miss — 2 cut(s) probed against 27 entries; the nearest entry (position 28) shares the first 12 of the prompt's 33 tokens (the prompt differs from it from that token on)
2026-09-22 01:37:57.813 INFO  sched: request 'chatcmpl-f4861a7f71d3af9c' admitted to slot 1 (reserve 3 blocks; pool 62/6144 blocks in use) — first token 785
2026-09-22 01:37:58.142 INFO  sched: request 'chatcmpl-f4861a7f71d3af9d' prefix cache miss — 2 cut(s) probed against 28 entries; the nearest entry (position 300) shares the first 15 of the prompt's 45 tokens (the prompt differs from it from that token on)
2026-09-22 01:37:58.142 INFO  sched: request 'chatcmpl-f4861a7f71d3af9d' admitted to slot 2 (reserve 3 blocks; pool 67/6144 blocks in use) — first token 785
2026-09-22 01:37:58.450 INFO  sched: request 'chatcmpl-f4861a7f71d3af9e' prefix cache miss — 2 cut(s) probed against 29 entries; the nearest entry (position 28) shares the first 12 of the prompt's 34 tokens (the prompt differs from it from that token on)
2026-09-22 01:37:58.450 INFO  sched: request 'chatcmpl-f4861a7f71d3af9e' admitted to slot 3 (reserve 3 blocks; pool 72/6144 blocks in use) — first token 785
2026-09-22 01:37:58.904 INFO  stats: rank 2 | 10.0 s | decode 76.0 tok/s, 11.5 ms/tok, 45.2 ms/step (195 steps / 763 tok, 88 % of wall) | mtp 1.89 tok/step/req, accept p1 88 % | prefill 6 prompts / 151 tok, 15 tok/s, 7.67 ms/tok, 193 ms avg (12 % of wall), 92 tok cached (2/6 hits) | live 4, queued 0 | pool 74/6144 blocks (1 %) | prefix cache 30/232 entries
2026-09-22 01:38:07.461 INFO  sched: request 'chatcmpl-f4861a7f71d3af9d' retired (steps): 256 tok in 9.3 s — prefill 45 tok (0 cached) in 285 ms; decode 255 tok / 136 passes in 9.0 s: 28.2 tok/s, 35.4 ms/tok, 66 ms/pass, 1.88 tok/pass, accept p1 88 %
2026-09-22 01:38:07.530 INFO  sched: request 'chatcmpl-f4861a7f71d3af9b' retired (steps): 256 tok in 10.0 s — prefill 33 tok (0 cached) in 260 ms; decode 255 tok / 139 passes in 9.7 s: 26.2 tok/s, 38.2 ms/tok, 70 ms/pass, 1.83 tok/pass, accept p1 83 %
2026-09-22 01:38:07.595 INFO  sched: request 'chatcmpl-f4861a7f71d3af9c' retired (steps): 256 tok in 9.8 s — prefill 33 tok (0 cached) in 254 ms; decode 255 tok / 139 passes in 9.5 s: 26.8 tok/s, 37.4 ms/tok, 69 ms/pass, 1.83 tok/pass, accept p1 83 %
2026-09-22 01:38:07.663 INFO  sched: request 'chatcmpl-f4861a7f71d3af9e' retired (steps): 256 tok in 9.2 s — prefill 34 tok (0 cached) in 251 ms; decode 255 tok / 139 passes in 9.0 s: 28.5 tok/s, 35.1 ms/tok, 64 ms/pass, 1.83 tok/pass, accept p1 84 %
2026-09-22 01:38:07.754 INFO  sched: request 'chatcmpl-f4861a7f71d3af9f' admitted to slot 0 (reserve 3 blocks; pool 73/6144 blocks in use) — first token 785
2026-09-22 01:38:07.836 INFO  sched: request 'chatcmpl-f4861a7f71d3afa0' admitted to slot 1 (reserve 3 blocks; pool 76/6144 blocks in use) — first token 785
2026-09-22 01:38:07.947 INFO  sched: request 'chatcmpl-f4861a7f71d3afa1' admitted to slot 2 (reserve 3 blocks; pool 80/6144 blocks in use) — first token 785
2026-09-22 01:38:08.070 INFO  sched: request 'chatcmpl-f4861a7f71d3afa2' admitted to slot 3 (reserve 3 blocks; pool 84/6144 blocks in use) — first token 785
2026-09-22 01:38:08.951 INFO  stats: rank 2 | 10.0 s | decode 107.3 tok/s, 9.0 ms/tok, 65.2 ms/step (149 steps / 1078 tok, 97 % of wall) | mtp 1.86 tok/step/req, accept p1 85 % | prefill 4 prompts / 17 tok, 2 tok/s, 14.86 ms/tok, 63 ms avg (3 % of wall), 128 tok cached (4/4 hits) | live 4, queued 0 | pool 86/6144 blocks (1 %) | prefix cache 34/232 entries
2026-09-22 01:38:16.850 INFO  sched: request 'chatcmpl-f4861a7f71d3af9f' retired (steps): 256 tok in 9.1 s — prefill 45 tok (40 cached) in 69 ms; decode 255 tok / 135 passes in 9.0 s: 28.2 tok/s, 35.4 ms/tok, 67 ms/pass, 1.89 tok/pass, accept p1 90 %
2026-09-22 01:38:17.048 INFO  sched: request 'chatcmpl-f4861a7f71d3afa2' retired (steps): 256 tok in 9.0 s — prefill 33 tok (28 cached) in 67 ms; decode 255 tok / 135 passes in 8.9 s: 28.6 tok/s, 34.9 ms/tok, 66 ms/pass, 1.89 tok/pass, accept p1 89 %
2026-09-22 01:38:17.210 INFO  sched: request 'chatcmpl-f4861a7f71d3afa0' retired (steps): 256 tok in 9.4 s — prefill 34 tok (32 cached) in 49 ms; decode 255 tok / 140 passes in 9.3 s: 27.3 tok/s, 36.6 ms/tok, 67 ms/pass, 1.82 tok/pass, accept p1 83 %
2026-09-22 01:38:17.210 INFO  sched: request 'chatcmpl-f4861a7f71d3afa1' retired (steps): 256 tok in 9.3 s — prefill 33 tok (28 cached) in 68 ms; decode 255 tok / 139 passes in 9.2 s: 27.7 tok/s, 36.1 ms/tok, 66 ms/pass, 1.83 tok/pass, accept p1 84 %
2026-09-22 01:38:17.289 INFO  sched: request 'chatcmpl-f4861a7f71d3afa3' admitted to slot 0 (reserve 3 blocks; pool 85/6144 blocks in use) — first token 785
2026-09-22 01:38:17.371 INFO  sched: request 'chatcmpl-f4861a7f71d3afa4' admitted to slot 1 (reserve 3 blocks; pool 88/6144 blocks in use) — first token 785
2026-09-22 01:38:17.484 INFO  sched: request 'chatcmpl-f4861a7f71d3afa5' admitted to slot 2 (reserve 3 blocks; pool 92/6144 blocks in use) — first token 785
2026-09-22 01:38:17.610 INFO  sched: request 'chatcmpl-f4861a7f71d3afa6' admitted to slot 3 (reserve 3 blocks; pool 96/6144 blocks in use) — first token 785
2026-09-22 01:38:18.974 INFO  stats: rank 2 | 10.0 s | decode 108.1 tok/s, 9.0 ms/tok, 65.6 ms/step (148 steps / 1083 tok, 97 % of wall) | mtp 1.88 tok/step/req, accept p1 88 % | prefill 4 prompts / 17 tok, 2 tok/s, 14.95 ms/tok, 64 ms avg (3 % of wall), 128 tok cached (4/4 hits) | live 4, queued 0 | pool 98/6144 blocks (2 %) | prefix cache 38/232 entries
2026-09-22 01:38:26.551 INFO  sched: request 'chatcmpl-f4861a7f71d3afa5' retired (steps): 256 tok in 9.1 s — prefill 33 tok (28 cached) in 67 ms; decode 255 tok / 135 passes in 9.0 s: 28.3 tok/s, 35.3 ms/tok, 67 ms/pass, 1.89 tok/pass, accept p1 89 %
2026-09-22 01:38:26.619 INFO  sched: request 'chatcmpl-f4861a7f71d3afa3' retired (steps): 256 tok in 9.3 s — prefill 33 tok (28 cached) in 68 ms; decode 255 tok / 138 passes in 9.3 s: 27.5 tok/s, 36.3 ms/tok, 67 ms/pass, 1.85 tok/pass, accept p1 85 %
2026-09-22 01:38:26.684 INFO  sched: request 'chatcmpl-f4861a7f71d3afa6' retired (steps): 256 tok in 9.1 s — prefill 45 tok (40 cached) in 69 ms; decode 255 tok / 136 passes in 9.0 s: 28.3 tok/s, 35.3 ms/tok, 66 ms/pass, 1.88 tok/pass, accept p1 88 %
2026-09-22 01:38:26.753 INFO  sched: request 'chatcmpl-f4861a7f71d3afa4' retired (steps): 256 tok in 9.4 s — prefill 34 tok (32 cached) in 49 ms; decode 255 tok / 140 passes in 9.3 s: 27.3 tok/s, 36.6 ms/tok, 67 ms/pass, 1.82 tok/pass, accept p1 83 %
2026-09-22 01:38:27.058 INFO  sched: request 'chatcmpl-f4861a7f71d3afa7' prefix cache miss — 2 cut(s) probed against 39 entries; the nearest entry (position 304) shares the first 10 of the prompt's 46 tokens (the prompt differs from it from that token on)
2026-09-22 01:38:27.058 INFO  sched: request 'chatcmpl-f4861a7f71d3afa7' admitted to slot 0 (reserve 3 blocks; pool 89/6144 blocks in use) — first token 785
2026-09-22 01:38:29.004 INFO  stats: rank 2 | 10.0 s | decode 95.9 tok/s, 10.0 ms/tok, 54.3 ms/step (178 steps / 962 tok, 96 % of wall) | mtp 1.85 tok/step/req, accept p1 85 % | prefill 1 prompt / 46 tok, 5 tok/s, 6.04 ms/tok, 278 ms avg (3 % of wall), 0 tok cached (0/1 hit) | live 1, queued 0 | pool 90/6144 blocks (1 %) | prefix cache 40/232 entries
2026-09-22 01:38:31.197 INFO  sched: request 'chatcmpl-f4861a7f71d3afa7' retired (steps): 256 tok in 4.1 s — prefill 46 tok (0 cached) in 278 ms; decode 255 tok / 130 passes in 3.9 s: 66.0 tok/s, 15.1 ms/tok, 30 ms/pass, 1.96 tok/pass, accept p1 96 %
2026-09-22 01:38:31.254 INFO  sched: request 'chatcmpl-f4861a7f71d3afa8' admitted to slot 0 (reserve 3 blocks; pool 92/6144 blocks in use) — first token 785
2026-09-22 01:38:35.390 INFO  sched: request 'chatcmpl-f4861a7f71d3afa8' retired (steps): 256 tok in 4.1 s — prefill 46 tok (44 cached) in 51 ms; decode 255 tok / 130 passes in 4.1 s: 62.4 tok/s, 16.0 ms/tok, 31 ms/pass, 1.96 tok/pass, accept p1 96 %
2026-09-22 01:38:35.471 INFO  sched: request 'chatcmpl-f4861a7f71d3afa9' admitted to slot 0 (reserve 3 blocks; pool 92/6144 blocks in use) — first token 785
2026-09-22 01:38:39.034 INFO  stats: rank 2 | 10.0 s | decode 61.0 tok/s, 16.1 ms/tok, 31.7 ms/step (311 steps / 612 tok, 98 % of wall) | mtp 1.97 tok/step/req, accept p1 96 % | prefill 2 prompts / 4 tok, 0 tok/s, 25.87 ms/tok, 52 ms avg (1 % of wall), 88 tok cached (2/2 hits) | live 1, queued 0 | pool 93/6144 blocks (2 %) | prefix cache 41/232 entries
2026-09-22 01:38:39.607 INFO  sched: request 'chatcmpl-f4861a7f71d3afa9' retired (steps): 256 tok in 4.1 s — prefill 46 tok (44 cached) in 53 ms; decode 255 tok / 130 passes in 4.1 s: 62.4 tok/s, 16.0 ms/tok, 31 ms/pass, 1.96 tok/pass, accept p1 96 %
2026-09-22 01:38:39.924 INFO  sched: request 'chatcmpl-f4861a7f71d3afaa' prefix cache miss — 2 cut(s) probed against 41 entries; the nearest entry (position 300) shares the first 23 of the prompt's 46 tokens (the prompt differs from it from that token on)
2026-09-22 01:38:39.924 INFO  sched: request 'chatcmpl-f4861a7f71d3afaa' admitted to slot 0 (reserve 3 blocks; pool 93/6144 blocks in use) — first token 785
2026-09-22 01:38:40.234 INFO  sched: request 'chatcmpl-f4861a7f71d3afab' prefix cache miss — 2 cut(s) probed against 42 entries; the nearest entry (position 300) shares the first 23 of the prompt's 47 tokens (the prompt differs from it from that token on)
2026-09-22 01:38:40.234 INFO  sched: request 'chatcmpl-f4861a7f71d3afab' admitted to slot 1 (reserve 3 blocks; pool 97/6144 blocks in use) — first token 785
2026-09-22 01:38:46.049 INFO  sched: request 'chatcmpl-f4861a7f71d3afaa' retired (steps): 256 tok in 6.1 s — prefill 46 tok (0 cached) in 279 ms; decode 255 tok / 131 passes in 5.8 s: 43.6 tok/s, 22.9 ms/tok, 45 ms/pass, 1.95 tok/pass, accept p1 95 %
2026-09-22 01:38:46.599 INFO  sched: request 'chatcmpl-f4861a7f71d3afab' retired (steps): 256 tok in 6.4 s — prefill 47 tok (0 cached) in 278 ms; decode 255 tok / 147 passes in 6.1 s: 41.9 tok/s, 23.9 ms/tok, 41 ms/pass, 1.73 tok/pass, accept p1 74 %
2026-09-22 01:38:46.663 INFO  sched: request 'chatcmpl-f4861a7f71d3afac' admitted to slot 0 (reserve 3 blocks; pool 100/6144 blocks in use) — first token 785
2026-09-22 01:38:46.750 INFO  sched: request 'chatcmpl-f4861a7f71d3afad' admitted to slot 1 (reserve 3 blocks; pool 103/6144 blocks in use) — first token 785
2026-09-22 01:38:49.043 INFO  stats: rank 2 | 10.0 s | decode 73.6 tok/s, 12.5 ms/tok, 42.2 ms/step (219 steps / 737 tok, 92 % of wall) | mtp 1.84 tok/step/req, accept p1 83 % | prefill 4 prompts / 98 tok, 10 tok/s, 6.77 ms/tok, 166 ms avg (7 % of wall), 88 tok cached (2/4 hits) | live 2, queued 0 | pool 105/6144 blocks (2 %) | prefix cache 45/232 entries
2026-09-22 01:38:52.570 INFO  sched: request 'chatcmpl-f4861a7f71d3afac' retired (steps): 256 tok in 5.9 s — prefill 46 tok (44 cached) in 53 ms; decode 255 tok / 131 passes in 5.9 s: 43.6 tok/s, 23.0 ms/tok, 45 ms/pass, 1.95 tok/pass, accept p1 95 %
2026-09-22 01:38:53.121 INFO  sched: request 'chatcmpl-f4861a7f71d3afad' retired (steps): 256 tok in 6.4 s — prefill 47 tok (44 cached) in 54 ms; decode 255 tok / 147 passes in 6.3 s: 40.4 tok/s, 24.8 ms/tok, 43 ms/pass, 1.73 tok/pass, accept p1 74 %
2026-09-22 01:38:53.201 INFO  sched: request 'chatcmpl-f4861a7f71d3afae' admitted to slot 0 (reserve 3 blocks; pool 100/6144 blocks in use) — first token 785
2026-09-22 01:38:53.285 INFO  sched: request 'chatcmpl-f4861a7f71d3afaf' admitted to slot 1 (reserve 3 blocks; pool 104/6144 blocks in use) — first token 785
2026-09-22 01:38:59.069 INFO  stats: rank 2 | 10.0 s | decode 79.9 tok/s, 12.3 ms/tok, 43.8 ms/step (225 steps / 801 tok, 98 % of wall) | mtp 1.85 tok/step/req, accept p1 85 % | prefill 2 prompts / 5 tok, 0 tok/s, 21.67 ms/tok, 54 ms avg (1 % of wall), 88 tok cached (2/2 hits) | live 2, queued 0 | pool 105/6144 blocks (2 %) | prefix cache 45/232 entries
2026-09-22 01:38:59.162 INFO  sched: request 'chatcmpl-f4861a7f71d3afaf' retired (steps): 256 tok in 5.9 s — prefill 46 tok (44 cached) in 50 ms; decode 255 tok / 131 passes in 5.8 s: 43.8 tok/s, 22.9 ms/tok, 44 ms/pass, 1.95 tok/pass, accept p1 95 %
2026-09-22 01:38:59.647 INFO  sched: request 'chatcmpl-f4861a7f71d3afae' retired (steps): 256 tok in 6.4 s — prefill 47 tok (44 cached) in 59 ms; decode 255 tok / 147 passes in 6.4 s: 39.9 tok/s, 25.0 ms/tok, 43 ms/pass, 1.73 tok/pass, accept p1 74 %
2026-09-22 01:38:59.978 INFO  sched: request 'chatcmpl-f4861a7f71d3afb0' prefix cache miss — 2 cut(s) probed against 45 entries; the nearest entry (position 300) shares the first 23 of the prompt's 45 tokens (the prompt differs from it from that token on)
2026-09-22 01:38:59.978 INFO  sched: request 'chatcmpl-f4861a7f71d3afb0' admitted to slot 0 (reserve 3 blocks; pool 101/6144 blocks in use) — first token 785
2026-09-22 01:39:00.271 INFO  sched: request 'chatcmpl-f4861a7f71d3afb1' prefix cache miss — 2 cut(s) probed against 46 entries; the nearest entry (position 304) shares the first 10 of the prompt's 36 tokens (the prompt differs from it from that token on)
2026-09-22 01:39:00.271 INFO  sched: request 'chatcmpl-f4861a7f71d3afb1' admitted to slot 1 (reserve 3 blocks; pool 105/6144 blocks in use) — first token 785
2026-09-22 01:39:00.567 INFO  sched: request 'chatcmpl-f4861a7f71d3afb2' prefix cache miss — 2 cut(s) probed against 47 entries; the nearest entry (position 32) shares the first 14 of the prompt's 34 tokens (the prompt differs from it from that token on)
2026-09-22 01:39:00.568 INFO  sched: request 'chatcmpl-f4861a7f71d3afb2' admitted to slot 2 (reserve 3 blocks; pool 111/6144 blocks in use) — first token 785
2026-09-22 01:39:00.881 INFO  sched: request 'chatcmpl-f4861a7f71d3afb3' prefix cache miss — 2 cut(s) probed against 48 entries; the nearest entry (position 32) shares the first 14 of the prompt's 33 tokens (the prompt differs from it from that token on)
2026-09-22 01:39:00.881 INFO  sched: request 'chatcmpl-f4861a7f71d3afb3' admitted to slot 3 (reserve 3 blocks; pool 115/6144 blocks in use) — first token 785
2026-09-22 01:39:09.074 INFO  stats: rank 2 | 10.0 s | decode 102.7 tok/s, 8.6 ms/tok, 61.2 ms/step (145 steps / 1028 tok, 89 % of wall) | mtp 1.96 tok/step/req, accept p1 95 % | prefill 4 prompts / 148 tok, 15 tok/s, 7.12 ms/tok, 264 ms avg (11 % of wall), 0 tok cached (0/4 hits) | live 4, queued 0 | pool 117/6144 blocks (2 %) | prefix cache 49/232 entries
2026-09-22 01:39:09.144 INFO  sched: request 'chatcmpl-f4861a7f71d3afb0' retired (steps): 256 tok in 9.2 s — prefill 45 tok (0 cached) in 288 ms; decode 255 tok / 129 passes in 8.9 s: 28.7 tok/s, 34.8 ms/tok, 69 ms/pass, 1.98 tok/pass, accept p1 98 %
2026-09-22 01:39:09.406 INFO  sched: request 'chatcmpl-f4861a7f71d3afb1' retired (steps): 256 tok in 9.1 s — prefill 36 tok (0 cached) in 260 ms; decode 255 tok / 132 passes in 8.9 s: 28.7 tok/s, 34.8 ms/tok, 67 ms/pass, 1.93 tok/pass, accept p1 94 %
2026-09-22 01:39:09.472 INFO  sched: request 'chatcmpl-f4861a7f71d3afb2' retired (steps): 256 tok in 8.9 s — prefill 34 tok (0 cached) in 250 ms; decode 255 tok / 132 passes in 8.7 s: 29.5 tok/s, 33.9 ms/tok, 66 ms/pass, 1.93 tok/pass, accept p1 94 %
2026-09-22 01:39:09.472 INFO  sched: request 'chatcmpl-f4861a7f71d3afb3' retired (steps): 256 tok in 8.6 s — prefill 33 tok (0 cached) in 257 ms; decode 255 tok / 131 passes in 8.3 s: 30.6 tok/s, 32.7 ms/tok, 64 ms/pass, 1.95 tok/pass, accept p1 95 %
2026-09-22 01:39:09.564 INFO  sched: request 'chatcmpl-f4861a7f71d3afb4' admitted to slot 0 (reserve 3 blocks; pool 116/6144 blocks in use) — first token 785
2026-09-22 01:39:09.663 INFO  sched: request 'chatcmpl-f4861a7f71d3afb5' admitted to slot 1 (reserve 3 blocks; pool 120/6144 blocks in use) — first token 785
2026-09-22 01:39:09.759 INFO  sched: request 'chatcmpl-f4861a7f71d3afb6' admitted to slot 2 (reserve 3 blocks; pool 123/6144 blocks in use) — first token 785
2026-09-22 01:39:09.882 INFO  sched: request 'chatcmpl-f4861a7f71d3afb7' admitted to slot 3 (reserve 3 blocks; pool 127/6144 blocks in use) — first token 785
2026-09-22 01:39:18.316 INFO  sched: request 'chatcmpl-f4861a7f71d3afb4' retired (steps): 256 tok in 8.8 s — prefill 36 tok (32 cached) in 65 ms; decode 255 tok / 131 passes in 8.7 s: 29.4 tok/s, 34.1 ms/tok, 66 ms/pass, 1.95 tok/pass, accept p1 95 %
2026-09-22 01:39:18.386 INFO  sched: request 'chatcmpl-f4861a7f71d3afb5' retired (steps): 256 tok in 8.7 s — prefill 33 tok (28 cached) in 66 ms; decode 255 tok / 131 passes in 8.7 s: 29.5 tok/s, 34.0 ms/tok, 66 ms/pass, 1.95 tok/pass, accept p1 95 %
2026-09-22 01:39:18.386 INFO  sched: request 'chatcmpl-f4861a7f71d3afb7' retired (steps): 256 tok in 8.5 s — prefill 45 tok (40 cached) in 67 ms; decode 255 tok / 129 passes in 8.4 s: 30.2 tok/s, 33.1 ms/tok, 65 ms/pass, 1.98 tok/pass, accept p1 98 %
2026-09-22 01:39:18.454 INFO  sched: request 'chatcmpl-f4861a7f71d3afb6' retired (steps): 256 tok in 8.7 s — prefill 34 tok (32 cached) in 51 ms; decode 255 tok / 132 passes in 8.6 s: 29.5 tok/s, 33.9 ms/tok, 65 ms/pass, 1.93 tok/pass, accept p1 94 %
2026-09-22 01:39:18.541 INFO  sched: request 'chatcmpl-f4861a7f71d3afb8' admitted to slot 0 (reserve 3 blocks; pool 125/6144 blocks in use) — first token 785
2026-09-22 01:39:18.624 INFO  sched: request 'chatcmpl-f4861a7f71d3afb9' admitted to slot 1 (reserve 3 blocks; pool 129/6144 blocks in use) — first token 785
2026-09-22 01:39:18.736 INFO  sched: request 'chatcmpl-f4861a7f71d3afba' admitted to slot 2 (reserve 3 blocks; pool 132/6144 blocks in use) — first token 785
2026-09-22 01:39:18.861 INFO  sched: request 'chatcmpl-f4861a7f71d3afbb' admitted to slot 3 (reserve 3 blocks; pool 136/6144 blocks in use) — first token 785
2026-09-22 01:39:19.116 INFO  stats: rank 2 | 10.0 s | decode 109.5 tok/s, 8.6 ms/tok, 64.1 ms/step (147 steps / 1100 tok, 94 % of wall) | mtp 1.95 tok/step/req, accept p1 95 % | prefill 8 prompts / 32 tok, 3 tok/s, 15.53 ms/tok, 62 ms avg (5 % of wall), 264 tok cached (8/8 hits) | live 4, queued 0 | pool 138/6144 blocks (2 %) | prefix cache 56/232 entries
2026-09-22 01:39:27.292 INFO  sched: request 'chatcmpl-f4861a7f71d3afb9' retired (steps): 256 tok in 8.7 s — prefill 34 tok (32 cached) in 49 ms; decode 255 tok / 130 passes in 8.6 s: 29.6 tok/s, 33.8 ms/tok, 66 ms/pass, 1.96 tok/pass, accept p1 96 %
2026-09-22 01:39:27.292 INFO  sched: request 'chatcmpl-f4861a7f71d3afba' retired (steps): 256 tok in 8.6 s — prefill 45 tok (40 cached) in 66 ms; decode 255 tok / 129 passes in 8.5 s: 30.0 tok/s, 33.3 ms/tok, 66 ms/pass, 1.98 tok/pass, accept p1 98 %
2026-09-22 01:39:27.292 INFO  sched: request 'chatcmpl-f4861a7f71d3afb8' retired (steps): 256 tok in 8.8 s — prefill 36 tok (32 cached) in 65 ms; decode 255 tok / 131 passes in 8.7 s: 29.4 tok/s, 34.1 ms/tok, 66 ms/pass, 1.95 tok/pass, accept p1 95 %
2026-09-22 01:39:27.427 INFO  sched: request 'chatcmpl-f4861a7f71d3afbb' retired (steps): 256 tok in 8.6 s — prefill 33 tok (28 cached) in 68 ms; decode 255 tok / 132 passes in 8.5 s: 30.0 tok/s, 33.3 ms/tok, 64 ms/pass, 1.93 tok/pass, accept p1 93 %
2026-09-22 01:39:27.784 INFO  sched: request 'chatcmpl-f4861a7f71d3afbc' prefix cache miss — 2 cut(s) probed against 58 entries; the nearest entry (position 304) shares the first 10 of the prompt's 68 tokens (the prompt differs from it from that token on)
2026-09-22 01:39:27.784 INFO  sched: request 'chatcmpl-f4861a7f71d3afbc' admitted to slot 0 (reserve 3 blocks; pool 132/6144 blocks in use) — first token 1654
2026-09-22 01:39:29.123 INFO  stats: rank 2 | 10.0 s | decode 105.4 tok/s, 9.1 ms/tok, 56.6 ms/step (170 steps / 1055 tok, 96 % of wall) | mtp 1.95 tok/step/req, accept p1 95 % | prefill 1 prompt / 68 tok, 7 tok/s, 4.68 ms/tok, 318 ms avg (3 % of wall), 0 tok cached (0/1 hit) | live 1, queued 0 | pool 133/6144 blocks (2 %) | prefix cache 59/232 entries
2026-09-22 01:39:32.066 INFO  sched: request 'chatcmpl-f4861a7f71d3afbc' retired (steps): 256 tok in 4.3 s — prefill 68 tok (0 cached) in 318 ms; decode 255 tok / 133 passes in 4.0 s: 64.3 tok/s, 15.5 ms/tok, 30 ms/pass, 1.92 tok/pass, accept p1 92 %
2026-09-22 01:39:32.149 INFO  sched: request 'chatcmpl-f4861a7f71d3afbd' admitted to slot 0 (reserve 3 blocks; pool 135/6144 blocks in use) — first token 1654
2026-09-22 01:39:36.438 INFO  sched: request 'chatcmpl-f4861a7f71d3afbd' retired (steps): 256 tok in 4.3 s — prefill 68 tok (64 cached) in 65 ms; decode 255 tok / 133 passes in 4.2 s: 60.4 tok/s, 16.6 ms/tok, 32 ms/pass, 1.92 tok/pass, accept p1 92 %
2026-09-22 01:39:36.513 INFO  sched: request 'chatcmpl-f4861a7f71d3afbe' admitted to slot 0 (reserve 3 blocks; pool 135/6144 blocks in use) — first token 1654
2026-09-22 01:39:39.150 INFO  stats: rank 2 | 10.0 s | decode 58.8 tok/s, 16.7 ms/tok, 32.1 ms/step (306 steps / 590 tok, 98 % of wall) | mtp 1.93 tok/step/req, accept p1 93 % | prefill 2 prompts / 8 tok, 1 tok/s, 16.17 ms/tok, 65 ms avg (1 % of wall), 128 tok cached (2/2 hits) | live 1, queued 0 | pool 136/6144 blocks (2 %) | prefix cache 60/232 entries
2026-09-22 01:39:40.802 INFO  sched: request 'chatcmpl-f4861a7f71d3afbe' retired (steps): 256 tok in 4.3 s — prefill 68 tok (64 cached) in 64 ms; decode 255 tok / 133 passes in 4.2 s: 60.4 tok/s, 16.6 ms/tok, 32 ms/pass, 1.92 tok/pass, accept p1 92 %
2026-09-22 01:39:41.135 INFO  sched: request 'chatcmpl-f4861a7f71d3afbf' prefix cache miss — 2 cut(s) probed against 60 entries; the nearest entry (position 320) shares the first 10 of the prompt's 54 tokens (the prompt differs from it from that token on)
2026-09-22 01:39:41.135 INFO  sched: request 'chatcmpl-f4861a7f71d3afbf' admitted to slot 0 (reserve 3 blocks; pool 136/6144 blocks in use) — first token 785
2026-09-22 01:39:41.476 INFO  sched: request 'chatcmpl-f4861a7f71d3afc0' prefix cache miss — 2 cut(s) probed against 61 entries; the nearest entry (position 320) shares the first 11 of the prompt's 61 tokens (the prompt differs from it from that token on)
2026-09-22 01:39:41.476 INFO  sched: request 'chatcmpl-f4861a7f71d3afc0' admitted to slot 1 (reserve 3 blocks; pool 140/6144 blocks in use) — first token 785
2026-09-22 01:39:47.293 INFO  sched: request 'chatcmpl-f4861a7f71d3afbf' retired (steps): 256 tok in 6.2 s — prefill 54 tok (0 cached) in 294 ms; decode 255 tok / 131 passes in 5.9 s: 43.5 tok/s, 23.0 ms/tok, 45 ms/pass, 1.95 tok/pass, accept p1 95 %
2026-09-22 01:39:47.361 INFO  sched: request 'chatcmpl-f4861a7f71d3afc0' retired (steps): 256 tok in 5.9 s — prefill 61 tok (0 cached) in 307 ms; decode 255 tok / 132 passes in 5.6 s: 45.7 tok/s, 21.9 ms/tok, 42 ms/pass, 1.93 tok/pass, accept p1 93 %
2026-09-22 01:39:47.441 INFO  sched: request 'chatcmpl-f4861a7f71d3afc1' admitted to slot 0 (reserve 3 blocks; pool 143/6144 blocks in use) — first token 785
2026-09-22 01:39:47.524 INFO  sched: request 'chatcmpl-f4861a7f71d3afc2' admitted to slot 1 (reserve 3 blocks; pool 146/6144 blocks in use) — first token 785
2026-09-22 01:39:49.170 INFO  stats: rank 2 | 10.0 s | decode 75.5 tok/s, 12.2 ms/tok, 41.5 ms/step (222 steps / 757 tok, 92 % of wall) | mtp 1.95 tok/step/req, accept p1 94 % | prefill 4 prompts / 122 tok, 12 tok/s, 5.90 ms/tok, 180 ms avg (7 % of wall), 108 tok cached (2/4 hits) | live 2, queued 0 | pool 147/6144 blocks (2 %) | prefix cache 64/232 entries
2026-09-22 01:39:53.393 INFO  sched: request 'chatcmpl-f4861a7f71d3afc2' retired (steps): 256 tok in 5.9 s — prefill 54 tok (52 cached) in 50 ms; decode 255 tok / 131 passes in 5.8 s: 43.8 tok/s, 22.8 ms/tok, 44 ms/pass, 1.95 tok/pass, accept p1 95 %
2026-09-22 01:39:53.393 INFO  sched: request 'chatcmpl-f4861a7f71d3afc1' retired (steps): 256 tok in 6.0 s — prefill 61 tok (56 cached) in 69 ms; decode 255 tok / 132 passes in 5.9 s: 43.3 tok/s, 23.1 ms/tok, 45 ms/pass, 1.93 tok/pass, accept p1 93 %
2026-09-22 01:39:53.472 INFO  sched: request 'chatcmpl-f4861a7f71d3afc3' admitted to slot 0 (reserve 3 blocks; pool 143/6144 blocks in use) — first token 785
2026-09-22 01:39:53.572 INFO  sched: request 'chatcmpl-f4861a7f71d3afc4' admitted to slot 1 (reserve 3 blocks; pool 146/6144 blocks in use) — first token 785
2026-09-22 01:39:59.213 INFO  stats: rank 2 | 10.0 s | decode 85.7 tok/s, 11.4 ms/tok, 44.6 ms/step (221 steps / 861 tok, 98 % of wall) | mtp 1.95 tok/step/req, accept p1 95 % | prefill 2 prompts / 7 tok, 1 tok/s, 16.88 ms/tok, 59 ms avg (1 % of wall), 108 tok cached (2/2 hits) | live 2, queued 0 | pool 148/6144 blocks (2 %) | prefix cache 64/232 entries
2026-09-22 01:39:59.391 INFO  sched: request 'chatcmpl-f4861a7f71d3afc3' retired (steps): 256 tok in 5.9 s — prefill 54 tok (52 cached) in 52 ms; decode 255 tok / 131 passes in 5.9 s: 43.5 tok/s, 23.0 ms/tok, 45 ms/pass, 1.95 tok/pass, accept p1 95 %
2026-09-22 01:39:59.459 INFO  sched: request 'chatcmpl-f4861a7f71d3afc4' retired (steps): 256 tok in 5.9 s — prefill 61 tok (56 cached) in 66 ms; decode 255 tok / 132 passes in 5.8 s: 43.8 tok/s, 22.8 ms/tok, 44 ms/pass, 1.93 tok/pass, accept p1 93 %
2026-09-22 01:39:59.811 INFO  sched: request 'chatcmpl-f4861a7f71d3afc5' prefix cache miss — 2 cut(s) probed against 64 entries; the nearest entry (position 320) shares the first 10 of the prompt's 37 tokens (the prompt differs from it from that token on)
2026-09-22 01:39:59.811 INFO  sched: request 'chatcmpl-f4861a7f71d3afc5' admitted to slot 0 (reserve 3 blocks; pool 144/6144 blocks in use) — first token 785
2026-09-22 01:40:00.134 INFO  sched: request 'chatcmpl-f4861a7f71d3afc6' prefix cache miss — 2 cut(s) probed against 65 entries; the nearest entry (position 320) shares the first 11 of the prompt's 54 tokens (the prompt differs from it from that token on)
2026-09-22 01:40:00.134 INFO  sched: request 'chatcmpl-f4861a7f71d3afc6' admitted to slot 1 (reserve 3 blocks; pool 148/6144 blocks in use) — first token 785
2026-09-22 01:40:00.449 INFO  sched: request 'chatcmpl-f4861a7f71d3afc7' prefix cache miss — 2 cut(s) probed against 66 entries; the nearest entry (position 32) shares the first 15 of the prompt's 39 tokens (the prompt differs from it from that token on)
2026-09-22 01:40:00.449 INFO  sched: request 'chatcmpl-f4861a7f71d3afc7' admitted to slot 2 (reserve 3 blocks; pool 153/6144 blocks in use) — first token 785
2026-09-22 01:40:00.760 INFO  sched: request 'chatcmpl-f4861a7f71d3afc8' prefix cache miss — 2 cut(s) probed against 67 entries; the nearest entry (position 36) shares the first 14 of the prompt's 35 tokens (the prompt differs from it from that token on)
2026-09-22 01:40:00.760 INFO  sched: request 'chatcmpl-f4861a7f71d3afc8' admitted to slot 3 (reserve 3 blocks; pool 159/6144 blocks in use) — first token 785
2026-09-22 01:40:09.276 INFO  stats: rank 2 | 10.1 s | decode 95.9 tok/s, 9.2 ms/tok, 65.5 ms/step (135 steps / 965 tok, 88 % of wall) | mtp 1.86 tok/step/req, accept p1 85 % | prefill 4 prompts / 165 tok, 16 tok/s, 6.58 ms/tok, 271 ms avg (11 % of wall), 0 tok cached (0/4 hits) | live 4, queued 0 | pool 159/6144 blocks (3 %) | prefix cache 68/232 entries
2026-09-22 01:40:09.623 INFO  sched: request 'chatcmpl-f4861a7f71d3afc6' retired (steps): 256 tok in 9.5 s — prefill 54 tok (0 cached) in 290 ms; decode 255 tok / 133 passes in 9.2 s: 27.7 tok/s, 36.1 ms/tok, 69 ms/pass, 1.92 tok/pass, accept p1 92 %
2026-09-22 01:40:09.877 INFO  sched: request 'chatcmpl-f4861a7f71d3afc7' retired (steps): 256 tok in 9.4 s — prefill 39 tok (0 cached) in 271 ms; decode 255 tok / 136 passes in 9.2 s: 27.8 tok/s, 35.9 ms/tok, 67 ms/pass, 1.88 tok/pass, accept p1 88 %
2026-09-22 01:40:10.113 INFO  sched: request 'chatcmpl-f4861a7f71d3afc5' retired (steps): 256 tok in 10.3 s — prefill 37 tok (0 cached) in 271 ms; decode 255 tok / 142 passes in 10.0 s: 25.4 tok/s, 39.3 ms/tok, 71 ms/pass, 1.80 tok/pass, accept p1 80 %
2026-09-22 01:40:10.279 INFO  sched: request 'chatcmpl-f4861a7f71d3afc8' retired (steps): 256 tok in 9.5 s — prefill 35 tok (0 cached) in 254 ms; decode 255 tok / 144 passes in 9.3 s: 27.5 tok/s, 36.3 ms/tok, 64 ms/pass, 1.77 tok/pass, accept p1 78 %
2026-09-22 01:40:10.370 INFO  sched: request 'chatcmpl-f4861a7f71d3afc9' admitted to slot 0 (reserve 3 blocks; pool 159/6144 blocks in use) — first token 785
2026-09-22 01:40:10.457 INFO  sched: request 'chatcmpl-f4861a7f71d3afca' admitted to slot 1 (reserve 3 blocks; pool 162/6144 blocks in use) — first token 785
2026-09-22 01:40:10.558 INFO  sched: request 'chatcmpl-f4861a7f71d3afcb' admitted to slot 2 (reserve 3 blocks; pool 167/6144 blocks in use) — first token 785
2026-09-22 01:40:10.666 INFO  sched: request 'chatcmpl-f4861a7f71d3afcc' admitted to slot 3 (reserve 3 blocks; pool 171/6144 blocks in use) — first token 785
2026-09-22 01:40:19.290 INFO  stats: rank 2 | 10.0 s | decode 104.8 tok/s, 9.2 ms/tok, 65.0 ms/step (149 steps / 1050 tok, 97 % of wall) | mtp 1.87 tok/step/req, accept p1 86 % | prefill 4 prompts / 13 tok, 1 tok/s, 17.90 ms/tok, 58 ms avg (2 % of wall), 152 tok cached (4/4 hits) | live 4, queued 0 | pool 172/6144 blocks (3 %) | prefix cache 72/232 entries
2026-09-22 01:40:19.568 INFO  sched: request 'chatcmpl-f4861a7f71d3afcc' retired (steps): 256 tok in 8.9 s — prefill 54 tok (52 cached) in 51 ms; decode 255 tok / 132 passes in 8.9 s: 28.8 tok/s, 34.7 ms/tok, 67 ms/pass, 1.93 tok/pass, accept p1 93 %
2026-09-22 01:40:19.739 INFO  sched: request 'chatcmpl-f4861a7f71d3afcb' retired (steps): 256 tok in 9.2 s — prefill 39 tok (36 cached) in 57 ms; decode 255 tok / 136 passes in 9.1 s: 27.9 tok/s, 35.8 ms/tok, 67 ms/pass, 1.88 tok/pass, accept p1 88 %
2026-09-22 01:40:19.785 INFO  sched: request 'chatcmpl-f4861a7f71d3afca' retired (steps): 256 tok in 9.3 s — prefill 35 tok (32 cached) in 55 ms; decode 255 tok / 138 passes in 9.3 s: 27.5 tok/s, 36.4 ms/tok, 67 ms/pass, 1.85 tok/pass, accept p1 86 %
2026-09-22 01:40:19.885 INFO  sched: request 'chatcmpl-f4861a7f71d3afc9' retired (steps): 256 tok in 9.5 s — prefill 37 tok (32 cached) in 70 ms; decode 255 tok / 142 passes in 9.4 s: 27.0 tok/s, 37.0 ms/tok, 67 ms/pass, 1.80 tok/pass, accept p1 80 %
2026-09-22 01:40:19.966 INFO  sched: request 'chatcmpl-f4861a7f71d3afcd' admitted to slot 0 (reserve 3 blocks; pool 165/6144 blocks in use) — first token 785
2026-09-22 01:40:20.051 INFO  sched: request 'chatcmpl-f4861a7f71d3afce' admitted to slot 1 (reserve 3 blocks; pool 169/6144 blocks in use) — first token 785
2026-09-22 01:40:20.161 INFO  sched: request 'chatcmpl-f4861a7f71d3afcf' admitted to slot 2 (reserve 3 blocks; pool 172/6144 blocks in use) — first token 785
2026-09-22 01:40:20.275 INFO  sched: request 'chatcmpl-f4861a7f71d3afd0' admitted to slot 3 (reserve 3 blocks; pool 176/6144 blocks in use) — first token 785
2026-09-22 01:40:29.105 INFO  sched: request 'chatcmpl-f4861a7f71d3afce' retired (steps): 256 tok in 9.1 s — prefill 54 tok (52 cached) in 52 ms; decode 255 tok / 133 passes in 9.0 s: 28.3 tok/s, 35.3 ms/tok, 68 ms/pass, 1.92 tok/pass, accept p1 92 %
2026-09-22 01:40:29.173 INFO  sched: request 'chatcmpl-f4861a7f71d3afcf' retired (steps): 256 tok in 9.0 s — prefill 37 tok (32 cached) in 66 ms; decode 255 tok / 133 passes in 8.9 s: 28.5 tok/s, 35.1 ms/tok, 67 ms/pass, 1.92 tok/pass, accept p1 92 %
2026-09-22 01:40:29.173 INFO  sched: request 'chatcmpl-f4861a7f71d3afcd' retired (steps): 256 tok in 9.2 s — prefill 39 tok (36 cached) in 59 ms; decode 255 tok / 135 passes in 9.1 s: 27.9 tok/s, 35.9 ms/tok, 68 ms/pass, 1.89 tok/pass, accept p1 90 %
2026-09-22 01:40:29.304 INFO  stats: rank 2 | 10.0 s | decode 106.2 tok/s, 9.1 ms/tok, 64.5 ms/step (150 steps / 1063 tok, 97 % of wall) | mtp 1.87 tok/step/req, accept p1 87 % | prefill 4 prompts / 13 tok, 1 tok/s, 17.91 ms/tok, 58 ms avg (2 % of wall), 152 tok cached (4/4 hits) | live 1, queued 0 | pool 172/6144 blocks (3 %) | prefix cache 76/232 entries
2026-09-22 01:40:29.564 INFO  sched: request 'chatcmpl-f4861a7f71d3afd0' retired (steps): 256 tok in 9.3 s — prefill 35 tok (32 cached) in 57 ms; decode 255 tok / 144 passes in 9.2 s: 27.6 tok/s, 36.2 ms/tok, 64 ms/pass, 1.77 tok/pass, accept p1 78 %
2026-09-22 01:40:29.913 INFO  sched: request 'chatcmpl-f4861a7f71d3afd1' prefix cache miss — 2 cut(s) probed against 76 entries; the nearest entry (position 292) shares the first 12 of the prompt's 40 tokens (the prompt differs from it from that token on)
2026-09-22 01:40:29.913 INFO  sched: request 'chatcmpl-f4861a7f71d3afd1' admitted to slot 0 (reserve 3 blocks; pool 172/6144 blocks in use) — first token 785
2026-09-22 01:40:34.639 INFO  sched: request 'chatcmpl-f4861a7f71d3afd1' retired (steps): 256 tok in 4.7 s — prefill 40 tok (0 cached) in 278 ms; decode 255 tok / 148 passes in 4.4 s: 57.3 tok/s, 17.4 ms/tok, 30 ms/pass, 1.72 tok/pass, accept p1 72 %
2026-09-22 01:40:34.720 INFO  sched: request 'chatcmpl-f4861a7f71d3afd2' admitted to slot 0 (reserve 3 blocks; pool 175/6144 blocks in use) — first token 785
2026-09-22 01:40:39.322 INFO  stats: rank 2 | 10.0 s | decode 51.7 tok/s, 18.4 ms/tok, 31.8 ms/step (300 steps / 518 tok, 95 % of wall) | mtp 1.73 tok/step/req, accept p1 72 % | prefill 2 prompts / 44 tok, 4 tok/s, 7.79 ms/tok, 171 ms avg (3 % of wall), 36 tok cached (1/2 hits) | live 1, queued 0 | pool 176/6144 blocks (3 %) | prefix cache 78/232 entries
2026-09-22 01:40:39.451 INFO  sched: request 'chatcmpl-f4861a7f71d3afd2' retired (steps): 256 tok in 4.7 s — prefill 40 tok (36 cached) in 65 ms; decode 255 tok / 148 passes in 4.7 s: 54.6 tok/s, 18.3 ms/tok, 32 ms/pass, 1.72 tok/pass, accept p1 72 %
2026-09-22 01:40:39.538 INFO  sched: request 'chatcmpl-f4861a7f71d3afd3' admitted to slot 0 (reserve 3 blocks; pool 175/6144 blocks in use) — first token 785
2026-09-22 01:40:44.269 INFO  sched: request 'chatcmpl-f4861a7f71d3afd3' retired (steps): 256 tok in 4.7 s — prefill 40 tok (36 cached) in 66 ms; decode 255 tok / 148 passes in 4.7 s: 54.7 tok/s, 18.3 ms/tok, 32 ms/pass, 1.72 tok/pass, accept p1 72 %
2026-09-22 01:40:44.599 INFO  sched: request 'chatcmpl-f4861a7f71d3afd4' prefix cache miss — 2 cut(s) probed against 78 entries; the nearest entry (position 292) shares the first 19 of the prompt's 40 tokens (the prompt differs from it from that token on)
2026-09-22 01:40:44.599 INFO  sched: request 'chatcmpl-f4861a7f71d3afd4' admitted to slot 0 (reserve 3 blocks; pool 176/6144 blocks in use) — first token 785
2026-09-22 01:40:44.908 INFO  sched: request 'chatcmpl-f4861a7f71d3afd5' prefix cache miss — 2 cut(s) probed against 79 entries; the nearest entry (position 292) shares the first 20 of the prompt's 41 tokens (the prompt differs from it from that token on)
2026-09-22 01:40:44.909 INFO  sched: request 'chatcmpl-f4861a7f71d3afd5' admitted to slot 1 (reserve 3 blocks; pool 181/6144 blocks in use) — first token 785
2026-09-22 01:40:49.360 INFO  stats: rank 2 | 10.0 s | decode 62.8 tok/s, 14.8 ms/tok, 36.6 ms/step (254 steps / 630 tok, 93 % of wall) | mtp 1.77 tok/step/req, accept p1 77 % | prefill 3 prompts / 85 tok, 8 tok/s, 7.28 ms/tok, 206 ms avg (6 % of wall), 36 tok cached (1/3 hits) | live 2, queued 0 | pool 182/6144 blocks (3 %) | prefix cache 80/232 entries
2026-09-22 01:40:51.005 INFO  sched: request 'chatcmpl-f4861a7f71d3afd4' retired (steps): 256 tok in 6.4 s — prefill 40 tok (0 cached) in 277 ms; decode 255 tok / 139 passes in 6.1 s: 41.6 tok/s, 24.0 ms/tok, 44 ms/pass, 1.83 tok/pass, accept p1 83 %
2026-09-22 01:40:51.327 INFO  sched: request 'chatcmpl-f4861a7f71d3afd5' retired (steps): 256 tok in 6.4 s — prefill 41 tok (0 cached) in 276 ms; decode 255 tok / 148 passes in 6.1 s: 41.5 tok/s, 24.1 ms/tok, 41 ms/pass, 1.72 tok/pass, accept p1 73 %
2026-09-22 01:40:51.415 INFO  sched: request 'chatcmpl-f4861a7f71d3afd6' admitted to slot 0 (reserve 3 blocks; pool 183/6144 blocks in use) — first token 785
2026-09-22 01:40:51.511 INFO  sched: request 'chatcmpl-f4861a7f71d3afd7' admitted to slot 1 (reserve 3 blocks; pool 186/6144 blocks in use) — first token 785
2026-09-22 01:40:57.646 INFO  sched: request 'chatcmpl-f4861a7f71d3afd7' retired (steps): 256 tok in 6.1 s — prefill 40 tok (36 cached) in 63 ms; decode 255 tok / 139 passes in 6.1 s: 42.0 tok/s, 23.8 ms/tok, 44 ms/pass, 1.83 tok/pass, accept p1 83 %
2026-09-22 01:40:57.905 INFO  sched: request 'chatcmpl-f4861a7f71d3afd6' retired (steps): 256 tok in 6.5 s — prefill 41 tok (36 cached) in 72 ms; decode 255 tok / 148 passes in 6.4 s: 39.7 tok/s, 25.2 ms/tok, 43 ms/pass, 1.72 tok/pass, accept p1 73 %
2026-09-22 01:40:57.994 INFO  sched: request 'chatcmpl-f4861a7f71d3afd8' admitted to slot 0 (reserve 3 blocks; pool 183/6144 blocks in use) — first token 785
2026-09-22 01:40:58.095 INFO  sched: request 'chatcmpl-f4861a7f71d3afd9' admitted to slot 1 (reserve 3 blocks; pool 187/6144 blocks in use) — first token 785
2026-09-22 01:40:59.382 INFO  stats: rank 2 | 10.0 s | decode 76.4 tok/s, 12.6 ms/tok, 42.9 ms/step (225 steps / 766 tok, 96 % of wall) | mtp 1.78 tok/step/req, accept p1 78 % | prefill 4 prompts / 18 tok, 2 tok/s, 15.00 ms/tok, 67 ms avg (3 % of wall), 144 tok cached (4/4 hits) | live 2, queued 0 | pool 188/6144 blocks (3 %) | prefix cache 82/232 entries
2026-09-22 01:41:04.199 INFO  sched: request 'chatcmpl-f4861a7f71d3afd8' retired (steps): 256 tok in 6.2 s — prefill 40 tok (36 cached) in 68 ms; decode 255 tok / 139 passes in 6.1 s: 41.6 tok/s, 24.1 ms/tok, 44 ms/pass, 1.83 tok/pass, accept p1 83 %
2026-09-22 01:41:04.523 INFO  sched: request 'chatcmpl-f4861a7f71d3afd9' retired (steps): 256 tok in 6.4 s — prefill 41 tok (36 cached) in 67 ms; decode 255 tok / 148 passes in 6.4 s: 40.1 tok/s, 24.9 ms/tok, 43 ms/pass, 1.72 tok/pass, accept p1 73 %
2026-09-22 01:41:04.812 INFO  sched: request 'chatcmpl-f4861a7f71d3afda' prefix cache miss — 2 cut(s) probed against 82 entries; the nearest entry (position 296) shares the first 12 of the prompt's 31 tokens (the prompt differs from it from that token on)
2026-09-22 01:41:04.812 INFO  sched: request 'chatcmpl-f4861a7f71d3afda' admitted to slot 0 (reserve 3 blocks; pool 184/6144 blocks in use) — first token 785
2026-09-22 01:41:05.087 INFO  sched: request 'chatcmpl-f4861a7f71d3afdb' prefix cache miss — 2 cut(s) probed against 83 entries; the nearest entry (position 296) shares the first 12 of the prompt's 31 tokens (the prompt differs from it from that token on)
2026-09-22 01:41:05.087 INFO  sched: request 'chatcmpl-f4861a7f71d3afdb' admitted to slot 1 (reserve 3 blocks; pool 189/6144 blocks in use) — first token 785
2026-09-22 01:41:05.407 INFO  sched: request 'chatcmpl-f4861a7f71d3afdc' prefix cache miss — 2 cut(s) probed against 84 entries; the nearest entry (position 296) shares the first 19 of the prompt's 40 tokens (the prompt differs from it from that token on)
2026-09-22 01:41:05.407 INFO  sched: request 'chatcmpl-f4861a7f71d3afdc' admitted to slot 2 (reserve 3 blocks; pool 194/6144 blocks in use) — first token 785
2026-09-22 01:41:05.710 INFO  sched: request 'chatcmpl-f4861a7f71d3afdd' prefix cache miss — 2 cut(s) probed against 85 entries; the nearest entry (position 296) shares the first 12 of the prompt's 31 tokens (the prompt differs from it from that token on)
2026-09-22 01:41:05.710 INFO  sched: request 'chatcmpl-f4861a7f71d3afdd' admitted to slot 3 (reserve 3 blocks; pool 199/6144 blocks in use) — first token 785
2026-09-22 01:41:09.423 INFO  stats: rank 2 | 10.0 s | decode 81.9 tok/s, 10.9 ms/tok, 50.2 ms/step (178 steps / 822 tok, 89 % of wall) | mtp 1.79 tok/step/req, accept p1 79 % | prefill 4 prompts / 133 tok, 13 tok/s, 7.64 ms/tok, 254 ms avg (10 % of wall), 0 tok cached (0/4 hits) | live 4, queued 0 | pool 199/6144 blocks (3 %) | prefix cache 86/232 entries
2026-09-22 01:41:14.755 INFO  sched: request 'chatcmpl-f4861a7f71d3afda' retired (steps): 256 tok in 9.9 s — prefill 31 tok (0 cached) in 250 ms; decode 255 tok / 139 passes in 9.7 s: 26.3 tok/s, 38.0 ms/tok, 70 ms/pass, 1.83 tok/pass, accept p1 83 %
2026-09-22 01:41:14.889 INFO  sched: request 'chatcmpl-f4861a7f71d3afdc' retired (steps): 256 tok in 9.5 s — prefill 40 tok (0 cached) in 276 ms; decode 255 tok / 139 passes in 9.2 s: 27.7 tok/s, 36.1 ms/tok, 66 ms/pass, 1.83 tok/pass, accept p1 83 %
2026-09-22 01:41:15.193 INFO  sched: request 'chatcmpl-f4861a7f71d3afdb' retired (steps): 256 tok in 10.1 s — prefill 31 tok (0 cached) in 243 ms; decode 255 tok / 145 passes in 9.9 s: 25.9 tok/s, 38.7 ms/tok, 68 ms/pass, 1.76 tok/pass, accept p1 77 %
2026-09-22 01:41:15.262 INFO  sched: request 'chatcmpl-f4861a7f71d3afdd' retired (steps): 256 tok in 9.6 s — prefill 31 tok (0 cached) in 247 ms; decode 255 tok / 145 passes in 9.3 s: 27.4 tok/s, 36.5 ms/tok, 64 ms/pass, 1.76 tok/pass, accept p1 77 %
2026-09-22 01:41:15.341 INFO  sched: request 'chatcmpl-f4861a7f71d3afde' admitted to slot 0 (reserve 3 blocks; pool 199/6144 blocks in use) — first token 785
2026-09-22 01:41:15.437 INFO  sched: request 'chatcmpl-f4861a7f71d3afdf' admitted to slot 1 (reserve 3 blocks; pool 203/6144 blocks in use) — first token 785
2026-09-22 01:41:15.538 INFO  sched: request 'chatcmpl-f4861a7f71d3afe0' admitted to slot 2 (reserve 3 blocks; pool 207/6144 blocks in use) — first token 785
2026-09-22 01:41:15.652 INFO  sched: request 'chatcmpl-f4861a7f71d3afe1' admitted to slot 3 (reserve 3 blocks; pool 211/6144 blocks in use) — first token 785
2026-09-22 01:41:19.435 INFO  stats: rank 2 | 10.0 s | decode 103.0 tok/s, 9.4 ms/tok, 65.1 ms/step (149 steps / 1031 tok, 97 % of wall) | mtp 1.80 tok/step/req, accept p1 80 % | prefill 4 prompts / 13 tok, 1 tok/s, 17.80 ms/tok, 58 ms avg (2 % of wall), 120 tok cached (4/4 hits) | live 4, queued 0 | pool 212/6144 blocks (3 %) | prefix cache 90/232 entries
2026-09-22 01:41:24.760 INFO  sched: request 'chatcmpl-f4861a7f71d3afde' retired (steps): 256 tok in 9.4 s — prefill 31 tok (28 cached) in 57 ms; decode 255 tok / 140 passes in 9.4 s: 27.2 tok/s, 36.7 ms/tok, 67 ms/pass, 1.82 tok/pass, accept p1 82 %
2026-09-22 01:41:24.828 INFO  sched: request 'chatcmpl-f4861a7f71d3afe0' retired (steps): 256 tok in 9.3 s — prefill 31 tok (28 cached) in 56 ms; decode 255 tok / 139 passes in 9.2 s: 27.6 tok/s, 36.2 ms/tok, 66 ms/pass, 1.83 tok/pass, accept p1 83 %
2026-09-22 01:41:24.952 INFO  sched: request 'chatcmpl-f4861a7f71d3afdf' retired (steps): 256 tok in 9.5 s — prefill 40 tok (36 cached) in 63 ms; decode 255 tok / 142 passes in 9.5 s: 27.0 tok/s, 37.1 ms/tok, 67 ms/pass, 1.80 tok/pass, accept p1 80 %
2026-09-22 01:41:25.114 INFO  sched: request 'chatcmpl-f4861a7f71d3afe1' retired (steps): 256 tok in 9.5 s — prefill 31 tok (28 cached) in 56 ms; decode 255 tok / 145 passes in 9.4 s: 27.1 tok/s, 36.9 ms/tok, 65 ms/pass, 1.76 tok/pass, accept p1 76 %
2026-09-22 01:41:25.205 INFO  sched: request 'chatcmpl-f4861a7f71d3afe2' admitted to slot 0 (reserve 3 blocks; pool 211/6144 blocks in use) — first token 785
2026-09-22 01:41:25.301 INFO  sched: request 'chatcmpl-f4861a7f71d3afe3' admitted to slot 1 (reserve 3 blocks; pool 215/6144 blocks in use) — first token 785
2026-09-22 01:41:25.402 INFO  sched: request 'chatcmpl-f4861a7f71d3afe4' admitted to slot 2 (reserve 3 blocks; pool 219/6144 blocks in use) — first token 785
2026-09-22 01:41:25.516 INFO  sched: request 'chatcmpl-f4861a7f71d3afe5' admitted to slot 3 (reserve 3 blocks; pool 223/6144 blocks in use) — first token 785
2026-09-22 01:41:29.500 INFO  stats: rank 2 | 10.1 s | decode 104.0 tok/s, 9.3 ms/tok, 64.5 ms/step (151 steps / 1047 tok, 97 % of wall) | mtp 1.81 tok/step/req, accept p1 80 % | prefill 4 prompts / 13 tok, 1 tok/s, 18.12 ms/tok, 59 ms avg (2 % of wall), 120 tok cached (4/4 hits) | live 4, queued 0 | pool 224/6144 blocks (4 %) | prefix cache 94/232 entries
2026-09-22 01:41:34.553 INFO  sched: request 'chatcmpl-f4861a7f71d3afe2' retired (steps): 256 tok in 9.3 s — prefill 31 tok (28 cached) in 58 ms; decode 255 tok / 139 passes in 9.3 s: 27.4 tok/s, 36.4 ms/tok, 67 ms/pass, 1.83 tok/pass, accept p1 83 %
2026-09-22 01:41:34.813 INFO  sched: request 'chatcmpl-f4861a7f71d3afe3' retired (steps): 256 tok in 9.5 s — prefill 40 tok (36 cached) in 63 ms; decode 255 tok / 142 passes in 9.4 s: 27.0 tok/s, 37.1 ms/tok, 67 ms/pass, 1.80 tok/pass, accept p1 80 %
2026-09-22 01:41:35.054 INFO  sched: request 'chatcmpl-f4861a7f71d3afe4' retired (steps): 256 tok in 9.7 s — prefill 31 tok (28 cached) in 57 ms; decode 255 tok / 145 passes in 9.6 s: 26.6 tok/s, 37.6 ms/tok, 66 ms/pass, 1.76 tok/pass, accept p1 77 %
2026-09-22 01:41:35.088 INFO  sched: request 'chatcmpl-f4861a7f71d3afe5' retired (steps): 256 tok in 9.6 s — prefill 31 tok (28 cached) in 57 ms; decode 255 tok / 145 passes in 9.5 s: 26.8 tok/s, 37.3 ms/tok, 66 ms/pass, 1.76 tok/pass, accept p1 76 %
2026-09-22 01:41:35.825 INFO  sched: request 'chatcmpl-f4861a7f71d3afe6' prefix cache miss — 2 cut(s) probed against 94 entries; the nearest entry (position 320) shares the first 10 of the prompt's 525 tokens (the prompt differs from it from that token on)
2026-09-22 01:41:35.825 INFO  sched: request 'chatcmpl-f4861a7f71d3afe6' admitted to slot 0 (reserve 5 blocks; pool 214/6144 blocks in use) — first token 785
2026-09-22 01:41:35.825 INFO  sched: request 'chatcmpl-f4861a7f71d3afe6' retired (steps): 1 tok in 0.0 s — prefill 525 tok (0 cached) in 598 ms; decode 0 tok / 0 passes in 0.0 s
2026-09-22 01:41:35.836 INFO  sched: request 'chatcmpl-f4861a7f71d3afe7' prefix cache miss — 3 cut(s) probed against 95 entries; the nearest entry (position 520) shares the first 17 of the prompt's 2071 tokens (the prompt differs from it from that token on)
2026-09-22 01:41:35.837 INFO  sched: request 'chatcmpl-f4861a7f71d3afe7' prefilling in slot 0 (2048 tokens/tick)
2026-09-22 01:41:37.325 INFO  sched: request 'chatcmpl-f4861a7f71d3afe7' admitted to slot 0 (reserve 17 blocks; pool 231/6144 blocks in use) — first token 785
2026-09-22 01:41:37.325 INFO  sched: request 'chatcmpl-f4861a7f71d3afe7' retired (steps): 1 tok in 1.5 s — prefill 2071 tok (0 cached) in 1486 ms; decode 0 tok / 0 passes in 0.0 s
2026-09-22 01:41:37.349 INFO  sched: request 'chatcmpl-f4861a7f71d3afe8' prefix cache miss — 3 cut(s) probed against 96 entries; the nearest entry (position 2068) shares the first 21 of the prompt's 2098 tokens (the prompt differs from it from that token on)
2026-09-22 01:41:37.350 INFO  sched: request 'chatcmpl-f4861a7f71d3afe8' prefilling in slot 0 (2048 tokens/tick)
2026-09-22 01:41:38.882 INFO  sched: request 'chatcmpl-f4861a7f71d3afe8' admitted to slot 0 (reserve 17 blocks; pool 248/6144 blocks in use) — first token 785
2026-09-22 01:41:38.882 INFO  sched: request 'chatcmpl-f4861a7f71d3afe8' retired (steps): 1 tok in 1.5 s — prefill 2098 tok (0 cached) in 1532 ms; decode 0 tok / 0 passes in 0.0 s
2026-09-22 01:41:38.882 INFO  sched: request 'chatcmpl-f4861a7f71d3afe9' prefix cache miss — 3 cut(s) probed against 97 entries; the nearest entry (position 2096) shares the first 21 of the prompt's 2073 tokens (the prompt differs from it from that token on)
2026-09-22 01:41:38.882 INFO  sched: request 'chatcmpl-f4861a7f71d3afe9' prefilling in slot 0 (2048 tokens/tick)
2026-09-22 01:41:40.173 INFO  stats: rank 2 | 10.7 s | decode 54.2 tok/s, 9.6 ms/tok, 65.3 ms/step (85 steps / 578 tok, 52 % of wall) | mtp 1.78 tok/step/req, accept p1 77 % | prefill 3 prompts / 6742 tok, 632 tok/s, 0.73 ms/tok, 1635 ms avg (46 % of wall), 0 tok cached (0/4 hits) | live 1, queued 0 | pool 264/6144 blocks (4 %) | prefix cache 97/232 entries | 1 prefilling
2026-09-22 01:41:40.384 INFO  sched: request 'chatcmpl-f4861a7f71d3afe9' admitted to slot 0 (reserve 17 blocks; pool 265/6144 blocks in use) — first token 785
2026-09-22 01:41:40.384 INFO  sched: request 'chatcmpl-f4861a7f71d3afe9' retired (steps): 1 tok in 1.5 s — prefill 2073 tok (0 cached) in 1502 ms; decode 0 tok / 0 passes in 0.0 s
2026-09-22 01:41:40.400 INFO  sched: request 'chatcmpl-f4861a7f71d3afea' prefix cache miss — 6 cut(s) probed against 98 entries; the nearest entry (position 2096) shares the first 18 of the prompt's 8257 tokens (the prompt differs from it from that token on)
2026-09-22 01:41:40.400 INFO  sched: request 'chatcmpl-f4861a7f71d3afea' prefilling in slot 0 (2048 tokens/tick)
2026-09-22 01:41:46.247 INFO  sched: request 'chatcmpl-f4861a7f71d3afea' admitted to slot 0 (reserve 65 blocks; pool 330/6144 blocks in use) — first token 785
2026-09-22 01:41:46.247 INFO  sched: request 'chatcmpl-f4861a7f71d3afea' retired (steps): 1 tok in 5.8 s — prefill 8257 tok (0 cached) in 5843 ms; decode 0 tok / 0 passes in 0.0 s
2026-09-22 01:41:46.275 INFO  sched: request 'chatcmpl-f4861a7f71d3afeb' prefix cache miss — 6 cut(s) probed against 100 entries; the nearest entry (position 8252) shares the first 22 of the prompt's 8302 tokens (the prompt differs from it from that token on)
2026-09-22 01:41:46.275 INFO  sched: request 'chatcmpl-f4861a7f71d3afeb' prefilling in slot 0 (2048 tokens/tick)
2026-09-22 01:41:50.300 INFO  stats: rank 2 | 10.1 s | decode 0.2 tok/s, 0.0 ms/tok, 0.0 ms/step (0 steps / 2 tok, 0 % of wall) | prefill 2 prompts / 14426 tok, 1424 tok/s, 0.70 ms/tok, 5039 ms avg (100 % of wall), 0 tok cached (0/2 hits) | live 1, queued 0 | pool 394/6144 blocks (6 %) | prefix cache 100/232 entries | 1 prefilling
2026-09-22 01:41:52.022 INFO  sched: request 'chatcmpl-f4861a7f71d3afeb' admitted to slot 0 (reserve 65 blocks; pool 395/6144 blocks in use) — first token 785
2026-09-22 01:41:52.022 INFO  sched: request 'chatcmpl-f4861a7f71d3afeb' retired (steps): 1 tok in 5.7 s — prefill 8302 tok (0 cached) in 5746 ms; decode 0 tok / 0 passes in 0.0 s
2026-09-22 01:41:52.045 INFO  sched: request 'chatcmpl-f4861a7f71d3afec' prefix cache miss — 6 cut(s) probed against 102 entries; the nearest entry (position 8300) shares the first 22 of the prompt's 8429 tokens (the prompt differs from it from that token on)
2026-09-22 01:41:52.045 INFO  sched: request 'chatcmpl-f4861a7f71d3afec' prefilling in slot 0 (2048 tokens/tick)
2026-09-22 01:41:57.910 INFO  sched: request 'chatcmpl-f4861a7f71d3afec' admitted to slot 0 (reserve 66 blocks; pool 461/6144 blocks in use) — first token 785
2026-09-22 01:41:57.910 INFO  sched: request 'chatcmpl-f4861a7f71d3afec' retired (steps): 1 tok in 5.9 s — prefill 8429 tok (0 cached) in 5860 ms; decode 0 tok / 0 passes in 0.0 s
2026-09-22 01:41:57.950 INFO  sched: request 'chatcmpl-f4861a7f71d3afed' prefix cache miss — 18 cut(s) probed against 104 entries; the nearest entry (position 8424) shares the first 18 of the prompt's 33245 tokens (the prompt differs from it from that token on)
2026-09-22 01:41:57.950 INFO  sched: request 'chatcmpl-f4861a7f71d3afed' prefilling in slot 0 (2048 tokens/tick)
2026-09-22 01:42:00.580 INFO  stats: rank 2 | 10.3 s | decode 0.2 tok/s, 0.0 ms/tok, 0.0 ms/step (0 steps / 2 tok, 0 % of wall) | prefill 2 prompts / 14683 tok, 1428 tok/s, 0.70 ms/tok, 5105 ms avg (99 % of wall), 0 tok cached (0/2 hits) | live 1, queued 0 | pool 720/6144 blocks (12 %) | prefix cache 104/232 entries | 1 prefilling
2026-09-22 01:42:11.159 INFO  stats: rank 2 | 10.6 s | decode 0.0 tok/s, 0.0 ms/tok, 0.0 ms/step (0 steps / 0 tok, 0 % of wall) | prefill 0 prompts / 14336 tok, 1355 tok/s, 0.74 ms/tok (100 % of wall), 0 tok cached (0/0 hits) | live 1, queued 0 | pool 720/6144 blocks (12 %) | prefix cache 104/232 entries | 1 prefilling
2026-09-22 01:42:22.030 INFO  stats: rank 2 | 10.9 s | decode 0.0 tok/s, 0.0 ms/tok, 0.0 ms/step (0 steps / 0 tok, 0 % of wall) | prefill 0 prompts / 12288 tok, 1130 tok/s, 0.88 ms/tok (100 % of wall), 0 tok cached (0/0 hits) | live 1, queued 0 | pool 720/6144 blocks (12 %) | prefix cache 104/232 entries | 1 prefilling
2026-09-22 01:42:24.785 INFO  sched: request 'chatcmpl-f4861a7f71d3afed' admitted to slot 0 (reserve 260 blocks; pool 721/6144 blocks in use) — first token 785
2026-09-22 01:42:24.785 INFO  sched: request 'chatcmpl-f4861a7f71d3afed' retired (steps): 1 tok in 26.8 s — prefill 33245 tok (0 cached) in 26822 ms; decode 0 tok / 0 passes in 0.0 s
2026-09-22 01:42:24.787 INFO  sched: request 'chatcmpl-f4861a7f71d3afee' prefix cache miss — 18 cut(s) probed against 106 entries; the nearest entry (position 33240) shares the first 22 of the prompt's 33321 tokens (the prompt differs from it from that token on)
2026-09-22 01:42:24.787 INFO  sched: request 'chatcmpl-f4861a7f71d3afee' prefilling in slot 0 (2048 tokens/tick)
2026-09-22 01:42:33.162 INFO  stats: rank 2 | 11.1 s | decode 0.1 tok/s, 0.0 ms/tok, 0.0 ms/step (0 steps / 1 tok, 0 % of wall) | prefill 1 prompt / 14813 tok, 1331 tok/s, 0.75 ms/tok, 11126 ms avg (100 % of wall), 0 tok cached (0/1 hit) | live 1, queued 0 | pool 981/6144 blocks (16 %) | prefix cache 106/232 entries | 1 prefilling
2026-09-22 01:42:44.840 INFO  stats: rank 2 | 11.7 s | decode 0.0 tok/s, 0.0 ms/tok, 0.0 ms/step (0 steps / 0 tok, 0 % of wall) | prefill 0 prompts / 14336 tok, 1228 tok/s, 0.81 ms/tok (100 % of wall), 0 tok cached (0/0 hits) | live 1, queued 0 | pool 981/6144 blocks (16 %) | prefix cache 106/232 entries | 1 prefilling
2026-09-22 01:42:51.491 INFO  sched: request 'chatcmpl-f4861a7f71d3afee' admitted to slot 0 (reserve 261 blocks; pool 982/6144 blocks in use) — first token 785
2026-09-22 01:42:51.491 INFO  sched: request 'chatcmpl-f4861a7f71d3afee' retired (steps): 1 tok in 26.7 s — prefill 33321 tok (0 cached) in 26701 ms; decode 0 tok / 0 passes in 0.0 s
2026-09-22 01:42:51.493 INFO  sched: request 'chatcmpl-f4861a7f71d3afef' prefix cache miss — 18 cut(s) probed against 108 entries; the nearest entry (position 33316) shares the first 22 of the prompt's 33241 tokens (the prompt differs from it from that token on)
2026-09-22 01:42:51.493 INFO  sched: request 'chatcmpl-f4861a7f71d3afef' prefilling in slot 0 (2048 tokens/tick)
2026-09-22 01:42:55.518 INFO  stats: rank 2 | 10.7 s | decode 0.1 tok/s, 0.0 ms/tok, 0.0 ms/step (0 steps / 1 tok, 0 % of wall) | prefill 1 prompt / 12841 tok, 1202 tok/s, 0.83 ms/tok, 10675 ms avg (100 % of wall), 0 tok cached (0/1 hit) | live 1, queued 0 | pool 1241/6144 blocks (20 %) | prefix cache 108/232 entries | 1 prefilling
2026-09-22 01:43:06.219 INFO  stats: rank 2 | 10.7 s | decode 0.0 tok/s, 0.0 ms/tok, 0.0 ms/step (0 steps / 0 tok, 0 % of wall) | prefill 0 prompts / 14336 tok, 1340 tok/s, 0.75 ms/tok (100 % of wall), 0 tok cached (0/0 hits) | live 1, queued 0 | pool 1241/6144 blocks (20 %) | prefix cache 108/232 entries | 1 prefilling
2026-09-22 01:43:17.377 INFO  stats: rank 2 | 11.2 s | decode 0.0 tok/s, 0.0 ms/tok, 0.0 ms/step (0 steps / 0 tok, 0 % of wall) | prefill 0 prompts / 12288 tok, 1101 tok/s, 0.91 ms/tok (100 % of wall), 0 tok cached (0/0 hits) | live 1, queued 0 | pool 1241/6144 blocks (20 %) | prefix cache 108/232 entries | 1 prefilling
2026-09-22 01:43:18.138 INFO  sched: request 'chatcmpl-f4861a7f71d3afef' admitted to slot 0 (reserve 260 blocks; pool 1242/6144 blocks in use) — first token 785
2026-09-22 01:43:18.139 INFO  sched: request 'chatcmpl-f4861a7f71d3afef' retired (steps): 1 tok in 26.6 s — prefill 33241 tok (0 cached) in 26638 ms; decode 0 tok / 0 passes in 0.0 s
2026-09-22 01:43:18.240 INFO  sched: request 'chatcmpl-f4861a7f71d3aff0' admitted to slot 0 (reserve 1 blocks; pool 1242/6144 blocks in use) — first token 785
2026-09-22 01:43:19.331 INFO  sched: request 'chatcmpl-f4861a7f71d3aff0' retired (steps): 64 tok in 1.1 s — prefill 62 tok (60 cached) in 52 ms; decode 63 tok / 34 passes in 1.0 s: 60.6 tok/s, 16.5 ms/tok, 31 ms/pass, 1.85 tok/pass, accept p1 85 %
2026-09-22 01:43:19.417 INFO  sched: request 'chatcmpl-f4861a7f71d3aff1' admitted to slot 0 (reserve 3 blocks; pool 1244/6144 blocks in use) — first token 785
2026-09-22 01:43:23.824 INFO  rank 2: slot 0 closed: 139 sampled decode steps, 0 fallbacks
2026-09-22 01:43:23.824 INFO  sched: request 'chatcmpl-f4861a7f71d3aff1' retired (steps): 256 tok in 4.4 s — prefill 37 tok (32 cached) in 69 ms; decode 255 tok / 139 passes in 4.3 s: 58.8 tok/s, 17.0 ms/tok, 31 ms/pass, 1.83 tok/pass, accept p1 83 %
2026-09-22 01:43:23.909 INFO  sched: request 'chatcmpl-f4861a7f71d3aff2' admitted to slot 0 (reserve 3 blocks; pool 1247/6144 blocks in use) — first token 785
2026-09-22 01:43:27.393 INFO  stats: rank 2 | 10.0 s | decode 52.6 tok/s, 17.0 ms/tok, 31.6 ms/step (283 steps / 527 tok, 89 % of wall) | mtp 1.86 tok/step/req, accept p1 85 % | prefill 4 prompts / 485 tok, 48 tok/s, 1.96 ms/tok, 237 ms avg (9 % of wall), 124 tok cached (3/3 hits) | live 1, queued 0 | pool 1248/6144 blocks (20 %) | prefix cache 111/232 entries
2026-09-22 01:43:28.279 INFO  rank 2: slot 0 closed: 138 sampled decode steps, 0 fallbacks
2026-09-22 01:43:28.280 INFO  sched: request 'chatcmpl-f4861a7f71d3aff2' retired (steps): 256 tok in 4.4 s — prefill 37 tok (32 cached) in 68 ms; decode 255 tok / 138 passes in 4.3 s: 59.3 tok/s, 16.9 ms/tok, 31 ms/pass, 1.85 tok/pass, accept p1 86 %
2026-09-22 01:43:28.376 INFO  sched: request 'chatcmpl-f4861a7f71d3aff3' admitted to slot 0 (reserve 3 blocks; pool 1250/6144 blocks in use) — first token 785
2026-09-22 01:43:32.759 INFO  rank 2: slot 0 closed: 138 sampled decode steps, 0 fallbacks
2026-09-22 01:43:32.760 INFO  sched: request 'chatcmpl-f4861a7f71d3aff3' retired (steps): 256 tok in 4.4 s — prefill 37 tok (32 cached) in 68 ms; decode 255 tok / 138 passes in 4.3 s: 59.1 tok/s, 16.9 ms/tok, 31 ms/pass, 1.85 tok/pass, accept p1 85 %
2026-09-22 01:43:32.834 INFO  sched: request 'chatcmpl-f4861a7f71d3aff4' admitted to slot 0 (reserve 3 blocks; pool 1253/6144 blocks in use) — first token 785
2026-09-22 01:43:32.928 INFO  sched: request 'chatcmpl-f4861a7f71d3aff5' admitted to slot 1 (reserve 3 blocks; pool 1257/6144 blocks in use) — first token 785
2026-09-22 01:43:33.030 INFO  sched: request 'chatcmpl-f4861a7f71d3aff6' admitted to slot 2 (reserve 3 blocks; pool 1261/6144 blocks in use) — first token 785
2026-09-22 01:43:33.152 INFO  sched: request 'chatcmpl-f4861a7f71d3aff7' admitted to slot 3 (reserve 3 blocks; pool 1265/6144 blocks in use) — first token 785
2026-09-22 01:43:37.449 INFO  stats: rank 2 | 10.1 s | decode 80.3 tok/s, 12.0 ms/tok, 40.9 ms/step (236 steps / 807 tok, 96 % of wall) | mtp 1.83 tok/step/req, accept p1 82 % | prefill 5 prompts / 20 tok, 2 tok/s, 15.72 ms/tok, 63 ms avg (3 % of wall), 156 tok cached (5/5 hits) | live 4, queued 0 | pool 1266/6144 blocks (21 %) | prefix cache 113/232 entries
2026-09-22 01:43:42.208 INFO  rank 2: slot 2 closed: 140 sampled decode steps, 0 fallbacks
2026-09-22 01:43:42.208 INFO  sched: request 'chatcmpl-f4861a7f71d3aff6' retired (steps): 256 tok in 9.2 s — prefill 35 tok (32 cached) in 58 ms; decode 255 tok / 140 passes in 9.1 s: 28.0 tok/s, 35.8 ms/tok, 65 ms/pass, 1.82 tok/pass, accept p1 83 %
2026-09-22 01:43:42.338 INFO  rank 2: slot 1 closed: 143 sampled decode steps, 0 fallbacks
2026-09-22 01:43:42.339 INFO  sched: request 'chatcmpl-f4861a7f71d3aff5' retired (steps): 256 tok in 9.4 s — prefill 36 tok (32 cached) in 61 ms; decode 255 tok / 143 passes in 9.4 s: 27.3 tok/s, 36.7 ms/tok, 65 ms/pass, 1.78 tok/pass, accept p1 79 %
2026-09-22 01:43:42.405 INFO  rank 2: slot 3 closed: 142 sampled decode steps, 0 fallbacks
2026-09-22 01:43:42.405 INFO  sched: request 'chatcmpl-f4861a7f71d3aff7' retired (steps): 256 tok in 9.3 s — prefill 32 tok (28 cached) in 64 ms; decode 255 tok / 142 passes in 9.2 s: 27.7 tok/s, 36.0 ms/tok, 65 ms/pass, 1.80 tok/pass, accept p1 80 %
2026-09-22 01:43:42.706 INFO  rank 2: slot 0 closed: 153 sampled decode steps, 6 fallbacks
2026-09-22 01:43:42.706 INFO  sched: request 'chatcmpl-f4861a7f71d3aff4' retired (steps): 256 tok in 9.9 s — prefill 36 tok (32 cached) in 64 ms; decode 255 tok / 153 passes in 9.8 s: 26.0 tok/s, 38.5 ms/tok, 64 ms/pass, 1.67 tok/pass, accept p1 67 %
2026-09-22 01:43:42.781 INFO  sched: request 'chatcmpl-f4861a7f71d3aff8' admitted to slot 0 (reserve 3 blocks; pool 1265/6144 blocks in use) — first token 785
2026-09-22 01:43:42.875 INFO  sched: request 'chatcmpl-f4861a7f71d3aff9' admitted to slot 1 (reserve 3 blocks; pool 1269/6144 blocks in use) — first token 785
2026-09-22 01:43:42.977 INFO  sched: request 'chatcmpl-f4861a7f71d3affa' admitted to slot 2 (reserve 3 blocks; pool 1273/6144 blocks in use) — first token 785
2026-09-22 01:43:43.097 INFO  sched: request 'chatcmpl-f4861a7f71d3affb' admitted to slot 3 (reserve 3 blocks; pool 1277/6144 blocks in use) — first token 785
2026-09-22 01:43:47.457 INFO  stats: rank 2 | 10.0 s | decode 103.5 tok/s, 9.4 ms/tok, 63.3 ms/step (153 steps / 1036 tok, 97 % of wall) | mtp 1.79 tok/step/req, accept p1 79 % | prefill 4 prompts / 15 tok, 1 tok/s, 16.39 ms/tok, 61 ms avg (2 % of wall), 124 tok cached (4/4 hits) | live 4, queued 0 | pool 1278/6144 blocks (21 %) | prefix cache 117/232 entries
2026-09-22 01:43:52.141 INFO  rank 2: slot 0 closed: 141 sampled decode steps, 1 fallbacks
2026-09-22 01:43:52.141 INFO  sched: request 'chatcmpl-f4861a7f71d3aff8' retired (steps): 256 tok in 9.4 s — prefill 36 tok (32 cached) in 65 ms; decode 255 tok / 141 passes in 9.3 s: 27.4 tok/s, 36.5 ms/tok, 66 ms/pass, 1.81 tok/pass, accept p1 81 %
2026-09-22 01:43:52.335 INFO  rank 2: slot 1 closed: 143 sampled decode steps, 0 fallbacks
2026-09-22 01:43:52.335 INFO  sched: request 'chatcmpl-f4861a7f71d3aff9' retired (steps): 256 tok in 9.5 s — prefill 36 tok (32 cached) in 61 ms; decode 255 tok / 143 passes in 9.4 s: 27.1 tok/s, 36.9 ms/tok, 66 ms/pass, 1.78 tok/pass, accept p1 78 %
2026-09-22 01:43:52.405 INFO  rank 2: slot 3 closed: 142 sampled decode steps, 4 fallbacks
2026-09-22 01:43:52.405 INFO  sched: request 'chatcmpl-f4861a7f71d3affb' retired (steps): 256 tok in 9.3 s — prefill 32 tok (28 cached) in 63 ms; decode 255 tok / 142 passes in 9.2 s: 27.6 tok/s, 36.3 ms/tok, 65 ms/pass, 1.80 tok/pass, accept p1 80 %
2026-09-22 01:43:52.439 INFO  rank 2: slot 2 closed: 144 sampled decode steps, 2 fallbacks
2026-09-22 01:43:52.439 INFO  sched: request 'chatcmpl-f4861a7f71d3affa' retired (steps): 256 tok in 9.5 s — prefill 35 tok (32 cached) in 57 ms; decode 255 tok / 144 passes in 9.4 s: 27.1 tok/s, 36.9 ms/tok, 65 ms/pass, 1.77 tok/pass, accept p1 77 %
2026-09-22 01:43:52.526 INFO  sched: request 'chatcmpl-f4861a7f71d3affc' admitted to slot 0 (reserve 3 blocks; pool 1277/6144 blocks in use) — first token 785
2026-09-22 01:43:52.621 INFO  sched: request 'chatcmpl-f4861a7f71d3affd' admitted to slot 1 (reserve 3 blocks; pool 1281/6144 blocks in use) — first token 785
2026-09-22 01:43:52.724 INFO  sched: request 'chatcmpl-f4861a7f71d3affe' admitted to slot 2 (reserve 3 blocks; pool 1285/6144 blocks in use) — first token 785
2026-09-22 01:43:52.845 INFO  sched: request 'chatcmpl-f4861a7f71d3afff' admitted to slot 3 (reserve 3 blocks; pool 1289/6144 blocks in use) — first token 785
2026-09-22 01:43:57.463 INFO  stats: rank 2 | 10.0 s | decode 104.5 tok/s, 9.3 ms/tok, 64.5 ms/step (150 steps / 1046 tok, 97 % of wall) | mtp 1.78 tok/step/req, accept p1 78 % | prefill 4 prompts / 15 tok, 1 tok/s, 16.63 ms/tok, 62 ms avg (2 % of wall), 124 tok cached (4/4 hits) | live 4, queued 0 | pool 1290/6144 blocks (21 %) | prefix cache 121/232 entries
2026-09-22 01:44:02.077 INFO  rank 2: slot 3 closed: 141 sampled decode steps, 0 fallbacks
2026-09-22 01:44:02.077 INFO  sched: request 'chatcmpl-f4861a7f71d3afff' retired (steps): 256 tok in 9.2 s — prefill 32 tok (28 cached) in 64 ms; decode 255 tok / 141 passes in 9.2 s: 27.8 tok/s, 36.0 ms/tok, 65 ms/pass, 1.81 tok/pass, accept p1 81 %
2026-09-22 01:44:02.077 INFO  rank 2: slot 0 closed: 144 sampled decode steps, 1 fallbacks
2026-09-22 01:44:02.077 INFO  sched: request 'chatcmpl-f4861a7f71d3affc' retired (steps): 256 tok in 9.6 s — prefill 36 tok (32 cached) in 66 ms; decode 255 tok / 144 passes in 9.5 s: 26.9 tok/s, 37.2 ms/tok, 66 ms/pass, 1.77 tok/pass, accept p1 77 %
2026-09-22 01:44:02.191 INFO  rank 2: slot 2 closed: 144 sampled decode steps, 4 fallbacks
2026-09-22 01:44:02.191 INFO  sched: request 'chatcmpl-f4861a7f71d3affe' retired (steps): 256 tok in 9.5 s — prefill 35 tok (32 cached) in 59 ms; decode 255 tok / 144 passes in 9.4 s: 27.1 tok/s, 36.9 ms/tok, 65 ms/pass, 1.77 tok/pass, accept p1 77 %
2026-09-22 01:44:02.354 INFO  rank 2: slot 1 closed: 150 sampled decode steps, 0 fallbacks
2026-09-22 01:44:02.354 INFO  sched: request 'chatcmpl-f4861a7f71d3affd' retired (steps): 256 tok in 9.7 s — prefill 36 tok (32 cached) in 60 ms; decode 255 tok / 150 passes in 9.7 s: 26.4 tok/s, 37.9 ms/tok, 64 ms/pass, 1.70 tok/pass, accept p1 71 %
2026-09-22 01:44:02.439 INFO  sched: request 'chatcmpl-f4861a7f71d3b000' admitted to slot 0 (reserve 3 blocks; pool 1289/6144 blocks in use) — first token 785
2026-09-22 01:44:06.692 INFO  rank 2: slot 0 closed: 131 sampled decode steps, 0 fallbacks
2026-09-22 01:44:06.692 INFO  sched: request 'chatcmpl-f4861a7f71d3b000' retired (steps): 256 tok in 4.3 s — prefill 51 tok (48 cached) in 58 ms; decode 255 tok / 131 passes in 4.2 s: 60.8 tok/s, 16.4 ms/tok, 32 ms/pass, 1.95 tok/pass, accept p1 95 %
2026-09-22 01:44:06.778 INFO  sched: request 'chatcmpl-f4861a7f71d3b001' admitted to slot 0 (reserve 3 blocks; pool 1292/6144 blocks in use) — first token 785
2026-09-22 01:44:07.495 INFO  stats: rank 2 | 10.0 s | decode 78.6 tok/s, 12.4 ms/tok, 42.7 ms/step (230 steps / 789 tok, 98 % of wall) | mtp 1.79 tok/step/req, accept p1 79 % | prefill 2 prompts / 6 tok, 1 tok/s, 19.47 ms/tok, 58 ms avg (1 % of wall), 96 tok cached (2/2 hits) | live 1, queued 0 | pool 1293/6144 blocks (21 %) | prefix cache 126/232 entries
2026-09-22 01:44:11.007 INFO  rank 2: slot 0 closed: 130 sampled decode steps, 0 fallbacks
2026-09-22 01:44:11.007 INFO  sched: request 'chatcmpl-f4861a7f71d3b001' retired (steps): 256 tok in 4.2 s — prefill 51 tok (48 cached) in 59 ms; decode 255 tok / 130 passes in 4.2 s: 61.1 tok/s, 16.4 ms/tok, 32 ms/pass, 1.96 tok/pass, accept p1 97 %
2026-09-22 01:44:11.074 INFO  sched: request 'chatcmpl-f4861a7f71d3b002' admitted to slot 0 (reserve 3 blocks; pool 1295/6144 blocks in use) — first token 785
2026-09-22 01:44:15.356 INFO  rank 2: slot 0 closed: 132 sampled decode steps, 0 fallbacks
2026-09-22 01:44:15.357 INFO  sched: request 'chatcmpl-f4861a7f71d3b002' retired (steps): 256 tok in 4.3 s — prefill 51 tok (48 cached) in 57 ms; decode 255 tok / 132 passes in 4.2 s: 60.3 tok/s, 16.6 ms/tok, 32 ms/pass, 1.93 tok/pass, accept p1 94 %
2026-09-22 01:44:15.437 INFO  sched: request 'chatcmpl-f4861a7f71d3b003' admitted to slot 0 (reserve 3 blocks; pool 1298/6144 blocks in use) — first token 785
2026-09-22 01:44:15.526 INFO  sched: request 'chatcmpl-f4861a7f71d3b004' admitted to slot 1 (reserve 3 blocks; pool 1301/6144 blocks in use) — first token 785
2026-09-22 01:44:15.641 INFO  sched: request 'chatcmpl-f4861a7f71d3b005' admitted to slot 2 (reserve 3 blocks; pool 1306/6144 blocks in use) — first token 785
2026-09-22 01:44:15.753 INFO  sched: request 'chatcmpl-f4861a7f71d3b006' admitted to slot 3 (reserve 3 blocks; pool 1309/6144 blocks in use) — first token 785
2026-09-22 01:44:17.552 INFO  stats: rank 2 | 10.1 s | decode 68.3 tok/s, 14.1 ms/tok, 35.9 ms/step (270 steps / 687 tok, 96 % of wall) | mtp 1.94 tok/step/req, accept p1 93 % | prefill 5 prompts / 16 tok, 2 tok/s, 18.23 ms/tok, 58 ms avg (3 % of wall), 212 tok cached (5/5 hits) | live 4, queued 0 | pool 1311/6144 blocks (21 %) | prefix cache 128/232 entries
2026-09-22 01:44:24.684 INFO  rank 2: slot 2 closed: 133 sampled decode steps, 0 fallbacks
2026-09-22 01:44:24.684 INFO  sched: request 'chatcmpl-f4861a7f71d3b005' retired (steps): 256 tok in 9.0 s — prefill 45 tok (40 cached) in 69 ms; decode 255 tok / 133 passes in 9.0 s: 28.4 tok/s, 35.2 ms/tok, 67 ms/pass, 1.92 tok/pass, accept p1 92 %
2026-09-22 01:44:24.883 INFO  rank 2: slot 3 closed: 135 sampled decode steps, 0 fallbacks
2026-09-22 01:44:24.883 INFO  sched: request 'chatcmpl-f4861a7f71d3b006' retired (steps): 256 tok in 9.1 s — prefill 51 tok (48 cached) in 56 ms; decode 255 tok / 135 passes in 9.1 s: 28.1 tok/s, 35.6 ms/tok, 67 ms/pass, 1.89 tok/pass, accept p1 90 %
2026-09-22 01:44:24.976 INFO  rank 2: slot 1 closed: 139 sampled decode steps, 0 fallbacks
2026-09-22 01:44:24.976 INFO  sched: request 'chatcmpl-f4861a7f71d3b004' retired (steps): 256 tok in 9.5 s — prefill 47 tok (44 cached) in 56 ms; decode 255 tok / 139 passes in 9.4 s: 27.1 tok/s, 36.8 ms/tok, 68 ms/pass, 1.83 tok/pass, accept p1 84 %
2026-09-22 01:44:24.976 INFO  rank 2: slot 0 closed: 140 sampled decode steps, 0 fallbacks
2026-09-22 01:44:24.976 INFO  sched: request 'chatcmpl-f4861a7f71d3b003' retired (steps): 256 tok in 9.5 s — prefill 34 tok (32 cached) in 53 ms; decode 255 tok / 140 passes in 9.5 s: 26.9 tok/s, 37.2 ms/tok, 68 ms/pass, 1.82 tok/pass, accept p1 83 %
2026-09-22 01:44:25.050 INFO  sched: request 'chatcmpl-f4861a7f71d3b007' admitted to slot 0 (reserve 3 blocks; pool 1310/6144 blocks in use) — first token 785
2026-09-22 01:44:25.134 INFO  sched: request 'chatcmpl-f4861a7f71d3b008' admitted to slot 1 (reserve 3 blocks; pool 1314/6144 blocks in use) — first token 785
2026-09-22 01:44:25.235 INFO  sched: request 'chatcmpl-f4861a7f71d3b009' admitted to slot 2 (reserve 3 blocks; pool 1317/6144 blocks in use) — first token 785
2026-09-22 01:44:25.362 INFO  sched: request 'chatcmpl-f4861a7f71d3b00a' admitted to slot 3 (reserve 3 blocks; pool 1322/6144 blocks in use) — first token 785
2026-09-22 01:44:27.560 INFO  stats: rank 2 | 10.0 s | decode 106.9 tok/s, 9.1 ms/tok, 66.4 ms/step (146 steps / 1070 tok, 97 % of wall) | mtp 1.87 tok/step/req, accept p1 87 % | prefill 4 prompts / 13 tok, 1 tok/s, 17.88 ms/tok, 58 ms avg (2 % of wall), 164 tok cached (4/4 hits) | live 4, queued 0 | pool 1323/6144 blocks (22 %) | prefix cache 132/232 entries
2026-09-22 01:44:34.513 INFO  rank 2: slot 0 closed: 139 sampled decode steps, 0 fallbacks
2026-09-22 01:44:34.513 INFO  sched: request 'chatcmpl-f4861a7f71d3b007' retired (steps): 256 tok in 9.5 s — prefill 51 tok (48 cached) in 58 ms; decode 255 tok / 139 passes in 9.4 s: 27.1 tok/s, 36.9 ms/tok, 68 ms/pass, 1.83 tok/pass, accept p1 83 %
2026-09-22 01:44:34.647 INFO  rank 2: slot 2 closed: 139 sampled decode steps, 0 fallbacks
2026-09-22 01:44:34.647 INFO  sched: request 'chatcmpl-f4861a7f71d3b009' retired (steps): 256 tok in 9.4 s — prefill 47 tok (44 cached) in 56 ms; decode 255 tok / 139 passes in 9.4 s: 27.3 tok/s, 36.7 ms/tok, 67 ms/pass, 1.83 tok/pass, accept p1 84 %
2026-09-22 01:44:34.712 INFO  rank 2: slot 1 closed: 141 sampled decode steps, 0 fallbacks
2026-09-22 01:44:34.713 INFO  sched: request 'chatcmpl-f4861a7f71d3b008' retired (steps): 256 tok in 9.6 s — prefill 34 tok (32 cached) in 50 ms; decode 255 tok / 141 passes in 9.5 s: 26.8 tok/s, 37.4 ms/tok, 68 ms/pass, 1.81 tok/pass, accept p1 81 %
2026-09-22 01:44:34.713 INFO  rank 2: slot 3 closed: 139 sampled decode steps, 0 fallbacks
2026-09-22 01:44:34.713 INFO  sched: request 'chatcmpl-f4861a7f71d3b00a' retired (steps): 256 tok in 9.4 s — prefill 45 tok (40 cached) in 68 ms; decode 255 tok / 139 passes in 9.3 s: 27.5 tok/s, 36.4 ms/tok, 67 ms/pass, 1.83 tok/pass, accept p1 84 %
2026-09-22 01:44:34.787 INFO  sched: request 'chatcmpl-f4861a7f71d3b00b' admitted to slot 0 (reserve 3 blocks; pool 1322/6144 blocks in use) — first token 785
2026-09-22 01:44:34.886 INFO  sched: request 'chatcmpl-f4861a7f71d3b00c' admitted to slot 1 (reserve 3 blocks; pool 1326/6144 blocks in use) — first token 785
2026-09-22 01:44:34.981 INFO  sched: request 'chatcmpl-f4861a7f71d3b00d' admitted to slot 2 (reserve 3 blocks; pool 1329/6144 blocks in use) — first token 785
2026-09-22 01:44:35.095 INFO  sched: request 'chatcmpl-f4861a7f71d3b00e' admitted to slot 3 (reserve 3 blocks; pool 1333/6144 blocks in use) — first token 785
2026-09-22 01:44:37.598 INFO  stats: rank 2 | 10.0 s | decode 105.9 tok/s, 9.2 ms/tok, 66.2 ms/step (147 steps / 1063 tok, 97 % of wall) | mtp 1.84 tok/step/req, accept p1 84 % | prefill 4 prompts / 13 tok, 1 tok/s, 17.83 ms/tok, 58 ms avg (2 % of wall), 164 tok cached (4/4 hits) | live 4, queued 0 | pool 1334/6144 blocks (22 %) | prefix cache 136/232 entries
2026-09-22 01:44:44.287 INFO  rank 2: slot 1 closed: 139 sampled decode steps, 0 fallbacks
2026-09-22 01:44:44.288 INFO  sched: request 'chatcmpl-f4861a7f71d3b00c' retired (steps): 256 tok in 9.4 s — prefill 45 tok (40 cached) in 66 ms; decode 255 tok / 139 passes in 9.3 s: 27.3 tok/s, 36.6 ms/tok, 67 ms/pass, 1.83 tok/pass, accept p1 83 %
2026-09-22 01:44:44.420 INFO  rank 2: slot 0 closed: 142 sampled decode steps, 0 fallbacks
2026-09-22 01:44:44.420 INFO  sched: request 'chatcmpl-f4861a7f71d3b00b' retired (steps): 256 tok in 9.6 s — prefill 51 tok (48 cached) in 58 ms; decode 255 tok / 142 passes in 9.6 s: 26.6 tok/s, 37.6 ms/tok, 67 ms/pass, 1.80 tok/pass, accept p1 80 %
2026-09-22 01:44:44.487 INFO  rank 2: slot 3 closed: 140 sampled decode steps, 0 fallbacks
2026-09-22 01:44:44.487 INFO  sched: request 'chatcmpl-f4861a7f71d3b00e' retired (steps): 256 tok in 9.4 s — prefill 47 tok (44 cached) in 57 ms; decode 255 tok / 140 passes in 9.3 s: 27.3 tok/s, 36.6 ms/tok, 67 ms/pass, 1.82 tok/pass, accept p1 83 %
2026-09-22 01:44:44.687 INFO  rank 2: slot 2 closed: 147 sampled decode steps, 0 fallbacks
2026-09-22 01:44:44.687 INFO  sched: request 'chatcmpl-f4861a7f71d3b00d' retired (steps): 256 tok in 9.7 s — prefill 34 tok (32 cached) in 50 ms; decode 255 tok / 147 passes in 9.7 s: 26.4 tok/s, 37.9 ms/tok, 66 ms/pass, 1.73 tok/pass, accept p1 73 %
2026-09-22 01:44:44.767 INFO  sched: request 'chatcmpl-f4861a7f71d3b00f' admitted to slot 0 (reserve 3 blocks; pool 1334/6144 blocks in use) — first token 785
2026-09-22 01:44:47.624 INFO  stats: rank 2 | 10.0 s | decode 89.0 tok/s, 11.1 ms/tok, 50.2 ms/step (197 steps / 892 tok, 99 % of wall) | mtp 1.79 tok/step/req, accept p1 79 % | prefill 1 prompt / 2 tok, 0 tok/s, 26.33 ms/tok, 53 ms avg (1 % of wall), 44 tok cached (1/1 hit) | live 1, queued 0 | pool 1335/6144 blocks (22 %) | prefix cache 140/232 entries
2026-09-22 01:44:48.961 INFO  rank 2: slot 0 closed: 131 sampled decode steps, 0 fallbacks
2026-09-22 01:44:48.961 INFO  sched: request 'chatcmpl-f4861a7f71d3b00f' retired (steps): 256 tok in 4.2 s — prefill 46 tok (44 cached) in 53 ms; decode 255 tok / 131 passes in 4.1 s: 61.6 tok/s, 16.2 ms/tok, 32 ms/pass, 1.95 tok/pass, accept p1 95 %
2026-09-22 01:44:49.031 INFO  sched: request 'chatcmpl-f4861a7f71d3b010' admitted to slot 0 (reserve 3 blocks; pool 1337/6144 blocks in use) — first token 785
2026-09-22 01:44:53.222 INFO  rank 2: slot 0 closed: 131 sampled decode steps, 0 fallbacks
2026-09-22 01:44:53.223 INFO  sched: request 'chatcmpl-f4861a7f71d3b010' retired (steps): 256 tok in 4.2 s — prefill 46 tok (44 cached) in 53 ms; decode 255 tok / 131 passes in 4.1 s: 61.6 tok/s, 16.2 ms/tok, 32 ms/pass, 1.95 tok/pass, accept p1 95 %
2026-09-22 01:44:53.298 INFO  sched: request 'chatcmpl-f4861a7f71d3b011' admitted to slot 0 (reserve 3 blocks; pool 1340/6144 blocks in use) — first token 785
2026-09-22 01:44:57.512 INFO  rank 2: slot 0 closed: 132 sampled decode steps, 0 fallbacks
2026-09-22 01:44:57.512 INFO  sched: request 'chatcmpl-f4861a7f71d3b011' retired (steps): 256 tok in 4.2 s — prefill 46 tok (44 cached) in 53 ms; decode 255 tok / 132 passes in 4.2 s: 61.3 tok/s, 16.3 ms/tok, 32 ms/pass, 1.93 tok/pass, accept p1 94 %
2026-09-22 01:44:57.597 INFO  sched: request 'chatcmpl-f4861a7f71d3b012' admitted to slot 0 (reserve 3 blocks; pool 1343/6144 blocks in use) — first token 785
2026-09-22 01:44:57.629 INFO  stats: rank 2 | 10.0 s | decode 59.9 tok/s, 16.3 ms/tok, 31.8 ms/step (306 steps / 599 tok, 97 % of wall) | mtp 1.96 tok/step/req, accept p1 95 % | prefill 3 prompts / 6 tok, 1 tok/s, 26.42 ms/tok, 53 ms avg (2 % of wall), 120 tok cached (3/3 hits) | live 1, queued 3 | pool 1343/6144 blocks (22 %) | prefix cache 143/232 entries
2026-09-22 01:44:57.687 INFO  sched: request 'chatcmpl-f4861a7f71d3b013' admitted to slot 1 (reserve 3 blocks; pool 1346/6144 blocks in use) — first token 785
2026-09-22 01:44:57.785 INFO  sched: request 'chatcmpl-f4861a7f71d3b014' admitted to slot 2 (reserve 3 blocks; pool 1351/6144 blocks in use) — first token 785
2026-09-22 01:44:57.911 INFO  sched: request 'chatcmpl-f4861a7f71d3b015' admitted to slot 3 (reserve 3 blocks; pool 1354/6144 blocks in use) — first token 785
2026-09-22 01:45:06.339 INFO  rank 2: slot 0 closed: 129 sampled decode steps, 0 fallbacks
2026-09-22 01:45:06.340 INFO  sched: request 'chatcmpl-f4861a7f71d3b012' retired (steps): 256 tok in 8.7 s — prefill 34 tok (32 cached) in 53 ms; decode 255 tok / 129 passes in 8.7 s: 29.3 tok/s, 34.1 ms/tok, 67 ms/pass, 1.98 tok/pass, accept p1 98 %
2026-09-22 01:45:06.602 INFO  rank 2: slot 3 closed: 130 sampled decode steps, 0 fallbacks
2026-09-22 01:45:06.603 INFO  sched: request 'chatcmpl-f4861a7f71d3b015' retired (steps): 256 tok in 8.7 s — prefill 45 tok (40 cached) in 70 ms; decode 255 tok / 130 passes in 8.6 s: 29.6 tok/s, 33.8 ms/tok, 66 ms/pass, 1.96 tok/pass, accept p1 97 %
2026-09-22 01:45:06.699 INFO  rank 2: slot 2 closed: 132 sampled decode steps, 0 fallbacks
2026-09-22 01:45:06.700 INFO  sched: request 'chatcmpl-f4861a7f71d3b014' retired (steps): 256 tok in 8.9 s — prefill 46 tok (44 cached) in 53 ms; decode 255 tok / 132 passes in 8.9 s: 28.8 tok/s, 34.8 ms/tok, 67 ms/pass, 1.93 tok/pass, accept p1 93 %
2026-09-22 01:45:07.155 INFO  rank 2: slot 1 closed: 147 sampled decode steps, 0 fallbacks
2026-09-22 01:45:07.156 INFO  sched: request 'chatcmpl-f4861a7f71d3b013' retired (steps): 256 tok in 9.5 s — prefill 47 tok (44 cached) in 56 ms; decode 255 tok / 147 passes in 9.4 s: 27.1 tok/s, 36.9 ms/tok, 64 ms/pass, 1.73 tok/pass, accept p1 73 %
2026-09-22 01:45:07.236 INFO  sched: request 'chatcmpl-f4861a7f71d3b016' admitted to slot 0 (reserve 3 blocks; pool 1355/6144 blocks in use) — first token 785
2026-09-22 01:45:07.336 INFO  sched: request 'chatcmpl-f4861a7f71d3b017' admitted to slot 1 (reserve 3 blocks; pool 1359/6144 blocks in use) — first token 785
2026-09-22 01:45:07.433 INFO  sched: request 'chatcmpl-f4861a7f71d3b018' admitted to slot 2 (reserve 3 blocks; pool 1362/6144 blocks in use) — first token 785
2026-09-22 01:45:07.542 INFO  sched: request 'chatcmpl-f4861a7f71d3b019' admitted to slot 3 (reserve 3 blocks; pool 1366/6144 blocks in use) — first token 785
2026-09-22 01:45:07.671 INFO  stats: rank 2 | 10.0 s | decode 104.9 tok/s, 9.0 ms/tok, 62.6 ms/step (152 steps / 1053 tok, 95 % of wall) | mtp 1.91 tok/step/req, accept p1 90 % | prefill 7 prompts / 22 tok, 2 tok/s, 18.56 ms/tok, 58 ms avg (4 % of wall), 288 tok cached (7/7 hits) | live 4, queued 0 | pool 1368/6144 blocks (22 %) | prefix cache 147/232 entries
2026-09-22 01:45:16.057 INFO  rank 2: slot 1 closed: 129 sampled decode steps, 0 fallbacks
2026-09-22 01:45:16.059 INFO  sched: request 'chatcmpl-f4861a7f71d3b017' retired (steps): 256 tok in 8.7 s — prefill 45 tok (40 cached) in 66 ms; decode 255 tok / 129 passes in 8.7 s: 29.5 tok/s, 33.9 ms/tok, 67 ms/pass, 1.98 tok/pass, accept p1 98 %
2026-09-22 01:45:16.125 INFO  rank 2: slot 3 closed: 128 sampled decode steps, 0 fallbacks
2026-09-22 01:45:16.126 INFO  sched: request 'chatcmpl-f4861a7f71d3b019' retired (steps): 256 tok in 8.6 s — prefill 46 tok (44 cached) in 52 ms; decode 255 tok / 128 passes in 8.5 s: 29.9 tok/s, 33.5 ms/tok, 67 ms/pass, 1.99 tok/pass, accept p1 99 %
2026-09-22 01:45:16.178 INFO  rank 2: slot 2 closed: 130 sampled decode steps, 0 fallbacks
2026-09-22 01:45:16.179 INFO  sched: request 'chatcmpl-f4861a7f71d3b018' retired (steps): 256 tok in 8.7 s — prefill 34 tok (32 cached) in 52 ms; decode 255 tok / 130 passes in 8.7 s: 29.3 tok/s, 34.1 ms/tok, 67 ms/pass, 1.96 tok/pass, accept p1 96 %
2026-09-22 01:45:16.470 INFO  rank 2: slot 0 closed: 141 sampled decode steps, 0 fallbacks
2026-09-22 01:45:16.470 INFO  sched: request 'chatcmpl-f4861a7f71d3b016' retired (steps): 256 tok in 9.2 s — prefill 47 tok (44 cached) in 59 ms; decode 255 tok / 141 passes in 9.2 s: 27.8 tok/s, 36.0 ms/tok, 65 ms/pass, 1.81 tok/pass, accept p1 81 %
2026-09-22 01:45:16.544 INFO  sched: request 'chatcmpl-f4861a7f71d3b01a' admitted to slot 0 (reserve 3 blocks; pool 1367/6144 blocks in use) — first token 785
2026-09-22 01:45:16.644 INFO  sched: request 'chatcmpl-f4861a7f71d3b01b' admitted to slot 1 (reserve 3 blocks; pool 1371/6144 blocks in use) — first token 785
2026-09-22 01:45:16.741 INFO  sched: request 'chatcmpl-f4861a7f71d3b01c' admitted to slot 2 (reserve 3 blocks; pool 1374/6144 blocks in use) — first token 785
2026-09-22 01:45:16.850 INFO  sched: request 'chatcmpl-f4861a7f71d3b01d' admitted to slot 3 (reserve 3 blocks; pool 1378/6144 blocks in use) — first token 785
2026-09-22 01:45:17.688 INFO  stats: rank 2 | 10.0 s | decode 110.3 tok/s, 8.8 ms/tok, 63.7 ms/step (152 steps / 1105 tok, 97 % of wall) | mtp 1.93 tok/step/req, accept p1 92 % | prefill 4 prompts / 12 tok, 1 tok/s, 19.07 ms/tok, 57 ms avg (2 % of wall), 160 tok cached (4/4 hits) | live 4, queued 0 | pool 1380/6144 blocks (22 %) | prefix cache 151/232 entries
2026-09-22 01:45:25.408 INFO  rank 2: slot 1 closed: 130 sampled decode steps, 0 fallbacks
2026-09-22 01:45:25.410 INFO  sched: request 'chatcmpl-f4861a7f71d3b01b' retired (steps): 256 tok in 8.8 s — prefill 45 tok (40 cached) in 67 ms; decode 255 tok / 130 passes in 8.7 s: 29.3 tok/s, 34.1 ms/tok, 67 ms/pass, 1.96 tok/pass, accept p1 97 %
2026-09-22 01:45:25.545 INFO  rank 2: slot 2 closed: 131 sampled decode steps, 0 fallbacks
2026-09-22 01:45:25.546 INFO  sched: request 'chatcmpl-f4861a7f71d3b01c' retired (steps): 256 tok in 8.8 s — prefill 46 tok (44 cached) in 52 ms; decode 255 tok / 131 passes in 8.8 s: 29.1 tok/s, 34.3 ms/tok, 67 ms/pass, 1.95 tok/pass, accept p1 95 %
2026-09-22 01:45:25.611 INFO  rank 2: slot 3 closed: 131 sampled decode steps, 0 fallbacks
2026-09-22 01:45:25.612 INFO  sched: request 'chatcmpl-f4861a7f71d3b01d' retired (steps): 256 tok in 8.8 s — prefill 34 tok (32 cached) in 52 ms; decode 255 tok / 131 passes in 8.7 s: 29.3 tok/s, 34.2 ms/tok, 66 ms/pass, 1.95 tok/pass, accept p1 95 %
2026-09-22 01:45:26.168 INFO  rank 2: slot 0 closed: 151 sampled decode steps, 0 fallbacks
2026-09-22 01:45:26.168 INFO  sched: request 'chatcmpl-f4861a7f71d3b01a' retired (steps): 256 tok in 9.6 s — prefill 47 tok (44 cached) in 58 ms; decode 255 tok / 151 passes in 9.6 s: 26.7 tok/s, 37.5 ms/tok, 63 ms/pass, 1.69 tok/pass, accept p1 70 %
2026-09-22 01:45:26.273 INFO  sched: request 'chatcmpl-f4861a7f71d3b01e' admitted to slot 0 (reserve 3 blocks; pool 1379/6144 blocks in use) — first token 1654
2026-09-22 01:45:27.695 INFO  stats: rank 2 | 10.0 s | decode 99.7 tok/s, 9.9 ms/tok, 55.1 ms/step (179 steps / 998 tok, 99 % of wall) | mtp 1.89 tok/step/req, accept p1 89 % | prefill 1 prompt / 4 tok, 0 tok/s, 16.36 ms/tok, 65 ms avg (1 % of wall), 64 tok cached (1/1 hit) | live 1, queued 0 | pool 1380/6144 blocks (22 %) | prefix cache 155/232 entries
2026-09-22 01:45:30.816 INFO  rank 2: slot 0 closed: 141 sampled decode steps, 0 fallbacks
2026-09-22 01:45:30.816 INFO  sched: request 'chatcmpl-f4861a7f71d3b01e' retired (steps): 256 tok in 4.5 s — prefill 68 tok (64 cached) in 65 ms; decode 255 tok / 141 passes in 4.5 s: 57.0 tok/s, 17.6 ms/tok, 32 ms/pass, 1.81 tok/pass, accept p1 81 %
2026-09-22 01:45:30.903 INFO  sched: request 'chatcmpl-f4861a7f71d3b01f' admitted to slot 0 (reserve 3 blocks; pool 1382/6144 blocks in use) — first token 785
2026-09-22 01:45:35.285 INFO  rank 2: slot 0 closed: 136 sampled decode steps, 0 fallbacks
2026-09-22 01:45:35.285 INFO  sched: request 'chatcmpl-f4861a7f71d3b01f' retired (steps): 256 tok in 4.4 s — prefill 68 tok (64 cached) in 65 ms; decode 255 tok / 136 passes in 4.3 s: 59.1 tok/s, 16.9 ms/tok, 32 ms/pass, 1.88 tok/pass, accept p1 88 %
2026-09-22 01:45:35.379 INFO  sched: request 'chatcmpl-f4861a7f71d3b020' admitted to slot 0 (reserve 3 blocks; pool 1385/6144 blocks in use) — first token 785
2026-09-22 01:45:37.698 INFO  stats: rank 2 | 10.0 s | decode 55.8 tok/s, 17.5 ms/tok, 32.1 ms/step (305 steps / 558 tok, 98 % of wall) | mtp 1.83 tok/step/req, accept p1 82 % | prefill 2 prompts / 8 tok, 1 tok/s, 16.44 ms/tok, 66 ms avg (1 % of wall), 128 tok cached (2/2 hits) | live 1, queued 0 | pool 1386/6144 blocks (23 %) | prefix cache 157/232 entries
2026-09-22 01:45:39.779 INFO  rank 2: slot 0 closed: 136 sampled decode steps, 0 fallbacks
2026-09-22 01:45:39.780 INFO  sched: request 'chatcmpl-f4861a7f71d3b020' retired (steps): 256 tok in 4.4 s — prefill 68 tok (64 cached) in 66 ms; decode 255 tok / 136 passes in 4.3 s: 58.8 tok/s, 17.0 ms/tok, 32 ms/pass, 1.88 tok/pass, accept p1 88 %
2026-09-22 01:45:39.870 INFO  sched: request 'chatcmpl-f4861a7f71d3b021' admitted to slot 0 (reserve 3 blocks; pool 1388/6144 blocks in use) — first token 785
2026-09-22 01:45:39.955 INFO  sched: request 'chatcmpl-f4861a7f71d3b022' admitted to slot 1 (reserve 3 blocks; pool 1391/6144 blocks in use) — first token 785
2026-09-22 01:45:40.058 INFO  sched: request 'chatcmpl-f4861a7f71d3b023' admitted to slot 2 (reserve 3 blocks; pool 1395/6144 blocks in use) — first token 785
2026-09-22 01:45:40.181 INFO  sched: request 'chatcmpl-f4861a7f71d3b024' admitted to slot 3 (reserve 3 blocks; pool 1400/6144 blocks in use) — first token 785
2026-09-22 01:45:47.723 INFO  stats: rank 2 | 10.0 s | decode 98.1 tok/s, 9.9 ms/tok, 54.5 ms/step (178 steps / 983 tok, 97 % of wall) | mtp 1.91 tok/step/req, accept p1 91 % | prefill 4 prompts / 12 tok, 1 tok/s, 19.18 ms/tok, 58 ms avg (2 % of wall), 196 tok cached (4/4 hits) | live 4, queued 0 | pool 1401/6144 blocks (23 %) | prefix cache 158/232 entries
2026-09-22 01:45:49.015 INFO  rank 2: slot 1 closed: 132 sampled decode steps, 0 fallbacks
2026-09-22 01:45:49.015 INFO  sched: request 'chatcmpl-f4861a7f71d3b022' retired (steps): 256 tok in 9.1 s — prefill 54 tok (52 cached) in 51 ms; decode 255 tok / 132 passes in 9.0 s: 28.3 tok/s, 35.3 ms/tok, 68 ms/pass, 1.93 tok/pass, accept p1 94 %
2026-09-22 01:45:49.148 INFO  rank 2: slot 2 closed: 133 sampled decode steps, 0 fallbacks
2026-09-22 01:45:49.158 INFO  sched: request 'chatcmpl-f4861a7f71d3b023' retired (steps): 256 tok in 9.1 s — prefill 39 tok (36 cached) in 58 ms; decode 255 tok / 133 passes in 9.0 s: 28.2 tok/s, 35.5 ms/tok, 68 ms/pass, 1.92 tok/pass, accept p1 92 %
2026-09-22 01:45:49.226 INFO  rank 2: slot 3 closed: 133 sampled decode steps, 0 fallbacks
2026-09-22 01:45:49.226 INFO  sched: request 'chatcmpl-f4861a7f71d3b024' retired (steps): 256 tok in 9.0 s — prefill 61 tok (56 cached) in 68 ms; decode 255 tok / 133 passes in 9.0 s: 28.4 tok/s, 35.2 ms/tok, 67 ms/pass, 1.92 tok/pass, accept p1 92 %
2026-09-22 01:45:49.261 INFO  rank 2: slot 0 closed: 137 sampled decode steps, 0 fallbacks
2026-09-22 01:45:49.261 INFO  sched: request 'chatcmpl-f4861a7f71d3b021' retired (steps): 256 tok in 9.4 s — prefill 54 tok (52 cached) in 52 ms; decode 255 tok / 137 passes in 9.3 s: 27.3 tok/s, 36.6 ms/tok, 68 ms/pass, 1.86 tok/pass, accept p1 86 %
2026-09-22 01:45:49.325 INFO  sched: request 'chatcmpl-f4861a7f71d3b025' admitted to slot 0 (reserve 3 blocks; pool 1400/6144 blocks in use) — first token 785
2026-09-22 01:45:49.424 INFO  sched: request 'chatcmpl-f4861a7f71d3b026' admitted to slot 1 (reserve 3 blocks; pool 1403/6144 blocks in use) — first token 1654
2026-09-22 01:45:49.525 INFO  sched: request 'chatcmpl-f4861a7f71d3b027' admitted to slot 2 (reserve 3 blocks; pool 1407/6144 blocks in use) — first token 785
2026-09-22 01:45:49.634 INFO  sched: request 'chatcmpl-f4861a7f71d3b028' admitted to slot 3 (reserve 3 blocks; pool 1411/6144 blocks in use) — first token 785
2026-09-22 01:45:57.762 INFO  stats: rank 2 | 10.0 s | decode 110.0 tok/s, 8.8 ms/tok, 66.7 ms/step (146 steps / 1104 tok, 97 % of wall) | mtp 1.93 tok/step/req, accept p1 93 % | prefill 4 prompts / 12 tok, 1 tok/s, 18.94 ms/tok, 57 ms avg (2 % of wall), 196 tok cached (4/4 hits) | live 4, queued 0 | pool 1413/6144 blocks (23 %) | prefix cache 162/232 entries
2026-09-22 01:45:58.306 INFO  rank 2: slot 0 closed: 131 sampled decode steps, 0 fallbacks
2026-09-22 01:45:58.307 INFO  sched: request 'chatcmpl-f4861a7f71d3b025' retired (steps): 256 tok in 9.0 s — prefill 54 tok (52 cached) in 53 ms; decode 255 tok / 131 passes in 8.9 s: 28.6 tok/s, 35.0 ms/tok, 68 ms/pass, 1.95 tok/pass, accept p1 95 %
2026-09-22 01:45:58.506 INFO  rank 2: slot 2 closed: 132 sampled decode steps, 0 fallbacks
2026-09-22 01:45:58.506 INFO  sched: request 'chatcmpl-f4861a7f71d3b027' retired (steps): 256 tok in 9.0 s — prefill 39 tok (36 cached) in 57 ms; decode 255 tok / 132 passes in 8.9 s: 28.6 tok/s, 35.0 ms/tok, 68 ms/pass, 1.93 tok/pass, accept p1 94 %
2026-09-22 01:45:58.506 INFO  rank 2: slot 3 closed: 131 sampled decode steps, 0 fallbacks
2026-09-22 01:45:58.506 INFO  sched: request 'chatcmpl-f4861a7f71d3b028' retired (steps): 256 tok in 8.9 s — prefill 54 tok (52 cached) in 52 ms; decode 255 tok / 131 passes in 8.8 s: 28.9 tok/s, 34.6 ms/tok, 67 ms/pass, 1.95 tok/pass, accept p1 95 %
2026-09-22 01:45:58.643 INFO  rank 2: slot 1 closed: 137 sampled decode steps, 0 fallbacks
2026-09-22 01:45:58.644 INFO  sched: request 'chatcmpl-f4861a7f71d3b026' retired (steps): 256 tok in 9.2 s — prefill 61 tok (56 cached) in 66 ms; decode 255 tok / 137 passes in 9.2 s: 27.9 tok/s, 35.9 ms/tok, 67 ms/pass, 1.86 tok/pass, accept p1 86 %
2026-09-22 01:45:58.730 INFO  sched: request 'chatcmpl-f4861a7f71d3b029' admitted to slot 0 (reserve 3 blocks; pool 1412/6144 blocks in use) — first token 785
2026-09-22 01:45:58.830 INFO  sched: request 'chatcmpl-f4861a7f71d3b02a' admitted to slot 1 (reserve 3 blocks; pool 1416/6144 blocks in use) — first token 1654
2026-09-22 01:45:58.926 INFO  sched: request 'chatcmpl-f4861a7f71d3b02b' admitted to slot 2 (reserve 3 blocks; pool 1419/6144 blocks in use) — first token 785
2026-09-22 01:45:59.034 INFO  sched: request 'chatcmpl-f4861a7f71d3b02c' admitted to slot 3 (reserve 3 blocks; pool 1423/6144 blocks in use) — first token 1654
2026-09-22 01:46:07.801 INFO  stats: rank 2 | 10.0 s | decode 108.6 tok/s, 8.9 ms/tok, 66.2 ms/step (147 steps / 1090 tok, 97 % of wall) | mtp 1.92 tok/step/req, accept p1 92 % | prefill 4 prompts / 12 tok, 1 tok/s, 19.18 ms/tok, 58 ms avg (2 % of wall), 196 tok cached (4/4 hits) | live 4, queued 0 | pool 1425/6144 blocks (23 %) | prefix cache 166/232 entries
2026-09-22 01:46:07.941 INFO  rank 2: slot 2 closed: 132 sampled decode steps, 0 fallbacks
2026-09-22 01:46:07.942 INFO  sched: request 'chatcmpl-f4861a7f71d3b02b' retired (steps): 256 tok in 9.0 s — prefill 54 tok (52 cached) in 52 ms; decode 255 tok / 132 passes in 9.0 s: 28.4 tok/s, 35.2 ms/tok, 68 ms/pass, 1.93 tok/pass, accept p1 94 %
2026-09-22 01:46:07.942 INFO  rank 2: slot 3 closed: 131 sampled decode steps, 0 fallbacks
2026-09-22 01:46:07.942 INFO  sched: request 'chatcmpl-f4861a7f71d3b02c' retired (steps): 256 tok in 8.9 s — prefill 54 tok (52 cached) in 52 ms; decode 255 tok / 131 passes in 8.9 s: 28.8 tok/s, 34.7 ms/tok, 68 ms/pass, 1.95 tok/pass, accept p1 95 %
2026-09-22 01:46:07.942 INFO  rank 2: slot 0 closed: 134 sampled decode steps, 1 fallbacks
2026-09-22 01:46:07.942 INFO  sched: request 'chatcmpl-f4861a7f71d3b029' retired (steps): 256 tok in 9.2 s — prefill 39 tok (36 cached) in 59 ms; decode 255 tok / 134 passes in 9.2 s: 27.9 tok/s, 35.9 ms/tok, 68 ms/pass, 1.90 tok/pass, accept p1 90 %
2026-09-22 01:46:08.009 INFO  rank 2: slot 1 closed: 135 sampled decode steps, 0 fallbacks
2026-09-22 01:46:08.010 INFO  sched: request 'chatcmpl-f4861a7f71d3b02a' retired (steps): 256 tok in 9.2 s — prefill 61 tok (56 cached) in 67 ms; decode 255 tok / 135 passes in 9.1 s: 28.0 tok/s, 35.7 ms/tok, 68 ms/pass, 1.89 tok/pass, accept p1 89 %
2026-09-22 01:46:08.097 INFO  sched: request 'chatcmpl-f4861a7f71d3b02d' admitted to slot 0 (reserve 3 blocks; pool 1424/6144 blocks in use) — first token 785
2026-09-22 01:46:12.806 INFO  rank 2: slot 0 closed: 147 sampled decode steps, 0 fallbacks
2026-09-22 01:46:12.806 INFO  sched: request 'chatcmpl-f4861a7f71d3b02d' retired (steps): 256 tok in 4.7 s — prefill 40 tok (36 cached) in 66 ms; decode 255 tok / 147 passes in 4.6 s: 54.9 tok/s, 18.2 ms/tok, 32 ms/pass, 1.73 tok/pass, accept p1 74 %
2026-09-22 01:46:12.899 INFO  sched: request 'chatcmpl-f4861a7f71d3b02e' admitted to slot 0 (reserve 3 blocks; pool 1427/6144 blocks in use) — first token 785
2026-09-22 01:46:17.489 INFO  rank 2: slot 0 closed: 143 sampled decode steps, 0 fallbacks
2026-09-22 01:46:17.489 INFO  sched: request 'chatcmpl-f4861a7f71d3b02e' retired (steps): 256 tok in 4.6 s — prefill 40 tok (36 cached) in 66 ms; decode 255 tok / 143 passes in 4.5 s: 56.4 tok/s, 17.7 ms/tok, 32 ms/pass, 1.78 tok/pass, accept p1 79 %
2026-09-22 01:46:17.577 INFO  sched: request 'chatcmpl-f4861a7f71d3b02f' admitted to slot 0 (reserve 3 blocks; pool 1430/6144 blocks in use) — first token 785
2026-09-22 01:46:17.805 INFO  stats: rank 2 | 10.0 s | decode 54.5 tok/s, 17.8 ms/tok, 32.2 ms/step (301 steps / 545 tok, 97 % of wall) | mtp 1.78 tok/step/req, accept p1 78 % | prefill 3 prompts / 12 tok, 1 tok/s, 16.55 ms/tok, 66 ms avg (2 % of wall), 108 tok cached (3/3 hits) | live 1, queued 0 | pool 1431/6144 blocks (23 %) | prefix cache 172/232 entries
2026-09-22 01:46:22.284 INFO  rank 2: slot 0 closed: 147 sampled decode steps, 0 fallbacks
2026-09-22 01:46:22.284 INFO  sched: request 'chatcmpl-f4861a7f71d3b02f' retired (steps): 256 tok in 4.7 s — prefill 40 tok (36 cached) in 67 ms; decode 255 tok / 147 passes in 4.6 s: 55.0 tok/s, 18.2 ms/tok, 32 ms/pass, 1.73 tok/pass, accept p1 73 %
2026-09-22 01:46:22.393 INFO  sched: request 'chatcmpl-f4861a7f71d3b030' admitted to slot 0 (reserve 3 blocks; pool 1433/6144 blocks in use) — first token 785
2026-09-22 01:46:22.495 INFO  sched: request 'chatcmpl-f4861a7f71d3b031' admitted to slot 1 (reserve 3 blocks; pool 1437/6144 blocks in use) — first token 785
2026-09-22 01:46:22.595 INFO  sched: request 'chatcmpl-f4861a7f71d3b032' admitted to slot 2 (reserve 3 blocks; pool 1440/6144 blocks in use) — first token 785
2026-09-22 01:46:22.720 INFO  sched: request 'chatcmpl-f4861a7f71d3b033' admitted to slot 3 (reserve 3 blocks; pool 1445/6144 blocks in use) — first token 785
2026-09-22 01:46:27.833 INFO  stats: rank 2 | 10.0 s | decode 80.5 tok/s, 12.0 ms/tok, 43.9 ms/step (220 steps / 807 tok, 96 % of wall) | mtp 1.78 tok/step/req, accept p1 77 % | prefill 4 prompts / 16 tok, 2 tok/s, 16.06 ms/tok, 64 ms avg (3 % of wall), 136 tok cached (4/4 hits) | live 4, queued 0 | pool 1446/6144 blocks (24 %) | prefix cache 173/232 entries
2026-09-22 01:46:32.057 INFO  rank 2: slot 0 closed: 143 sampled decode steps, 0 fallbacks
2026-09-22 01:46:32.057 INFO  sched: request 'chatcmpl-f4861a7f71d3b030' retired (steps): 256 tok in 9.7 s — prefill 40 tok (36 cached) in 67 ms; decode 255 tok / 143 passes in 9.6 s: 26.6 tok/s, 37.6 ms/tok, 67 ms/pass, 1.78 tok/pass, accept p1 78 %
2026-09-22 01:46:32.189 INFO  rank 2: slot 3 closed: 142 sampled decode steps, 0 fallbacks
2026-09-22 01:46:32.190 INFO  sched: request 'chatcmpl-f4861a7f71d3b033' retired (steps): 256 tok in 9.5 s — prefill 40 tok (36 cached) in 67 ms; decode 255 tok / 142 passes in 9.4 s: 27.1 tok/s, 36.9 ms/tok, 66 ms/pass, 1.80 tok/pass, accept p1 80 %
2026-09-22 01:46:32.243 INFO  rank 2: slot 1 closed: 145 sampled decode steps, 0 fallbacks
2026-09-22 01:46:32.244 INFO  sched: request 'chatcmpl-f4861a7f71d3b031' retired (steps): 256 tok in 9.7 s — prefill 41 tok (36 cached) in 68 ms; decode 255 tok / 145 passes in 9.7 s: 26.3 tok/s, 38.0 ms/tok, 67 ms/pass, 1.76 tok/pass, accept p1 76 %
2026-09-22 01:46:32.278 INFO  rank 2: slot 2 closed: 145 sampled decode steps, 0 fallbacks
2026-09-22 01:46:32.278 INFO  sched: request 'chatcmpl-f4861a7f71d3b032' retired (steps): 256 tok in 9.7 s — prefill 31 tok (28 cached) in 54 ms; decode 255 tok / 145 passes in 9.6 s: 26.5 tok/s, 37.8 ms/tok, 66 ms/pass, 1.76 tok/pass, accept p1 77 %
2026-09-22 01:46:32.367 INFO  sched: request 'chatcmpl-f4861a7f71d3b034' admitted to slot 0 (reserve 3 blocks; pool 1445/6144 blocks in use) — first token 785
2026-09-22 01:46:32.465 INFO  sched: request 'chatcmpl-f4861a7f71d3b035' admitted to slot 1 (reserve 3 blocks; pool 1449/6144 blocks in use) — first token 785
2026-09-22 01:46:32.575 INFO  sched: request 'chatcmpl-f4861a7f71d3b036' admitted to slot 2 (reserve 3 blocks; pool 1453/6144 blocks in use) — first token 785
2026-09-22 01:46:32.700 INFO  sched: request 'chatcmpl-f4861a7f71d3b037' admitted to slot 3 (reserve 3 blocks; pool 1457/6144 blocks in use) — first token 785
2026-09-22 01:46:37.867 INFO  stats: rank 2 | 10.0 s | decode 102.5 tok/s, 9.4 ms/tok, 65.4 ms/step (148 steps / 1028 tok, 96 % of wall) | mtp 1.78 tok/step/req, accept p1 77 % | prefill 4 prompts / 16 tok, 2 tok/s, 16.13 ms/tok, 65 ms avg (3 % of wall), 136 tok cached (4/4 hits) | live 4, queued 0 | pool 1458/6144 blocks (24 %) | prefix cache 177/232 entries
2026-09-22 01:46:42.021 INFO  rank 2: slot 1 closed: 142 sampled decode steps, 0 fallbacks
2026-09-22 01:46:42.021 INFO  sched: request 'chatcmpl-f4861a7f71d3b035' retired (steps): 256 tok in 9.6 s — prefill 40 tok (36 cached) in 65 ms; decode 255 tok / 142 passes in 9.5 s: 26.9 tok/s, 37.2 ms/tok, 67 ms/pass, 1.80 tok/pass, accept p1 80 %
2026-09-22 01:46:42.022 INFO  rank 2: slot 2 closed: 141 sampled decode steps, 0 fallbacks
2026-09-22 01:46:42.022 INFO  sched: request 'chatcmpl-f4861a7f71d3b036' retired (steps): 256 tok in 9.4 s — prefill 40 tok (36 cached) in 66 ms; decode 255 tok / 141 passes in 9.4 s: 27.2 tok/s, 36.8 ms/tok, 67 ms/pass, 1.81 tok/pass, accept p1 81 %
2026-09-22 01:46:42.213 INFO  rank 2: slot 0 closed: 146 sampled decode steps, 0 fallbacks
2026-09-22 01:46:42.213 INFO  sched: request 'chatcmpl-f4861a7f71d3b034' retired (steps): 256 tok in 9.8 s — prefill 31 tok (28 cached) in 57 ms; decode 255 tok / 146 passes in 9.8 s: 26.1 tok/s, 38.4 ms/tok, 67 ms/pass, 1.75 tok/pass, accept p1 75 %
2026-09-22 01:46:42.412 INFO  rank 2: slot 3 closed: 149 sampled decode steps, 0 fallbacks
2026-09-22 01:46:42.412 INFO  sched: request 'chatcmpl-f4861a7f71d3b037' retired (steps): 256 tok in 9.7 s — prefill 41 tok (36 cached) in 70 ms; decode 255 tok / 149 passes in 9.6 s: 26.4 tok/s, 37.8 ms/tok, 65 ms/pass, 1.71 tok/pass, accept p1 72 %
2026-09-22 01:46:42.511 INFO  sched: request 'chatcmpl-f4861a7f71d3b038' admitted to slot 0 (reserve 3 blocks; pool 1457/6144 blocks in use) — first token 785
2026-09-22 01:46:42.599 INFO  sched: request 'chatcmpl-f4861a7f71d3b039' admitted to slot 1 (reserve 3 blocks; pool 1461/6144 blocks in use) — first token 785
2026-09-22 01:46:42.710 INFO  sched: request 'chatcmpl-f4861a7f71d3b03a' admitted to slot 2 (reserve 3 blocks; pool 1465/6144 blocks in use) — first token 785
2026-09-22 01:46:42.837 INFO  sched: request 'chatcmpl-f4861a7f71d3b03b' admitted to slot 3 (reserve 3 blocks; pool 1469/6144 blocks in use) — first token 785
2026-09-22 01:46:47.919 INFO  stats: rank 2 | 10.1 s | decode 100.6 tok/s, 9.6 ms/tok, 64.2 ms/step (151 steps / 1011 tok, 97 % of wall) | mtp 1.76 tok/step/req, accept p1 76 % | prefill 4 prompts / 16 tok, 2 tok/s, 15.98 ms/tok, 64 ms avg (3 % of wall), 136 tok cached (4/4 hits) | live 4, queued 0 | pool 1470/6144 blocks (24 %) | prefix cache 181/232 entries
2026-09-22 01:46:52.100 INFO  rank 2: slot 1 closed: 142 sampled decode steps, 0 fallbacks
2026-09-22 01:46:52.100 INFO  sched: request 'chatcmpl-f4861a7f71d3b039' retired (steps): 256 tok in 9.5 s — prefill 31 tok (28 cached) in 54 ms; decode 255 tok / 142 passes in 9.4 s: 27.0 tok/s, 37.1 ms/tok, 67 ms/pass, 1.80 tok/pass, accept p1 80 %
2026-09-22 01:46:52.294 INFO  rank 2: slot 2 closed: 144 sampled decode steps, 0 fallbacks
2026-09-22 01:46:52.295 INFO  sched: request 'chatcmpl-f4861a7f71d3b03a' retired (steps): 256 tok in 9.6 s — prefill 40 tok (36 cached) in 65 ms; decode 255 tok / 144 passes in 9.5 s: 26.8 tok/s, 37.3 ms/tok, 66 ms/pass, 1.77 tok/pass, accept p1 78 %
2026-09-22 01:46:52.295 INFO  rank 2: slot 0 closed: 146 sampled decode steps, 0 fallbacks
2026-09-22 01:46:52.295 INFO  sched: request 'chatcmpl-f4861a7f71d3b038' retired (steps): 256 tok in 9.8 s — prefill 40 tok (36 cached) in 67 ms; decode 255 tok / 146 passes in 9.7 s: 26.2 tok/s, 38.1 ms/tok, 67 ms/pass, 1.75 tok/pass, accept p1 75 %
2026-09-22 01:46:52.460 INFO  rank 2: slot 3 closed: 148 sampled decode steps, 0 fallbacks
2026-09-22 01:46:52.460 INFO  sched: request 'chatcmpl-f4861a7f71d3b03b' retired (steps): 256 tok in 9.6 s — prefill 41 tok (36 cached) in 70 ms; decode 255 tok / 148 passes in 9.6 s: 26.7 tok/s, 37.5 ms/tok, 65 ms/pass, 1.72 tok/pass, accept p1 73 %
2026-09-22 01:46:52.616 INFO  sched: request 'chatcmpl-f4861a7f71d3b03c' admitted to slot 0 (reserve 1 blocks; pool 1467/6144 blocks in use) — first token 785
2026-09-22 01:46:53.710 INFO  sched: request 'chatcmpl-f4861a7f71d3b03c' retired (steps): 64 tok in 1.1 s — prefill 62 tok (60 cached) in 51 ms; decode 63 tok / 34 passes in 1.0 s: 60.4 tok/s, 16.6 ms/tok, 31 ms/pass, 1.85 tok/pass, accept p1 85 %
2026-09-22 01:46:53.777 INFO  sched: request 'chatcmpl-f4861a7f71d3b03d' admitted to slot 0 (reserve 3 blocks; pool 1469/6144 blocks in use) — first token 785
2026-09-22 01:46:57.927 INFO  stats: rank 2 | 10.0 s | decode 76.7 tok/s, 12.7 ms/tok, 41.4 ms/step (235 steps / 768 tok, 97 % of wall) | mtp 1.79 tok/step/req, accept p1 79 % | prefill 2 prompts / 4 tok, 0 tok/s, 25.55 ms/tok, 51 ms avg (1 % of wall), 120 tok cached (2/2 hits) | live 1, queued 0 | pool 1470/6144 blocks (24 %) | prefix cache 185/232 entries
2026-09-22 01:46:58.247 INFO  sched: request 'chatcmpl-f4861a7f71d3b03d' retired (steps): 256 tok in 4.5 s — prefill 62 tok (60 cached) in 52 ms; decode 255 tok / 140 passes in 4.4 s: 57.7 tok/s, 17.3 ms/tok, 32 ms/pass, 1.82 tok/pass, accept p1 82 %
2026-09-22 01:46:58.309 INFO  sched: request 'chatcmpl-f4861a7f71d3b03e' admitted to slot 0 (reserve 3 blocks; pool 1472/6144 blocks in use) — first token 785
2026-09-22 01:46:58.637 INFO  sched: request 'chatcmpl-f4861a7f71d3b03f' prefix cache miss — 2 cut(s) probed against 186 entries; the nearest entry (position 316) shares the first 22 of the prompt's 62 tokens (the prompt differs from it from that token on)
2026-09-22 01:46:58.637 INFO  sched: request 'chatcmpl-f4861a7f71d3b03f' admitted to slot 1 (reserve 3 blocks; pool 1476/6144 blocks in use) — first token 785
2026-09-22 01:46:58.983 INFO  sched: request 'chatcmpl-f4861a7f71d3b040' prefix cache miss — 2 cut(s) probed against 187 entries; the nearest entry (position 316) shares the first 22 of the prompt's 66 tokens (the prompt differs from it from that token on)
2026-09-22 01:46:58.983 INFO  sched: request 'chatcmpl-f4861a7f71d3b040' admitted to slot 2 (reserve 3 blocks; pool 1481/6144 blocks in use) — first token 785
2026-09-22 01:46:59.338 INFO  sched: request 'chatcmpl-f4861a7f71d3b041' prefix cache miss — 2 cut(s) probed against 188 entries; the nearest entry (position 316) shares the first 22 of the prompt's 59 tokens (the prompt differs from it from that token on)
2026-09-22 01:46:59.338 INFO  sched: request 'chatcmpl-f4861a7f71d3b041' admitted to slot 3 (reserve 3 blocks; pool 1486/6144 blocks in use) — first token 785
2026-09-22 01:47:07.976 INFO  stats: rank 2 | 10.0 s | decode 98.0 tok/s, 9.2 ms/tok, 62.8 ms/step (144 steps / 985 tok, 90 % of wall) | mtp 1.82 tok/step/req, accept p1 82 % | prefill 4 prompts / 189 tok, 19 tok/s, 5.02 ms/tok, 237 ms avg (9 % of wall), 60 tok cached (1/4 hits) | live 4, queued 0 | pool 1488/6144 blocks (24 %) | prefix cache 189/232 entries
2026-09-22 01:47:08.246 INFO  sched: request 'chatcmpl-f4861a7f71d3b03f' retired (steps): 256 tok in 9.6 s — prefill 62 tok (0 cached) in 295 ms; decode 255 tok / 137 passes in 9.3 s: 27.4 tok/s, 36.5 ms/tok, 68 ms/pass, 1.86 tok/pass, accept p1 87 %
2026-09-22 01:47:08.506 INFO  sched: request 'chatcmpl-f4861a7f71d3b041' retired (steps): 256 tok in 9.2 s — prefill 59 tok (0 cached) in 300 ms; decode 255 tok / 139 passes in 8.9 s: 28.8 tok/s, 34.8 ms/tok, 64 ms/pass, 1.83 tok/pass, accept p1 84 %
2026-09-22 01:47:08.719 INFO  sched: request 'chatcmpl-f4861a7f71d3b040' retired (steps): 256 tok in 9.7 s — prefill 66 tok (0 cached) in 302 ms; decode 255 tok / 144 passes in 9.4 s: 27.0 tok/s, 37.0 ms/tok, 66 ms/pass, 1.77 tok/pass, accept p1 78 %
2026-09-22 01:47:08.719 INFO  sched: request 'chatcmpl-f4861a7f71d3b03e' retired (steps): 256 tok in 10.4 s — prefill 62 tok (60 cached) in 51 ms; decode 255 tok / 146 passes in 10.4 s: 24.6 tok/s, 40.6 ms/tok, 71 ms/pass, 1.75 tok/pass, accept p1 75 %
2026-09-22 01:47:10.372 INFO  journal: stop record — exiting
2026-09-22 01:47:10.412 INFO  rank 2: graph engine sampling summary — 10392 sampled decode steps, 19 served by the exact gather fallback (0.2%), 112 candidates per rank
2026-09-22 01:47:11.767 INFO  rank 2: exited cleanly
