2026-09-22 01:22:22.057 INFO  dgpp-serve 0.1.0+g4b3d4a86f3dd (git 4b3d4a86f3dd)
2026-09-22 01:22:22.057 INFO  config /tmp/bus4/deployments/860d5a991d6b0c9a/cluster.json: model HawkBearPig/GLM-5.3-Flash-NVFP4-FP8, world 4, rank 1, http :18080, fabric :29970, journal :29971
2026-09-22 01:22:22.057 INFO  model HawkBearPig/GLM-5.3-Flash-NVFP4-FP8 -> /home/stephen/.cache/huggingface/hub/models--HawkBearPig--GLM-5.3-Flash-NVFP4-FP8/snapshots/17b8d4d83e33e836e9549d7e1a8d25b5117203c1
2026-09-22 01:22:22.058 INFO  journal: connected to rank 0 at 192.168.88.11:29971 (120000 attempt window)
2026-09-22 01:22:22.058 INFO  rank 1: settings from rank 0: model=HawkBearPig/GLM-5.3-Flash-NVFP4-FP8 world=4 fabric=29970 journal=29971 conc=4 kv=786432 kvdt=bf16 ngt=resident dw=checkpoint bfw=bf12+bf16 fp8head=gemv pf=bounded emsh=replicated maxtok=256 queue=8 eos=1 graph=1 compact=0 mtp=1 mtpd=1 mss=0 msrow=8 msbase=28 mslam=0 msmin=1 msad=1 batchmin=2 cand=128 pcgib=8 adm=full win=256 pfbudget=256 pfidle=2048 pace=-1 inflight=-1 reasoning_in_content=0 rs=off
2026-09-22 01:22:22.058 INFO  config: model=HawkBearPig/GLM-5.3-Flash-NVFP4-FP8 world=4 fabric=29970 journal=29971 conc=4 kv=786432 kvdt=bf16 ngt=resident dw=checkpoint bfw=bf12+bf16 fp8head=gemv pf=bounded emsh=replicated maxtok=256 queue=8 eos=1 graph=1 compact=0 mtp=1 mtpd=1 mss=0 msrow=8 msbase=28 mslam=0 msmin=1 msad=1 batchmin=2 cand=128 pcgib=8 adm=full win=256 pfbudget=256 pfidle=2048 pace=-1 inflight=-1 reasoning_in_content=0 rs=off (digest ee39883879453127)
2026-09-22 01:22:22.177 INFO  serve: model family glm5 (/home/stephen/.cache/huggingface/hub/models--HawkBearPig--GLM-5.3-Flash-NVFP4-FP8/snapshots/17b8d4d83e33e836e9549d7e1a8d25b5117203c1)
2026-09-22 01:22:22.177 INFO  serve: decode rows 8 (4 slot(s) x 2 row(s) per request, floor 8, the glm5 family's cap 8)
2026-09-22 01:22:22.177 WARN  generation config /home/stephen/.cache/huggingface/hub/models--HawkBearPig--GLM-5.3-Flash-NVFP4-FP8/snapshots/17b8d4d83e33e836e9549d7e1a8d25b5117203c1/generation_config.json omits top_k, min_p, repetition_penalty; using greedy-safe/neutral fallbacks for those fields
2026-09-22 01:22:22.177 INFO  generation defaults: temperature=1 top_p=0.95 top_k=0 min_p=0 repetition_penalty=1
2026-09-22 01:22:22.177 INFO  serve: sampling defaults temperature 1 top_p 0.95 top_k 0 min_p 0 repetition_penalty 1 (from generation_config.json; overrides: none)
2026-09-22 01:22:22.177 INFO  serve: request context limit 786432 tokens (the 786432-token K/V pool from engine.kv_capacity 786432; this family states no positional ceiling of its own)
2026-09-22 01:22:22.177 INFO  rank 1: prefix cache plan — 8 GiB budget, 232 slots of 35.227 MiB, 7.981 GiB allocated; cached K/V blocks share the 786432-token pool
2026-09-22 01:22:22.340 INFO  tokenizer: loaded vocab 154820 merges 321649 added 36 (revision 0x700b4469fc43f23b; glm pattern, no normalizer, ignore_merges true)
2026-09-22 01:22:22.349 INFO  serve: grammar vocabulary built (154880 ids, tool markers present, call-turn EOS 154829)
2026-09-22 01:22:22.470 INFO  serve: JSON grammar tables built in 0.12 s
2026-09-22 01:22:22.704 INFO  bus: globaltimer offset 8408608433 ns (+-2 us)
2026-09-22 01:22:22.713 INFO  verbs: device roceP2p1s0f0 port 1 gid_index 3
2026-09-22 01:22:22.716 INFO  verbs: device rocep1s0f0 port 1 gid_index 3
2026-09-22 01:22:23.809 INFO  bus: rank 1 up — 3 peer(s) x 2 lane(s), lat 8x65536B, bulk 8x262144B, bulk pace 28.3 Gb/s per QP, window 4 per lane
2026-09-22 01:22:23.809 INFO  rank 1: boundary reducer host-driven
2026-09-22 01:22:23.931 INFO  rank 1: process memory locked (mlockall MCL_CURRENT, 14513 MiB)
2026-09-22 01:22:23.931 INFO  rank 1: resident image cache at /home/stephen/.cache/dgpp/resident
2026-09-22 01:22:23.931 INFO  bus engine: rank 1 pinned to cpu 19
2026-09-22 01:22:23.989 INFO  rank 1: memory plan for a 786432-token context — vision weights (replicated) 1.05 GiB; vision workspace (bounded image prefill) 0.33 GiB; model weights (resident) 48.27 GiB (1.81 GiB pinned); tensor-parallel slice views 0.67 GiB; bf16 decode packing (12-bit companions) 1.96 GiB; gemm workspace (at least) 0.06 GiB; kda scratch 0.08 GiB; kv cache pool (bf16) 9.29 GiB; dsa scratch 0.23 GiB; moe scratch 0.68 GiB (0.00 GiB pinned); kda state (request slots) 0.14 GiB; kda speculative snapshots 0.27 GiB; draft hidden cache (per position) 24.00 GiB; draft activations 0.05 GiB; activations (per-forward rows) 0.61 GiB (0.00 GiB pinned); route-trace staging 0.10 GiB (0.10 GiB pinned); prefix cache 7.98 GiB; engine 0.08 GiB
2026-09-22 01:22:23.989 INFO  rank 1: memory plan total 95.85 GiB (85.87 GiB device + 9.97 GiB pinned) + 4.00 GiB headroom against 116.66 GiB free (device free 98.74 GiB of 121.69 GiB, host available 116.66 GiB)
2026-09-22 01:22:23.989 INFO  memory ledger: rank 1 after the plan check — rss 1.14 GiB (anon 0.41, shmem 0.09, file 0.64; locked 14.17); device free 98.74 GiB, node available 116.66 GiB
2026-09-22 01:22:23.989 INFO  memory ledger: rank 1 after the bus — rss 1.14 GiB (anon 0.41, shmem 0.09, file 0.64; locked 14.17); device free 98.74 GiB, node available 116.66 GiB
2026-09-22 01:22:24.342 INFO  glm loader: rank 1 resident footprint 46.5 GiB; device free 98.7 of 121.7 GiB, host available 116.6 GiB
2026-09-22 01:22:25.396 INFO  glm loader: rank 1 resident image /home/stephen/.cache/dgpp/resident/44076e8b908aed4a.img — 46/46 layers present, direct I/O
2026-09-22 01:22:25.450 INFO  l2 prefetch: on, window budget 12 MiB, boundary rate light, layer rate light
2026-09-22 01:22:25.450 INFO  glm loader: rank 1 boot digest from the resident image (713 tensors, 2.91 GiB)
2026-09-22 01:22:35.498 INFO  glm loader: rank 1 resident load complete — released 40 shard mappings (181.7 GiB) and evicted their page cache; image: 46 layers restored, 0 captured
2026-09-22 01:22:35.834 INFO  rank 1 bf12: 70 decode matrices packed (2.55 GiB of bf16 -> 1.92 GiB, 213419 escapes, widest row 64, 3 rows kept raw; 0 matrices kept bf16) in 1.3 s
2026-09-22 01:22:40.697 INFO  rank 1 boot phases: digest 0.0 s (3.96 GiB hashed), globals 1.2 s, layers 12.7 s
2026-09-22 01:22:40.697 INFO  memory ledger: rank 1 after the model — rss 3.06 GiB (anon 0.41, shmem 2.00, file 0.64; locked 14.16); device free 10.07 GiB, node available 27.97 GiB
2026-09-22 01:22:40.697 INFO  rank 1: model constructed in 16.7s (resident, 4 request slots, 786432-token pool in bf16, 2048-row forwards)
2026-09-22 01:22:40.697 INFO  rank 1: prefix cache on — 232 snapshot slot(s) of 35.2 MiB (8.00 GiB asked)
2026-09-22 01:22:40.944 INFO  rank 1: graph engine samples on the device — 112 candidates per rank (8 rows x 4 ranks in a 65536-byte latency slot; the planned width is 128); constrained decoding available
2026-09-22 01:22:44.879 INFO  memory ledger: rank 1 after the graph engine — rss 3.07 GiB (anon 0.41, shmem 2.01, file 0.64; locked 14.16); device free 1.97 GiB, node available 19.87 GiB
2026-09-22 01:22:45.142 INFO  allreduce: device clock rate 2418000 kHz (stamps conversion)
2026-09-22 01:22:45.142 INFO  allreduce: rank 1 seq 1 launched (3 peers)
2026-09-22 01:22:45.142 INFO  allreduce: rank 1 seq 1 ready after 36.9us
2026-09-22 01:22:45.150 INFO  allreduce: rank 1 seq 1 done status=0 after 8175.6us
2026-09-22 01:22:45.185 INFO  allreduce: rank 1 seq 2 launched (3 peers)
2026-09-22 01:22:45.185 INFO  allreduce: rank 1 seq 2 ready after 11.6us
2026-09-22 01:22:45.186 INFO  allreduce: rank 1 seq 2 done status=0 after 1345.5us
2026-09-22 01:22:45.187 INFO  allreduce: rank 1 seq 3 launched (3 peers)
2026-09-22 01:22:45.187 INFO  allreduce: rank 1 seq 3 ready after 11.4us
2026-09-22 01:22:45.187 INFO  allreduce: rank 1 seq 3 done status=0 after 49.3us
2026-09-22 01:22:45.187 INFO  allreduce: rank 1 seq 4 launched (3 peers)
2026-09-22 01:22:45.187 INFO  allreduce: rank 1 seq 4 ready after 11.3us
2026-09-22 01:22:45.187 INFO  allreduce: rank 1 seq 4 done status=0 after 74.7us
2026-09-22 01:22:45.188 INFO  allreduce: rank 1 seq 5 launched (3 peers)
2026-09-22 01:22:45.188 INFO  allreduce: rank 1 seq 5 ready after 11.5us
2026-09-22 01:22:45.188 INFO  allreduce: rank 1 seq 5 done status=0 after 62.2us
2026-09-22 01:22:45.188 INFO  allreduce: rank 1 seq 6 launched (3 peers)
2026-09-22 01:22:45.188 INFO  allreduce: rank 1 seq 6 ready after 13.2us
2026-09-22 01:22:45.188 INFO  allreduce: rank 1 seq 6 done status=0 after 83.3us
2026-09-22 01:22:45.191 INFO  allreduce: rank 1 seq 7 launched (3 peers)
2026-09-22 01:22:45.191 INFO  allreduce: rank 1 seq 7 ready after 13.7us
2026-09-22 01:22:45.191 INFO  allreduce: rank 1 seq 7 done status=0 after 772.4us
2026-09-22 01:22:45.192 INFO  allreduce: rank 1 seq 8 launched (3 peers)
2026-09-22 01:22:45.192 INFO  allreduce: rank 1 seq 8 ready after 11.5us
2026-09-22 01:22:45.192 INFO  allreduce: rank 1 seq 8 done status=0 after 74.8us
2026-09-22 01:22:45.192 INFO  allreduce: rank 1 seq 9 launched (3 peers)
2026-09-22 01:22:45.192 INFO  allreduce: rank 1 seq 9 ready after 11.0us
2026-09-22 01:22:45.192 INFO  allreduce: rank 1 seq 9 done status=0 after 95.7us
2026-09-22 01:22:45.193 INFO  allreduce: rank 1 seq 10 launched (3 peers)
2026-09-22 01:22:45.193 INFO  allreduce: rank 1 seq 10 ready after 14.8us
2026-09-22 01:22:45.193 INFO  allreduce: rank 1 seq 10 done status=0 after 62.9us
2026-09-22 01:22:45.194 INFO  allreduce: rank 1 seq 11 launched (3 peers)
2026-09-22 01:22:45.194 INFO  allreduce: rank 1 seq 11 ready after 11.3us
2026-09-22 01:22:45.194 INFO  allreduce: rank 1 seq 11 done status=0 after 52.4us
2026-09-22 01:22:45.194 INFO  allreduce: rank 1 seq 12 launched (3 peers)
2026-09-22 01:22:45.194 INFO  allreduce: rank 1 seq 12 ready after 13.2us
2026-09-22 01:22:45.194 INFO  allreduce: rank 1 seq 12 done status=0 after 59.6us
2026-09-22 01:22:45.195 INFO  allreduce: rank 1 seq 13 launched (3 peers)
2026-09-22 01:22:45.195 INFO  allreduce: rank 1 seq 13 ready after 11.3us
2026-09-22 01:22:45.195 INFO  allreduce: rank 1 seq 13 done status=0 after 78.3us
2026-09-22 01:22:45.195 INFO  allreduce: rank 1 seq 14 launched (3 peers)
2026-09-22 01:22:45.195 INFO  allreduce: rank 1 seq 14 ready after 12.7us
2026-09-22 01:22:45.196 INFO  allreduce: rank 1 seq 14 done status=0 after 67.6us
2026-09-22 01:22:45.196 INFO  allreduce: rank 1 seq 15 launched (3 peers)
2026-09-22 01:22:45.196 INFO  allreduce: rank 1 seq 15 ready after 9.3us
2026-09-22 01:22:45.196 INFO  allreduce: rank 1 seq 15 done status=0 after 44.1us
2026-09-22 01:22:45.197 INFO  allreduce: rank 1 seq 16 launched (3 peers)
2026-09-22 01:22:45.197 INFO  allreduce: rank 1 seq 16 ready after 9.2us
2026-09-22 01:22:45.197 INFO  allreduce: rank 1 seq 16 done status=0 after 46.1us
2026-09-22 01:22:45.274 INFO  bus graph era: variant 0 recorded with 94 collective node(s)
2026-09-22 01:22:45.274 INFO  rank 1: graph variant 0 shape: 1297 nodes, 1612 edges: kernel 1297 empty 0 memcpy 0 memset 0 host 0 event 0 other 0; max in-degree 2
2026-09-22 01:22:45.278 INFO  rank 1: graph variant 0 instantiated — 22.8 MiB of device memory (1.6 GiB free)
2026-09-22 01:22:45.279 INFO  bus graph era: variant 1 recorded with 94 collective node(s)
2026-09-22 01:22:45.279 INFO  rank 1: graph variant 1 shape: 1297 nodes, 1612 edges: kernel 1297 empty 0 memcpy 0 memset 0 host 0 event 0 other 0; max in-degree 2
2026-09-22 01:22:45.283 INFO  rank 1: graph variant 1 instantiated — 21.1 MiB of device memory (1.5 GiB free)
2026-09-22 01:22:45.283 INFO  rank 1: serving scalar graph variants 0/1 captured for request slot 0 (2 rows, MTP)
2026-09-22 01:22:45.284 INFO  bus graph era: variant 8 recorded with 94 collective node(s)
2026-09-22 01:22:45.284 INFO  rank 1: graph variant 8 shape: 1299 nodes, 1614 edges: kernel 1299 empty 0 memcpy 0 memset 0 host 0 event 0 other 0; max in-degree 2
2026-09-22 01:22:45.290 INFO  rank 1: graph variant 8 instantiated — 29.8 MiB of device memory (1.5 GiB free)
2026-09-22 01:22:45.291 INFO  bus graph era: variant 9 recorded with 94 collective node(s)
2026-09-22 01:22:45.291 INFO  rank 1: graph variant 9 shape: 1299 nodes, 1614 edges: kernel 1299 empty 0 memcpy 0 memset 0 host 0 event 0 other 0; max in-degree 2
2026-09-22 01:22:45.297 INFO  rank 1: graph variant 9 instantiated — 34.2 MiB of device memory (1.5 GiB free)
2026-09-22 01:22:45.297 INFO  rank 1: serving row-batched graph variants 8/9 captured for 2 slots x 2 rows = 4 fixed rows, MTP (a batch is selected at 2+ live requests, the smallest that covers the live slots)
2026-09-22 01:22:45.311 INFO  bus graph era: variant 10 recorded with 94 collective node(s)
2026-09-22 01:22:45.311 INFO  rank 1: graph variant 10 shape: 1359 nodes, 1674 edges: kernel 1359 empty 0 memcpy 0 memset 0 host 0 event 0 other 0; max in-degree 2
2026-09-22 01:22:45.317 INFO  rank 1: graph variant 10 instantiated — 26.1 MiB of device memory (1.4 GiB free)
2026-09-22 01:22:45.318 INFO  bus graph era: variant 11 recorded with 94 collective node(s)
2026-09-22 01:22:45.318 INFO  rank 1: graph variant 11 shape: 1359 nodes, 1674 edges: kernel 1359 empty 0 memcpy 0 memset 0 host 0 event 0 other 0; max in-degree 2
2026-09-22 01:22:45.325 INFO  rank 1: graph variant 11 instantiated — 33.7 MiB of device memory (1.4 GiB free)
2026-09-22 01:22:45.325 INFO  rank 1: serving row-batched graph variants 10/11 captured for 3 slots x 2 rows = 6 fixed rows, MTP (a batch is selected at 2+ live requests, the smallest that covers the live slots)
2026-09-22 01:22:45.326 INFO  bus graph era: variant 12 recorded with 94 collective node(s)
2026-09-22 01:22:45.326 INFO  rank 1: graph variant 12 shape: 1361 nodes, 1676 edges: kernel 1361 empty 0 memcpy 0 memset 0 host 0 event 0 other 0; max in-degree 2
2026-09-22 01:22:45.333 INFO  rank 1: graph variant 12 instantiated — 35.0 MiB of device memory (1.3 GiB free)
2026-09-22 01:22:45.335 INFO  bus graph era: variant 13 recorded with 94 collective node(s)
2026-09-22 01:22:45.335 INFO  rank 1: graph variant 13 shape: 1361 nodes, 1676 edges: kernel 1361 empty 0 memcpy 0 memset 0 host 0 event 0 other 0; max in-degree 2
2026-09-22 01:22:45.341 INFO  rank 1: graph variant 13 instantiated — 31.0 MiB of device memory (1.3 GiB free)
2026-09-22 01:22:45.341 INFO  rank 1: serving row-batched graph variants 12/13 captured for 4 slots x 2 rows = 8 fixed rows, MTP (a batch is selected at 2+ live requests, the smallest that covers the live slots)
2026-09-22 01:22:45.411 INFO  bus graph era: variant 2 recorded with 94 collective node(s)
2026-09-22 01:22:45.411 INFO  rank 1: graph variant 2 shape: 1297 nodes, 1612 edges: kernel 1297 empty 0 memcpy 0 memset 0 host 0 event 0 other 0; max in-degree 2
2026-09-22 01:22:45.418 INFO  rank 1: graph variant 2 instantiated — 32.2 MiB of device memory (1.3 GiB free)
2026-09-22 01:22:45.419 INFO  bus graph era: variant 3 recorded with 94 collective node(s)
2026-09-22 01:22:45.419 INFO  rank 1: graph variant 3 shape: 1297 nodes, 1612 edges: kernel 1297 empty 0 memcpy 0 memset 0 host 0 event 0 other 0; max in-degree 2
2026-09-22 01:22:45.426 INFO  rank 1: graph variant 3 instantiated — 34.1 MiB of device memory (1.3 GiB free)
2026-09-22 01:22:45.426 INFO  rank 1: serving scalar graph variants 2/3 captured for request slot 1 (2 rows, MTP)
2026-09-22 01:22:45.491 INFO  bus graph era: variant 4 recorded with 94 collective node(s)
2026-09-22 01:22:45.491 INFO  rank 1: graph variant 4 shape: 1297 nodes, 1612 edges: kernel 1297 empty 0 memcpy 0 memset 0 host 0 event 0 other 0; max in-degree 2
2026-09-22 01:22:45.497 INFO  rank 1: graph variant 4 instantiated — 33.1 MiB of device memory (1.2 GiB free)
2026-09-22 01:22:45.498 INFO  bus graph era: variant 5 recorded with 94 collective node(s)
2026-09-22 01:22:45.498 INFO  rank 1: graph variant 5 shape: 1297 nodes, 1612 edges: kernel 1297 empty 0 memcpy 0 memset 0 host 0 event 0 other 0; max in-degree 2
2026-09-22 01:22:45.508 INFO  rank 1: graph variant 5 instantiated — 32.9 MiB of device memory (1.2 GiB free)
2026-09-22 01:22:45.508 INFO  rank 1: serving scalar graph variants 4/5 captured for request slot 2 (2 rows, MTP)
2026-09-22 01:22:45.573 INFO  bus graph era: variant 6 recorded with 94 collective node(s)
2026-09-22 01:22:45.573 INFO  rank 1: graph variant 6 shape: 1297 nodes, 1612 edges: kernel 1297 empty 0 memcpy 0 memset 0 host 0 event 0 other 0; max in-degree 2
2026-09-22 01:22:45.580 INFO  rank 1: graph variant 6 instantiated — 34.0 MiB of device memory (1.2 GiB free)
2026-09-22 01:22:45.581 INFO  bus graph era: variant 7 recorded with 94 collective node(s)
2026-09-22 01:22:45.581 INFO  rank 1: graph variant 7 shape: 1297 nodes, 1612 edges: kernel 1297 empty 0 memcpy 0 memset 0 host 0 event 0 other 0; max in-degree 2
2026-09-22 01:22:45.588 INFO  rank 1: graph variant 7 instantiated — 33.0 MiB of device memory (1.1 GiB free)
2026-09-22 01:22:45.588 INFO  rank 1: serving scalar graph variants 6/7 captured for request slot 3 (2 rows, MTP)
2026-09-22 01:22:45.588 INFO  rank 1: warm capture complete — 4 scalar variants and the row batches for 2 slots, 3 slots, 4 slots recorded before the first request
2026-09-22 01:22:45.588 INFO  memory ledger: rank 1 after the warm capture — rss 3.54 GiB (anon 0.88, shmem 2.01, file 0.65; locked 14.15); device free 1.12 GiB, node available 19.02 GiB
2026-09-22 01:22:45.588 INFO  rank 1: graph variants warm-captured in 0.71s
2026-09-22 01:22:45.588 INFO  rank 1: following rank 0's journal (admission full, window 256)
2026-09-22 01:22:47.415 INFO  sched: request 'chatcmpl-2693f8214ec4dd9a' prefix cache miss — 2 cut(s), the cache is empty
2026-09-22 01:22:47.415 INFO  sched: request 'chatcmpl-2693f8214ec4dd9a' admitted to slot 0 (reserve 1 blocks; pool 2/6144 blocks in use) — first token 785
2026-09-22 01:22:48.499 INFO  sched: request 'chatcmpl-2693f8214ec4dd9a' retired (steps): 64 tok in 1.1 s — prefill 62 tok (0 cached) in 307 ms; decode 63 tok / 34 passes in 0.8 s: 81.1 tok/s, 12.3 ms/tok, 23 ms/pass, 1.85 tok/pass, accept p1 85 %
2026-09-22 01:22:48.788 INFO  sched: request 'chatcmpl-2693f8214ec4dd9b' prefix cache miss — 2 cut(s) probed against 2 entries; the nearest entry (position 124) shares the first 12 of the prompt's 37 tokens (the prompt differs from it from that token on)
2026-09-22 01:22:48.788 INFO  sched: request 'chatcmpl-2693f8214ec4dd9b' admitted to slot 0 (reserve 3 blocks; pool 6/6144 blocks in use) — first token 785
2026-09-22 01:22:53.100 INFO  sched: request 'chatcmpl-2693f8214ec4dd9b' retired (steps): 256 tok in 4.3 s — prefill 37 tok (0 cached) in 262 ms; decode 255 tok / 137 passes in 4.0 s: 63.0 tok/s, 15.9 ms/tok, 30 ms/pass, 1.86 tok/pass, accept p1 87 %
2026-09-22 01:22:53.182 INFO  sched: request 'chatcmpl-2693f8214ec4dd9c' admitted to slot 0 (reserve 3 blocks; pool 9/6144 blocks in use) — first token 785
2026-09-22 01:22:55.761 INFO  stats: rank 1 | 10.0 s | decode 47.7 tok/s, 16.5 ms/tok, 31.1 ms/step (253 steps / 477 tok, 79 % of wall) | mtp 1.89 tok/step/req, accept p1 88 % | prefill 3 prompts / 104 tok, 10 tok/s, 6.11 ms/tok, 212 ms avg (6 % of wall), 32 tok cached (1/3 hits) | live 1, queued 0 | pool 10/6144 blocks (0 %) | prefix cache 4/232 entries
2026-09-22 01:22:57.495 INFO  sched: request 'chatcmpl-2693f8214ec4dd9c' retired (steps): 256 tok in 4.3 s — prefill 37 tok (32 cached) in 66 ms; decode 255 tok / 137 passes in 4.2 s: 60.0 tok/s, 16.7 ms/tok, 31 ms/pass, 1.86 tok/pass, accept p1 87 %
2026-09-22 01:22:57.572 INFO  sched: request 'chatcmpl-2693f8214ec4dd9d' admitted to slot 0 (reserve 3 blocks; pool 9/6144 blocks in use) — first token 785
2026-09-22 01:23:01.886 INFO  sched: request 'chatcmpl-2693f8214ec4dd9d' retired (steps): 256 tok in 4.3 s — prefill 37 tok (32 cached) in 66 ms; decode 255 tok / 137 passes in 4.2 s: 60.0 tok/s, 16.7 ms/tok, 31 ms/pass, 1.86 tok/pass, accept p1 87 %
2026-09-22 01:23:02.157 INFO  sched: request 'chatcmpl-2693f8214ec4dd9e' prefix cache miss — 2 cut(s) probed against 4 entries; the nearest entry (position 292) shares the first 18 of the prompt's 36 tokens (the prompt differs from it from that token on)
2026-09-22 01:23:02.157 INFO  sched: request 'chatcmpl-2693f8214ec4dd9e' admitted to slot 0 (reserve 3 blocks; pool 10/6144 blocks in use) — first token 785
2026-09-22 01:23:02.448 INFO  sched: request 'chatcmpl-2693f8214ec4dd9f' prefix cache miss — 2 cut(s) probed against 5 entries; the nearest entry (position 292) shares the first 18 of the prompt's 36 tokens (the prompt differs from it from that token on)
2026-09-22 01:23:02.448 INFO  sched: request 'chatcmpl-2693f8214ec4dd9f' admitted to slot 1 (reserve 3 blocks; pool 15/6144 blocks in use) — first token 785
2026-09-22 01:23:05.772 INFO  stats: rank 1 | 10.0 s | decode 63.4 tok/s, 14.6 ms/tok, 34.4 ms/step (270 steps / 635 tok, 93 % of wall) | mtp 1.83 tok/step/req, accept p1 83 % | prefill 3 prompts / 77 tok, 8 tok/s, 7.58 ms/tok, 195 ms avg (6 % of wall), 32 tok cached (1/3 hits) | live 2, queued 0 | pool 16/6144 blocks (0 %) | prefix cache 6/232 entries
2026-09-22 01:23:08.629 INFO  sched: request 'chatcmpl-2693f8214ec4dd9f' retired (steps): 256 tok in 6.2 s — prefill 36 tok (0 cached) in 258 ms; decode 255 tok / 143 passes in 5.9 s: 43.1 tok/s, 23.2 ms/tok, 41 ms/pass, 1.78 tok/pass, accept p1 78 %
2026-09-22 01:23:08.820 INFO  sched: request 'chatcmpl-2693f8214ec4dd9e' retired (steps): 256 tok in 6.7 s — prefill 36 tok (0 cached) in 260 ms; decode 255 tok / 150 passes in 6.4 s: 39.8 tok/s, 25.1 ms/tok, 43 ms/pass, 1.70 tok/pass, accept p1 70 %
2026-09-22 01:23:08.898 INFO  sched: request 'chatcmpl-2693f8214ec4dda0' admitted to slot 0 (reserve 3 blocks; pool 17/6144 blocks in use) — first token 785
2026-09-22 01:23:08.993 INFO  sched: request 'chatcmpl-2693f8214ec4dda1' admitted to slot 1 (reserve 3 blocks; pool 21/6144 blocks in use) — first token 785
2026-09-22 01:23:15.176 INFO  sched: request 'chatcmpl-2693f8214ec4dda1' retired (steps): 256 tok in 6.2 s — prefill 36 tok (32 cached) in 60 ms; decode 255 tok / 143 passes in 6.1 s: 41.6 tok/s, 24.0 ms/tok, 43 ms/pass, 1.78 tok/pass, accept p1 78 %
2026-09-22 01:23:15.367 INFO  sched: request 'chatcmpl-2693f8214ec4dda0' retired (steps): 256 tok in 6.5 s — prefill 36 tok (32 cached) in 63 ms; decode 255 tok / 150 passes in 6.4 s: 39.8 tok/s, 25.1 ms/tok, 43 ms/pass, 1.70 tok/pass, accept p1 70 %
2026-09-22 01:23:15.463 INFO  sched: request 'chatcmpl-2693f8214ec4dda2' admitted to slot 0 (reserve 3 blocks; pool 17/6144 blocks in use) — first token 785
2026-09-22 01:23:15.557 INFO  sched: request 'chatcmpl-2693f8214ec4dda3' admitted to slot 1 (reserve 3 blocks; pool 21/6144 blocks in use) — first token 785
2026-09-22 01:23:15.775 INFO  stats: rank 1 | 10.0 s | decode 76.8 tok/s, 12.5 ms/tok, 42.0 ms/step (228 steps / 768 tok, 96 % of wall) | mtp 1.74 tok/step/req, accept p1 73 % | prefill 4 prompts / 16 tok, 2 tok/s, 15.47 ms/tok, 62 ms avg (2 % of wall), 128 tok cached (4/4 hits) | live 2, queued 0 | pool 22/6144 blocks (0 %) | prefix cache 8/232 entries
2026-09-22 01:23:21.746 INFO  sched: request 'chatcmpl-2693f8214ec4dda3' retired (steps): 256 tok in 6.2 s — prefill 36 tok (32 cached) in 60 ms; decode 255 tok / 143 passes in 6.1 s: 41.6 tok/s, 24.0 ms/tok, 43 ms/pass, 1.78 tok/pass, accept p1 78 %
2026-09-22 01:23:21.938 INFO  sched: request 'chatcmpl-2693f8214ec4dda2' retired (steps): 256 tok in 6.5 s — prefill 36 tok (32 cached) in 64 ms; decode 255 tok / 150 passes in 6.4 s: 39.8 tok/s, 25.1 ms/tok, 43 ms/pass, 1.70 tok/pass, accept p1 70 %
2026-09-22 01:23:22.220 INFO  sched: request 'chatcmpl-2693f8214ec4dda4' prefix cache miss — 2 cut(s) probed against 8 entries; the nearest entry (position 292) shares the first 18 of the prompt's 35 tokens (the prompt differs from it from that token on)
2026-09-22 01:23:22.220 INFO  sched: request 'chatcmpl-2693f8214ec4dda4' admitted to slot 0 (reserve 3 blocks; pool 18/6144 blocks in use) — first token 785
2026-09-22 01:23:22.502 INFO  sched: request 'chatcmpl-2693f8214ec4dda5' prefix cache miss — 2 cut(s) probed against 9 entries; the nearest entry (position 292) shares the first 10 of the prompt's 32 tokens (the prompt differs from it from that token on)
2026-09-22 01:23:22.502 INFO  sched: request 'chatcmpl-2693f8214ec4dda5' admitted to slot 1 (reserve 3 blocks; pool 23/6144 blocks in use) — first token 785
2026-09-22 01:23:22.797 INFO  sched: request 'chatcmpl-2693f8214ec4dda6' prefix cache miss — 2 cut(s) probed against 10 entries; the nearest entry (position 28) shares the first 12 of the prompt's 32 tokens (the prompt differs from it from that token on)
2026-09-22 01:23:22.797 INFO  sched: request 'chatcmpl-2693f8214ec4dda6' admitted to slot 2 (reserve 3 blocks; pool 28/6144 blocks in use) — first token 785
2026-09-22 01:23:23.101 INFO  sched: request 'chatcmpl-2693f8214ec4dda7' prefix cache miss — 2 cut(s) probed against 11 entries; the nearest entry (position 28) shares the first 12 of the prompt's 31 tokens (the prompt differs from it from that token on)
2026-09-22 01:23:23.101 INFO  sched: request 'chatcmpl-2693f8214ec4dda7' admitted to slot 3 (reserve 3 blocks; pool 33/6144 blocks in use) — first token 785
2026-09-22 01:23:25.798 INFO  stats: rank 1 | 10.0 s | decode 80.6 tok/s, 11.0 ms/tok, 47.0 ms/step (189 steps / 808 tok, 89 % of wall) | mtp 1.77 tok/step/req, accept p1 76 % | prefill 4 prompts / 130 tok, 13 tok/s, 7.76 ms/tok, 252 ms avg (10 % of wall), 0 tok cached (0/4 hits) | live 4, queued 0 | pool 34/6144 blocks (1 %) | prefix cache 12/232 entries
2026-09-22 01:23:32.276 INFO  sched: request 'chatcmpl-2693f8214ec4dda6' retired (steps): 256 tok in 9.5 s — prefill 32 tok (0 cached) in 251 ms; decode 255 tok / 143 passes in 9.2 s: 27.6 tok/s, 36.2 ms/tok, 65 ms/pass, 1.78 tok/pass, accept p1 78 %
2026-09-22 01:23:32.276 INFO  sched: request 'chatcmpl-2693f8214ec4dda4' retired (steps): 256 tok in 10.1 s — prefill 35 tok (0 cached) in 261 ms; decode 255 tok / 145 passes in 9.8 s: 26.0 tok/s, 38.4 ms/tok, 68 ms/pass, 1.76 tok/pass, accept p1 76 %
2026-09-22 01:23:32.345 INFO  sched: request 'chatcmpl-2693f8214ec4dda7' retired (steps): 256 tok in 9.2 s — prefill 31 tok (0 cached) in 248 ms; decode 255 tok / 143 passes in 9.0 s: 28.3 tok/s, 35.3 ms/tok, 63 ms/pass, 1.78 tok/pass, accept p1 78 %
2026-09-22 01:23:32.442 INFO  sched: request 'chatcmpl-2693f8214ec4dda5' retired (steps): 256 tok in 9.9 s — prefill 32 tok (0 cached) in 248 ms; decode 255 tok / 148 passes in 9.7 s: 26.3 tok/s, 38.0 ms/tok, 65 ms/pass, 1.72 tok/pass, accept p1 73 %
2026-09-22 01:23:32.509 INFO  sched: request 'chatcmpl-2693f8214ec4dda8' admitted to slot 0 (reserve 3 blocks; pool 33/6144 blocks in use) — first token 785
2026-09-22 01:23:32.602 INFO  sched: request 'chatcmpl-2693f8214ec4dda9' admitted to slot 1 (reserve 3 blocks; pool 37/6144 blocks in use) — first token 785
2026-09-22 01:23:32.703 INFO  sched: request 'chatcmpl-2693f8214ec4ddaa' admitted to slot 2 (reserve 3 blocks; pool 41/6144 blocks in use) — first token 785
2026-09-22 01:23:32.822 INFO  sched: request 'chatcmpl-2693f8214ec4ddab' admitted to slot 3 (reserve 3 blocks; pool 45/6144 blocks in use) — first token 785
2026-09-22 01:23:35.842 INFO  stats: rank 1 | 10.0 s | decode 105.4 tok/s, 9.2 ms/tok, 62.9 ms/step (154 steps / 1059 tok, 96 % of wall) | mtp 1.77 tok/step/req, accept p1 76 % | prefill 4 prompts / 14 tok, 1 tok/s, 16.91 ms/tok, 59 ms avg (2 % of wall), 116 tok cached (4/4 hits) | live 4, queued 0 | pool 46/6144 blocks (1 %) | prefix cache 16/232 entries
2026-09-22 01:23:41.992 INFO  sched: request 'chatcmpl-2693f8214ec4ddaa' retired (steps): 256 tok in 9.3 s — prefill 31 tok (28 cached) in 58 ms; decode 255 tok / 143 passes in 9.2 s: 27.6 tok/s, 36.2 ms/tok, 65 ms/pass, 1.78 tok/pass, accept p1 78 %
2026-09-22 01:23:41.992 INFO  sched: request 'chatcmpl-2693f8214ec4dda8' retired (steps): 256 tok in 9.5 s — prefill 35 tok (32 cached) in 56 ms; decode 255 tok / 145 passes in 9.4 s: 27.1 tok/s, 37.0 ms/tok, 65 ms/pass, 1.76 tok/pass, accept p1 76 %
2026-09-22 01:23:42.059 INFO  sched: request 'chatcmpl-2693f8214ec4ddab' retired (steps): 256 tok in 9.2 s — prefill 32 tok (28 cached) in 63 ms; decode 255 tok / 143 passes in 9.2 s: 27.8 tok/s, 36.0 ms/tok, 64 ms/pass, 1.78 tok/pass, accept p1 78 %
2026-09-22 01:23:42.157 INFO  sched: request 'chatcmpl-2693f8214ec4dda9' retired (steps): 256 tok in 9.6 s — prefill 32 tok (28 cached) in 60 ms; decode 255 tok / 148 passes in 9.5 s: 26.9 tok/s, 37.2 ms/tok, 64 ms/pass, 1.72 tok/pass, accept p1 73 %
2026-09-22 01:23:42.230 INFO  sched: request 'chatcmpl-2693f8214ec4ddac' admitted to slot 0 (reserve 3 blocks; pool 33/6144 blocks in use) — first token 785
2026-09-22 01:23:42.324 INFO  sched: request 'chatcmpl-2693f8214ec4ddad' admitted to slot 1 (reserve 3 blocks; pool 37/6144 blocks in use) — first token 785
2026-09-22 01:23:42.423 INFO  sched: request 'chatcmpl-2693f8214ec4ddae' admitted to slot 2 (reserve 3 blocks; pool 41/6144 blocks in use) — first token 785
2026-09-22 01:23:42.540 INFO  sched: request 'chatcmpl-2693f8214ec4ddaf' admitted to slot 3 (reserve 3 blocks; pool 45/6144 blocks in use) — first token 785
2026-09-22 01:23:45.887 INFO  stats: rank 1 | 10.0 s | decode 105.4 tok/s, 9.1 ms/tok, 62.9 ms/step (154 steps / 1059 tok, 96 % of wall) | mtp 1.77 tok/step/req, accept p1 76 % | prefill 4 prompts / 14 tok, 1 tok/s, 16.71 ms/tok, 58 ms avg (2 % of wall), 116 tok cached (4/4 hits) | live 4, queued 0 | pool 45/6144 blocks (1 %) | prefix cache 16/232 entries
2026-09-22 01:23:51.730 INFO  sched: request 'chatcmpl-2693f8214ec4ddae' retired (steps): 256 tok in 9.3 s — prefill 31 tok (28 cached) in 55 ms; decode 255 tok / 143 passes in 9.3 s: 27.6 tok/s, 36.3 ms/tok, 65 ms/pass, 1.78 tok/pass, accept p1 78 %
2026-09-22 01:23:51.730 INFO  sched: request 'chatcmpl-2693f8214ec4ddac' retired (steps): 256 tok in 9.5 s — prefill 35 tok (32 cached) in 57 ms; decode 255 tok / 145 passes in 9.4 s: 27.0 tok/s, 37.0 ms/tok, 65 ms/pass, 1.76 tok/pass, accept p1 76 %
2026-09-22 01:23:51.797 INFO  sched: request 'chatcmpl-2693f8214ec4ddaf' retired (steps): 256 tok in 9.3 s — prefill 32 tok (28 cached) in 61 ms; decode 255 tok / 143 passes in 9.2 s: 27.7 tok/s, 36.1 ms/tok, 64 ms/pass, 1.78 tok/pass, accept p1 78 %
2026-09-22 01:23:51.896 INFO  sched: request 'chatcmpl-2693f8214ec4ddad' retired (steps): 256 tok in 9.6 s — prefill 32 tok (28 cached) in 61 ms; decode 255 tok / 148 passes in 9.5 s: 26.8 tok/s, 37.3 ms/tok, 64 ms/pass, 1.72 tok/pass, accept p1 73 %
2026-09-22 01:23:52.213 INFO  sched: request 'chatcmpl-2693f8214ec4ddb0' prefix cache miss — 2 cut(s) probed against 16 entries; the nearest entry (position 292) shares the first 12 of the prompt's 51 tokens (the prompt differs from it from that token on)
2026-09-22 01:23:52.213 INFO  sched: request 'chatcmpl-2693f8214ec4ddb0' admitted to slot 0 (reserve 3 blocks; pool 34/6144 blocks in use) — first token 785
2026-09-22 01:23:55.914 INFO  stats: rank 1 | 10.0 s | decode 86.1 tok/s, 11.1 ms/tok, 45.9 ms/step (209 steps / 863 tok, 96 % of wall) | mtp 1.80 tok/step/req, accept p1 80 % | prefill 1 prompt / 51 tok, 5 tok/s, 5.68 ms/tok, 290 ms avg (3 % of wall), 0 tok cached (0/1 hit) | live 1, queued 0 | pool 35/6144 blocks (1 %) | prefix cache 17/232 entries
2026-09-22 01:23:56.371 INFO  sched: request 'chatcmpl-2693f8214ec4ddb0' retired (steps): 256 tok in 4.2 s — prefill 51 tok (0 cached) in 290 ms; decode 255 tok / 129 passes in 3.9 s: 65.9 tok/s, 15.2 ms/tok, 30 ms/pass, 1.98 tok/pass, accept p1 98 %
2026-09-22 01:23:56.465 INFO  sched: request 'chatcmpl-2693f8214ec4ddb1' admitted to slot 0 (reserve 3 blocks; pool 37/6144 blocks in use) — first token 785
2026-09-22 01:24:00.629 INFO  sched: request 'chatcmpl-2693f8214ec4ddb1' retired (steps): 256 tok in 4.2 s — prefill 51 tok (48 cached) in 56 ms; decode 255 tok / 129 passes in 4.1 s: 62.1 tok/s, 16.1 ms/tok, 32 ms/pass, 1.98 tok/pass, accept p1 98 %
2026-09-22 01:24:00.713 INFO  sched: request 'chatcmpl-2693f8214ec4ddb2' admitted to slot 0 (reserve 3 blocks; pool 37/6144 blocks in use) — first token 785
2026-09-22 01:24:04.876 INFO  sched: request 'chatcmpl-2693f8214ec4ddb2' retired (steps): 256 tok in 4.2 s — prefill 51 tok (48 cached) in 57 ms; decode 255 tok / 129 passes in 4.1 s: 62.1 tok/s, 16.1 ms/tok, 32 ms/pass, 1.98 tok/pass, accept p1 98 %
2026-09-22 01:24:05.188 INFO  sched: request 'chatcmpl-2693f8214ec4ddb3' prefix cache miss — 2 cut(s) probed against 18 entries; the nearest entry (position 304) shares the first 14 of the prompt's 47 tokens (the prompt differs from it from that token on)
2026-09-22 01:24:05.188 INFO  sched: request 'chatcmpl-2693f8214ec4ddb3' admitted to slot 0 (reserve 3 blocks; pool 38/6144 blocks in use) — first token 785
2026-09-22 01:24:05.502 INFO  sched: request 'chatcmpl-2693f8214ec4ddb4' prefix cache miss — 2 cut(s) probed against 19 entries; the nearest entry (position 304) shares the first 15 of the prompt's 51 tokens (the prompt differs from it from that token on)
2026-09-22 01:24:05.502 INFO  sched: request 'chatcmpl-2693f8214ec4ddb4' admitted to slot 1 (reserve 3 blocks; pool 43/6144 blocks in use) — first token 785
2026-09-22 01:24:05.943 INFO  stats: rank 1 | 10.0 s | decode 58.1 tok/s, 15.7 ms/tok, 32.3 ms/step (283 steps / 583 tok, 91 % of wall) | mtp 1.99 tok/step/req, accept p1 99 % | prefill 4 prompts / 104 tok, 10 tok/s, 6.47 ms/tok, 168 ms avg (7 % of wall), 96 tok cached (2/4 hits) | live 2, queued 0 | pool 44/6144 blocks (1 %) | prefix cache 20/232 entries
2026-09-22 01:24:11.463 INFO  sched: request 'chatcmpl-2693f8214ec4ddb3' retired (steps): 256 tok in 6.3 s — prefill 47 tok (0 cached) in 280 ms; decode 255 tok / 135 passes in 6.0 s: 42.5 tok/s, 23.5 ms/tok, 44 ms/pass, 1.89 tok/pass, accept p1 89 %
2026-09-22 01:24:11.528 INFO  sched: request 'chatcmpl-2693f8214ec4ddb4' retired (steps): 256 tok in 6.0 s — prefill 51 tok (0 cached) in 280 ms; decode 255 tok / 136 passes in 5.7 s: 44.4 tok/s, 22.5 ms/tok, 42 ms/pass, 1.88 tok/pass, accept p1 88 %
2026-09-22 01:24:11.600 INFO  sched: request 'chatcmpl-2693f8214ec4ddb5' admitted to slot 0 (reserve 3 blocks; pool 45/6144 blocks in use) — first token 785
2026-09-22 01:24:11.688 INFO  sched: request 'chatcmpl-2693f8214ec4ddb6' admitted to slot 1 (reserve 3 blocks; pool 49/6144 blocks in use) — first token 785
2026-09-22 01:24:15.949 INFO  stats: rank 1 | 10.0 s | decode 83.4 tok/s, 11.7 ms/tok, 43.9 ms/step (223 steps / 835 tok, 98 % of wall) | mtp 1.88 tok/step/req, accept p1 88 % | prefill 2 prompts / 6 tok, 1 tok/s, 18.27 ms/tok, 55 ms avg (1 % of wall), 92 tok cached (2/2 hits) | live 2, queued 0 | pool 50/6144 blocks (1 %) | prefix cache 22/232 entries
2026-09-22 01:24:17.651 INFO  sched: request 'chatcmpl-2693f8214ec4ddb5' retired (steps): 256 tok in 6.1 s — prefill 47 tok (44 cached) in 56 ms; decode 255 tok / 135 passes in 6.0 s: 42.5 tok/s, 23.5 ms/tok, 44 ms/pass, 1.89 tok/pass, accept p1 89 %
2026-09-22 01:24:17.717 INFO  sched: request 'chatcmpl-2693f8214ec4ddb6' retired (steps): 256 tok in 6.0 s — prefill 51 tok (48 cached) in 54 ms; decode 255 tok / 136 passes in 6.0 s: 42.7 tok/s, 23.4 ms/tok, 44 ms/pass, 1.88 tok/pass, accept p1 88 %
2026-09-22 01:24:17.802 INFO  sched: request 'chatcmpl-2693f8214ec4ddb7' admitted to slot 0 (reserve 3 blocks; pool 45/6144 blocks in use) — first token 785
2026-09-22 01:24:17.890 INFO  sched: request 'chatcmpl-2693f8214ec4ddb8' admitted to slot 1 (reserve 3 blocks; pool 49/6144 blocks in use) — first token 785
2026-09-22 01:24:23.856 INFO  sched: request 'chatcmpl-2693f8214ec4ddb7' retired (steps): 256 tok in 6.1 s — prefill 47 tok (44 cached) in 57 ms; decode 255 tok / 135 passes in 6.0 s: 42.5 tok/s, 23.5 ms/tok, 44 ms/pass, 1.89 tok/pass, accept p1 89 %
2026-09-22 01:24:23.923 INFO  sched: request 'chatcmpl-2693f8214ec4ddb8' retired (steps): 256 tok in 6.0 s — prefill 51 tok (48 cached) in 54 ms; decode 255 tok / 136 passes in 6.0 s: 42.7 tok/s, 23.4 ms/tok, 44 ms/pass, 1.88 tok/pass, accept p1 88 %
2026-09-22 01:24:24.213 INFO  sched: request 'chatcmpl-2693f8214ec4ddb9' prefix cache miss — 2 cut(s) probed against 22 entries; the nearest entry (position 304) shares the first 10 of the prompt's 33 tokens (the prompt differs from it from that token on)
2026-09-22 01:24:24.213 INFO  sched: request 'chatcmpl-2693f8214ec4ddb9' admitted to slot 0 (reserve 3 blocks; pool 46/6144 blocks in use) — first token 785
2026-09-22 01:24:24.493 INFO  sched: request 'chatcmpl-2693f8214ec4ddba' prefix cache miss — 2 cut(s) probed against 23 entries; the nearest entry (position 28) shares the first 12 of the prompt's 34 tokens (the prompt differs from it from that token on)
2026-09-22 01:24:24.493 INFO  sched: request 'chatcmpl-2693f8214ec4ddba' admitted to slot 1 (reserve 3 blocks; pool 50/6144 blocks in use) — first token 785
2026-09-22 01:24:24.821 INFO  sched: request 'chatcmpl-2693f8214ec4ddbb' prefix cache miss — 2 cut(s) probed against 24 entries; the nearest entry (position 300) shares the first 15 of the prompt's 45 tokens (the prompt differs from it from that token on)
2026-09-22 01:24:24.821 INFO  sched: request 'chatcmpl-2693f8214ec4ddbb' admitted to slot 2 (reserve 3 blocks; pool 55/6144 blocks in use) — first token 785
2026-09-22 01:24:25.135 INFO  sched: request 'chatcmpl-2693f8214ec4ddbc' prefix cache miss — 2 cut(s) probed against 25 entries; the nearest entry (position 32) shares the first 12 of the prompt's 33 tokens (the prompt differs from it from that token on)
2026-09-22 01:24:25.135 INFO  sched: request 'chatcmpl-2693f8214ec4ddbc' admitted to slot 3 (reserve 3 blocks; pool 60/6144 blocks in use) — first token 785
2026-09-22 01:24:25.958 INFO  stats: rank 1 | 10.0 s | decode 77.5 tok/s, 11.2 ms/tok, 45.1 ms/step (193 steps / 776 tok, 87 % of wall) | mtp 1.91 tok/step/req, accept p1 89 % | prefill 6 prompts / 151 tok, 15 tok/s, 7.64 ms/tok, 192 ms avg (12 % of wall), 92 tok cached (2/6 hits) | live 4, queued 0 | pool 62/6144 blocks (1 %) | prefix cache 26/232 entries
2026-09-22 01:24:34.104 INFO  sched: request 'chatcmpl-2693f8214ec4ddbb' retired (steps): 256 tok in 9.3 s — prefill 45 tok (0 cached) in 283 ms; decode 255 tok / 136 passes in 9.0 s: 28.3 tok/s, 35.3 ms/tok, 66 ms/pass, 1.88 tok/pass, accept p1 88 %
2026-09-22 01:24:34.105 INFO  sched: request 'chatcmpl-2693f8214ec4ddbc' retired (steps): 256 tok in 9.0 s — prefill 33 tok (0 cached) in 256 ms; decode 255 tok / 135 passes in 8.7 s: 29.3 tok/s, 34.2 ms/tok, 65 ms/pass, 1.89 tok/pass, accept p1 89 %
2026-09-22 01:24:34.105 INFO  sched: request 'chatcmpl-2693f8214ec4ddb9' retired (steps): 256 tok in 9.9 s — prefill 33 tok (0 cached) in 257 ms; decode 255 tok / 138 passes in 9.6 s: 26.5 tok/s, 37.8 ms/tok, 70 ms/pass, 1.85 tok/pass, accept p1 85 %
2026-09-22 01:24:34.216 INFO  sched: request 'chatcmpl-2693f8214ec4ddba' retired (steps): 256 tok in 9.7 s — prefill 34 tok (0 cached) in 247 ms; decode 255 tok / 140 passes in 9.5 s: 26.9 tok/s, 37.2 ms/tok, 68 ms/pass, 1.82 tok/pass, accept p1 83 %
2026-09-22 01:24:34.311 INFO  sched: request 'chatcmpl-2693f8214ec4ddbd' admitted to slot 0 (reserve 3 blocks; pool 61/6144 blocks in use) — first token 785
2026-09-22 01:24:34.409 INFO  sched: request 'chatcmpl-2693f8214ec4ddbe' admitted to slot 1 (reserve 3 blocks; pool 64/6144 blocks in use) — first token 785
2026-09-22 01:24:34.504 INFO  sched: request 'chatcmpl-2693f8214ec4ddbf' admitted to slot 2 (reserve 3 blocks; pool 68/6144 blocks in use) — first token 785
2026-09-22 01:24:34.629 INFO  sched: request 'chatcmpl-2693f8214ec4ddc0' admitted to slot 3 (reserve 3 blocks; pool 72/6144 blocks in use) — first token 785
2026-09-22 01:24:35.987 INFO  stats: rank 1 | 10.0 s | decode 108.4 tok/s, 8.9 ms/tok, 64.8 ms/step (149 steps / 1087 tok, 96 % of wall) | mtp 1.87 tok/step/req, accept p1 87 % | prefill 4 prompts / 17 tok, 2 tok/s, 14.80 ms/tok, 63 ms avg (3 % of wall), 128 tok cached (4/4 hits) | live 4, queued 0 | pool 74/6144 blocks (1 %) | prefix cache 30/232 entries
2026-09-22 01:24:43.344 INFO  sched: request 'chatcmpl-2693f8214ec4ddbe' retired (steps): 256 tok in 8.9 s — prefill 45 tok (40 cached) in 65 ms; decode 255 tok / 133 passes in 8.9 s: 28.8 tok/s, 34.8 ms/tok, 67 ms/pass, 1.92 tok/pass, accept p1 92 %
2026-09-22 01:24:43.605 INFO  sched: request 'chatcmpl-2693f8214ec4ddc0' retired (steps): 256 tok in 9.0 s — prefill 33 tok (28 cached) in 68 ms; decode 255 tok / 135 passes in 8.9 s: 28.6 tok/s, 34.9 ms/tok, 66 ms/pass, 1.89 tok/pass, accept p1 89 %
2026-09-22 01:24:43.605 INFO  sched: request 'chatcmpl-2693f8214ec4ddbd' retired (steps): 256 tok in 9.3 s — prefill 33 tok (28 cached) in 68 ms; decode 255 tok / 138 passes in 9.2 s: 27.6 tok/s, 36.2 ms/tok, 67 ms/pass, 1.85 tok/pass, accept p1 85 %
2026-09-22 01:24:43.706 INFO  sched: request 'chatcmpl-2693f8214ec4ddbf' retired (steps): 256 tok in 9.2 s — prefill 34 tok (32 cached) in 50 ms; decode 255 tok / 139 passes in 9.2 s: 27.9 tok/s, 35.9 ms/tok, 66 ms/pass, 1.83 tok/pass, accept p1 84 %
2026-09-22 01:24:43.784 INFO  sched: request 'chatcmpl-2693f8214ec4ddc1' admitted to slot 0 (reserve 3 blocks; pool 67/6144 blocks in use) — first token 785
2026-09-22 01:24:43.883 INFO  sched: request 'chatcmpl-2693f8214ec4ddc2' admitted to slot 1 (reserve 3 blocks; pool 70/6144 blocks in use) — first token 785
2026-09-22 01:24:43.978 INFO  sched: request 'chatcmpl-2693f8214ec4ddc3' admitted to slot 2 (reserve 3 blocks; pool 74/6144 blocks in use) — first token 785
2026-09-22 01:24:44.102 INFO  sched: request 'chatcmpl-2693f8214ec4ddc4' admitted to slot 3 (reserve 3 blocks; pool 78/6144 blocks in use) — first token 785
2026-09-22 01:24:46.002 INFO  stats: rank 1 | 10.0 s | decode 107.6 tok/s, 9.0 ms/tok, 64.8 ms/step (149 steps / 1078 tok, 96 % of wall) | mtp 1.87 tok/step/req, accept p1 86 % | prefill 4 prompts / 17 tok, 2 tok/s, 14.72 ms/tok, 63 ms avg (2 % of wall), 128 tok cached (4/4 hits) | live 4, queued 0 | pool 80/6144 blocks (1 %) | prefix cache 32/232 entries
2026-09-22 01:24:52.863 INFO  sched: request 'chatcmpl-2693f8214ec4ddc2' retired (steps): 256 tok in 9.0 s — prefill 45 tok (40 cached) in 66 ms; decode 255 tok / 133 passes in 8.9 s: 28.6 tok/s, 35.0 ms/tok, 67 ms/pass, 1.92 tok/pass, accept p1 92 %
2026-09-22 01:24:53.187 INFO  sched: request 'chatcmpl-2693f8214ec4ddc1' retired (steps): 256 tok in 9.4 s — prefill 33 tok (28 cached) in 67 ms; decode 255 tok / 139 passes in 9.3 s: 27.3 tok/s, 36.6 ms/tok, 67 ms/pass, 1.83 tok/pass, accept p1 83 %
2026-09-22 01:24:53.313 INFO  sched: request 'chatcmpl-2693f8214ec4ddc3' retired (steps): 256 tok in 9.3 s — prefill 34 tok (32 cached) in 50 ms; decode 255 tok / 139 passes in 9.3 s: 27.5 tok/s, 36.4 ms/tok, 67 ms/pass, 1.83 tok/pass, accept p1 84 %
2026-09-22 01:24:53.347 INFO  sched: request 'chatcmpl-2693f8214ec4ddc4' retired (steps): 256 tok in 9.2 s — prefill 33 tok (28 cached) in 67 ms; decode 255 tok / 139 passes in 9.2 s: 27.8 tok/s, 36.0 ms/tok, 66 ms/pass, 1.83 tok/pass, accept p1 84 %
2026-09-22 01:24:53.639 INFO  sched: request 'chatcmpl-2693f8214ec4ddc5' prefix cache miss — 2 cut(s) probed against 34 entries; the nearest entry (position 304) shares the first 10 of the prompt's 46 tokens (the prompt differs from it from that token on)
2026-09-22 01:24:53.639 INFO  sched: request 'chatcmpl-2693f8214ec4ddc5' admitted to slot 0 (reserve 3 blocks; pool 74/6144 blocks in use) — first token 785
2026-09-22 01:24:56.023 INFO  stats: rank 1 | 10.0 s | decode 93.4 tok/s, 10.3 ms/tok, 52.1 ms/step (185 steps / 936 tok, 96 % of wall) | mtp 1.86 tok/step/req, accept p1 86 % | prefill 1 prompt / 46 tok, 5 tok/s, 6.01 ms/tok, 277 ms avg (3 % of wall), 0 tok cached (0/1 hit) | live 1, queued 0 | pool 75/6144 blocks (1 %) | prefix cache 35/232 entries
2026-09-22 01:24:57.767 INFO  sched: request 'chatcmpl-2693f8214ec4ddc5' retired (steps): 256 tok in 4.1 s — prefill 46 tok (0 cached) in 277 ms; decode 255 tok / 130 passes in 3.9 s: 66.2 tok/s, 15.1 ms/tok, 30 ms/pass, 1.96 tok/pass, accept p1 96 %
2026-09-22 01:24:57.840 INFO  sched: request 'chatcmpl-2693f8214ec4ddc6' admitted to slot 0 (reserve 3 blocks; pool 77/6144 blocks in use) — first token 785
2026-09-22 01:25:01.974 INFO  sched: request 'chatcmpl-2693f8214ec4ddc6' retired (steps): 256 tok in 4.1 s — prefill 46 tok (44 cached) in 52 ms; decode 255 tok / 130 passes in 4.1 s: 62.5 tok/s, 16.0 ms/tok, 31 ms/pass, 1.96 tok/pass, accept p1 96 %
2026-09-22 01:25:02.068 INFO  sched: request 'chatcmpl-2693f8214ec4ddc7' admitted to slot 0 (reserve 3 blocks; pool 77/6144 blocks in use) — first token 785
2026-09-22 01:25:06.039 INFO  stats: rank 1 | 10.0 s | decode 60.9 tok/s, 16.0 ms/tok, 31.4 ms/step (310 steps / 610 tok, 97 % of wall) | mtp 1.97 tok/step/req, accept p1 96 % | prefill 2 prompts / 4 tok, 0 tok/s, 25.73 ms/tok, 51 ms avg (1 % of wall), 88 tok cached (2/2 hits) | live 1, queued 0 | pool 78/6144 blocks (1 %) | prefix cache 36/232 entries
2026-09-22 01:25:06.199 INFO  sched: request 'chatcmpl-2693f8214ec4ddc7' retired (steps): 256 tok in 4.1 s — prefill 46 tok (44 cached) in 51 ms; decode 255 tok / 130 passes in 4.1 s: 62.5 tok/s, 16.0 ms/tok, 31 ms/pass, 1.96 tok/pass, accept p1 96 %
2026-09-22 01:25:06.518 INFO  sched: request 'chatcmpl-2693f8214ec4ddc8' prefix cache miss — 2 cut(s) probed against 36 entries; the nearest entry (position 300) shares the first 23 of the prompt's 47 tokens (the prompt differs from it from that token on)
2026-09-22 01:25:06.518 INFO  sched: request 'chatcmpl-2693f8214ec4ddc8' admitted to slot 0 (reserve 3 blocks; pool 78/6144 blocks in use) — first token 785
2026-09-22 01:25:06.822 INFO  sched: request 'chatcmpl-2693f8214ec4ddc9' prefix cache miss — 2 cut(s) probed against 37 entries; the nearest entry (position 300) shares the first 23 of the prompt's 46 tokens (the prompt differs from it from that token on)
2026-09-22 01:25:06.822 INFO  sched: request 'chatcmpl-2693f8214ec4ddc9' admitted to slot 1 (reserve 3 blocks; pool 83/6144 blocks in use) — first token 785
2026-09-22 01:25:12.691 INFO  sched: request 'chatcmpl-2693f8214ec4ddc9' retired (steps): 256 tok in 5.9 s — prefill 46 tok (0 cached) in 271 ms; decode 255 tok / 131 passes in 5.6 s: 45.6 tok/s, 22.0 ms/tok, 43 ms/pass, 1.95 tok/pass, accept p1 95 %
2026-09-22 01:25:13.177 INFO  sched: request 'chatcmpl-2693f8214ec4ddc8' retired (steps): 256 tok in 6.7 s — prefill 47 tok (0 cached) in 280 ms; decode 255 tok / 147 passes in 6.4 s: 40.0 tok/s, 25.0 ms/tok, 43 ms/pass, 1.73 tok/pass, accept p1 74 %
2026-09-22 01:25:13.239 INFO  sched: request 'chatcmpl-2693f8214ec4ddca' admitted to slot 0 (reserve 3 blocks; pool 85/6144 blocks in use) — first token 785
2026-09-22 01:25:13.321 INFO  sched: request 'chatcmpl-2693f8214ec4ddcb' admitted to slot 1 (reserve 3 blocks; pool 89/6144 blocks in use) — first token 785
2026-09-22 01:25:16.066 INFO  stats: rank 1 | 10.0 s | decode 74.5 tok/s, 12.3 ms/tok, 42.9 ms/step (215 steps / 747 tok, 92 % of wall) | mtp 1.83 tok/step/req, accept p1 82 % | prefill 4 prompts / 98 tok, 10 tok/s, 6.71 ms/tok, 164 ms avg (7 % of wall), 88 tok cached (2/4 hits) | live 2, queued 0 | pool 90/6144 blocks (1 %) | prefix cache 40/232 entries
2026-09-22 01:25:19.187 INFO  sched: request 'chatcmpl-2693f8214ec4ddcb' retired (steps): 256 tok in 5.9 s — prefill 46 tok (44 cached) in 50 ms; decode 255 tok / 131 passes in 5.8 s: 43.8 tok/s, 22.8 ms/tok, 44 ms/pass, 1.95 tok/pass, accept p1 95 %
2026-09-22 01:25:19.672 INFO  sched: request 'chatcmpl-2693f8214ec4ddca' retired (steps): 256 tok in 6.4 s — prefill 47 tok (44 cached) in 57 ms; decode 255 tok / 147 passes in 6.4 s: 40.0 tok/s, 25.0 ms/tok, 43 ms/pass, 1.73 tok/pass, accept p1 74 %
2026-09-22 01:25:19.745 INFO  sched: request 'chatcmpl-2693f8214ec4ddcc' admitted to slot 0 (reserve 3 blocks; pool 85/6144 blocks in use) — first token 785
2026-09-22 01:25:19.833 INFO  sched: request 'chatcmpl-2693f8214ec4ddcd' admitted to slot 1 (reserve 3 blocks; pool 88/6144 blocks in use) — first token 785
2026-09-22 01:25:25.642 INFO  sched: request 'chatcmpl-2693f8214ec4ddcc' retired (steps): 256 tok in 5.9 s — prefill 46 tok (44 cached) in 51 ms; decode 255 tok / 131 passes in 5.8 s: 43.6 tok/s, 22.9 ms/tok, 45 ms/pass, 1.95 tok/pass, accept p1 95 %
2026-09-22 01:25:26.093 INFO  stats: rank 1 | 10.0 s | decode 79.2 tok/s, 12.3 ms/tok, 42.8 ms/step (229 steps / 794 tok, 98 % of wall) | mtp 1.86 tok/step/req, accept p1 85 % | prefill 2 prompts / 5 tok, 0 tok/s, 21.28 ms/tok, 53 ms avg (1 % of wall), 88 tok cached (2/2 hits) | live 1, queued 0 | pool 86/6144 blocks (1 %) | prefix cache 40/232 entries
2026-09-22 01:25:26.190 INFO  sched: request 'chatcmpl-2693f8214ec4ddcd' retired (steps): 256 tok in 6.4 s — prefill 47 tok (44 cached) in 55 ms; decode 255 tok / 147 passes in 6.3 s: 40.5 tok/s, 24.7 ms/tok, 43 ms/pass, 1.73 tok/pass, accept p1 74 %
2026-09-22 01:25:26.477 INFO  sched: request 'chatcmpl-2693f8214ec4ddce' prefix cache miss — 2 cut(s) probed against 40 entries; the nearest entry (position 304) shares the first 10 of the prompt's 33 tokens (the prompt differs from it from that token on)
2026-09-22 01:25:26.477 INFO  sched: request 'chatcmpl-2693f8214ec4ddce' admitted to slot 0 (reserve 3 blocks; pool 86/6144 blocks in use) — first token 785
2026-09-22 01:25:26.770 INFO  sched: request 'chatcmpl-2693f8214ec4ddcf' prefix cache miss — 2 cut(s) probed against 41 entries; the nearest entry (position 28) shares the first 14 of the prompt's 36 tokens (the prompt differs from it from that token on)
2026-09-22 01:25:26.770 INFO  sched: request 'chatcmpl-2693f8214ec4ddcf' admitted to slot 1 (reserve 3 blocks; pool 90/6144 blocks in use) — first token 785
2026-09-22 01:25:27.101 INFO  sched: request 'chatcmpl-2693f8214ec4ddd0' prefix cache miss — 2 cut(s) probed against 42 entries; the nearest entry (position 300) shares the first 23 of the prompt's 45 tokens (the prompt differs from it from that token on)
2026-09-22 01:25:27.101 INFO  sched: request 'chatcmpl-2693f8214ec4ddd0' admitted to slot 2 (reserve 3 blocks; pool 96/6144 blocks in use) — first token 785
2026-09-22 01:25:27.409 INFO  sched: request 'chatcmpl-2693f8214ec4ddd1' prefix cache miss — 2 cut(s) probed against 43 entries; the nearest entry (position 32) shares the first 14 of the prompt's 34 tokens (the prompt differs from it from that token on)
2026-09-22 01:25:27.409 INFO  sched: request 'chatcmpl-2693f8214ec4ddd1' admitted to slot 3 (reserve 3 blocks; pool 100/6144 blocks in use) — first token 785
2026-09-22 01:25:35.844 INFO  sched: request 'chatcmpl-2693f8214ec4ddd0' retired (steps): 256 tok in 8.7 s — prefill 45 tok (0 cached) in 286 ms; decode 255 tok / 129 passes in 8.5 s: 30.2 tok/s, 33.2 ms/tok, 66 ms/pass, 1.98 tok/pass, accept p1 98 %
2026-09-22 01:25:35.913 INFO  sched: request 'chatcmpl-2693f8214ec4ddce' retired (steps): 256 tok in 9.4 s — prefill 33 tok (0 cached) in 260 ms; decode 255 tok / 132 passes in 9.2 s: 27.8 tok/s, 36.0 ms/tok, 70 ms/pass, 1.93 tok/pass, accept p1 93 %
2026-09-22 01:25:35.979 INFO  sched: request 'chatcmpl-2693f8214ec4ddcf' retired (steps): 256 tok in 9.2 s — prefill 36 tok (0 cached) in 260 ms; decode 255 tok / 132 passes in 8.9 s: 28.5 tok/s, 35.1 ms/tok, 68 ms/pass, 1.93 tok/pass, accept p1 94 %
2026-09-22 01:25:36.046 INFO  sched: request 'chatcmpl-2693f8214ec4ddd1' retired (steps): 256 tok in 8.6 s — prefill 34 tok (0 cached) in 251 ms; decode 255 tok / 132 passes in 8.4 s: 30.4 tok/s, 32.9 ms/tok, 64 ms/pass, 1.93 tok/pass, accept p1 94 %
2026-09-22 01:25:36.120 INFO  sched: request 'chatcmpl-2693f8214ec4ddd2' admitted to slot 0 (reserve 3 blocks; pool 101/6144 blocks in use) — first token 785
2026-09-22 01:25:36.150 INFO  stats: rank 1 | 10.1 s | decode 102.6 tok/s, 8.6 ms/tok, 63.6 ms/step (139 steps / 1032 tok, 88 % of wall) | mtp 1.95 tok/step/req, accept p1 95 % | prefill 5 prompts / 152 tok, 15 tok/s, 7.37 ms/tok, 224 ms avg (11 % of wall), 32 tok cached (1/5 hits) | live 1, queued 3 | pool 102/6144 blocks (2 %) | prefix cache 48/232 entries
2026-09-22 01:25:36.203 INFO  sched: request 'chatcmpl-2693f8214ec4ddd3' admitted to slot 1 (reserve 3 blocks; pool 105/6144 blocks in use) — first token 785
2026-09-22 01:25:36.315 INFO  sched: request 'chatcmpl-2693f8214ec4ddd4' admitted to slot 2 (reserve 3 blocks; pool 108/6144 blocks in use) — first token 785
2026-09-22 01:25:36.439 INFO  sched: request 'chatcmpl-2693f8214ec4ddd5' admitted to slot 3 (reserve 3 blocks; pool 112/6144 blocks in use) — first token 785
2026-09-22 01:25:44.867 INFO  sched: request 'chatcmpl-2693f8214ec4ddd3' retired (steps): 256 tok in 8.7 s — prefill 34 tok (32 cached) in 51 ms; decode 255 tok / 130 passes in 8.6 s: 29.6 tok/s, 33.8 ms/tok, 66 ms/pass, 1.96 tok/pass, accept p1 96 %
2026-09-22 01:25:44.867 INFO  sched: request 'chatcmpl-2693f8214ec4ddd2' retired (steps): 256 tok in 8.7 s — prefill 36 tok (32 cached) in 63 ms; decode 255 tok / 131 passes in 8.7 s: 29.4 tok/s, 34.1 ms/tok, 66 ms/pass, 1.95 tok/pass, accept p1 95 %
2026-09-22 01:25:44.935 INFO  sched: request 'chatcmpl-2693f8214ec4ddd5' retired (steps): 256 tok in 8.5 s — prefill 45 tok (40 cached) in 67 ms; decode 255 tok / 129 passes in 8.4 s: 30.3 tok/s, 33.1 ms/tok, 65 ms/pass, 1.98 tok/pass, accept p1 98 %
2026-09-22 01:25:44.969 INFO  sched: request 'chatcmpl-2693f8214ec4ddd4' retired (steps): 256 tok in 8.7 s — prefill 33 tok (28 cached) in 68 ms; decode 255 tok / 131 passes in 8.6 s: 29.7 tok/s, 33.7 ms/tok, 66 ms/pass, 1.95 tok/pass, accept p1 95 %
2026-09-22 01:25:45.036 INFO  sched: request 'chatcmpl-2693f8214ec4ddd6' admitted to slot 0 (reserve 3 blocks; pool 110/6144 blocks in use) — first token 785
2026-09-22 01:25:45.136 INFO  sched: request 'chatcmpl-2693f8214ec4ddd7' admitted to slot 1 (reserve 3 blocks; pool 113/6144 blocks in use) — first token 785
2026-09-22 01:25:45.242 INFO  sched: request 'chatcmpl-2693f8214ec4ddd8' admitted to slot 2 (reserve 3 blocks; pool 117/6144 blocks in use) — first token 785
2026-09-22 01:25:45.364 INFO  sched: request 'chatcmpl-2693f8214ec4ddd9' admitted to slot 3 (reserve 3 blocks; pool 122/6144 blocks in use) — first token 785
2026-09-22 01:25:46.201 INFO  stats: rank 1 | 10.1 s | decode 113.2 tok/s, 8.4 ms/tok, 64.5 ms/step (148 steps / 1138 tok, 95 % of wall) | mtp 1.97 tok/step/req, accept p1 96 % | prefill 7 prompts / 28 tok, 3 tok/s, 15.46 ms/tok, 62 ms avg (4 % of wall), 232 tok cached (7/7 hits) | live 4, queued 0 | pool 123/6144 blocks (2 %) | prefix cache 51/232 entries
2026-09-22 01:25:53.803 INFO  sched: request 'chatcmpl-2693f8214ec4ddd6' retired (steps): 256 tok in 8.8 s — prefill 34 tok (32 cached) in 51 ms; decode 255 tok / 131 passes in 8.7 s: 29.3 tok/s, 34.2 ms/tok, 67 ms/pass, 1.95 tok/pass, accept p1 95 %
2026-09-22 01:25:53.874 INFO  sched: request 'chatcmpl-2693f8214ec4ddd7' retired (steps): 256 tok in 8.7 s — prefill 33 tok (28 cached) in 67 ms; decode 255 tok / 131 passes in 8.7 s: 29.4 tok/s, 34.0 ms/tok, 66 ms/pass, 1.95 tok/pass, accept p1 95 %
2026-09-22 01:25:53.874 INFO  sched: request 'chatcmpl-2693f8214ec4ddd9' retired (steps): 256 tok in 8.5 s — prefill 45 tok (40 cached) in 67 ms; decode 255 tok / 129 passes in 8.4 s: 30.2 tok/s, 33.1 ms/tok, 65 ms/pass, 1.98 tok/pass, accept p1 98 %
2026-09-22 01:25:53.907 INFO  sched: request 'chatcmpl-2693f8214ec4ddd8' retired (steps): 256 tok in 8.7 s — prefill 36 tok (32 cached) in 62 ms; decode 255 tok / 131 passes in 8.6 s: 29.6 tok/s, 33.7 ms/tok, 66 ms/pass, 1.95 tok/pass, accept p1 95 %
2026-09-22 01:25:54.265 INFO  sched: request 'chatcmpl-2693f8214ec4ddda' prefix cache miss — 2 cut(s) probed against 54 entries; the nearest entry (position 304) shares the first 10 of the prompt's 68 tokens (the prompt differs from it from that token on)
2026-09-22 01:25:54.265 INFO  sched: request 'chatcmpl-2693f8214ec4ddda' admitted to slot 0 (reserve 3 blocks; pool 120/6144 blocks in use) — first token 1654
2026-09-22 01:25:56.211 INFO  stats: rank 1 | 10.0 s | decode 102.0 tok/s, 9.4 ms/tok, 54.0 ms/step (178 steps / 1021 tok, 96 % of wall) | mtp 1.94 tok/step/req, accept p1 95 % | prefill 1 prompt / 68 tok, 7 tok/s, 4.63 ms/tok, 315 ms avg (3 % of wall), 0 tok cached (0/1 hit) | live 1, queued 0 | pool 121/6144 blocks (2 %) | prefix cache 55/232 entries
2026-09-22 01:25:58.541 INFO  sched: request 'chatcmpl-2693f8214ec4ddda' retired (steps): 256 tok in 4.3 s — prefill 68 tok (0 cached) in 315 ms; decode 255 tok / 133 passes in 4.0 s: 64.4 tok/s, 15.5 ms/tok, 30 ms/pass, 1.92 tok/pass, accept p1 92 %
2026-09-22 01:25:58.614 INFO  sched: request 'chatcmpl-2693f8214ec4dddb' admitted to slot 0 (reserve 3 blocks; pool 123/6144 blocks in use) — first token 1654
2026-09-22 01:26:02.898 INFO  sched: request 'chatcmpl-2693f8214ec4dddb' retired (steps): 256 tok in 4.3 s — prefill 68 tok (64 cached) in 63 ms; decode 255 tok / 133 passes in 4.2 s: 60.4 tok/s, 16.5 ms/tok, 32 ms/pass, 1.92 tok/pass, accept p1 92 %
2026-09-22 01:26:02.990 INFO  sched: request 'chatcmpl-2693f8214ec4dddc' admitted to slot 0 (reserve 3 blocks; pool 123/6144 blocks in use) — first token 1654
2026-09-22 01:26:06.234 INFO  stats: rank 1 | 10.0 s | decode 59.0 tok/s, 16.6 ms/tok, 32.1 ms/step (306 steps / 591 tok, 98 % of wall) | mtp 1.93 tok/step/req, accept p1 93 % | prefill 2 prompts / 8 tok, 1 tok/s, 16.02 ms/tok, 64 ms avg (1 % of wall), 128 tok cached (2/2 hits) | live 1, queued 0 | pool 123/6144 blocks (2 %) | prefix cache 56/232 entries
2026-09-22 01:26:07.268 INFO  sched: request 'chatcmpl-2693f8214ec4dddc' retired (steps): 256 tok in 4.3 s — prefill 68 tok (64 cached) in 65 ms; decode 255 tok / 133 passes in 4.2 s: 60.5 tok/s, 16.5 ms/tok, 32 ms/pass, 1.92 tok/pass, accept p1 92 %
2026-09-22 01:26:07.610 INFO  sched: request 'chatcmpl-2693f8214ec4dddd' prefix cache miss — 2 cut(s) probed against 56 entries; the nearest entry (position 320) shares the first 10 of the prompt's 54 tokens (the prompt differs from it from that token on)
2026-09-22 01:26:07.610 INFO  sched: request 'chatcmpl-2693f8214ec4dddd' admitted to slot 0 (reserve 3 blocks; pool 124/6144 blocks in use) — first token 785
2026-09-22 01:26:07.950 INFO  sched: request 'chatcmpl-2693f8214ec4ddde' prefix cache miss — 2 cut(s) probed against 57 entries; the nearest entry (position 320) shares the first 11 of the prompt's 61 tokens (the prompt differs from it from that token on)
2026-09-22 01:26:07.950 INFO  sched: request 'chatcmpl-2693f8214ec4ddde' admitted to slot 1 (reserve 3 blocks; pool 128/6144 blocks in use) — first token 785
2026-09-22 01:26:13.754 INFO  sched: request 'chatcmpl-2693f8214ec4dddd' retired (steps): 256 tok in 6.1 s — prefill 54 tok (0 cached) in 294 ms; decode 255 tok / 131 passes in 5.8 s: 43.6 tok/s, 22.9 ms/tok, 45 ms/pass, 1.95 tok/pass, accept p1 95 %
2026-09-22 01:26:13.820 INFO  sched: request 'chatcmpl-2693f8214ec4ddde' retired (steps): 256 tok in 5.9 s — prefill 61 tok (0 cached) in 307 ms; decode 255 tok / 132 passes in 5.6 s: 45.8 tok/s, 21.8 ms/tok, 42 ms/pass, 1.93 tok/pass, accept p1 93 %
2026-09-22 01:26:13.901 INFO  sched: request 'chatcmpl-2693f8214ec4dddf' admitted to slot 0 (reserve 3 blocks; pool 131/6144 blocks in use) — first token 785
2026-09-22 01:26:13.999 INFO  sched: request 'chatcmpl-2693f8214ec4dde0' admitted to slot 1 (reserve 3 blocks; pool 134/6144 blocks in use) — first token 785
2026-09-22 01:26:16.264 INFO  stats: rank 1 | 10.0 s | decode 77.2 tok/s, 11.9 ms/tok, 42.4 ms/step (217 steps / 774 tok, 92 % of wall) | mtp 1.94 tok/step/req, accept p1 94 % | prefill 4 prompts / 122 tok, 12 tok/s, 5.89 ms/tok, 180 ms avg (7 % of wall), 108 tok cached (2/4 hits) | live 2, queued 0 | pool 136/6144 blocks (2 %) | prefix cache 60/232 entries
2026-09-22 01:26:19.804 INFO  sched: request 'chatcmpl-2693f8214ec4dddf' retired (steps): 256 tok in 5.9 s — prefill 54 tok (52 cached) in 53 ms; decode 255 tok / 131 passes in 5.9 s: 43.6 tok/s, 22.9 ms/tok, 45 ms/pass, 1.95 tok/pass, accept p1 95 %
2026-09-22 01:26:19.872 INFO  sched: request 'chatcmpl-2693f8214ec4dde0' retired (steps): 256 tok in 5.9 s — prefill 61 tok (56 cached) in 65 ms; decode 255 tok / 132 passes in 5.8 s: 43.9 tok/s, 22.8 ms/tok, 44 ms/pass, 1.93 tok/pass, accept p1 93 %
2026-09-22 01:26:19.962 INFO  sched: request 'chatcmpl-2693f8214ec4dde1' admitted to slot 0 (reserve 3 blocks; pool 131/6144 blocks in use) — first token 785
2026-09-22 01:26:20.047 INFO  sched: request 'chatcmpl-2693f8214ec4dde2' admitted to slot 1 (reserve 3 blocks; pool 134/6144 blocks in use) — first token 785
2026-09-22 01:26:25.911 INFO  sched: request 'chatcmpl-2693f8214ec4dde2' retired (steps): 256 tok in 5.9 s — prefill 54 tok (52 cached) in 52 ms; decode 255 tok / 131 passes in 5.8 s: 43.9 tok/s, 22.8 ms/tok, 44 ms/pass, 1.95 tok/pass, accept p1 95 %
2026-09-22 01:26:25.911 INFO  sched: request 'chatcmpl-2693f8214ec4dde1' retired (steps): 256 tok in 5.9 s — prefill 61 tok (56 cached) in 69 ms; decode 255 tok / 132 passes in 5.9 s: 43.4 tok/s, 23.1 ms/tok, 45 ms/pass, 1.93 tok/pass, accept p1 93 %
2026-09-22 01:26:26.229 INFO  sched: request 'chatcmpl-2693f8214ec4dde3' prefix cache miss — 2 cut(s) probed against 60 entries; the nearest entry (position 320) shares the first 11 of the prompt's 54 tokens (the prompt differs from it from that token on)
2026-09-22 01:26:26.229 INFO  sched: request 'chatcmpl-2693f8214ec4dde3' admitted to slot 0 (reserve 3 blocks; pool 132/6144 blocks in use) — first token 785
2026-09-22 01:26:26.524 INFO  sched: request 'chatcmpl-2693f8214ec4dde4' prefix cache miss — 2 cut(s) probed against 61 entries; the nearest entry (position 320) shares the first 10 of the prompt's 39 tokens (the prompt differs from it from that token on)
2026-09-22 01:26:26.524 INFO  sched: request 'chatcmpl-2693f8214ec4dde4' admitted to slot 1 (reserve 3 blocks; pool 136/6144 blocks in use) — first token 785
2026-09-22 01:26:26.566 INFO  stats: rank 1 | 10.3 s | decode 80.8 tok/s, 11.5 ms/tok, 44.4 ms/step (215 steps / 832 tok, 93 % of wall) | mtp 1.95 tok/step/req, accept p1 95 % | prefill 4 prompts / 100 tok, 10 tok/s, 6.74 ms/tok, 169 ms avg (7 % of wall), 108 tok cached (2/4 hits) | live 2, queued 2 | pool 138/6144 blocks (2 %) | prefix cache 62/232 entries
2026-09-22 01:26:26.823 INFO  sched: request 'chatcmpl-2693f8214ec4dde5' prefix cache miss — 2 cut(s) probed against 62 entries; the nearest entry (position 36) shares the first 14 of the prompt's 35 tokens (the prompt differs from it from that token on)
2026-09-22 01:26:26.823 INFO  sched: request 'chatcmpl-2693f8214ec4dde5' admitted to slot 2 (reserve 3 blocks; pool 142/6144 blocks in use) — first token 785
2026-09-22 01:26:27.146 INFO  sched: request 'chatcmpl-2693f8214ec4dde6' prefix cache miss — 2 cut(s) probed against 63 entries; the nearest entry (position 36) shares the first 15 of the prompt's 37 tokens (the prompt differs from it from that token on)
2026-09-22 01:26:27.146 INFO  sched: request 'chatcmpl-2693f8214ec4dde6' admitted to slot 3 (reserve 3 blocks; pool 147/6144 blocks in use) — first token 785
2026-09-22 01:26:36.007 INFO  sched: request 'chatcmpl-2693f8214ec4dde3' retired (steps): 256 tok in 9.8 s — prefill 54 tok (0 cached) in 291 ms; decode 255 tok / 135 passes in 9.5 s: 26.9 tok/s, 37.2 ms/tok, 70 ms/pass, 1.89 tok/pass, accept p1 89 %
2026-09-22 01:26:36.076 INFO  sched: request 'chatcmpl-2693f8214ec4dde6' retired (steps): 256 tok in 8.9 s — prefill 37 tok (0 cached) in 269 ms; decode 255 tok / 133 passes in 8.7 s: 29.4 tok/s, 34.0 ms/tok, 65 ms/pass, 1.92 tok/pass, accept p1 92 %
2026-09-22 01:26:36.130 INFO  sched: request 'chatcmpl-2693f8214ec4dde4' retired (steps): 256 tok in 9.6 s — prefill 39 tok (0 cached) in 262 ms; decode 255 tok / 136 passes in 9.3 s: 27.3 tok/s, 36.6 ms/tok, 69 ms/pass, 1.88 tok/pass, accept p1 88 %
2026-09-22 01:26:36.424 INFO  sched: request 'chatcmpl-2693f8214ec4dde5' retired (steps): 256 tok in 9.6 s — prefill 35 tok (0 cached) in 253 ms; decode 255 tok / 144 passes in 9.3 s: 27.3 tok/s, 36.7 ms/tok, 65 ms/pass, 1.77 tok/pass, accept p1 78 %
2026-09-22 01:26:36.498 INFO  sched: request 'chatcmpl-2693f8214ec4dde7' admitted to slot 0 (reserve 3 blocks; pool 147/6144 blocks in use) — first token 785
2026-09-22 01:26:36.583 INFO  sched: request 'chatcmpl-2693f8214ec4dde8' admitted to slot 1 (reserve 3 blocks; pool 151/6144 blocks in use) — first token 785
2026-09-22 01:26:36.624 INFO  stats: rank 1 | 10.1 s | decode 101.8 tok/s, 9.1 ms/tok, 64.1 ms/step (146 steps / 1024 tok, 93 % of wall) | mtp 1.87 tok/step/req, accept p1 86 % | prefill 4 prompts / 77 tok, 8 tok/s, 8.20 ms/tok, 158 ms avg (6 % of wall), 84 tok cached (2/4 hits) | live 2, queued 2 | pool 151/6144 blocks (2 %) | prefix cache 68/232 entries
2026-09-22 01:26:36.695 INFO  sched: request 'chatcmpl-2693f8214ec4dde9' admitted to slot 2 (reserve 3 blocks; pool 154/6144 blocks in use) — first token 785
2026-09-22 01:26:36.806 INFO  sched: request 'chatcmpl-2693f8214ec4ddea' admitted to slot 3 (reserve 3 blocks; pool 158/6144 blocks in use) — first token 785
2026-09-22 01:26:45.580 INFO  sched: request 'chatcmpl-2693f8214ec4dde8' retired (steps): 256 tok in 9.0 s — prefill 54 tok (52 cached) in 51 ms; decode 255 tok / 133 passes in 8.9 s: 28.5 tok/s, 35.1 ms/tok, 67 ms/pass, 1.92 tok/pass, accept p1 92 %
2026-09-22 01:26:45.651 INFO  sched: request 'chatcmpl-2693f8214ec4dde9' retired (steps): 256 tok in 9.0 s — prefill 37 tok (32 cached) in 68 ms; decode 255 tok / 133 passes in 8.9 s: 28.7 tok/s, 34.9 ms/tok, 67 ms/pass, 1.92 tok/pass, accept p1 92 %
2026-09-22 01:26:45.897 INFO  sched: request 'chatcmpl-2693f8214ec4ddea' retired (steps): 256 tok in 9.1 s — prefill 39 tok (36 cached) in 56 ms; decode 255 tok / 136 passes in 9.0 s: 28.2 tok/s, 35.4 ms/tok, 66 ms/pass, 1.88 tok/pass, accept p1 88 %
2026-09-22 01:26:45.931 INFO  sched: request 'chatcmpl-2693f8214ec4dde7' retired (steps): 256 tok in 9.4 s — prefill 35 tok (32 cached) in 58 ms; decode 255 tok / 140 passes in 9.4 s: 27.2 tok/s, 36.8 ms/tok, 67 ms/pass, 1.82 tok/pass, accept p1 83 %
2026-09-22 01:26:46.011 INFO  sched: request 'chatcmpl-2693f8214ec4ddeb' admitted to slot 0 (reserve 3 blocks; pool 156/6144 blocks in use) — first token 785
2026-09-22 01:26:46.094 INFO  sched: request 'chatcmpl-2693f8214ec4ddec' admitted to slot 1 (reserve 3 blocks; pool 160/6144 blocks in use) — first token 785
2026-09-22 01:26:46.206 INFO  sched: request 'chatcmpl-2693f8214ec4dded' admitted to slot 2 (reserve 3 blocks; pool 163/6144 blocks in use) — first token 785
2026-09-22 01:26:46.317 INFO  sched: request 'chatcmpl-2693f8214ec4ddee' admitted to slot 3 (reserve 3 blocks; pool 167/6144 blocks in use) — first token 785
2026-09-22 01:26:46.633 INFO  stats: rank 1 | 10.0 s | decode 106.9 tok/s, 8.9 ms/tok, 65.5 ms/step (146 steps / 1070 tok, 96 % of wall) | mtp 1.89 tok/step/req, accept p1 89 % | prefill 6 prompts / 21 tok, 2 tok/s, 16.91 ms/tok, 59 ms avg (4 % of wall), 220 tok cached (6/6 hits) | live 4, queued 0 | pool 169/6144 blocks (3 %) | prefix cache 71/232 entries
2026-09-22 01:26:55.128 INFO  sched: request 'chatcmpl-2693f8214ec4ddec' retired (steps): 256 tok in 9.0 s — prefill 54 tok (52 cached) in 50 ms; decode 255 tok / 133 passes in 9.0 s: 28.4 tok/s, 35.2 ms/tok, 68 ms/pass, 1.92 tok/pass, accept p1 92 %
2026-09-22 01:26:55.196 INFO  sched: request 'chatcmpl-2693f8214ec4dded' retired (steps): 256 tok in 9.0 s — prefill 37 tok (32 cached) in 69 ms; decode 255 tok / 133 passes in 8.9 s: 28.6 tok/s, 35.0 ms/tok, 67 ms/pass, 1.92 tok/pass, accept p1 92 %
2026-09-22 01:26:55.196 INFO  sched: request 'chatcmpl-2693f8214ec4ddeb' retired (steps): 256 tok in 9.2 s — prefill 39 tok (36 cached) in 58 ms; decode 255 tok / 135 passes in 9.1 s: 27.9 tok/s, 35.8 ms/tok, 68 ms/pass, 1.89 tok/pass, accept p1 90 %
2026-09-22 01:26:55.585 INFO  sched: request 'chatcmpl-2693f8214ec4ddee' retired (steps): 256 tok in 9.3 s — prefill 35 tok (32 cached) in 55 ms; decode 255 tok / 144 passes in 9.2 s: 27.7 tok/s, 36.1 ms/tok, 64 ms/pass, 1.77 tok/pass, accept p1 78 %
2026-09-22 01:26:55.917 INFO  sched: request 'chatcmpl-2693f8214ec4ddef' prefix cache miss — 2 cut(s) probed against 72 entries; the nearest entry (position 292) shares the first 12 of the prompt's 40 tokens (the prompt differs from it from that token on)
2026-09-22 01:26:55.917 INFO  sched: request 'chatcmpl-2693f8214ec4ddef' admitted to slot 0 (reserve 3 blocks; pool 160/6144 blocks in use) — first token 785
2026-09-22 01:26:56.653 INFO  stats: rank 1 | 10.0 s | decode 101.1 tok/s, 9.5 ms/tok, 59.5 ms/step (162 steps / 1013 tok, 96 % of wall) | mtp 1.87 tok/step/req, accept p1 87 % | prefill 1 prompt / 40 tok, 4 tok/s, 6.95 ms/tok, 278 ms avg (3 % of wall), 0 tok cached (0/1 hit) | live 1, queued 0 | pool 161/6144 blocks (3 %) | prefix cache 73/232 entries
2026-09-22 01:27:00.636 INFO  sched: request 'chatcmpl-2693f8214ec4ddef' retired (steps): 256 tok in 4.7 s — prefill 40 tok (0 cached) in 278 ms; decode 255 tok / 148 passes in 4.4 s: 57.4 tok/s, 17.4 ms/tok, 30 ms/pass, 1.72 tok/pass, accept p1 72 %
2026-09-22 01:27:00.723 INFO  sched: request 'chatcmpl-2693f8214ec4ddf0' admitted to slot 0 (reserve 3 blocks; pool 163/6144 blocks in use) — first token 785
2026-09-22 01:27:05.447 INFO  sched: request 'chatcmpl-2693f8214ec4ddf0' retired (steps): 256 tok in 4.7 s — prefill 40 tok (36 cached) in 66 ms; decode 255 tok / 148 passes in 4.7 s: 54.7 tok/s, 18.3 ms/tok, 31 ms/pass, 1.72 tok/pass, accept p1 72 %
2026-09-22 01:27:05.529 INFO  sched: request 'chatcmpl-2693f8214ec4ddf1' admitted to slot 0 (reserve 3 blocks; pool 163/6144 blocks in use) — first token 785
2026-09-22 01:27:06.683 INFO  stats: rank 1 | 10.0 s | decode 53.2 tok/s, 18.4 ms/tok, 31.8 ms/step (309 steps / 534 tok, 98 % of wall) | mtp 1.73 tok/step/req, accept p1 72 % | prefill 2 prompts / 8 tok, 1 tok/s, 16.33 ms/tok, 65 ms avg (1 % of wall), 72 tok cached (2/2 hits) | live 1, queued 0 | pool 164/6144 blocks (3 %) | prefix cache 74/232 entries
2026-09-22 01:27:10.251 INFO  sched: request 'chatcmpl-2693f8214ec4ddf1' retired (steps): 256 tok in 4.7 s — prefill 40 tok (36 cached) in 65 ms; decode 255 tok / 148 passes in 4.7 s: 54.8 tok/s, 18.3 ms/tok, 31 ms/pass, 1.72 tok/pass, accept p1 72 %
2026-09-22 01:27:10.583 INFO  sched: request 'chatcmpl-2693f8214ec4ddf2' prefix cache miss — 2 cut(s) probed against 74 entries; the nearest entry (position 292) shares the first 19 of the prompt's 40 tokens (the prompt differs from it from that token on)
2026-09-22 01:27:10.583 INFO  sched: request 'chatcmpl-2693f8214ec4ddf2' admitted to slot 0 (reserve 3 blocks; pool 164/6144 blocks in use) — first token 785
2026-09-22 01:27:10.891 INFO  sched: request 'chatcmpl-2693f8214ec4ddf3' prefix cache miss — 2 cut(s) probed against 75 entries; the nearest entry (position 292) shares the first 20 of the prompt's 41 tokens (the prompt differs from it from that token on)
2026-09-22 01:27:10.891 INFO  sched: request 'chatcmpl-2693f8214ec4ddf3' admitted to slot 1 (reserve 3 blocks; pool 169/6144 blocks in use) — first token 785
2026-09-22 01:27:16.707 INFO  stats: rank 1 | 10.0 s | decode 66.5 tok/s, 14.1 ms/tok, 38.3 ms/step (245 steps / 667 tok, 94 % of wall) | mtp 1.77 tok/step/req, accept p1 76 % | prefill 2 prompts / 81 tok, 8 tok/s, 6.82 ms/tok, 276 ms avg (6 % of wall), 0 tok cached (0/2 hits) | live 2, queued 0 | pool 170/6144 blocks (3 %) | prefix cache 76/232 entries
2026-09-22 01:27:16.978 INFO  sched: request 'chatcmpl-2693f8214ec4ddf2' retired (steps): 256 tok in 6.4 s — prefill 40 tok (0 cached) in 277 ms; decode 255 tok / 139 passes in 6.1 s: 41.7 tok/s, 24.0 ms/tok, 44 ms/pass, 1.83 tok/pass, accept p1 83 %
2026-09-22 01:27:17.301 INFO  sched: request 'chatcmpl-2693f8214ec4ddf3' retired (steps): 256 tok in 6.4 s — prefill 41 tok (0 cached) in 275 ms; decode 255 tok / 148 passes in 6.1 s: 41.6 tok/s, 24.1 ms/tok, 41 ms/pass, 1.72 tok/pass, accept p1 73 %
2026-09-22 01:27:17.381 INFO  sched: request 'chatcmpl-2693f8214ec4ddf4' admitted to slot 0 (reserve 3 blocks; pool 171/6144 blocks in use) — first token 785
2026-09-22 01:27:17.476 INFO  sched: request 'chatcmpl-2693f8214ec4ddf5' admitted to slot 1 (reserve 3 blocks; pool 174/6144 blocks in use) — first token 785
2026-09-22 01:27:23.598 INFO  sched: request 'chatcmpl-2693f8214ec4ddf5' retired (steps): 256 tok in 6.1 s — prefill 40 tok (36 cached) in 63 ms; decode 255 tok / 139 passes in 6.1 s: 42.1 tok/s, 23.8 ms/tok, 44 ms/pass, 1.83 tok/pass, accept p1 83 %
2026-09-22 01:27:23.856 INFO  sched: request 'chatcmpl-2693f8214ec4ddf4' retired (steps): 256 tok in 6.5 s — prefill 41 tok (36 cached) in 70 ms; decode 255 tok / 148 passes in 6.4 s: 39.8 tok/s, 25.1 ms/tok, 43 ms/pass, 1.72 tok/pass, accept p1 73 %
2026-09-22 01:27:23.938 INFO  sched: request 'chatcmpl-2693f8214ec4ddf6' admitted to slot 0 (reserve 3 blocks; pool 171/6144 blocks in use) — first token 785
2026-09-22 01:27:24.033 INFO  sched: request 'chatcmpl-2693f8214ec4ddf7' admitted to slot 1 (reserve 3 blocks; pool 174/6144 blocks in use) — first token 785
2026-09-22 01:27:26.708 INFO  stats: rank 1 | 10.0 s | decode 77.0 tok/s, 12.6 ms/tok, 42.8 ms/step (226 steps / 770 tok, 97 % of wall) | mtp 1.78 tok/step/req, accept p1 78 % | prefill 4 prompts / 18 tok, 2 tok/s, 14.83 ms/tok, 67 ms avg (3 % of wall), 144 tok cached (4/4 hits) | live 2, queued 0 | pool 176/6144 blocks (3 %) | prefix cache 78/232 entries
2026-09-22 01:27:30.156 INFO  sched: request 'chatcmpl-2693f8214ec4ddf7' retired (steps): 256 tok in 6.1 s — prefill 40 tok (36 cached) in 62 ms; decode 255 tok / 139 passes in 6.1 s: 42.1 tok/s, 23.8 ms/tok, 44 ms/pass, 1.83 tok/pass, accept p1 83 %
2026-09-22 01:27:30.415 INFO  sched: request 'chatcmpl-2693f8214ec4ddf6' retired (steps): 256 tok in 6.5 s — prefill 41 tok (36 cached) in 71 ms; decode 255 tok / 148 passes in 6.4 s: 39.8 tok/s, 25.1 ms/tok, 43 ms/pass, 1.72 tok/pass, accept p1 73 %
2026-09-22 01:27:30.737 INFO  sched: request 'chatcmpl-2693f8214ec4ddf8' prefix cache miss — 2 cut(s) probed against 78 entries; the nearest entry (position 296) shares the first 19 of the prompt's 40 tokens (the prompt differs from it from that token on)
2026-09-22 01:27:30.737 INFO  sched: request 'chatcmpl-2693f8214ec4ddf8' admitted to slot 0 (reserve 3 blocks; pool 172/6144 blocks in use) — first token 785
2026-09-22 01:27:31.011 INFO  sched: request 'chatcmpl-2693f8214ec4ddf9' prefix cache miss — 2 cut(s) probed against 79 entries; the nearest entry (position 296) shares the first 12 of the prompt's 31 tokens (the prompt differs from it from that token on)
2026-09-22 01:27:31.011 INFO  sched: request 'chatcmpl-2693f8214ec4ddf9' admitted to slot 1 (reserve 3 blocks; pool 177/6144 blocks in use) — first token 785
2026-09-22 01:27:31.301 INFO  sched: request 'chatcmpl-2693f8214ec4ddfa' prefix cache miss — 2 cut(s) probed against 80 entries; the nearest entry (position 296) shares the first 12 of the prompt's 31 tokens (the prompt differs from it from that token on)
2026-09-22 01:27:31.301 INFO  sched: request 'chatcmpl-2693f8214ec4ddfa' admitted to slot 2 (reserve 3 blocks; pool 182/6144 blocks in use) — first token 785
2026-09-22 01:27:31.601 INFO  sched: request 'chatcmpl-2693f8214ec4ddfb' prefix cache miss — 2 cut(s) probed against 81 entries; the nearest entry (position 296) shares the first 12 of the prompt's 31 tokens (the prompt differs from it from that token on)
2026-09-22 01:27:31.601 INFO  sched: request 'chatcmpl-2693f8214ec4ddfb' admitted to slot 3 (reserve 3 blocks; pool 187/6144 blocks in use) — first token 785
2026-09-22 01:27:36.773 INFO  stats: rank 1 | 10.1 s | decode 85.8 tok/s, 10.4 ms/tok, 53.7 ms/step (167 steps / 864 tok, 89 % of wall) | mtp 1.79 tok/step/req, accept p1 79 % | prefill 4 prompts / 133 tok, 13 tok/s, 7.57 ms/tok, 252 ms avg (10 % of wall), 0 tok cached (0/4 hits) | live 4, queued 0 | pool 188/6144 blocks (3 %) | prefix cache 82/232 entries
2026-09-22 01:27:40.691 INFO  sched: request 'chatcmpl-2693f8214ec4ddf9' retired (steps): 256 tok in 9.7 s — prefill 31 tok (0 cached) in 242 ms; decode 255 tok / 139 passes in 9.4 s: 27.0 tok/s, 37.0 ms/tok, 68 ms/pass, 1.83 tok/pass, accept p1 83 %
2026-09-22 01:27:41.146 INFO  sched: request 'chatcmpl-2693f8214ec4ddfa' retired (steps): 256 tok in 9.8 s — prefill 31 tok (0 cached) in 245 ms; decode 255 tok / 145 passes in 9.6 s: 26.6 tok/s, 37.6 ms/tok, 66 ms/pass, 1.76 tok/pass, accept p1 76 %
2026-09-22 01:27:41.212 INFO  sched: request 'chatcmpl-2693f8214ec4ddfb' retired (steps): 256 tok in 9.6 s — prefill 31 tok (0 cached) in 244 ms; decode 255 tok / 145 passes in 9.4 s: 27.2 tok/s, 36.7 ms/tok, 65 ms/pass, 1.76 tok/pass, accept p1 77 %
2026-09-22 01:27:41.280 INFO  sched: request 'chatcmpl-2693f8214ec4ddf8' retired (steps): 256 tok in 10.5 s — prefill 40 tok (0 cached) in 276 ms; decode 255 tok / 150 passes in 10.3 s: 24.8 tok/s, 40.3 ms/tok, 68 ms/pass, 1.70 tok/pass, accept p1 70 %
2026-09-22 01:27:41.359 INFO  sched: request 'chatcmpl-2693f8214ec4ddfc' admitted to slot 0 (reserve 3 blocks; pool 187/6144 blocks in use) — first token 785
2026-09-22 01:27:41.447 INFO  sched: request 'chatcmpl-2693f8214ec4ddfd' admitted to slot 1 (reserve 3 blocks; pool 191/6144 blocks in use) — first token 785
2026-09-22 01:27:41.546 INFO  sched: request 'chatcmpl-2693f8214ec4ddfe' admitted to slot 2 (reserve 3 blocks; pool 195/6144 blocks in use) — first token 785
2026-09-22 01:27:41.667 INFO  sched: request 'chatcmpl-2693f8214ec4ddff' admitted to slot 3 (reserve 3 blocks; pool 199/6144 blocks in use) — first token 785
2026-09-22 01:27:46.778 INFO  stats: rank 1 | 10.0 s | decode 102.8 tok/s, 9.4 ms/tok, 65.1 ms/step (149 steps / 1028 tok, 97 % of wall) | mtp 1.79 tok/step/req, accept p1 78 % | prefill 4 prompts / 13 tok, 1 tok/s, 17.83 ms/tok, 58 ms avg (2 % of wall), 120 tok cached (4/4 hits) | live 4, queued 0 | pool 200/6144 blocks (3 %) | prefix cache 86/232 entries
2026-09-22 01:27:50.699 INFO  sched: request 'chatcmpl-2693f8214ec4ddfc' retired (steps): 256 tok in 9.3 s — prefill 31 tok (28 cached) in 58 ms; decode 255 tok / 139 passes in 9.3 s: 27.5 tok/s, 36.4 ms/tok, 67 ms/pass, 1.83 tok/pass, accept p1 83 %
2026-09-22 01:27:50.895 INFO  sched: request 'chatcmpl-2693f8214ec4ddff' retired (steps): 256 tok in 9.2 s — prefill 40 tok (36 cached) in 65 ms; decode 255 tok / 139 passes in 9.2 s: 27.8 tok/s, 35.9 ms/tok, 66 ms/pass, 1.83 tok/pass, accept p1 83 %
2026-09-22 01:27:51.103 INFO  sched: request 'chatcmpl-2693f8214ec4ddfd' retired (steps): 256 tok in 9.7 s — prefill 31 tok (28 cached) in 54 ms; decode 255 tok / 145 passes in 9.6 s: 26.6 tok/s, 37.7 ms/tok, 66 ms/pass, 1.76 tok/pass, accept p1 77 %
2026-09-22 01:27:51.136 INFO  sched: request 'chatcmpl-2693f8214ec4ddfe' retired (steps): 256 tok in 9.6 s — prefill 31 tok (28 cached) in 55 ms; decode 255 tok / 145 passes in 9.5 s: 26.7 tok/s, 37.4 ms/tok, 66 ms/pass, 1.76 tok/pass, accept p1 76 %
2026-09-22 01:27:51.219 INFO  sched: request 'chatcmpl-2693f8214ec4de00' admitted to slot 0 (reserve 3 blocks; pool 196/6144 blocks in use) — first token 785
2026-09-22 01:27:51.315 INFO  sched: request 'chatcmpl-2693f8214ec4de01' admitted to slot 1 (reserve 3 blocks; pool 200/6144 blocks in use) — first token 785
2026-09-22 01:27:51.417 INFO  sched: request 'chatcmpl-2693f8214ec4de02' admitted to slot 2 (reserve 3 blocks; pool 204/6144 blocks in use) — first token 785
2026-09-22 01:27:51.531 INFO  sched: request 'chatcmpl-2693f8214ec4de03' admitted to slot 3 (reserve 3 blocks; pool 208/6144 blocks in use) — first token 785
2026-09-22 01:27:56.790 INFO  stats: rank 1 | 10.0 s | decode 103.8 tok/s, 9.3 ms/tok, 65.0 ms/step (149 steps / 1039 tok, 97 % of wall) | mtp 1.80 tok/step/req, accept p1 80 % | prefill 4 prompts / 13 tok, 1 tok/s, 18.00 ms/tok, 59 ms avg (2 % of wall), 120 tok cached (4/4 hits) | live 4, queued 0 | pool 209/6144 blocks (3 %) | prefix cache 89/232 entries
2026-09-22 01:28:00.565 INFO  sched: request 'chatcmpl-2693f8214ec4de00' retired (steps): 256 tok in 9.3 s — prefill 31 tok (28 cached) in 57 ms; decode 255 tok / 139 passes in 9.3 s: 27.5 tok/s, 36.4 ms/tok, 67 ms/pass, 1.83 tok/pass, accept p1 83 %
2026-09-22 01:28:00.825 INFO  sched: request 'chatcmpl-2693f8214ec4de01' retired (steps): 256 tok in 9.5 s — prefill 40 tok (36 cached) in 63 ms; decode 255 tok / 142 passes in 9.4 s: 27.0 tok/s, 37.0 ms/tok, 67 ms/pass, 1.80 tok/pass, accept p1 80 %
2026-09-22 01:28:01.066 INFO  sched: request 'chatcmpl-2693f8214ec4de02' retired (steps): 256 tok in 9.6 s — prefill 31 tok (28 cached) in 57 ms; decode 255 tok / 145 passes in 9.6 s: 26.6 tok/s, 37.6 ms/tok, 66 ms/pass, 1.76 tok/pass, accept p1 77 %
2026-09-22 01:28:01.101 INFO  sched: request 'chatcmpl-2693f8214ec4de03' retired (steps): 256 tok in 9.6 s — prefill 31 tok (28 cached) in 57 ms; decode 255 tok / 145 passes in 9.5 s: 26.8 tok/s, 37.3 ms/tok, 66 ms/pass, 1.76 tok/pass, accept p1 76 %
2026-09-22 01:28:01.408 INFO  sched: request 'chatcmpl-2693f8214ec4de04' admitted to slot 0 (reserve 1 blocks; pool 197/6144 blocks in use) — first token 785
2026-09-22 01:28:02.501 INFO  sched: request 'chatcmpl-2693f8214ec4de04' retired (steps): 64 tok in 1.1 s — prefill 62 tok (60 cached) in 51 ms; decode 63 tok / 34 passes in 1.0 s: 60.5 tok/s, 16.5 ms/tok, 31 ms/pass, 1.85 tok/pass, accept p1 85 %
2026-09-22 01:28:02.574 INFO  sched: request 'chatcmpl-2693f8214ec4de05' admitted to slot 0 (reserve 3 blocks; pool 199/6144 blocks in use) — first token 785
2026-09-22 01:28:06.812 INFO  stats: rank 1 | 10.0 s | decode 74.8 tok/s, 12.8 ms/tok, 41.0 ms/step (234 steps / 750 tok, 96 % of wall) | mtp 1.80 tok/step/req, accept p1 80 % | prefill 2 prompts / 7 tok, 1 tok/s, 16.91 ms/tok, 59 ms avg (1 % of wall), 92 tok cached (2/2 hits) | live 1, queued 0 | pool 200/6144 blocks (3 %) | prefix cache 90/232 entries
2026-09-22 01:28:06.877 INFO  rank 1: slot 0 closed: 136 sampled decode steps, 0 fallbacks
2026-09-22 01:28:06.877 INFO  sched: request 'chatcmpl-2693f8214ec4de05' retired (steps): 256 tok in 4.3 s — prefill 37 tok (32 cached) in 67 ms; decode 255 tok / 136 passes in 4.2 s: 60.2 tok/s, 16.6 ms/tok, 31 ms/pass, 1.88 tok/pass, accept p1 88 %
2026-09-22 01:28:06.968 INFO  sched: request 'chatcmpl-2693f8214ec4de06' admitted to slot 0 (reserve 3 blocks; pool 202/6144 blocks in use) — first token 785
2026-09-22 01:28:11.211 INFO  rank 1: slot 0 closed: 134 sampled decode steps, 0 fallbacks
2026-09-22 01:28:11.211 INFO  sched: request 'chatcmpl-2693f8214ec4de06' retired (steps): 256 tok in 4.2 s — prefill 37 tok (32 cached) in 69 ms; decode 255 tok / 134 passes in 4.2 s: 61.1 tok/s, 16.4 ms/tok, 31 ms/pass, 1.90 tok/pass, accept p1 90 %
2026-09-22 01:28:11.295 INFO  sched: request 'chatcmpl-2693f8214ec4de07' admitted to slot 0 (reserve 3 blocks; pool 205/6144 blocks in use) — first token 785
2026-09-22 01:28:15.595 INFO  rank 1: slot 0 closed: 136 sampled decode steps, 0 fallbacks
2026-09-22 01:28:15.596 INFO  sched: request 'chatcmpl-2693f8214ec4de07' retired (steps): 256 tok in 4.3 s — prefill 37 tok (32 cached) in 68 ms; decode 255 tok / 136 passes in 4.2 s: 60.2 tok/s, 16.6 ms/tok, 31 ms/pass, 1.88 tok/pass, accept p1 88 %
2026-09-22 01:28:15.670 INFO  sched: request 'chatcmpl-2693f8214ec4de08' admitted to slot 0 (reserve 3 blocks; pool 208/6144 blocks in use) — first token 785
2026-09-22 01:28:15.757 INFO  sched: request 'chatcmpl-2693f8214ec4de09' admitted to slot 1 (reserve 3 blocks; pool 212/6144 blocks in use) — first token 785
2026-09-22 01:28:15.862 INFO  sched: request 'chatcmpl-2693f8214ec4de0a' admitted to slot 2 (reserve 3 blocks; pool 216/6144 blocks in use) — first token 785
2026-09-22 01:28:15.983 INFO  sched: request 'chatcmpl-2693f8214ec4de0b' admitted to slot 3 (reserve 3 blocks; pool 220/6144 blocks in use) — first token 785
2026-09-22 01:28:16.823 INFO  stats: rank 1 | 10.0 s | decode 63.0 tok/s, 15.1 ms/tok, 33.1 ms/step (288 steps / 631 tok, 95 % of wall) | mtp 1.91 tok/step/req, accept p1 89 % | prefill 6 prompts / 25 tok, 2 tok/s, 15.18 ms/tok, 63 ms avg (4 % of wall), 188 tok cached (6/6 hits) | live 4, queued 0 | pool 221/6144 blocks (4 %) | prefix cache 93/232 entries
2026-09-22 01:28:24.939 INFO  rank 1: slot 2 closed: 139 sampled decode steps, 0 fallbacks
2026-09-22 01:28:24.939 INFO  sched: request 'chatcmpl-2693f8214ec4de0a' retired (steps): 256 tok in 9.1 s — prefill 36 tok (32 cached) in 60 ms; decode 255 tok / 139 passes in 9.0 s: 28.3 tok/s, 35.4 ms/tok, 65 ms/pass, 1.83 tok/pass, accept p1 84 %
2026-09-22 01:28:25.138 INFO  rank 1: slot 3 closed: 141 sampled decode steps, 0 fallbacks
2026-09-22 01:28:25.138 INFO  sched: request 'chatcmpl-2693f8214ec4de0b' retired (steps): 256 tok in 9.2 s — prefill 36 tok (32 cached) in 65 ms; decode 255 tok / 141 passes in 9.1 s: 28.1 tok/s, 35.6 ms/tok, 64 ms/pass, 1.81 tok/pass, accept p1 81 %
2026-09-22 01:28:25.316 INFO  rank 1: slot 0 closed: 148 sampled decode steps, 3 fallbacks
2026-09-22 01:28:25.316 INFO  sched: request 'chatcmpl-2693f8214ec4de08' retired (steps): 256 tok in 9.6 s — prefill 32 tok (28 cached) in 63 ms; decode 255 tok / 148 passes in 9.6 s: 26.6 tok/s, 37.6 ms/tok, 65 ms/pass, 1.72 tok/pass, accept p1 72 %
2026-09-22 01:28:25.383 INFO  rank 1: slot 1 closed: 149 sampled decode steps, 6 fallbacks
2026-09-22 01:28:25.383 INFO  sched: request 'chatcmpl-2693f8214ec4de09' retired (steps): 256 tok in 9.6 s — prefill 35 tok (32 cached) in 55 ms; decode 255 tok / 149 passes in 9.6 s: 26.6 tok/s, 37.5 ms/tok, 64 ms/pass, 1.71 tok/pass, accept p1 71 %
2026-09-22 01:28:25.469 INFO  sched: request 'chatcmpl-2693f8214ec4de0c' admitted to slot 0 (reserve 3 blocks; pool 220/6144 blocks in use) — first token 785
2026-09-22 01:28:25.564 INFO  sched: request 'chatcmpl-2693f8214ec4de0d' admitted to slot 1 (reserve 3 blocks; pool 224/6144 blocks in use) — first token 785
2026-09-22 01:28:25.672 INFO  sched: request 'chatcmpl-2693f8214ec4de0e' admitted to slot 2 (reserve 3 blocks; pool 228/6144 blocks in use) — first token 785
2026-09-22 01:28:25.793 INFO  sched: request 'chatcmpl-2693f8214ec4de0f' admitted to slot 3 (reserve 3 blocks; pool 232/6144 blocks in use) — first token 785
2026-09-22 01:28:26.860 INFO  stats: rank 1 | 10.0 s | decode 105.0 tok/s, 9.2 ms/tok, 63.0 ms/step (154 steps / 1054 tok, 97 % of wall) | mtp 1.78 tok/step/req, accept p1 77 % | prefill 4 prompts / 15 tok, 1 tok/s, 16.54 ms/tok, 62 ms avg (2 % of wall), 124 tok cached (4/4 hits) | live 4, queued 0 | pool 233/6144 blocks (4 %) | prefix cache 97/232 entries
2026-09-22 01:28:35.002 INFO  rank 1: slot 3 closed: 141 sampled decode steps, 2 fallbacks
2026-09-22 01:28:35.003 INFO  sched: request 'chatcmpl-2693f8214ec4de0f' retired (steps): 256 tok in 9.2 s — prefill 32 tok (28 cached) in 62 ms; decode 255 tok / 141 passes in 9.1 s: 27.9 tok/s, 35.9 ms/tok, 65 ms/pass, 1.81 tok/pass, accept p1 81 %
2026-09-22 01:28:35.114 INFO  rank 1: slot 2 closed: 144 sampled decode steps, 1 fallbacks
2026-09-22 01:28:35.114 INFO  sched: request 'chatcmpl-2693f8214ec4de0e' retired (steps): 256 tok in 9.4 s — prefill 36 tok (32 cached) in 65 ms; decode 255 tok / 144 passes in 9.4 s: 27.2 tok/s, 36.8 ms/tok, 65 ms/pass, 1.77 tok/pass, accept p1 78 %
2026-09-22 01:28:35.302 INFO  rank 1: slot 1 closed: 149 sampled decode steps, 3 fallbacks
2026-09-22 01:28:35.302 INFO  sched: request 'chatcmpl-2693f8214ec4de0d' retired (steps): 256 tok in 9.7 s — prefill 36 tok (32 cached) in 62 ms; decode 255 tok / 149 passes in 9.7 s: 26.4 tok/s, 37.9 ms/tok, 65 ms/pass, 1.71 tok/pass, accept p1 71 %
2026-09-22 01:28:35.302 INFO  rank 1: slot 0 closed: 150 sampled decode steps, 7 fallbacks
2026-09-22 01:28:35.302 INFO  sched: request 'chatcmpl-2693f8214ec4de0c' retired (steps): 256 tok in 9.8 s — prefill 35 tok (32 cached) in 59 ms; decode 255 tok / 150 passes in 9.8 s: 26.1 tok/s, 38.3 ms/tok, 65 ms/pass, 1.70 tok/pass, accept p1 70 %
2026-09-22 01:28:35.382 INFO  sched: request 'chatcmpl-2693f8214ec4de10' admitted to slot 0 (reserve 3 blocks; pool 232/6144 blocks in use) — first token 785
2026-09-22 01:28:35.470 INFO  sched: request 'chatcmpl-2693f8214ec4de11' admitted to slot 1 (reserve 3 blocks; pool 236/6144 blocks in use) — first token 785
2026-09-22 01:28:35.579 INFO  sched: request 'chatcmpl-2693f8214ec4de12' admitted to slot 2 (reserve 3 blocks; pool 240/6144 blocks in use) — first token 785
2026-09-22 01:28:35.699 INFO  sched: request 'chatcmpl-2693f8214ec4de13' admitted to slot 3 (reserve 3 blocks; pool 244/6144 blocks in use) — first token 785
2026-09-22 01:28:36.862 INFO  stats: rank 1 | 10.0 s | decode 102.9 tok/s, 9.4 ms/tok, 64.2 ms/step (151 steps / 1029 tok, 97 % of wall) | mtp 1.75 tok/step/req, accept p1 74 % | prefill 4 prompts / 15 tok, 1 tok/s, 16.44 ms/tok, 62 ms avg (2 % of wall), 124 tok cached (4/4 hits) | live 4, queued 0 | pool 245/6144 blocks (4 %) | prefix cache 101/232 entries
2026-09-22 01:28:44.567 INFO  rank 1: slot 2 closed: 137 sampled decode steps, 0 fallbacks
2026-09-22 01:28:44.567 INFO  sched: request 'chatcmpl-2693f8214ec4de12' retired (steps): 256 tok in 9.0 s — prefill 32 tok (28 cached) in 65 ms; decode 255 tok / 137 passes in 8.9 s: 28.6 tok/s, 35.0 ms/tok, 65 ms/pass, 1.86 tok/pass, accept p1 86 %
2026-09-22 01:28:44.952 INFO  rank 1: slot 0 closed: 145 sampled decode steps, 2 fallbacks
2026-09-22 01:28:44.952 INFO  sched: request 'chatcmpl-2693f8214ec4de10' retired (steps): 256 tok in 9.6 s — prefill 36 tok (32 cached) in 64 ms; decode 255 tok / 145 passes in 9.5 s: 26.8 tok/s, 37.3 ms/tok, 66 ms/pass, 1.76 tok/pass, accept p1 76 %
2026-09-22 01:28:45.193 INFO  rank 1: slot 1 closed: 148 sampled decode steps, 2 fallbacks
2026-09-22 01:28:45.193 INFO  sched: request 'chatcmpl-2693f8214ec4de11' retired (steps): 256 tok in 9.7 s — prefill 35 tok (32 cached) in 54 ms; decode 255 tok / 148 passes in 9.7 s: 26.4 tok/s, 37.9 ms/tok, 65 ms/pass, 1.72 tok/pass, accept p1 73 %
2026-09-22 01:28:45.325 INFO  rank 1: slot 3 closed: 150 sampled decode steps, 5 fallbacks
2026-09-22 01:28:45.325 INFO  sched: request 'chatcmpl-2693f8214ec4de13' retired (steps): 256 tok in 9.6 s — prefill 36 tok (32 cached) in 63 ms; decode 255 tok / 150 passes in 9.6 s: 26.7 tok/s, 37.5 ms/tok, 64 ms/pass, 1.70 tok/pass, accept p1 70 %
2026-09-22 01:28:45.415 INFO  sched: request 'chatcmpl-2693f8214ec4de14' admitted to slot 0 (reserve 3 blocks; pool 244/6144 blocks in use) — first token 785
2026-09-22 01:28:46.892 INFO  stats: rank 1 | 10.0 s | decode 96.1 tok/s, 10.3 ms/tok, 55.6 ms/step (178 steps / 964 tok, 99 % of wall) | mtp 1.76 tok/step/req, accept p1 76 % | prefill 1 prompt / 3 tok, 0 tok/s, 19.23 ms/tok, 58 ms avg (1 % of wall), 48 tok cached (1/1 hit) | live 1, queued 0 | pool 245/6144 blocks (4 %) | prefix cache 105/232 entries
2026-09-22 01:28:49.598 INFO  rank 1: slot 0 closed: 129 sampled decode steps, 0 fallbacks
2026-09-22 01:28:49.598 INFO  sched: request 'chatcmpl-2693f8214ec4de14' retired (steps): 256 tok in 4.2 s — prefill 51 tok (48 cached) in 58 ms; decode 255 tok / 129 passes in 4.1 s: 61.8 tok/s, 16.2 ms/tok, 32 ms/pass, 1.98 tok/pass, accept p1 98 %
2026-09-22 01:28:49.660 INFO  sched: request 'chatcmpl-2693f8214ec4de15' admitted to slot 0 (reserve 3 blocks; pool 247/6144 blocks in use) — first token 785
2026-09-22 01:28:53.876 INFO  rank 1: slot 0 closed: 130 sampled decode steps, 0 fallbacks
2026-09-22 01:28:53.876 INFO  sched: request 'chatcmpl-2693f8214ec4de15' retired (steps): 256 tok in 4.2 s — prefill 51 tok (48 cached) in 56 ms; decode 255 tok / 130 passes in 4.2 s: 61.3 tok/s, 16.3 ms/tok, 32 ms/pass, 1.96 tok/pass, accept p1 97 %
2026-09-22 01:28:53.956 INFO  sched: request 'chatcmpl-2693f8214ec4de16' admitted to slot 0 (reserve 3 blocks; pool 250/6144 blocks in use) — first token 785
2026-09-22 01:28:56.894 INFO  stats: rank 1 | 10.0 s | decode 59.9 tok/s, 16.4 ms/tok, 32.3 ms/step (304 steps / 599 tok, 98 % of wall) | mtp 1.97 tok/step/req, accept p1 97 % | prefill 2 prompts / 6 tok, 1 tok/s, 19.12 ms/tok, 57 ms avg (1 % of wall), 96 tok cached (2/2 hits) | live 1, queued 0 | pool 251/6144 blocks (4 %) | prefix cache 107/232 entries
2026-09-22 01:28:58.167 INFO  rank 1: slot 0 closed: 130 sampled decode steps, 0 fallbacks
2026-09-22 01:28:58.167 INFO  sched: request 'chatcmpl-2693f8214ec4de16' retired (steps): 256 tok in 4.2 s — prefill 51 tok (48 cached) in 58 ms; decode 255 tok / 130 passes in 4.2 s: 61.4 tok/s, 16.3 ms/tok, 32 ms/pass, 1.96 tok/pass, accept p1 96 %
2026-09-22 01:28:58.271 INFO  sched: request 'chatcmpl-2693f8214ec4de17' admitted to slot 0 (reserve 3 blocks; pool 253/6144 blocks in use) — first token 785
2026-09-22 01:28:58.372 INFO  sched: request 'chatcmpl-2693f8214ec4de18' admitted to slot 1 (reserve 3 blocks; pool 256/6144 blocks in use) — first token 785
2026-09-22 01:28:58.473 INFO  sched: request 'chatcmpl-2693f8214ec4de19' admitted to slot 2 (reserve 3 blocks; pool 260/6144 blocks in use) — first token 785
2026-09-22 01:28:58.585 INFO  sched: request 'chatcmpl-2693f8214ec4de1a' admitted to slot 3 (reserve 3 blocks; pool 265/6144 blocks in use) — first token 785
2026-09-22 01:29:06.952 INFO  stats: rank 1 | 10.1 s | decode 100.2 tok/s, 9.7 ms/tok, 58.7 ms/step (166 steps / 1008 tok, 97 % of wall) | mtp 1.86 tok/step/req, accept p1 86 % | prefill 4 prompts / 13 tok, 1 tok/s, 17.75 ms/tok, 58 ms avg (2 % of wall), 164 tok cached (4/4 hits) | live 4, queued 0 | pool 266/6144 blocks (4 %) | prefix cache 108/232 entries
2026-09-22 01:29:07.706 INFO  rank 1: slot 1 closed: 137 sampled decode steps, 0 fallbacks
2026-09-22 01:29:07.707 INFO  sched: request 'chatcmpl-2693f8214ec4de18' retired (steps): 256 tok in 9.3 s — prefill 45 tok (40 cached) in 67 ms; decode 255 tok / 137 passes in 9.3 s: 27.5 tok/s, 36.3 ms/tok, 68 ms/pass, 1.86 tok/pass, accept p1 86 %
2026-09-22 01:29:07.707 INFO  rank 1: slot 3 closed: 135 sampled decode steps, 0 fallbacks
2026-09-22 01:29:07.707 INFO  sched: request 'chatcmpl-2693f8214ec4de1a' retired (steps): 256 tok in 9.1 s — prefill 51 tok (48 cached) in 56 ms; decode 255 tok / 135 passes in 9.1 s: 28.1 tok/s, 35.6 ms/tok, 67 ms/pass, 1.89 tok/pass, accept p1 90 %
2026-09-22 01:29:07.871 INFO  rank 1: slot 2 closed: 139 sampled decode steps, 0 fallbacks
2026-09-22 01:29:07.871 INFO  sched: request 'chatcmpl-2693f8214ec4de19' retired (steps): 256 tok in 9.4 s — prefill 47 tok (44 cached) in 56 ms; decode 255 tok / 139 passes in 9.3 s: 27.3 tok/s, 36.6 ms/tok, 67 ms/pass, 1.83 tok/pass, accept p1 83 %
2026-09-22 01:29:07.903 INFO  rank 1: slot 0 closed: 142 sampled decode steps, 0 fallbacks
2026-09-22 01:29:07.904 INFO  sched: request 'chatcmpl-2693f8214ec4de17' retired (steps): 256 tok in 9.6 s — prefill 34 tok (32 cached) in 52 ms; decode 255 tok / 142 passes in 9.6 s: 26.6 tok/s, 37.6 ms/tok, 67 ms/pass, 1.80 tok/pass, accept p1 80 %
2026-09-22 01:29:07.988 INFO  sched: request 'chatcmpl-2693f8214ec4de1b' admitted to slot 0 (reserve 3 blocks; pool 265/6144 blocks in use) — first token 785
2026-09-22 01:29:08.076 INFO  sched: request 'chatcmpl-2693f8214ec4de1c' admitted to slot 1 (reserve 3 blocks; pool 269/6144 blocks in use) — first token 785
2026-09-22 01:29:08.190 INFO  sched: request 'chatcmpl-2693f8214ec4de1d' admitted to slot 2 (reserve 3 blocks; pool 273/6144 blocks in use) — first token 785
2026-09-22 01:29:08.300 INFO  sched: request 'chatcmpl-2693f8214ec4de1e' admitted to slot 3 (reserve 3 blocks; pool 276/6144 blocks in use) — first token 785
2026-09-22 01:29:16.960 INFO  stats: rank 1 | 10.0 s | decode 105.9 tok/s, 9.1 ms/tok, 65.9 ms/step (147 steps / 1060 tok, 97 % of wall) | mtp 1.85 tok/step/req, accept p1 84 % | prefill 4 prompts / 13 tok, 1 tok/s, 18.05 ms/tok, 59 ms avg (2 % of wall), 164 tok cached (4/4 hits) | live 4, queued 0 | pool 278/6144 blocks (5 %) | prefix cache 112/232 entries
2026-09-22 01:29:17.301 INFO  rank 1: slot 0 closed: 137 sampled decode steps, 0 fallbacks
2026-09-22 01:29:17.302 INFO  sched: request 'chatcmpl-2693f8214ec4de1b' retired (steps): 256 tok in 9.3 s — prefill 51 tok (48 cached) in 58 ms; decode 255 tok / 137 passes in 9.3 s: 27.6 tok/s, 36.3 ms/tok, 68 ms/pass, 1.86 tok/pass, accept p1 87 %
2026-09-22 01:29:17.516 INFO  rank 1: slot 1 closed: 139 sampled decode steps, 0 fallbacks
2026-09-22 01:29:17.516 INFO  sched: request 'chatcmpl-2693f8214ec4de1c' retired (steps): 256 tok in 9.4 s — prefill 47 tok (44 cached) in 54 ms; decode 255 tok / 139 passes in 9.4 s: 27.2 tok/s, 36.8 ms/tok, 68 ms/pass, 1.83 tok/pass, accept p1 84 %
2026-09-22 01:29:17.582 INFO  rank 1: slot 2 closed: 139 sampled decode steps, 0 fallbacks
2026-09-22 01:29:17.583 INFO  sched: request 'chatcmpl-2693f8214ec4de1d' retired (steps): 256 tok in 9.4 s — prefill 45 tok (40 cached) in 69 ms; decode 255 tok / 139 passes in 9.3 s: 27.4 tok/s, 36.6 ms/tok, 67 ms/pass, 1.83 tok/pass, accept p1 83 %
2026-09-22 01:29:17.650 INFO  rank 1: slot 3 closed: 140 sampled decode steps, 0 fallbacks
2026-09-22 01:29:17.651 INFO  sched: request 'chatcmpl-2693f8214ec4de1e' retired (steps): 256 tok in 9.4 s — prefill 34 tok (32 cached) in 53 ms; decode 255 tok / 140 passes in 9.3 s: 27.4 tok/s, 36.5 ms/tok, 66 ms/pass, 1.82 tok/pass, accept p1 82 %
2026-09-22 01:29:17.725 INFO  sched: request 'chatcmpl-2693f8214ec4de1f' admitted to slot 0 (reserve 3 blocks; pool 277/6144 blocks in use) — first token 785
2026-09-22 01:29:17.824 INFO  sched: request 'chatcmpl-2693f8214ec4de20' admitted to slot 1 (reserve 3 blocks; pool 281/6144 blocks in use) — first token 785
2026-09-22 01:29:17.924 INFO  sched: request 'chatcmpl-2693f8214ec4de21' admitted to slot 2 (reserve 3 blocks; pool 284/6144 blocks in use) — first token 785
2026-09-22 01:29:18.034 INFO  sched: request 'chatcmpl-2693f8214ec4de22' admitted to slot 3 (reserve 3 blocks; pool 289/6144 blocks in use) — first token 785
2026-09-22 01:29:27.003 INFO  rank 1: slot 2 closed: 134 sampled decode steps, 0 fallbacks
2026-09-22 01:29:27.003 INFO  sched: request 'chatcmpl-2693f8214ec4de21' retired (steps): 256 tok in 9.1 s — prefill 51 tok (48 cached) in 57 ms; decode 255 tok / 134 passes in 9.0 s: 28.3 tok/s, 35.4 ms/tok, 67 ms/pass, 1.90 tok/pass, accept p1 91 %
2026-09-22 01:29:27.003 INFO  stats: rank 1 | 10.0 s | decode 104.9 tok/s, 9.2 ms/tok, 66.3 ms/step (147 steps / 1054 tok, 97 % of wall) | mtp 1.85 tok/step/req, accept p1 84 % | prefill 4 prompts / 13 tok, 1 tok/s, 17.93 ms/tok, 58 ms avg (2 % of wall), 164 tok cached (4/4 hits) | live 3, queued 0 | pool 289/6144 blocks (5 %) | prefix cache 117/232 entries
2026-09-22 01:29:27.263 INFO  rank 1: slot 0 closed: 140 sampled decode steps, 0 fallbacks
2026-09-22 01:29:27.263 INFO  sched: request 'chatcmpl-2693f8214ec4de1f' retired (steps): 256 tok in 9.5 s — prefill 47 tok (44 cached) in 58 ms; decode 255 tok / 140 passes in 9.5 s: 26.9 tok/s, 37.2 ms/tok, 68 ms/pass, 1.82 tok/pass, accept p1 83 %
2026-09-22 01:29:27.329 INFO  rank 1: slot 1 closed: 140 sampled decode steps, 0 fallbacks
2026-09-22 01:29:27.329 INFO  sched: request 'chatcmpl-2693f8214ec4de20' retired (steps): 256 tok in 9.5 s — prefill 45 tok (40 cached) in 67 ms; decode 255 tok / 140 passes in 9.4 s: 27.0 tok/s, 37.0 ms/tok, 67 ms/pass, 1.82 tok/pass, accept p1 82 %
2026-09-22 01:29:27.364 INFO  rank 1: slot 3 closed: 139 sampled decode steps, 0 fallbacks
2026-09-22 01:29:27.364 INFO  sched: request 'chatcmpl-2693f8214ec4de22' retired (steps): 256 tok in 9.3 s — prefill 34 tok (32 cached) in 52 ms; decode 255 tok / 139 passes in 9.3 s: 27.5 tok/s, 36.4 ms/tok, 67 ms/pass, 1.83 tok/pass, accept p1 84 %
2026-09-22 01:29:27.443 INFO  sched: request 'chatcmpl-2693f8214ec4de23' admitted to slot 0 (reserve 3 blocks; pool 289/6144 blocks in use) — first token 785
2026-09-22 01:29:31.597 INFO  rank 1: slot 0 closed: 130 sampled decode steps, 0 fallbacks
2026-09-22 01:29:31.598 INFO  sched: request 'chatcmpl-2693f8214ec4de23' retired (steps): 256 tok in 4.2 s — prefill 46 tok (44 cached) in 53 ms; decode 255 tok / 130 passes in 4.1 s: 62.2 tok/s, 16.1 ms/tok, 32 ms/pass, 1.96 tok/pass, accept p1 96 %
2026-09-22 01:29:31.677 INFO  sched: request 'chatcmpl-2693f8214ec4de24' admitted to slot 0 (reserve 3 blocks; pool 292/6144 blocks in use) — first token 785
2026-09-22 01:29:35.924 INFO  rank 1: slot 0 closed: 133 sampled decode steps, 0 fallbacks
2026-09-22 01:29:35.924 INFO  sched: request 'chatcmpl-2693f8214ec4de24' retired (steps): 256 tok in 4.2 s — prefill 46 tok (44 cached) in 53 ms; decode 255 tok / 133 passes in 4.2 s: 60.8 tok/s, 16.4 ms/tok, 32 ms/pass, 1.92 tok/pass, accept p1 92 %
2026-09-22 01:29:35.991 INFO  sched: request 'chatcmpl-2693f8214ec4de25' admitted to slot 0 (reserve 3 blocks; pool 295/6144 blocks in use) — first token 785
2026-09-22 01:29:37.023 INFO  stats: rank 1 | 10.0 s | decode 59.9 tok/s, 16.2 ms/tok, 32.4 ms/step (301 steps / 600 tok, 97 % of wall) | mtp 1.94 tok/step/req, accept p1 94 % | prefill 3 prompts / 6 tok, 1 tok/s, 26.38 ms/tok, 53 ms avg (2 % of wall), 132 tok cached (3/3 hits) | live 1, queued 0 | pool 296/6144 blocks (5 %) | prefix cache 122/232 entries
2026-09-22 01:29:40.177 INFO  rank 1: slot 0 closed: 131 sampled decode steps, 0 fallbacks
2026-09-22 01:29:40.177 INFO  sched: request 'chatcmpl-2693f8214ec4de25' retired (steps): 256 tok in 4.2 s — prefill 46 tok (44 cached) in 52 ms; decode 255 tok / 131 passes in 4.1 s: 61.7 tok/s, 16.2 ms/tok, 32 ms/pass, 1.95 tok/pass, accept p1 95 %
2026-09-22 01:29:40.273 INFO  sched: request 'chatcmpl-2693f8214ec4de26' admitted to slot 0 (reserve 3 blocks; pool 298/6144 blocks in use) — first token 785
2026-09-22 01:29:40.362 INFO  sched: request 'chatcmpl-2693f8214ec4de27' admitted to slot 1 (reserve 3 blocks; pool 301/6144 blocks in use) — first token 785
2026-09-22 01:29:40.458 INFO  sched: request 'chatcmpl-2693f8214ec4de28' admitted to slot 2 (reserve 3 blocks; pool 306/6144 blocks in use) — first token 785
2026-09-22 01:29:40.564 INFO  sched: request 'chatcmpl-2693f8214ec4de29' admitted to slot 3 (reserve 3 blocks; pool 309/6144 blocks in use) — first token 785
2026-09-22 01:29:47.030 INFO  stats: rank 1 | 10.0 s | decode 94.7 tok/s, 10.3 ms/tok, 48.8 ms/step (199 steps / 948 tok, 97 % of wall) | mtp 1.92 tok/step/req, accept p1 92 % | prefill 4 prompts / 12 tok, 1 tok/s, 18.90 ms/tok, 57 ms avg (2 % of wall), 160 tok cached (4/4 hits) | live 4, queued 0 | pool 311/6144 blocks (5 %) | prefix cache 123/232 entries
2026-09-22 01:29:49.140 INFO  rank 1: slot 0 closed: 131 sampled decode steps, 0 fallbacks
2026-09-22 01:29:49.141 INFO  sched: request 'chatcmpl-2693f8214ec4de26' retired (steps): 256 tok in 8.9 s — prefill 45 tok (40 cached) in 70 ms; decode 255 tok / 131 passes in 8.8 s: 29.0 tok/s, 34.5 ms/tok, 67 ms/pass, 1.95 tok/pass, accept p1 95 %
2026-09-22 01:29:49.210 INFO  rank 1: slot 2 closed: 130 sampled decode steps, 0 fallbacks
2026-09-22 01:29:49.210 INFO  sched: request 'chatcmpl-2693f8214ec4de28' retired (steps): 256 tok in 8.8 s — prefill 46 tok (44 cached) in 51 ms; decode 255 tok / 130 passes in 8.7 s: 29.3 tok/s, 34.1 ms/tok, 67 ms/pass, 1.96 tok/pass, accept p1 96 %
2026-09-22 01:29:49.210 INFO  rank 1: slot 3 closed: 129 sampled decode steps, 0 fallbacks
2026-09-22 01:29:49.210 INFO  sched: request 'chatcmpl-2693f8214ec4de29' retired (steps): 256 tok in 8.6 s — prefill 34 tok (32 cached) in 50 ms; decode 255 tok / 129 passes in 8.6 s: 29.7 tok/s, 33.7 ms/tok, 67 ms/pass, 1.98 tok/pass, accept p1 98 %
2026-09-22 01:29:49.730 INFO  rank 1: slot 1 closed: 147 sampled decode steps, 0 fallbacks
2026-09-22 01:29:49.730 INFO  sched: request 'chatcmpl-2693f8214ec4de27' retired (steps): 256 tok in 9.4 s — prefill 47 tok (44 cached) in 55 ms; decode 255 tok / 147 passes in 9.3 s: 27.4 tok/s, 36.5 ms/tok, 63 ms/pass, 1.73 tok/pass, accept p1 74 %
2026-09-22 01:29:49.831 INFO  sched: request 'chatcmpl-2693f8214ec4de2a' admitted to slot 0 (reserve 3 blocks; pool 310/6144 blocks in use) — first token 785
2026-09-22 01:29:49.915 INFO  sched: request 'chatcmpl-2693f8214ec4de2b' admitted to slot 1 (reserve 3 blocks; pool 313/6144 blocks in use) — first token 785
2026-09-22 01:29:50.013 INFO  sched: request 'chatcmpl-2693f8214ec4de2c' admitted to slot 2 (reserve 3 blocks; pool 317/6144 blocks in use) — first token 785
2026-09-22 01:29:50.125 INFO  sched: request 'chatcmpl-2693f8214ec4de2d' admitted to slot 3 (reserve 3 blocks; pool 321/6144 blocks in use) — first token 785
2026-09-22 01:29:57.084 INFO  stats: rank 1 | 10.1 s | decode 106.9 tok/s, 9.1 ms/tok, 62.9 ms/step (155 steps / 1075 tok, 97 % of wall) | mtp 1.90 tok/step/req, accept p1 90 % | prefill 4 prompts / 12 tok, 1 tok/s, 19.14 ms/tok, 57 ms avg (2 % of wall), 160 tok cached (4/4 hits) | live 4, queued 0 | pool 323/6144 blocks (5 %) | prefix cache 127/232 entries
2026-09-22 01:29:58.621 INFO  rank 1: slot 1 closed: 129 sampled decode steps, 0 fallbacks
2026-09-22 01:29:58.622 INFO  sched: request 'chatcmpl-2693f8214ec4de2b' retired (steps): 256 tok in 8.7 s — prefill 34 tok (32 cached) in 51 ms; decode 255 tok / 129 passes in 8.7 s: 29.5 tok/s, 33.9 ms/tok, 67 ms/pass, 1.98 tok/pass, accept p1 98 %
2026-09-22 01:29:58.687 INFO  rank 1: slot 2 closed: 129 sampled decode steps, 0 fallbacks
2026-09-22 01:29:58.689 INFO  sched: request 'chatcmpl-2693f8214ec4de2c' retired (steps): 256 tok in 8.7 s — prefill 46 tok (44 cached) in 52 ms; decode 255 tok / 129 passes in 8.6 s: 29.6 tok/s, 33.8 ms/tok, 67 ms/pass, 1.98 tok/pass, accept p1 98 %
2026-09-22 01:29:58.810 INFO  rank 1: slot 0 closed: 133 sampled decode steps, 0 fallbacks
2026-09-22 01:29:58.811 INFO  sched: request 'chatcmpl-2693f8214ec4de2a' retired (steps): 256 tok in 9.0 s — prefill 45 tok (40 cached) in 69 ms; decode 255 tok / 133 passes in 8.9 s: 28.6 tok/s, 34.9 ms/tok, 67 ms/pass, 1.92 tok/pass, accept p1 92 %
2026-09-22 01:29:59.359 INFO  rank 1: slot 3 closed: 147 sampled decode steps, 0 fallbacks
2026-09-22 01:29:59.359 INFO  sched: request 'chatcmpl-2693f8214ec4de2d' retired (steps): 256 tok in 9.2 s — prefill 47 tok (44 cached) in 57 ms; decode 255 tok / 147 passes in 9.2 s: 27.8 tok/s, 36.0 ms/tok, 62 ms/pass, 1.73 tok/pass, accept p1 73 %
2026-09-22 01:29:59.456 INFO  sched: request 'chatcmpl-2693f8214ec4de2e' admitted to slot 0 (reserve 3 blocks; pool 322/6144 blocks in use) — first token 785
2026-09-22 01:29:59.544 INFO  sched: request 'chatcmpl-2693f8214ec4de2f' admitted to slot 1 (reserve 3 blocks; pool 325/6144 blocks in use) — first token 785
2026-09-22 01:29:59.641 INFO  sched: request 'chatcmpl-2693f8214ec4de30' admitted to slot 2 (reserve 3 blocks; pool 330/6144 blocks in use) — first token 785
2026-09-22 01:29:59.748 INFO  sched: request 'chatcmpl-2693f8214ec4de31' admitted to slot 3 (reserve 3 blocks; pool 333/6144 blocks in use) — first token 785
2026-09-22 01:30:07.106 INFO  stats: rank 1 | 10.0 s | decode 108.7 tok/s, 8.9 ms/tok, 61.9 ms/step (157 steps / 1089 tok, 97 % of wall) | mtp 1.92 tok/step/req, accept p1 92 % | prefill 4 prompts / 12 tok, 1 tok/s, 19.07 ms/tok, 57 ms avg (2 % of wall), 160 tok cached (4/4 hits) | live 4, queued 0 | pool 335/6144 blocks (5 %) | prefix cache 131/232 entries
2026-09-22 01:30:08.184 INFO  rank 1: slot 0 closed: 130 sampled decode steps, 0 fallbacks
2026-09-22 01:30:08.185 INFO  sched: request 'chatcmpl-2693f8214ec4de2e' retired (steps): 256 tok in 8.7 s — prefill 45 tok (40 cached) in 71 ms; decode 255 tok / 130 passes in 8.7 s: 29.5 tok/s, 34.0 ms/tok, 67 ms/pass, 1.96 tok/pass, accept p1 96 %
2026-09-22 01:30:08.315 INFO  rank 1: slot 2 closed: 130 sampled decode steps, 0 fallbacks
2026-09-22 01:30:08.316 INFO  sched: request 'chatcmpl-2693f8214ec4de30' retired (steps): 256 tok in 8.7 s — prefill 34 tok (32 cached) in 52 ms; decode 255 tok / 130 passes in 8.6 s: 29.6 tok/s, 33.8 ms/tok, 66 ms/pass, 1.96 tok/pass, accept p1 96 %
2026-09-22 01:30:08.316 INFO  rank 1: slot 3 closed: 129 sampled decode steps, 0 fallbacks
2026-09-22 01:30:08.316 INFO  sched: request 'chatcmpl-2693f8214ec4de31' retired (steps): 256 tok in 8.6 s — prefill 46 tok (44 cached) in 51 ms; decode 255 tok / 129 passes in 8.5 s: 29.9 tok/s, 33.4 ms/tok, 66 ms/pass, 1.98 tok/pass, accept p1 98 %
2026-09-22 01:30:08.639 INFO  rank 1: slot 1 closed: 141 sampled decode steps, 0 fallbacks
2026-09-22 01:30:08.639 INFO  sched: request 'chatcmpl-2693f8214ec4de2f' retired (steps): 256 tok in 9.1 s — prefill 47 tok (44 cached) in 55 ms; decode 255 tok / 141 passes in 9.0 s: 28.2 tok/s, 35.4 ms/tok, 64 ms/pass, 1.81 tok/pass, accept p1 81 %
2026-09-22 01:30:08.740 INFO  sched: request 'chatcmpl-2693f8214ec4de32' admitted to slot 0 (reserve 3 blocks; pool 334/6144 blocks in use) — first token 1654
2026-09-22 01:30:12.969 INFO  rank 1: slot 0 closed: 131 sampled decode steps, 0 fallbacks
2026-09-22 01:30:12.969 INFO  sched: request 'chatcmpl-2693f8214ec4de32' retired (steps): 256 tok in 4.2 s — prefill 68 tok (64 cached) in 64 ms; decode 255 tok / 131 passes in 4.2 s: 61.2 tok/s, 16.3 ms/tok, 32 ms/pass, 1.95 tok/pass, accept p1 95 %
2026-09-22 01:30:13.051 INFO  sched: request 'chatcmpl-2693f8214ec4de33' admitted to slot 0 (reserve 3 blocks; pool 337/6144 blocks in use) — first token 785
2026-09-22 01:30:17.133 INFO  stats: rank 1 | 10.0 s | decode 64.2 tok/s, 15.2 ms/tok, 34.3 ms/step (286 steps / 644 tok, 98 % of wall) | mtp 1.91 tok/step/req, accept p1 90 % | prefill 2 prompts / 8 tok, 1 tok/s, 16.25 ms/tok, 65 ms avg (1 % of wall), 128 tok cached (2/2 hits) | live 1, queued 0 | pool 338/6144 blocks (6 %) | prefix cache 136/232 entries
2026-09-22 01:30:17.525 INFO  rank 1: slot 0 closed: 139 sampled decode steps, 0 fallbacks
2026-09-22 01:30:17.525 INFO  sched: request 'chatcmpl-2693f8214ec4de33' retired (steps): 256 tok in 4.5 s — prefill 68 tok (64 cached) in 66 ms; decode 255 tok / 139 passes in 4.4 s: 57.8 tok/s, 17.3 ms/tok, 32 ms/pass, 1.83 tok/pass, accept p1 84 %
2026-09-22 01:30:17.612 INFO  sched: request 'chatcmpl-2693f8214ec4de34' admitted to slot 0 (reserve 3 blocks; pool 340/6144 blocks in use) — first token 1654
2026-09-22 01:30:21.891 INFO  rank 1: slot 0 closed: 133 sampled decode steps, 0 fallbacks
2026-09-22 01:30:21.891 INFO  sched: request 'chatcmpl-2693f8214ec4de34' retired (steps): 256 tok in 4.3 s — prefill 68 tok (64 cached) in 66 ms; decode 255 tok / 133 passes in 4.2 s: 60.5 tok/s, 16.5 ms/tok, 32 ms/pass, 1.92 tok/pass, accept p1 92 %
2026-09-22 01:30:21.982 INFO  sched: request 'chatcmpl-2693f8214ec4de35' admitted to slot 0 (reserve 3 blocks; pool 343/6144 blocks in use) — first token 785
2026-09-22 01:30:22.070 INFO  sched: request 'chatcmpl-2693f8214ec4de36' admitted to slot 1 (reserve 3 blocks; pool 346/6144 blocks in use) — first token 785
2026-09-22 01:30:22.185 INFO  sched: request 'chatcmpl-2693f8214ec4de37' admitted to slot 2 (reserve 3 blocks; pool 351/6144 blocks in use) — first token 785
2026-09-22 01:30:22.290 INFO  sched: request 'chatcmpl-2693f8214ec4de38' admitted to slot 3 (reserve 3 blocks; pool 354/6144 blocks in use) — first token 785
2026-09-22 01:30:27.151 INFO  stats: rank 1 | 10.0 s | decode 84.9 tok/s, 11.3 ms/tok, 43.7 ms/step (220 steps / 851 tok, 96 % of wall) | mtp 1.94 tok/step/req, accept p1 93 % | prefill 5 prompts / 16 tok, 2 tok/s, 18.44 ms/tok, 59 ms avg (3 % of wall), 260 tok cached (5/5 hits) | live 4, queued 0 | pool 356/6144 blocks (6 %) | prefix cache 138/232 entries
2026-09-22 01:30:31.172 INFO  rank 1: slot 1 closed: 133 sampled decode steps, 0 fallbacks
2026-09-22 01:30:31.173 INFO  sched: request 'chatcmpl-2693f8214ec4de36' retired (steps): 256 tok in 9.1 s — prefill 39 tok (36 cached) in 55 ms; decode 255 tok / 133 passes in 9.0 s: 28.2 tok/s, 35.5 ms/tok, 68 ms/pass, 1.92 tok/pass, accept p1 92 %
2026-09-22 01:30:31.173 INFO  rank 1: slot 3 closed: 131 sampled decode steps, 0 fallbacks
2026-09-22 01:30:31.173 INFO  sched: request 'chatcmpl-2693f8214ec4de38' retired (steps): 256 tok in 8.9 s — prefill 54 tok (52 cached) in 51 ms; decode 255 tok / 131 passes in 8.8 s: 28.9 tok/s, 34.6 ms/tok, 67 ms/pass, 1.95 tok/pass, accept p1 95 %
2026-09-22 01:30:31.228 INFO  rank 1: slot 2 closed: 133 sampled decode steps, 0 fallbacks
2026-09-22 01:30:31.229 INFO  sched: request 'chatcmpl-2693f8214ec4de37' retired (steps): 256 tok in 9.0 s — prefill 61 tok (56 cached) in 69 ms; decode 255 tok / 133 passes in 9.0 s: 28.4 tok/s, 35.2 ms/tok, 67 ms/pass, 1.92 tok/pass, accept p1 92 %
2026-09-22 01:30:31.264 INFO  rank 1: slot 0 closed: 136 sampled decode steps, 0 fallbacks
2026-09-22 01:30:31.264 INFO  sched: request 'chatcmpl-2693f8214ec4de35' retired (steps): 256 tok in 9.3 s — prefill 54 tok (52 cached) in 54 ms; decode 255 tok / 136 passes in 9.2 s: 27.6 tok/s, 36.2 ms/tok, 68 ms/pass, 1.88 tok/pass, accept p1 88 %
2026-09-22 01:30:31.349 INFO  sched: request 'chatcmpl-2693f8214ec4de39' admitted to slot 0 (reserve 3 blocks; pool 355/6144 blocks in use) — first token 785
2026-09-22 01:30:31.431 INFO  sched: request 'chatcmpl-2693f8214ec4de3a' admitted to slot 1 (reserve 3 blocks; pool 358/6144 blocks in use) — first token 785
2026-09-22 01:30:31.527 INFO  sched: request 'chatcmpl-2693f8214ec4de3b' admitted to slot 2 (reserve 3 blocks; pool 361/6144 blocks in use) — first token 785
2026-09-22 01:30:31.639 INFO  sched: request 'chatcmpl-2693f8214ec4de3c' admitted to slot 3 (reserve 3 blocks; pool 366/6144 blocks in use) — first token 785
2026-09-22 01:30:37.162 INFO  stats: rank 1 | 10.0 s | decode 107.8 tok/s, 9.0 ms/tok, 66.6 ms/step (146 steps / 1079 tok, 97 % of wall) | mtp 1.88 tok/step/req, accept p1 88 % | prefill 4 prompts / 12 tok, 1 tok/s, 18.96 ms/tok, 57 ms avg (2 % of wall), 196 tok cached (4/4 hits) | live 4, queued 0 | pool 368/6144 blocks (6 %) | prefix cache 142/232 entries
2026-09-22 01:30:40.443 INFO  rank 1: slot 2 closed: 131 sampled decode steps, 0 fallbacks
2026-09-22 01:30:40.443 INFO  sched: request 'chatcmpl-2693f8214ec4de3b' retired (steps): 256 tok in 8.9 s — prefill 54 tok (52 cached) in 52 ms; decode 255 tok / 131 passes in 8.9 s: 28.8 tok/s, 34.8 ms/tok, 68 ms/pass, 1.95 tok/pass, accept p1 95 %
2026-09-22 01:30:40.513 INFO  rank 1: slot 0 closed: 134 sampled decode steps, 0 fallbacks
2026-09-22 01:30:40.514 INFO  sched: request 'chatcmpl-2693f8214ec4de39' retired (steps): 256 tok in 9.2 s — prefill 61 tok (56 cached) in 69 ms; decode 255 tok / 134 passes in 9.1 s: 28.0 tok/s, 35.7 ms/tok, 68 ms/pass, 1.90 tok/pass, accept p1 91 %
2026-09-22 01:30:40.639 INFO  rank 1: slot 1 closed: 135 sampled decode steps, 0 fallbacks
2026-09-22 01:30:40.639 INFO  sched: request 'chatcmpl-2693f8214ec4de3a' retired (steps): 256 tok in 9.2 s — prefill 54 tok (52 cached) in 51 ms; decode 255 tok / 135 passes in 9.2 s: 27.8 tok/s, 35.9 ms/tok, 68 ms/pass, 1.89 tok/pass, accept p1 89 %
2026-09-22 01:30:40.809 INFO  rank 1: slot 3 closed: 138 sampled decode steps, 0 fallbacks
2026-09-22 01:30:40.809 INFO  sched: request 'chatcmpl-2693f8214ec4de3c' retired (steps): 256 tok in 9.2 s — prefill 39 tok (36 cached) in 56 ms; decode 255 tok / 138 passes in 9.1 s: 28.0 tok/s, 35.7 ms/tok, 66 ms/pass, 1.85 tok/pass, accept p1 86 %
2026-09-22 01:30:40.893 INFO  sched: request 'chatcmpl-2693f8214ec4de3d' admitted to slot 0 (reserve 3 blocks; pool 367/6144 blocks in use) — first token 785
2026-09-22 01:30:40.994 INFO  sched: request 'chatcmpl-2693f8214ec4de3e' admitted to slot 1 (reserve 3 blocks; pool 370/6144 blocks in use) — first token 785
2026-09-22 01:30:41.096 INFO  sched: request 'chatcmpl-2693f8214ec4de3f' admitted to slot 2 (reserve 3 blocks; pool 374/6144 blocks in use) — first token 785
2026-09-22 01:30:41.206 INFO  sched: request 'chatcmpl-2693f8214ec4de40' admitted to slot 3 (reserve 3 blocks; pool 378/6144 blocks in use) — first token 785
2026-09-22 01:30:47.173 INFO  stats: rank 1 | 10.0 s | decode 109.3 tok/s, 8.9 ms/tok, 66.0 ms/step (147 steps / 1094 tok, 97 % of wall) | mtp 1.95 tok/step/req, accept p1 94 % | prefill 4 prompts / 12 tok, 1 tok/s, 18.97 ms/tok, 57 ms avg (2 % of wall), 196 tok cached (4/4 hits) | live 4, queued 0 | pool 380/6144 blocks (6 %) | prefix cache 146/232 entries
2026-09-22 01:30:49.911 INFO  rank 1: slot 0 closed: 131 sampled decode steps, 0 fallbacks
2026-09-22 01:30:49.911 INFO  sched: request 'chatcmpl-2693f8214ec4de3d' retired (steps): 256 tok in 9.0 s — prefill 54 tok (52 cached) in 52 ms; decode 255 tok / 131 passes in 9.0 s: 28.4 tok/s, 35.2 ms/tok, 68 ms/pass, 1.95 tok/pass, accept p1 95 %
2026-09-22 01:30:50.114 INFO  rank 1: slot 2 closed: 132 sampled decode steps, 0 fallbacks
2026-09-22 01:30:50.114 INFO  sched: request 'chatcmpl-2693f8214ec4de3f' retired (steps): 256 tok in 9.0 s — prefill 39 tok (36 cached) in 57 ms; decode 255 tok / 132 passes in 9.0 s: 28.5 tok/s, 35.1 ms/tok, 68 ms/pass, 1.93 tok/pass, accept p1 93 %
2026-09-22 01:30:50.252 INFO  rank 1: slot 1 closed: 135 sampled decode steps, 0 fallbacks
2026-09-22 01:30:50.253 INFO  sched: request 'chatcmpl-2693f8214ec4de3e' retired (steps): 256 tok in 9.3 s — prefill 61 tok (56 cached) in 67 ms; decode 255 tok / 135 passes in 9.2 s: 27.7 tok/s, 36.0 ms/tok, 68 ms/pass, 1.89 tok/pass, accept p1 90 %
2026-09-22 01:30:50.289 INFO  rank 1: slot 3 closed: 134 sampled decode steps, 0 fallbacks
2026-09-22 01:30:50.289 INFO  sched: request 'chatcmpl-2693f8214ec4de40' retired (steps): 256 tok in 9.1 s — prefill 54 tok (52 cached) in 51 ms; decode 255 tok / 134 passes in 9.0 s: 28.2 tok/s, 35.4 ms/tok, 67 ms/pass, 1.90 tok/pass, accept p1 91 %
2026-09-22 01:30:50.438 INFO  sched: request 'chatcmpl-2693f8214ec4de41' admitted to slot 0 (reserve 3 blocks; pool 379/6144 blocks in use) — first token 785
2026-09-22 01:30:55.112 INFO  rank 1: slot 0 closed: 146 sampled decode steps, 0 fallbacks
2026-09-22 01:30:55.112 INFO  sched: request 'chatcmpl-2693f8214ec4de41' retired (steps): 256 tok in 4.7 s — prefill 40 tok (36 cached) in 66 ms; decode 255 tok / 146 passes in 4.6 s: 55.3 tok/s, 18.1 ms/tok, 32 ms/pass, 1.75 tok/pass, accept p1 75 %
2026-09-22 01:30:55.200 INFO  sched: request 'chatcmpl-2693f8214ec4de42' admitted to slot 0 (reserve 3 blocks; pool 382/6144 blocks in use) — first token 785
2026-09-22 01:30:57.191 INFO  stats: rank 1 | 10.0 s | decode 69.6 tok/s, 14.0 ms/tok, 38.3 ms/step (254 steps / 697 tok, 97 % of wall) | mtp 1.82 tok/step/req, accept p1 83 % | prefill 2 prompts / 8 tok, 1 tok/s, 16.61 ms/tok, 66 ms avg (1 % of wall), 72 tok cached (2/2 hits) | live 1, queued 0 | pool 383/6144 blocks (6 %) | prefix cache 151/232 entries
2026-09-22 01:30:59.834 INFO  rank 1: slot 0 closed: 145 sampled decode steps, 0 fallbacks
2026-09-22 01:30:59.834 INFO  sched: request 'chatcmpl-2693f8214ec4de42' retired (steps): 256 tok in 4.6 s — prefill 40 tok (36 cached) in 67 ms; decode 255 tok / 145 passes in 4.6 s: 55.8 tok/s, 17.9 ms/tok, 31 ms/pass, 1.76 tok/pass, accept p1 77 %
2026-09-22 01:30:59.916 INFO  sched: request 'chatcmpl-2693f8214ec4de43' admitted to slot 0 (reserve 3 blocks; pool 385/6144 blocks in use) — first token 785
2026-09-22 01:31:04.545 INFO  rank 1: slot 0 closed: 145 sampled decode steps, 0 fallbacks
2026-09-22 01:31:04.545 INFO  sched: request 'chatcmpl-2693f8214ec4de43' retired (steps): 256 tok in 4.6 s — prefill 40 tok (36 cached) in 65 ms; decode 255 tok / 145 passes in 4.6 s: 55.9 tok/s, 17.9 ms/tok, 31 ms/pass, 1.76 tok/pass, accept p1 77 %
2026-09-22 01:31:04.648 INFO  sched: request 'chatcmpl-2693f8214ec4de44' admitted to slot 0 (reserve 3 blocks; pool 388/6144 blocks in use) — first token 785
2026-09-22 01:31:04.749 INFO  sched: request 'chatcmpl-2693f8214ec4de45' admitted to slot 1 (reserve 3 blocks; pool 392/6144 blocks in use) — first token 785
2026-09-22 01:31:04.858 INFO  sched: request 'chatcmpl-2693f8214ec4de46' admitted to slot 2 (reserve 3 blocks; pool 395/6144 blocks in use) — first token 785
2026-09-22 01:31:04.972 INFO  sched: request 'chatcmpl-2693f8214ec4de47' admitted to slot 3 (reserve 3 blocks; pool 400/6144 blocks in use) — first token 785
2026-09-22 01:31:07.219 INFO  stats: rank 1 | 10.0 s | decode 65.0 tok/s, 14.7 ms/tok, 36.3 ms/step (265 steps / 652 tok, 96 % of wall) | mtp 1.76 tok/step/req, accept p1 75 % | prefill 5 prompts / 20 tok, 2 tok/s, 16.08 ms/tok, 64 ms avg (3 % of wall), 172 tok cached (5/5 hits) | live 4, queued 0 | pool 401/6144 blocks (7 %) | prefix cache 153/232 entries
2026-09-22 01:31:13.991 INFO  rank 1: slot 1 closed: 138 sampled decode steps, 0 fallbacks
2026-09-22 01:31:13.992 INFO  sched: request 'chatcmpl-2693f8214ec4de45' retired (steps): 256 tok in 9.2 s — prefill 41 tok (36 cached) in 68 ms; decode 255 tok / 138 passes in 9.2 s: 27.8 tok/s, 36.0 ms/tok, 66 ms/pass, 1.85 tok/pass, accept p1 86 %
2026-09-22 01:31:14.316 INFO  rank 1: slot 2 closed: 142 sampled decode steps, 1 fallbacks
2026-09-22 01:31:14.316 INFO  sched: request 'chatcmpl-2693f8214ec4de46' retired (steps): 256 tok in 9.5 s — prefill 40 tok (36 cached) in 65 ms; decode 255 tok / 142 passes in 9.4 s: 27.1 tok/s, 36.8 ms/tok, 66 ms/pass, 1.80 tok/pass, accept p1 80 %
2026-09-22 01:31:14.676 INFO  rank 1: slot 0 closed: 150 sampled decode steps, 0 fallbacks
2026-09-22 01:31:14.677 INFO  sched: request 'chatcmpl-2693f8214ec4de44' retired (steps): 256 tok in 10.0 s — prefill 40 tok (36 cached) in 66 ms; decode 255 tok / 150 passes in 10.0 s: 25.6 tok/s, 39.1 ms/tok, 66 ms/pass, 1.70 tok/pass, accept p1 70 %
2026-09-22 01:31:14.841 INFO  rank 1: slot 3 closed: 152 sampled decode steps, 0 fallbacks
2026-09-22 01:31:14.841 INFO  sched: request 'chatcmpl-2693f8214ec4de47' retired (steps): 256 tok in 9.9 s — prefill 31 tok (28 cached) in 57 ms; decode 255 tok / 152 passes in 9.8 s: 26.0 tok/s, 38.5 ms/tok, 65 ms/pass, 1.68 tok/pass, accept p1 68 %
2026-09-22 01:31:14.927 INFO  sched: request 'chatcmpl-2693f8214ec4de48' admitted to slot 0 (reserve 3 blocks; pool 400/6144 blocks in use) — first token 785
2026-09-22 01:31:15.025 INFO  sched: request 'chatcmpl-2693f8214ec4de49' admitted to slot 1 (reserve 3 blocks; pool 403/6144 blocks in use) — first token 785
2026-09-22 01:31:15.136 INFO  sched: request 'chatcmpl-2693f8214ec4de4a' admitted to slot 2 (reserve 3 blocks; pool 408/6144 blocks in use) — first token 785
2026-09-22 01:31:15.249 INFO  sched: request 'chatcmpl-2693f8214ec4de4b' admitted to slot 3 (reserve 3 blocks; pool 412/6144 blocks in use) — first token 785
2026-09-22 01:31:17.235 INFO  stats: rank 1 | 10.0 s | decode 100.5 tok/s, 9.6 ms/tok, 64.2 ms/step (151 steps / 1007 tok, 97 % of wall) | mtp 1.78 tok/step/req, accept p1 78 % | prefill 4 prompts / 16 tok, 2 tok/s, 16.03 ms/tok, 64 ms avg (3 % of wall), 136 tok cached (4/4 hits) | live 4, queued 0 | pool 413/6144 blocks (7 %) | prefix cache 157/232 entries
2026-09-22 01:31:24.587 INFO  rank 1: slot 1 closed: 143 sampled decode steps, 0 fallbacks
2026-09-22 01:31:24.588 INFO  sched: request 'chatcmpl-2693f8214ec4de49' retired (steps): 256 tok in 9.6 s — prefill 40 tok (36 cached) in 64 ms; decode 255 tok / 143 passes in 9.5 s: 26.8 tok/s, 37.3 ms/tok, 66 ms/pass, 1.78 tok/pass, accept p1 78 %
2026-09-22 01:31:24.656 INFO  rank 1: slot 2 closed: 143 sampled decode steps, 0 fallbacks
2026-09-22 01:31:24.656 INFO  sched: request 'chatcmpl-2693f8214ec4de4a' retired (steps): 256 tok in 9.5 s — prefill 40 tok (36 cached) in 65 ms; decode 255 tok / 143 passes in 9.5 s: 27.0 tok/s, 37.1 ms/tok, 66 ms/pass, 1.78 tok/pass, accept p1 78 %
2026-09-22 01:31:24.720 INFO  rank 1: slot 3 closed: 143 sampled decode steps, 0 fallbacks
2026-09-22 01:31:24.721 INFO  sched: request 'chatcmpl-2693f8214ec4de4b' retired (steps): 256 tok in 9.5 s — prefill 31 tok (28 cached) in 56 ms; decode 255 tok / 143 passes in 9.4 s: 27.1 tok/s, 36.9 ms/tok, 66 ms/pass, 1.78 tok/pass, accept p1 78 %
2026-09-22 01:31:24.721 INFO  rank 1: slot 0 closed: 146 sampled decode steps, 0 fallbacks
2026-09-22 01:31:24.721 INFO  sched: request 'chatcmpl-2693f8214ec4de48' retired (steps): 256 tok in 9.8 s — prefill 41 tok (36 cached) in 71 ms; decode 255 tok / 146 passes in 9.7 s: 26.2 tok/s, 38.1 ms/tok, 67 ms/pass, 1.75 tok/pass, accept p1 75 %
2026-09-22 01:31:24.802 INFO  sched: request 'chatcmpl-2693f8214ec4de4c' admitted to slot 0 (reserve 3 blocks; pool 412/6144 blocks in use) — first token 785
2026-09-22 01:31:24.890 INFO  sched: request 'chatcmpl-2693f8214ec4de4d' admitted to slot 1 (reserve 3 blocks; pool 416/6144 blocks in use) — first token 785
2026-09-22 01:31:25.006 INFO  sched: request 'chatcmpl-2693f8214ec4de4e' admitted to slot 2 (reserve 3 blocks; pool 420/6144 blocks in use) — first token 785
2026-09-22 01:31:25.127 INFO  sched: request 'chatcmpl-2693f8214ec4de4f' admitted to slot 3 (reserve 3 blocks; pool 423/6144 blocks in use) — first token 785
2026-09-22 01:31:27.292 INFO  stats: rank 1 | 10.1 s | decode 104.0 tok/s, 9.3 ms/tok, 65.3 ms/step (149 steps / 1046 tok, 97 % of wall) | mtp 1.78 tok/step/req, accept p1 78 % | prefill 4 prompts / 16 tok, 2 tok/s, 16.07 ms/tok, 64 ms avg (3 % of wall), 136 tok cached (4/4 hits) | live 4, queued 0 | pool 425/6144 blocks (7 %) | prefix cache 161/232 entries
2026-09-22 01:31:34.250 INFO  rank 1: slot 3 closed: 138 sampled decode steps, 0 fallbacks
2026-09-22 01:31:34.250 INFO  sched: request 'chatcmpl-2693f8214ec4de4f' retired (steps): 256 tok in 9.1 s — prefill 40 tok (36 cached) in 67 ms; decode 255 tok / 138 passes in 9.1 s: 28.2 tok/s, 35.5 ms/tok, 66 ms/pass, 1.85 tok/pass, accept p1 86 %
2026-09-22 01:31:34.419 INFO  rank 1: slot 2 closed: 142 sampled decode steps, 0 fallbacks
2026-09-22 01:31:34.420 INFO  sched: request 'chatcmpl-2693f8214ec4de4e' retired (steps): 256 tok in 9.4 s — prefill 41 tok (36 cached) in 71 ms; decode 255 tok / 142 passes in 9.3 s: 27.3 tok/s, 36.6 ms/tok, 66 ms/pass, 1.80 tok/pass, accept p1 80 %
2026-09-22 01:31:34.420 INFO  rank 1: slot 0 closed: 144 sampled decode steps, 0 fallbacks
2026-09-22 01:31:34.420 INFO  sched: request 'chatcmpl-2693f8214ec4de4c' retired (steps): 256 tok in 9.6 s — prefill 40 tok (36 cached) in 65 ms; decode 255 tok / 144 passes in 9.6 s: 26.7 tok/s, 37.5 ms/tok, 66 ms/pass, 1.77 tok/pass, accept p1 78 %
2026-09-22 01:31:34.487 INFO  rank 1: slot 1 closed: 145 sampled decode steps, 0 fallbacks
2026-09-22 01:31:34.487 INFO  sched: request 'chatcmpl-2693f8214ec4de4d' retired (steps): 256 tok in 9.6 s — prefill 31 tok (28 cached) in 54 ms; decode 255 tok / 145 passes in 9.5 s: 26.7 tok/s, 37.4 ms/tok, 66 ms/pass, 1.76 tok/pass, accept p1 77 %
2026-09-22 01:31:34.679 INFO  sched: request 'chatcmpl-2693f8214ec4de50' admitted to slot 0 (reserve 1 blocks; pool 422/6144 blocks in use) — first token 785
2026-09-22 01:31:35.774 INFO  sched: request 'chatcmpl-2693f8214ec4de50' retired (steps): 64 tok in 1.1 s — prefill 62 tok (60 cached) in 52 ms; decode 63 tok / 34 passes in 1.0 s: 60.4 tok/s, 16.6 ms/tok, 31 ms/pass, 1.85 tok/pass, accept p1 85 %
2026-09-22 01:31:35.858 INFO  sched: request 'chatcmpl-2693f8214ec4de51' admitted to slot 0 (reserve 3 blocks; pool 424/6144 blocks in use) — first token 785
2026-09-22 01:31:37.296 INFO  stats: rank 1 | 10.0 s | decode 91.2 tok/s, 10.6 ms/tok, 51.2 ms/step (189 steps / 912 tok, 97 % of wall) | mtp 1.79 tok/step/req, accept p1 79 % | prefill 2 prompts / 4 tok, 0 tok/s, 26.12 ms/tok, 52 ms avg (1 % of wall), 120 tok cached (2/2 hits) | live 1, queued 0 | pool 425/6144 blocks (7 %) | prefix cache 165/232 entries
2026-09-22 01:31:40.324 INFO  sched: request 'chatcmpl-2693f8214ec4de51' retired (steps): 256 tok in 4.5 s — prefill 62 tok (60 cached) in 53 ms; decode 255 tok / 140 passes in 4.4 s: 57.8 tok/s, 17.3 ms/tok, 32 ms/pass, 1.82 tok/pass, accept p1 82 %
2026-09-22 01:31:40.391 INFO  sched: request 'chatcmpl-2693f8214ec4de52' admitted to slot 0 (reserve 3 blocks; pool 427/6144 blocks in use) — first token 785
2026-09-22 01:31:40.724 INFO  sched: request 'chatcmpl-2693f8214ec4de53' prefix cache miss — 2 cut(s) probed against 166 entries; the nearest entry (position 316) shares the first 22 of the prompt's 66 tokens (the prompt differs from it from that token on)
2026-09-22 01:31:40.724 INFO  sched: request 'chatcmpl-2693f8214ec4de53' admitted to slot 1 (reserve 3 blocks; pool 431/6144 blocks in use) — first token 785
2026-09-22 01:31:41.067 INFO  sched: request 'chatcmpl-2693f8214ec4de54' prefix cache miss — 2 cut(s) probed against 167 entries; the nearest entry (position 316) shares the first 22 of the prompt's 59 tokens (the prompt differs from it from that token on)
2026-09-22 01:31:41.067 INFO  sched: request 'chatcmpl-2693f8214ec4de54' admitted to slot 2 (reserve 3 blocks; pool 436/6144 blocks in use) — first token 785
2026-09-22 01:31:41.421 INFO  sched: request 'chatcmpl-2693f8214ec4de55' prefix cache miss — 2 cut(s) probed against 168 entries; the nearest entry (position 316) shares the first 22 of the prompt's 62 tokens (the prompt differs from it from that token on)
2026-09-22 01:31:41.421 INFO  sched: request 'chatcmpl-2693f8214ec4de55' admitted to slot 3 (reserve 3 blocks; pool 442/6144 blocks in use) — first token 785
2026-09-22 01:31:47.359 INFO  stats: rank 1 | 10.1 s | decode 84.3 tok/s, 10.7 ms/tok, 48.2 ms/step (188 steps / 848 tok, 90 % of wall) | mtp 1.84 tok/step/req, accept p1 83 % | prefill 4 prompts / 189 tok, 19 tok/s, 5.02 ms/tok, 237 ms avg (9 % of wall), 60 tok cached (1/4 hits) | live 4, queued 0 | pool 443/6144 blocks (7 %) | prefix cache 169/232 entries
2026-09-22 01:31:50.267 INFO  sched: request 'chatcmpl-2693f8214ec4de55' retired (steps): 256 tok in 8.8 s — prefill 62 tok (0 cached) in 298 ms; decode 255 tok / 134 passes in 8.5 s: 29.8 tok/s, 33.5 ms/tok, 64 ms/pass, 1.90 tok/pass, accept p1 90 %
2026-09-22 01:31:50.489 INFO  sched: request 'chatcmpl-2693f8214ec4de54' retired (steps): 256 tok in 9.4 s — prefill 59 tok (0 cached) in 299 ms; decode 255 tok / 139 passes in 9.1 s: 28.0 tok/s, 35.8 ms/tok, 66 ms/pass, 1.83 tok/pass, accept p1 84 %
2026-09-22 01:31:50.712 INFO  sched: request 'chatcmpl-2693f8214ec4de52' retired (steps): 256 tok in 10.3 s — prefill 62 tok (60 cached) in 51 ms; decode 255 tok / 146 passes in 10.3 s: 24.8 tok/s, 40.3 ms/tok, 70 ms/pass, 1.75 tok/pass, accept p1 75 %
2026-09-22 01:31:50.875 INFO  sched: request 'chatcmpl-2693f8214ec4de53' retired (steps): 256 tok in 10.2 s — prefill 66 tok (0 cached) in 301 ms; decode 255 tok / 150 passes in 9.9 s: 25.9 tok/s, 38.6 ms/tok, 66 ms/pass, 1.70 tok/pass, accept p1 70 %
2026-09-22 01:31:52.503 INFO  journal: stop record — exiting
2026-09-22 01:31:52.578 INFO  rank 1: graph engine sampling summary — 10364 sampled decode steps, 32 served by the exact gather fallback (0.3%), 112 candidates per rank
2026-09-22 01:31:53.896 INFO  rank 1: exited cleanly
2026-09-22 01:36:05.283 INFO  dgpp-serve 0.1.0+ga3ed8994a34c (git a3ed8994a34c)
2026-09-22 01:36:05.284 INFO  config /tmp/bus4/deployments/860d5a991d6b0c9a/cluster.json: model HawkBearPig/GLM-5.3-Flash-NVFP4-FP8, world 4, rank 1, http :18080, fabric :29970, journal :29971
2026-09-22 01:36:05.284 INFO  model HawkBearPig/GLM-5.3-Flash-NVFP4-FP8 -> /home/stephen/.cache/huggingface/hub/models--HawkBearPig--GLM-5.3-Flash-NVFP4-FP8/snapshots/17b8d4d83e33e836e9549d7e1a8d25b5117203c1
2026-09-22 01:36:05.285 INFO  journal: connected to rank 0 at 192.168.88.11:29971 (120000 attempt window)
2026-09-22 01:36:05.285 INFO  rank 1: settings from rank 0: model=HawkBearPig/GLM-5.3-Flash-NVFP4-FP8 world=4 fabric=29970 journal=29971 conc=4 kv=786432 kvdt=bf16 ngt=resident dw=checkpoint bfw=bf12+bf16 fp8head=gemv pf=bounded emsh=replicated maxtok=256 queue=8 eos=1 graph=1 compact=0 mtp=1 mtpd=1 mss=0 msrow=8 msbase=28 mslam=0 msmin=1 msad=1 batchmin=2 cand=128 pcgib=8 adm=full win=256 pfbudget=256 pfidle=2048 pace=-1 inflight=-1 reasoning_in_content=0 rs=off
2026-09-22 01:36:05.286 INFO  config: model=HawkBearPig/GLM-5.3-Flash-NVFP4-FP8 world=4 fabric=29970 journal=29971 conc=4 kv=786432 kvdt=bf16 ngt=resident dw=checkpoint bfw=bf12+bf16 fp8head=gemv pf=bounded emsh=replicated maxtok=256 queue=8 eos=1 graph=1 compact=0 mtp=1 mtpd=1 mss=0 msrow=8 msbase=28 mslam=0 msmin=1 msad=1 batchmin=2 cand=128 pcgib=8 adm=full win=256 pfbudget=256 pfidle=2048 pace=-1 inflight=-1 reasoning_in_content=0 rs=off (digest ee39883879453127)
2026-09-22 01:36:05.405 INFO  serve: model family glm5 (/home/stephen/.cache/huggingface/hub/models--HawkBearPig--GLM-5.3-Flash-NVFP4-FP8/snapshots/17b8d4d83e33e836e9549d7e1a8d25b5117203c1)
2026-09-22 01:36:05.405 INFO  serve: decode rows 8 (4 slot(s) x 2 row(s) per request, floor 8, the glm5 family's cap 8)
2026-09-22 01:36:05.415 WARN  generation config /home/stephen/.cache/huggingface/hub/models--HawkBearPig--GLM-5.3-Flash-NVFP4-FP8/snapshots/17b8d4d83e33e836e9549d7e1a8d25b5117203c1/generation_config.json omits top_k, min_p, repetition_penalty; using greedy-safe/neutral fallbacks for those fields
2026-09-22 01:36:05.415 INFO  generation defaults: temperature=1 top_p=0.95 top_k=0 min_p=0 repetition_penalty=1
2026-09-22 01:36:05.415 INFO  serve: sampling defaults temperature 1 top_p 0.95 top_k 0 min_p 0 repetition_penalty 1 (from generation_config.json; overrides: none)
2026-09-22 01:36:05.415 INFO  serve: request context limit 786432 tokens (the 786432-token K/V pool from engine.kv_capacity 786432; this family states no positional ceiling of its own)
2026-09-22 01:36:05.415 INFO  rank 1: prefix cache plan — 8 GiB budget, 232 slots of 35.227 MiB, 7.981 GiB allocated; cached K/V blocks share the 786432-token pool
2026-09-22 01:36:05.582 INFO  tokenizer: loaded vocab 154820 merges 321649 added 36 (revision 0x700b4469fc43f23b; glm pattern, no normalizer, ignore_merges true)
2026-09-22 01:36:05.592 INFO  serve: grammar vocabulary built (154880 ids, tool markers present, call-turn EOS 154829)
2026-09-22 01:36:05.690 INFO  serve: JSON grammar tables built in 0.10 s
2026-09-22 01:36:05.910 INFO  bus: globaltimer offset 8362741959 ns (+-2 us)
2026-09-22 01:36:05.933 INFO  verbs: device roceP2p1s0f0 port 1 gid_index 3
2026-09-22 01:36:05.942 INFO  verbs: device rocep1s0f0 port 1 gid_index 3
2026-09-22 01:36:06.993 INFO  bus: rank 1 up — 3 peer(s) x 2 lane(s), lat 8x65536B, bulk 8x262144B, bulk pace 28.3 Gb/s per QP, window 4 per lane
2026-09-22 01:36:06.993 INFO  rank 1: boundary reducer host-driven
2026-09-22 01:36:07.079 INFO  bus engine: rank 1 pinned to cpu 19
2026-09-22 01:36:07.187 INFO  rank 1: process memory locked (mlockall MCL_CURRENT, 14513 MiB)
2026-09-22 01:36:07.187 INFO  rank 1: resident image cache at /home/stephen/.cache/dgpp/resident
2026-09-22 01:36:07.244 INFO  rank 1: memory plan for a 786432-token context — vision weights (replicated) 1.05 GiB; vision workspace (bounded image prefill) 0.33 GiB; model weights (resident) 48.27 GiB (1.81 GiB pinned); tensor-parallel slice views 0.67 GiB; bf16 decode packing (12-bit companions) 1.96 GiB; gemm workspace (at least) 0.06 GiB; kda scratch 0.08 GiB; kv cache pool (bf16) 9.29 GiB; dsa scratch 0.23 GiB; moe scratch 0.68 GiB (0.00 GiB pinned); kda state (request slots) 0.14 GiB; kda speculative snapshots 0.27 GiB; draft hidden cache (per position) 24.00 GiB; draft activations 0.05 GiB; activations (per-forward rows) 0.61 GiB (0.00 GiB pinned); route-trace staging 0.10 GiB (0.10 GiB pinned); prefix cache 7.98 GiB; engine 0.08 GiB
2026-09-22 01:36:07.244 INFO  rank 1: memory plan total 95.85 GiB (85.87 GiB device + 9.97 GiB pinned) + 4.00 GiB headroom against 116.72 GiB free (device free 109.20 GiB of 121.69 GiB, host available 116.72 GiB)
2026-09-22 01:36:07.244 INFO  memory ledger: rank 1 after the plan check — rss 1.14 GiB (anon 0.41, shmem 0.09, file 0.64; locked 14.17); device free 109.20 GiB, node available 116.72 GiB
2026-09-22 01:36:07.244 INFO  memory ledger: rank 1 after the bus — rss 1.14 GiB (anon 0.41, shmem 0.09, file 0.64; locked 14.17); device free 109.20 GiB, node available 116.72 GiB
2026-09-22 01:36:07.565 INFO  glm loader: rank 1 resident footprint 46.5 GiB; device free 109.2 of 121.7 GiB, host available 116.7 GiB
2026-09-22 01:36:08.527 INFO  glm loader: rank 1 resident image /home/stephen/.cache/dgpp/resident/44076e8b908aed4a.img — 46/46 layers present, direct I/O
2026-09-22 01:36:08.562 INFO  l2 prefetch: on, window budget 12 MiB, boundary rate light, layer rate light
2026-09-22 01:36:08.563 INFO  glm loader: rank 1 boot digest from the resident image (713 tensors, 2.91 GiB)
2026-09-22 01:36:18.637 INFO  glm loader: rank 1 resident load complete — released 40 shard mappings (181.7 GiB) and evicted their page cache; image: 46 layers restored, 0 captured
2026-09-22 01:36:18.996 INFO  rank 1 bf12: 70 decode matrices packed (2.55 GiB of bf16 -> 1.92 GiB, 213419 escapes, widest row 64, 3 rows kept raw; 0 matrices kept bf16) in 1.4 s
2026-09-22 01:36:24.976 INFO  rank 1 boot phases: digest 0.0 s (3.96 GiB hashed), globals 1.3 s, layers 14.0 s
2026-09-22 01:36:24.976 INFO  memory ledger: rank 1 after the model — rss 3.10 GiB (anon 0.45, shmem 2.00, file 0.64; locked 14.16); device free 20.28 GiB, node available 27.78 GiB
2026-09-22 01:36:24.976 INFO  rank 1: model constructed in 17.7s (resident, 4 request slots, 786432-token pool in bf16, 2048-row forwards)
2026-09-22 01:36:24.976 INFO  rank 1: prefix cache on — 232 snapshot slot(s) of 35.2 MiB (8.00 GiB asked)
2026-09-22 01:36:25.229 INFO  rank 1: graph engine samples on the device — 112 candidates per rank (8 rows x 4 ranks in a 65536-byte latency slot; the planned width is 128); constrained decoding available
2026-09-22 01:36:28.512 INFO  memory ledger: rank 1 after the graph engine — rss 3.10 GiB (anon 0.45, shmem 2.01, file 0.64; locked 14.16); device free 12.19 GiB, node available 19.69 GiB
2026-09-22 01:36:28.770 INFO  allreduce: device clock rate 2418000 kHz (stamps conversion)
2026-09-22 01:36:28.770 INFO  allreduce: rank 1 seq 1 launched (3 peers)
2026-09-22 01:36:28.770 INFO  allreduce: rank 1 seq 1 ready after 52.3us
2026-09-22 01:36:28.800 INFO  allreduce: rank 1 seq 1 done status=0 after 30281.4us
2026-09-22 01:36:28.836 INFO  allreduce: rank 1 seq 2 launched (3 peers)
2026-09-22 01:36:28.836 INFO  allreduce: rank 1 seq 2 ready after 11.2us
2026-09-22 01:36:28.836 INFO  allreduce: rank 1 seq 2 done status=0 after 48.6us
2026-09-22 01:36:28.836 INFO  allreduce: rank 1 seq 3 launched (3 peers)
2026-09-22 01:36:28.836 INFO  allreduce: rank 1 seq 3 ready after 11.6us
2026-09-22 01:36:28.836 INFO  allreduce: rank 1 seq 3 done status=0 after 70.5us
2026-09-22 01:36:28.837 INFO  allreduce: rank 1 seq 4 launched (3 peers)
2026-09-22 01:36:28.837 INFO  allreduce: rank 1 seq 4 ready after 10.6us
2026-09-22 01:36:28.837 INFO  allreduce: rank 1 seq 4 done status=0 after 73.6us
2026-09-22 01:36:28.837 INFO  allreduce: rank 1 seq 5 launched (3 peers)
2026-09-22 01:36:28.837 INFO  allreduce: rank 1 seq 5 ready after 11.6us
2026-09-22 01:36:28.837 INFO  allreduce: rank 1 seq 5 done status=0 after 50.8us
2026-09-22 01:36:28.838 INFO  allreduce: rank 1 seq 6 launched (3 peers)
2026-09-22 01:36:28.838 INFO  allreduce: rank 1 seq 6 ready after 11.5us
2026-09-22 01:36:28.838 INFO  allreduce: rank 1 seq 6 done status=0 after 78.3us
2026-09-22 01:36:28.841 INFO  allreduce: rank 1 seq 7 launched (3 peers)
2026-09-22 01:36:28.841 INFO  allreduce: rank 1 seq 7 ready after 14.0us
2026-09-22 01:36:28.841 INFO  allreduce: rank 1 seq 7 done status=0 after 227.9us
2026-09-22 01:36:28.842 INFO  allreduce: rank 1 seq 8 launched (3 peers)
2026-09-22 01:36:28.842 INFO  allreduce: rank 1 seq 8 ready after 11.6us
2026-09-22 01:36:28.842 INFO  allreduce: rank 1 seq 8 done status=0 after 73.8us
2026-09-22 01:36:28.842 INFO  allreduce: rank 1 seq 9 launched (3 peers)
2026-09-22 01:36:28.842 INFO  allreduce: rank 1 seq 9 ready after 11.2us
2026-09-22 01:36:28.842 INFO  allreduce: rank 1 seq 9 done status=0 after 64.0us
2026-09-22 01:36:28.843 INFO  allreduce: rank 1 seq 10 launched (3 peers)
2026-09-22 01:36:28.843 INFO  allreduce: rank 1 seq 10 ready after 13.0us
2026-09-22 01:36:28.843 INFO  allreduce: rank 1 seq 10 done status=0 after 73.9us
2026-09-22 01:36:28.843 INFO  allreduce: rank 1 seq 11 launched (3 peers)
2026-09-22 01:36:28.843 INFO  allreduce: rank 1 seq 11 ready after 11.3us
2026-09-22 01:36:28.843 INFO  allreduce: rank 1 seq 11 done status=0 after 48.5us
2026-09-22 01:36:28.844 INFO  allreduce: rank 1 seq 12 launched (3 peers)
2026-09-22 01:36:28.844 INFO  allreduce: rank 1 seq 12 ready after 12.9us
2026-09-22 01:36:28.844 INFO  allreduce: rank 1 seq 12 done status=0 after 58.3us
2026-09-22 01:36:28.844 INFO  allreduce: rank 1 seq 13 launched (3 peers)
2026-09-22 01:36:28.844 INFO  allreduce: rank 1 seq 13 ready after 11.3us
2026-09-22 01:36:28.844 INFO  allreduce: rank 1 seq 13 done status=0 after 62.5us
2026-09-22 01:36:28.845 INFO  allreduce: rank 1 seq 14 launched (3 peers)
2026-09-22 01:36:28.845 INFO  allreduce: rank 1 seq 14 ready after 14.3us
2026-09-22 01:36:28.845 INFO  allreduce: rank 1 seq 14 done status=0 after 66.9us
2026-09-22 01:36:28.846 INFO  allreduce: rank 1 seq 15 launched (3 peers)
2026-09-22 01:36:28.846 INFO  allreduce: rank 1 seq 15 ready after 9.2us
2026-09-22 01:36:28.846 INFO  allreduce: rank 1 seq 15 done status=0 after 44.4us
2026-09-22 01:36:28.847 INFO  allreduce: rank 1 seq 16 launched (3 peers)
2026-09-22 01:36:28.847 INFO  allreduce: rank 1 seq 16 ready after 13.6us
2026-09-22 01:36:28.847 INFO  allreduce: rank 1 seq 16 done status=0 after 50.8us
2026-09-22 01:36:28.923 INFO  bus graph era: variant 0 recorded with 94 collective node(s)
2026-09-22 01:36:28.923 INFO  rank 1: graph variant 0 shape: 1297 nodes, 1612 edges: kernel 1297 empty 0 memcpy 0 memset 0 host 0 event 0 other 0; max in-degree 2
2026-09-22 01:36:28.927 INFO  rank 1: graph variant 0 instantiated — 23.2 MiB of device memory (11.8 GiB free)
2026-09-22 01:36:28.928 INFO  bus graph era: variant 1 recorded with 94 collective node(s)
2026-09-22 01:36:28.928 INFO  rank 1: graph variant 1 shape: 1297 nodes, 1612 edges: kernel 1297 empty 0 memcpy 0 memset 0 host 0 event 0 other 0; max in-degree 2
2026-09-22 01:36:28.931 INFO  rank 1: graph variant 1 instantiated — 21.1 MiB of device memory (11.8 GiB free)
2026-09-22 01:36:28.931 INFO  rank 1: serving scalar graph variants 0/1 captured for request slot 0 (2 rows, MTP)
2026-09-22 01:36:28.933 INFO  bus graph era: variant 8 recorded with 94 collective node(s)
2026-09-22 01:36:28.933 INFO  rank 1: graph variant 8 shape: 1299 nodes, 1614 edges: kernel 1299 empty 0 memcpy 0 memset 0 host 0 event 0 other 0; max in-degree 2
2026-09-22 01:36:28.939 INFO  rank 1: graph variant 8 instantiated — 24.1 MiB of device memory (11.8 GiB free)
2026-09-22 01:36:28.940 INFO  bus graph era: variant 9 recorded with 94 collective node(s)
2026-09-22 01:36:28.940 INFO  rank 1: graph variant 9 shape: 1299 nodes, 1614 edges: kernel 1299 empty 0 memcpy 0 memset 0 host 0 event 0 other 0; max in-degree 2
2026-09-22 01:36:28.946 INFO  rank 1: graph variant 9 instantiated — 34.5 MiB of device memory (11.7 GiB free)
2026-09-22 01:36:28.946 INFO  rank 1: serving row-batched graph variants 8/9 captured for 2 slots x 2 rows = 4 fixed rows, MTP (a batch is selected at 2+ live requests, the smallest that covers the live slots)
2026-09-22 01:36:28.958 INFO  bus graph era: variant 10 recorded with 94 collective node(s)
2026-09-22 01:36:28.958 INFO  rank 1: graph variant 10 shape: 1359 nodes, 1674 edges: kernel 1359 empty 0 memcpy 0 memset 0 host 0 event 0 other 0; max in-degree 2
2026-09-22 01:36:28.964 INFO  rank 1: graph variant 10 instantiated — 28.9 MiB of device memory (11.7 GiB free)
2026-09-22 01:36:28.965 INFO  bus graph era: variant 11 recorded with 94 collective node(s)
2026-09-22 01:36:28.965 INFO  rank 1: graph variant 11 shape: 1359 nodes, 1674 edges: kernel 1359 empty 0 memcpy 0 memset 0 host 0 event 0 other 0; max in-degree 2
2026-09-22 01:36:28.971 INFO  rank 1: graph variant 11 instantiated — 31.1 MiB of device memory (11.6 GiB free)
2026-09-22 01:36:28.971 INFO  rank 1: serving row-batched graph variants 10/11 captured for 3 slots x 2 rows = 6 fixed rows, MTP (a batch is selected at 2+ live requests, the smallest that covers the live slots)
2026-09-22 01:36:28.973 INFO  bus graph era: variant 12 recorded with 94 collective node(s)
2026-09-22 01:36:28.973 INFO  rank 1: graph variant 12 shape: 1361 nodes, 1676 edges: kernel 1361 empty 0 memcpy 0 memset 0 host 0 event 0 other 0; max in-degree 2
2026-09-22 01:36:28.980 INFO  rank 1: graph variant 12 instantiated — 34.1 MiB of device memory (11.6 GiB free)
2026-09-22 01:36:28.981 INFO  bus graph era: variant 13 recorded with 94 collective node(s)
2026-09-22 01:36:28.981 INFO  rank 1: graph variant 13 shape: 1361 nodes, 1676 edges: kernel 1361 empty 0 memcpy 0 memset 0 host 0 event 0 other 0; max in-degree 2
2026-09-22 01:36:28.987 INFO  rank 1: graph variant 13 instantiated — 31.1 MiB of device memory (11.6 GiB free)
2026-09-22 01:36:28.987 INFO  rank 1: serving row-batched graph variants 12/13 captured for 4 slots x 2 rows = 8 fixed rows, MTP (a batch is selected at 2+ live requests, the smallest that covers the live slots)
2026-09-22 01:36:29.066 INFO  bus graph era: variant 2 recorded with 94 collective node(s)
2026-09-22 01:36:29.066 INFO  rank 1: graph variant 2 shape: 1297 nodes, 1612 edges: kernel 1297 empty 0 memcpy 0 memset 0 host 0 event 0 other 0; max in-degree 2
2026-09-22 01:36:29.072 INFO  rank 1: graph variant 2 instantiated — 31.6 MiB of device memory (11.5 GiB free)
2026-09-22 01:36:29.073 INFO  bus graph era: variant 3 recorded with 94 collective node(s)
2026-09-22 01:36:29.073 INFO  rank 1: graph variant 3 shape: 1297 nodes, 1612 edges: kernel 1297 empty 0 memcpy 0 memset 0 host 0 event 0 other 0; max in-degree 2
2026-09-22 01:36:29.080 INFO  rank 1: graph variant 3 instantiated — 34.5 MiB of device memory (11.5 GiB free)
2026-09-22 01:36:29.080 INFO  rank 1: serving scalar graph variants 2/3 captured for request slot 1 (2 rows, MTP)
2026-09-22 01:36:29.148 INFO  bus graph era: variant 4 recorded with 94 collective node(s)
2026-09-22 01:36:29.148 INFO  rank 1: graph variant 4 shape: 1297 nodes, 1612 edges: kernel 1297 empty 0 memcpy 0 memset 0 host 0 event 0 other 0; max in-degree 2
2026-09-22 01:36:29.154 INFO  rank 1: graph variant 4 instantiated — 33.3 MiB of device memory (11.5 GiB free)
2026-09-22 01:36:29.155 INFO  bus graph era: variant 5 recorded with 94 collective node(s)
2026-09-22 01:36:29.155 INFO  rank 1: graph variant 5 shape: 1297 nodes, 1612 edges: kernel 1297 empty 0 memcpy 0 memset 0 host 0 event 0 other 0; max in-degree 2
2026-09-22 01:36:29.164 INFO  rank 1: graph variant 5 instantiated — 32.8 MiB of device memory (11.4 GiB free)
2026-09-22 01:36:29.164 INFO  rank 1: serving scalar graph variants 4/5 captured for request slot 2 (2 rows, MTP)
2026-09-22 01:36:29.231 INFO  bus graph era: variant 6 recorded with 94 collective node(s)
2026-09-22 01:36:29.231 INFO  rank 1: graph variant 6 shape: 1297 nodes, 1612 edges: kernel 1297 empty 0 memcpy 0 memset 0 host 0 event 0 other 0; max in-degree 2
2026-09-22 01:36:29.237 INFO  rank 1: graph variant 6 instantiated — 33.7 MiB of device memory (11.4 GiB free)
2026-09-22 01:36:29.239 INFO  bus graph era: variant 7 recorded with 94 collective node(s)
2026-09-22 01:36:29.239 INFO  rank 1: graph variant 7 shape: 1297 nodes, 1612 edges: kernel 1297 empty 0 memcpy 0 memset 0 host 0 event 0 other 0; max in-degree 2
2026-09-22 01:36:29.245 INFO  rank 1: graph variant 7 instantiated — 33.2 MiB of device memory (11.4 GiB free)
2026-09-22 01:36:29.245 INFO  rank 1: serving scalar graph variants 6/7 captured for request slot 3 (2 rows, MTP)
2026-09-22 01:36:29.245 INFO  rank 1: warm capture complete — 4 scalar variants and the row batches for 2 slots, 3 slots, 4 slots recorded before the first request
2026-09-22 01:36:29.245 INFO  memory ledger: rank 1 after the warm capture — rss 3.54 GiB (anon 0.88, shmem 2.01, file 0.65; locked 14.15); device free 11.38 GiB, node available 18.87 GiB
2026-09-22 01:36:29.245 INFO  rank 1: graph variants warm-captured in 0.73s
2026-09-22 01:36:29.245 INFO  rank 1: following rank 0's journal (admission full, window 256)
2026-09-22 01:36:30.622 INFO  sched: request 'chatcmpl-f4861a7f71d3af7c' prefix cache miss — 2 cut(s), the cache is empty
2026-09-22 01:36:30.622 INFO  sched: request 'chatcmpl-f4861a7f71d3af7c' admitted to slot 0 (reserve 1 blocks; pool 2/6144 blocks in use) — first token 785
2026-09-22 01:36:31.710 INFO  sched: request 'chatcmpl-f4861a7f71d3af7c' retired (steps): 64 tok in 1.1 s — prefill 62 tok (0 cached) in 307 ms; decode 63 tok / 34 passes in 0.8 s: 80.7 tok/s, 12.4 ms/tok, 23 ms/pass, 1.85 tok/pass, accept p1 85 %
2026-09-22 01:36:31.996 INFO  sched: request 'chatcmpl-f4861a7f71d3af7d' prefix cache miss — 2 cut(s) probed against 2 entries; the nearest entry (position 124) shares the first 12 of the prompt's 37 tokens (the prompt differs from it from that token on)
2026-09-22 01:36:31.996 INFO  sched: request 'chatcmpl-f4861a7f71d3af7d' admitted to slot 0 (reserve 3 blocks; pool 6/6144 blocks in use) — first token 785
2026-09-22 01:36:36.322 INFO  sched: request 'chatcmpl-f4861a7f71d3af7d' retired (steps): 256 tok in 4.3 s — prefill 37 tok (0 cached) in 265 ms; decode 255 tok / 137 passes in 4.1 s: 62.8 tok/s, 15.9 ms/tok, 30 ms/pass, 1.86 tok/pass, accept p1 87 %
2026-09-22 01:36:36.417 INFO  sched: request 'chatcmpl-f4861a7f71d3af7e' admitted to slot 0 (reserve 3 blocks; pool 9/6144 blocks in use) — first token 785
2026-09-22 01:36:39.410 INFO  stats: rank 1 | 10.0 s | decode 50.1 tok/s, 16.6 ms/tok, 31.2 ms/step (266 steps / 501 tok, 83 % of wall) | mtp 1.88 tok/step/req, accept p1 88 % | prefill 3 prompts / 104 tok, 10 tok/s, 6.15 ms/tok, 213 ms avg (6 % of wall), 32 tok cached (1/3 hits) | live 1, queued 0 | pool 10/6144 blocks (0 %) | prefix cache 4/232 entries
2026-09-22 01:36:40.744 INFO  sched: request 'chatcmpl-f4861a7f71d3af7e' retired (steps): 256 tok in 4.3 s — prefill 37 tok (32 cached) in 68 ms; decode 255 tok / 137 passes in 4.3 s: 59.9 tok/s, 16.7 ms/tok, 31 ms/pass, 1.86 tok/pass, accept p1 87 %
2026-09-22 01:36:40.832 INFO  sched: request 'chatcmpl-f4861a7f71d3af7f' admitted to slot 0 (reserve 3 blocks; pool 9/6144 blocks in use) — first token 785
2026-09-22 01:36:45.163 INFO  sched: request 'chatcmpl-f4861a7f71d3af7f' retired (steps): 256 tok in 4.3 s — prefill 37 tok (32 cached) in 67 ms; decode 255 tok / 137 passes in 4.3 s: 59.8 tok/s, 16.7 ms/tok, 31 ms/pass, 1.86 tok/pass, accept p1 87 %
2026-09-22 01:36:45.442 INFO  sched: request 'chatcmpl-f4861a7f71d3af80' prefix cache miss — 2 cut(s) probed against 4 entries; the nearest entry (position 292) shares the first 18 of the prompt's 36 tokens (the prompt differs from it from that token on)
2026-09-22 01:36:45.442 INFO  sched: request 'chatcmpl-f4861a7f71d3af80' admitted to slot 0 (reserve 3 blocks; pool 10/6144 blocks in use) — first token 785
2026-09-22 01:36:45.732 INFO  sched: request 'chatcmpl-f4861a7f71d3af81' prefix cache miss — 2 cut(s) probed against 5 entries; the nearest entry (position 292) shares the first 18 of the prompt's 36 tokens (the prompt differs from it from that token on)
2026-09-22 01:36:45.732 INFO  sched: request 'chatcmpl-f4861a7f71d3af81' admitted to slot 1 (reserve 3 blocks; pool 15/6144 blocks in use) — first token 785
2026-09-22 01:36:49.416 INFO  stats: rank 1 | 10.0 s | decode 63.3 tok/s, 14.6 ms/tok, 35.0 ms/step (265 steps / 633 tok, 93 % of wall) | mtp 1.81 tok/step/req, accept p1 81 % | prefill 3 prompts / 77 tok, 8 tok/s, 7.63 ms/tok, 196 ms avg (6 % of wall), 32 tok cached (1/3 hits) | live 2, queued 0 | pool 16/6144 blocks (0 %) | prefix cache 6/232 entries
2026-09-22 01:36:51.930 INFO  sched: request 'chatcmpl-f4861a7f71d3af81' retired (steps): 256 tok in 6.2 s — prefill 36 tok (0 cached) in 257 ms; decode 255 tok / 143 passes in 5.9 s: 42.9 tok/s, 23.3 ms/tok, 42 ms/pass, 1.78 tok/pass, accept p1 78 %
2026-09-22 01:36:52.121 INFO  sched: request 'chatcmpl-f4861a7f71d3af80' retired (steps): 256 tok in 6.7 s — prefill 36 tok (0 cached) in 264 ms; decode 255 tok / 150 passes in 6.4 s: 39.8 tok/s, 25.2 ms/tok, 43 ms/pass, 1.70 tok/pass, accept p1 70 %
2026-09-22 01:36:52.212 INFO  sched: request 'chatcmpl-f4861a7f71d3af82' admitted to slot 0 (reserve 3 blocks; pool 17/6144 blocks in use) — first token 785
2026-09-22 01:36:52.307 INFO  sched: request 'chatcmpl-f4861a7f71d3af83' admitted to slot 1 (reserve 3 blocks; pool 21/6144 blocks in use) — first token 785
2026-09-22 01:36:58.513 INFO  sched: request 'chatcmpl-f4861a7f71d3af83' retired (steps): 256 tok in 6.2 s — prefill 36 tok (32 cached) in 61 ms; decode 255 tok / 143 passes in 6.1 s: 41.5 tok/s, 24.1 ms/tok, 43 ms/pass, 1.78 tok/pass, accept p1 78 %
2026-09-22 01:36:58.704 INFO  sched: request 'chatcmpl-f4861a7f71d3af82' retired (steps): 256 tok in 6.5 s — prefill 36 tok (32 cached) in 64 ms; decode 255 tok / 150 passes in 6.4 s: 39.7 tok/s, 25.2 ms/tok, 43 ms/pass, 1.70 tok/pass, accept p1 70 %
2026-09-22 01:36:58.801 INFO  sched: request 'chatcmpl-f4861a7f71d3af84' admitted to slot 0 (reserve 3 blocks; pool 17/6144 blocks in use) — first token 785
2026-09-22 01:36:58.895 INFO  sched: request 'chatcmpl-f4861a7f71d3af85' admitted to slot 1 (reserve 3 blocks; pool 21/6144 blocks in use) — first token 785
2026-09-22 01:36:59.421 INFO  stats: rank 1 | 10.0 s | decode 77.2 tok/s, 12.4 ms/tok, 42.2 ms/step (227 steps / 772 tok, 96 % of wall) | mtp 1.75 tok/step/req, accept p1 75 % | prefill 4 prompts / 16 tok, 2 tok/s, 15.64 ms/tok, 63 ms avg (3 % of wall), 128 tok cached (4/4 hits) | live 2, queued 0 | pool 22/6144 blocks (0 %) | prefix cache 8/232 entries
2026-09-22 01:37:05.101 INFO  sched: request 'chatcmpl-f4861a7f71d3af85' retired (steps): 256 tok in 6.2 s — prefill 36 tok (32 cached) in 60 ms; decode 255 tok / 143 passes in 6.1 s: 41.5 tok/s, 24.1 ms/tok, 43 ms/pass, 1.78 tok/pass, accept p1 78 %
2026-09-22 01:37:05.293 INFO  sched: request 'chatcmpl-f4861a7f71d3af84' retired (steps): 256 tok in 6.5 s — prefill 36 tok (32 cached) in 65 ms; decode 255 tok / 150 passes in 6.4 s: 39.7 tok/s, 25.2 ms/tok, 43 ms/pass, 1.70 tok/pass, accept p1 70 %
2026-09-22 01:37:05.584 INFO  sched: request 'chatcmpl-f4861a7f71d3af86' prefix cache miss — 2 cut(s) probed against 8 entries; the nearest entry (position 292) shares the first 18 of the prompt's 35 tokens (the prompt differs from it from that token on)
2026-09-22 01:37:05.584 INFO  sched: request 'chatcmpl-f4861a7f71d3af86' admitted to slot 0 (reserve 3 blocks; pool 18/6144 blocks in use) — first token 785
2026-09-22 01:37:05.866 INFO  sched: request 'chatcmpl-f4861a7f71d3af87' prefix cache miss — 2 cut(s) probed against 9 entries; the nearest entry (position 292) shares the first 10 of the prompt's 32 tokens (the prompt differs from it from that token on)
2026-09-22 01:37:05.866 INFO  sched: request 'chatcmpl-f4861a7f71d3af87' admitted to slot 1 (reserve 3 blocks; pool 23/6144 blocks in use) — first token 785
2026-09-22 01:37:06.156 INFO  sched: request 'chatcmpl-f4861a7f71d3af88' prefix cache miss — 2 cut(s) probed against 10 entries; the nearest entry (position 28) shares the first 12 of the prompt's 31 tokens (the prompt differs from it from that token on)
2026-09-22 01:37:06.156 INFO  sched: request 'chatcmpl-f4861a7f71d3af88' admitted to slot 2 (reserve 3 blocks; pool 28/6144 blocks in use) — first token 785
2026-09-22 01:37:06.465 INFO  sched: request 'chatcmpl-f4861a7f71d3af89' prefix cache miss — 2 cut(s) probed against 11 entries; the nearest entry (position 28) shares the first 12 of the prompt's 32 tokens (the prompt differs from it from that token on)
2026-09-22 01:37:06.465 INFO  sched: request 'chatcmpl-f4861a7f71d3af89' admitted to slot 3 (reserve 3 blocks; pool 33/6144 blocks in use) — first token 785
2026-09-22 01:37:09.428 INFO  stats: rank 1 | 10.0 s | decode 81.0 tok/s, 10.9 ms/tok, 47.7 ms/step (186 steps / 811 tok, 89 % of wall) | mtp 1.77 tok/step/req, accept p1 76 % | prefill 4 prompts / 130 tok, 13 tok/s, 7.75 ms/tok, 252 ms avg (10 % of wall), 0 tok cached (0/4 hits) | live 4, queued 0 | pool 34/6144 blocks (1 %) | prefix cache 12/232 entries
2026-09-22 01:37:15.702 INFO  sched: request 'chatcmpl-f4861a7f71d3af88' retired (steps): 256 tok in 9.5 s — prefill 31 tok (0 cached) in 247 ms; decode 255 tok / 143 passes in 9.3 s: 27.4 tok/s, 36.5 ms/tok, 65 ms/pass, 1.78 tok/pass, accept p1 78 %
2026-09-22 01:37:15.703 INFO  sched: request 'chatcmpl-f4861a7f71d3af86' retired (steps): 256 tok in 10.1 s — prefill 35 tok (0 cached) in 260 ms; decode 255 tok / 145 passes in 9.9 s: 25.9 tok/s, 38.7 ms/tok, 68 ms/pass, 1.76 tok/pass, accept p1 76 %
2026-09-22 01:37:15.769 INFO  sched: request 'chatcmpl-f4861a7f71d3af89' retired (steps): 256 tok in 9.3 s — prefill 32 tok (0 cached) in 252 ms; decode 255 tok / 143 passes in 9.1 s: 28.2 tok/s, 35.5 ms/tok, 63 ms/pass, 1.78 tok/pass, accept p1 78 %
2026-09-22 01:37:15.866 INFO  sched: request 'chatcmpl-f4861a7f71d3af87' retired (steps): 256 tok in 10.0 s — prefill 32 tok (0 cached) in 249 ms; decode 255 tok / 148 passes in 9.8 s: 26.2 tok/s, 38.2 ms/tok, 66 ms/pass, 1.72 tok/pass, accept p1 73 %
2026-09-22 01:37:15.946 INFO  sched: request 'chatcmpl-f4861a7f71d3af8a' admitted to slot 0 (reserve 3 blocks; pool 33/6144 blocks in use) — first token 785
2026-09-22 01:37:16.033 INFO  sched: request 'chatcmpl-f4861a7f71d3af8b' admitted to slot 1 (reserve 3 blocks; pool 37/6144 blocks in use) — first token 785
2026-09-22 01:37:16.140 INFO  sched: request 'chatcmpl-f4861a7f71d3af8c' admitted to slot 2 (reserve 3 blocks; pool 41/6144 blocks in use) — first token 785
2026-09-22 01:37:16.254 INFO  sched: request 'chatcmpl-f4861a7f71d3af8d' admitted to slot 3 (reserve 3 blocks; pool 45/6144 blocks in use) — first token 785
2026-09-22 01:37:19.469 INFO  stats: rank 1 | 10.0 s | decode 105.1 tok/s, 9.2 ms/tok, 63.2 ms/step (153 steps / 1055 tok, 96 % of wall) | mtp 1.77 tok/step/req, accept p1 77 % | prefill 4 prompts / 14 tok, 1 tok/s, 17.10 ms/tok, 60 ms avg (2 % of wall), 116 tok cached (4/4 hits) | live 4, queued 0 | pool 45/6144 blocks (1 %) | prefix cache 16/232 entries
2026-09-22 01:37:25.490 INFO  sched: request 'chatcmpl-f4861a7f71d3af8b' retired (steps): 256 tok in 9.5 s — prefill 31 tok (28 cached) in 55 ms; decode 255 tok / 144 passes in 9.4 s: 27.1 tok/s, 36.9 ms/tok, 65 ms/pass, 1.77 tok/pass, accept p1 78 %
2026-09-22 01:37:25.490 INFO  sched: request 'chatcmpl-f4861a7f71d3af8c' retired (steps): 256 tok in 9.4 s — prefill 32 tok (28 cached) in 63 ms; decode 255 tok / 143 passes in 9.3 s: 27.5 tok/s, 36.4 ms/tok, 65 ms/pass, 1.78 tok/pass, accept p1 78 %
2026-09-22 01:37:25.554 INFO  sched: request 'chatcmpl-f4861a7f71d3af8d' retired (steps): 256 tok in 9.3 s — prefill 35 tok (32 cached) in 58 ms; decode 255 tok / 143 passes in 9.2 s: 27.6 tok/s, 36.2 ms/tok, 65 ms/pass, 1.78 tok/pass, accept p1 79 %
2026-09-22 01:37:25.586 INFO  sched: request 'chatcmpl-f4861a7f71d3af8a' retired (steps): 256 tok in 9.6 s — prefill 32 tok (28 cached) in 64 ms; decode 255 tok / 147 passes in 9.6 s: 26.6 tok/s, 37.6 ms/tok, 65 ms/pass, 1.73 tok/pass, accept p1 73 %
2026-09-22 01:37:25.683 INFO  sched: request 'chatcmpl-f4861a7f71d3af8e' admitted to slot 0 (reserve 3 blocks; pool 42/6144 blocks in use) — first token 785
2026-09-22 01:37:25.775 INFO  sched: request 'chatcmpl-f4861a7f71d3af8f' admitted to slot 1 (reserve 3 blocks; pool 46/6144 blocks in use) — first token 785
2026-09-22 01:37:25.876 INFO  sched: request 'chatcmpl-f4861a7f71d3af90' admitted to slot 2 (reserve 3 blocks; pool 50/6144 blocks in use) — first token 785
2026-09-22 01:37:25.989 INFO  sched: request 'chatcmpl-f4861a7f71d3af91' admitted to slot 3 (reserve 3 blocks; pool 54/6144 blocks in use) — first token 785
2026-09-22 01:37:29.529 INFO  stats: rank 1 | 10.1 s | decode 104.2 tok/s, 9.2 ms/tok, 64.2 ms/step (151 steps / 1048 tok, 96 % of wall) | mtp 1.77 tok/step/req, accept p1 76 % | prefill 4 prompts / 14 tok, 1 tok/s, 16.91 ms/tok, 59 ms avg (2 % of wall), 116 tok cached (4/4 hits) | live 4, queued 0 | pool 55/6144 blocks (1 %) | prefix cache 19/232 entries
2026-09-22 01:37:35.157 INFO  sched: request 'chatcmpl-f4861a7f71d3af8e' retired (steps): 256 tok in 9.5 s — prefill 32 tok (28 cached) in 64 ms; decode 255 tok / 142 passes in 9.4 s: 27.1 tok/s, 36.9 ms/tok, 66 ms/pass, 1.80 tok/pass, accept p1 80 %
2026-09-22 01:37:35.351 INFO  sched: request 'chatcmpl-f4861a7f71d3af90' retired (steps): 256 tok in 9.5 s — prefill 31 tok (28 cached) in 57 ms; decode 255 tok / 143 passes in 9.4 s: 27.1 tok/s, 36.9 ms/tok, 66 ms/pass, 1.78 tok/pass, accept p1 78 %
2026-09-22 01:37:35.414 INFO  sched: request 'chatcmpl-f4861a7f71d3af91' retired (steps): 256 tok in 9.4 s — prefill 35 tok (32 cached) in 57 ms; decode 255 tok / 143 passes in 9.4 s: 27.2 tok/s, 36.7 ms/tok, 66 ms/pass, 1.78 tok/pass, accept p1 79 %
2026-09-22 01:37:35.511 INFO  sched: request 'chatcmpl-f4861a7f71d3af8f' retired (steps): 256 tok in 9.7 s — prefill 32 tok (28 cached) in 59 ms; decode 255 tok / 148 passes in 9.7 s: 26.4 tok/s, 37.9 ms/tok, 65 ms/pass, 1.72 tok/pass, accept p1 73 %
2026-09-22 01:37:35.829 INFO  sched: request 'chatcmpl-f4861a7f71d3af92' prefix cache miss — 2 cut(s) probed against 20 entries; the nearest entry (position 292) shares the first 12 of the prompt's 51 tokens (the prompt differs from it from that token on)
2026-09-22 01:37:35.829 INFO  sched: request 'chatcmpl-f4861a7f71d3af92' admitted to slot 0 (reserve 3 blocks; pool 46/6144 blocks in use) — first token 785
2026-09-22 01:37:39.546 INFO  stats: rank 1 | 10.0 s | decode 84.6 tok/s, 11.3 ms/tok, 46.6 ms/step (206 steps / 847 tok, 96 % of wall) | mtp 1.81 tok/step/req, accept p1 81 % | prefill 1 prompt / 51 tok, 5 tok/s, 5.69 ms/tok, 290 ms avg (3 % of wall), 0 tok cached (0/1 hit) | live 1, queued 0 | pool 47/6144 blocks (1 %) | prefix cache 21/232 entries
2026-09-22 01:37:40.055 INFO  sched: request 'chatcmpl-f4861a7f71d3af92' retired (steps): 256 tok in 4.2 s — prefill 51 tok (0 cached) in 290 ms; decode 255 tok / 129 passes in 3.9 s: 64.8 tok/s, 15.4 ms/tok, 31 ms/pass, 1.98 tok/pass, accept p1 98 %
2026-09-22 01:37:40.133 INFO  sched: request 'chatcmpl-f4861a7f71d3af93' admitted to slot 0 (reserve 3 blocks; pool 49/6144 blocks in use) — first token 785
2026-09-22 01:37:44.403 INFO  sched: request 'chatcmpl-f4861a7f71d3af93' retired (steps): 256 tok in 4.3 s — prefill 51 tok (48 cached) in 57 ms; decode 255 tok / 129 passes in 4.2 s: 60.5 tok/s, 16.5 ms/tok, 33 ms/pass, 1.98 tok/pass, accept p1 98 %
2026-09-22 01:37:44.476 INFO  sched: request 'chatcmpl-f4861a7f71d3af94' admitted to slot 0 (reserve 3 blocks; pool 49/6144 blocks in use) — first token 785
2026-09-22 01:37:48.708 INFO  sched: request 'chatcmpl-f4861a7f71d3af94' retired (steps): 256 tok in 4.2 s — prefill 51 tok (48 cached) in 57 ms; decode 255 tok / 129 passes in 4.2 s: 61.1 tok/s, 16.4 ms/tok, 32 ms/pass, 1.98 tok/pass, accept p1 98 %
2026-09-22 01:37:49.021 INFO  sched: request 'chatcmpl-f4861a7f71d3af95' prefix cache miss — 2 cut(s) probed against 22 entries; the nearest entry (position 304) shares the first 14 of the prompt's 47 tokens (the prompt differs from it from that token on)
2026-09-22 01:37:49.021 INFO  sched: request 'chatcmpl-f4861a7f71d3af95' admitted to slot 0 (reserve 3 blocks; pool 50/6144 blocks in use) — first token 785
2026-09-22 01:37:49.338 INFO  sched: request 'chatcmpl-f4861a7f71d3af96' prefix cache miss — 2 cut(s) probed against 23 entries; the nearest entry (position 304) shares the first 15 of the prompt's 51 tokens (the prompt differs from it from that token on)
2026-09-22 01:37:49.338 INFO  sched: request 'chatcmpl-f4861a7f71d3af96' admitted to slot 1 (reserve 3 blocks; pool 55/6144 blocks in use) — first token 785
2026-09-22 01:37:49.557 INFO  stats: rank 1 | 10.0 s | decode 56.4 tok/s, 16.2 ms/tok, 32.8 ms/step (279 steps / 565 tok, 91 % of wall) | mtp 1.99 tok/step/req, accept p1 99 % | prefill 4 prompts / 104 tok, 10 tok/s, 6.51 ms/tok, 169 ms avg (7 % of wall), 96 tok cached (2/4 hits) | live 2, queued 0 | pool 56/6144 blocks (1 %) | prefix cache 24/232 entries
2026-09-22 01:37:55.429 INFO  sched: request 'chatcmpl-f4861a7f71d3af95' retired (steps): 256 tok in 6.4 s — prefill 47 tok (0 cached) in 280 ms; decode 255 tok / 135 passes in 6.1 s: 41.6 tok/s, 24.0 ms/tok, 45 ms/pass, 1.89 tok/pass, accept p1 89 %
2026-09-22 01:37:55.495 INFO  sched: request 'chatcmpl-f4861a7f71d3af96' retired (steps): 256 tok in 6.2 s — prefill 51 tok (0 cached) in 283 ms; decode 255 tok / 136 passes in 5.9 s: 43.4 tok/s, 23.0 ms/tok, 43 ms/pass, 1.88 tok/pass, accept p1 88 %
2026-09-22 01:37:55.580 INFO  sched: request 'chatcmpl-f4861a7f71d3af97' admitted to slot 0 (reserve 3 blocks; pool 57/6144 blocks in use) — first token 785
2026-09-22 01:37:55.670 INFO  sched: request 'chatcmpl-f4861a7f71d3af98' admitted to slot 1 (reserve 3 blocks; pool 61/6144 blocks in use) — first token 785
2026-09-22 01:37:59.597 INFO  stats: rank 1 | 10.0 s | decode 81.5 tok/s, 12.0 ms/tok, 45.0 ms/step (218 steps / 818 tok, 98 % of wall) | mtp 1.89 tok/step/req, accept p1 88 % | prefill 2 prompts / 6 tok, 1 tok/s, 18.91 ms/tok, 57 ms avg (1 % of wall), 92 tok cached (2/2 hits) | live 2, queued 0 | pool 62/6144 blocks (1 %) | prefix cache 26/232 entries
2026-09-22 01:38:01.801 INFO  sched: request 'chatcmpl-f4861a7f71d3af98' retired (steps): 256 tok in 6.1 s — prefill 47 tok (44 cached) in 56 ms; decode 255 tok / 135 passes in 6.1 s: 42.0 tok/s, 23.8 ms/tok, 45 ms/pass, 1.89 tok/pass, accept p1 89 %
2026-09-22 01:38:01.801 INFO  sched: request 'chatcmpl-f4861a7f71d3af97' retired (steps): 256 tok in 6.2 s — prefill 51 tok (48 cached) in 57 ms; decode 255 tok / 136 passes in 6.2 s: 41.4 tok/s, 24.2 ms/tok, 45 ms/pass, 1.88 tok/pass, accept p1 88 %
2026-09-22 01:38:01.863 INFO  sched: request 'chatcmpl-f4861a7f71d3af99' admitted to slot 0 (reserve 3 blocks; pool 57/6144 blocks in use) — first token 785
2026-09-22 01:38:01.949 INFO  sched: request 'chatcmpl-f4861a7f71d3af9a' admitted to slot 1 (reserve 3 blocks; pool 61/6144 blocks in use) — first token 785
2026-09-22 01:38:07.980 INFO  sched: request 'chatcmpl-f4861a7f71d3af9a' retired (steps): 256 tok in 6.0 s — prefill 47 tok (44 cached) in 52 ms; decode 255 tok / 135 passes in 6.0 s: 42.7 tok/s, 23.4 ms/tok, 44 ms/pass, 1.89 tok/pass, accept p1 89 %
2026-09-22 01:38:07.980 INFO  sched: request 'chatcmpl-f4861a7f71d3af99' retired (steps): 256 tok in 6.1 s — prefill 51 tok (48 cached) in 57 ms; decode 255 tok / 136 passes in 6.1 s: 42.1 tok/s, 23.8 ms/tok, 45 ms/pass, 1.88 tok/pass, accept p1 88 %
2026-09-22 01:38:08.261 INFO  sched: request 'chatcmpl-f4861a7f71d3af9b' prefix cache miss — 2 cut(s) probed against 26 entries; the nearest entry (position 304) shares the first 10 of the prompt's 33 tokens (the prompt differs from it from that token on)
2026-09-22 01:38:08.261 INFO  sched: request 'chatcmpl-f4861a7f71d3af9b' admitted to slot 0 (reserve 3 blocks; pool 58/6144 blocks in use) — first token 785
2026-09-22 01:38:08.548 INFO  sched: request 'chatcmpl-f4861a7f71d3af9c' prefix cache miss — 2 cut(s) probed against 27 entries; the nearest entry (position 28) shares the first 12 of the prompt's 33 tokens (the prompt differs from it from that token on)
2026-09-22 01:38:08.548 INFO  sched: request 'chatcmpl-f4861a7f71d3af9c' admitted to slot 1 (reserve 3 blocks; pool 62/6144 blocks in use) — first token 785
2026-09-22 01:38:08.876 INFO  sched: request 'chatcmpl-f4861a7f71d3af9d' prefix cache miss — 2 cut(s) probed against 28 entries; the nearest entry (position 300) shares the first 15 of the prompt's 45 tokens (the prompt differs from it from that token on)
2026-09-22 01:38:08.877 INFO  sched: request 'chatcmpl-f4861a7f71d3af9d' admitted to slot 2 (reserve 3 blocks; pool 67/6144 blocks in use) — first token 785
2026-09-22 01:38:09.185 INFO  sched: request 'chatcmpl-f4861a7f71d3af9e' prefix cache miss — 2 cut(s) probed against 29 entries; the nearest entry (position 28) shares the first 12 of the prompt's 34 tokens (the prompt differs from it from that token on)
2026-09-22 01:38:09.185 INFO  sched: request 'chatcmpl-f4861a7f71d3af9e' admitted to slot 3 (reserve 3 blocks; pool 72/6144 blocks in use) — first token 785
2026-09-22 01:38:09.639 INFO  stats: rank 1 | 10.0 s | decode 76.0 tok/s, 11.4 ms/tok, 44.8 ms/step (195 steps / 763 tok, 87 % of wall) | mtp 1.89 tok/step/req, accept p1 88 % | prefill 6 prompts / 151 tok, 15 tok/s, 7.67 ms/tok, 193 ms avg (12 % of wall), 92 tok cached (2/6 hits) | live 4, queued 0 | pool 74/6144 blocks (1 %) | prefix cache 30/232 entries
2026-09-22 01:38:18.196 INFO  sched: request 'chatcmpl-f4861a7f71d3af9d' retired (steps): 256 tok in 9.3 s — prefill 45 tok (0 cached) in 285 ms; decode 255 tok / 136 passes in 9.0 s: 28.2 tok/s, 35.4 ms/tok, 66 ms/pass, 1.88 tok/pass, accept p1 88 %
2026-09-22 01:38:18.265 INFO  sched: request 'chatcmpl-f4861a7f71d3af9b' retired (steps): 256 tok in 10.0 s — prefill 33 tok (0 cached) in 260 ms; decode 255 tok / 139 passes in 9.7 s: 26.2 tok/s, 38.2 ms/tok, 70 ms/pass, 1.83 tok/pass, accept p1 83 %
2026-09-22 01:38:18.330 INFO  sched: request 'chatcmpl-f4861a7f71d3af9c' retired (steps): 256 tok in 9.8 s — prefill 33 tok (0 cached) in 254 ms; decode 255 tok / 139 passes in 9.5 s: 26.8 tok/s, 37.4 ms/tok, 69 ms/pass, 1.83 tok/pass, accept p1 83 %
2026-09-22 01:38:18.398 INFO  sched: request 'chatcmpl-f4861a7f71d3af9e' retired (steps): 256 tok in 9.2 s — prefill 34 tok (0 cached) in 251 ms; decode 255 tok / 139 passes in 9.0 s: 28.5 tok/s, 35.1 ms/tok, 64 ms/pass, 1.83 tok/pass, accept p1 84 %
2026-09-22 01:38:18.489 INFO  sched: request 'chatcmpl-f4861a7f71d3af9f' admitted to slot 0 (reserve 3 blocks; pool 73/6144 blocks in use) — first token 785
2026-09-22 01:38:18.571 INFO  sched: request 'chatcmpl-f4861a7f71d3afa0' admitted to slot 1 (reserve 3 blocks; pool 76/6144 blocks in use) — first token 785
2026-09-22 01:38:18.682 INFO  sched: request 'chatcmpl-f4861a7f71d3afa1' admitted to slot 2 (reserve 3 blocks; pool 80/6144 blocks in use) — first token 785
2026-09-22 01:38:18.805 INFO  sched: request 'chatcmpl-f4861a7f71d3afa2' admitted to slot 3 (reserve 3 blocks; pool 84/6144 blocks in use) — first token 785
2026-09-22 01:38:19.686 INFO  stats: rank 1 | 10.0 s | decode 107.3 tok/s, 9.0 ms/tok, 64.9 ms/step (149 steps / 1078 tok, 96 % of wall) | mtp 1.86 tok/step/req, accept p1 85 % | prefill 4 prompts / 17 tok, 2 tok/s, 14.87 ms/tok, 63 ms avg (3 % of wall), 128 tok cached (4/4 hits) | live 4, queued 0 | pool 86/6144 blocks (1 %) | prefix cache 34/232 entries
2026-09-22 01:38:27.586 INFO  sched: request 'chatcmpl-f4861a7f71d3af9f' retired (steps): 256 tok in 9.1 s — prefill 45 tok (40 cached) in 69 ms; decode 255 tok / 135 passes in 9.0 s: 28.2 tok/s, 35.4 ms/tok, 67 ms/pass, 1.89 tok/pass, accept p1 90 %
2026-09-22 01:38:27.784 INFO  sched: request 'chatcmpl-f4861a7f71d3afa2' retired (steps): 256 tok in 9.0 s — prefill 33 tok (28 cached) in 67 ms; decode 255 tok / 135 passes in 8.9 s: 28.6 tok/s, 34.9 ms/tok, 66 ms/pass, 1.89 tok/pass, accept p1 89 %
2026-09-22 01:38:27.946 INFO  sched: request 'chatcmpl-f4861a7f71d3afa0' retired (steps): 256 tok in 9.4 s — prefill 34 tok (32 cached) in 49 ms; decode 255 tok / 140 passes in 9.3 s: 27.3 tok/s, 36.6 ms/tok, 67 ms/pass, 1.82 tok/pass, accept p1 83 %
2026-09-22 01:38:27.946 INFO  sched: request 'chatcmpl-f4861a7f71d3afa1' retired (steps): 256 tok in 9.3 s — prefill 33 tok (28 cached) in 68 ms; decode 255 tok / 139 passes in 9.2 s: 27.7 tok/s, 36.1 ms/tok, 66 ms/pass, 1.83 tok/pass, accept p1 84 %
2026-09-22 01:38:28.025 INFO  sched: request 'chatcmpl-f4861a7f71d3afa3' admitted to slot 0 (reserve 3 blocks; pool 85/6144 blocks in use) — first token 785
2026-09-22 01:38:28.107 INFO  sched: request 'chatcmpl-f4861a7f71d3afa4' admitted to slot 1 (reserve 3 blocks; pool 88/6144 blocks in use) — first token 785
2026-09-22 01:38:28.219 INFO  sched: request 'chatcmpl-f4861a7f71d3afa5' admitted to slot 2 (reserve 3 blocks; pool 92/6144 blocks in use) — first token 785
2026-09-22 01:38:28.346 INFO  sched: request 'chatcmpl-f4861a7f71d3afa6' admitted to slot 3 (reserve 3 blocks; pool 96/6144 blocks in use) — first token 785
2026-09-22 01:38:29.710 INFO  stats: rank 1 | 10.0 s | decode 108.0 tok/s, 8.9 ms/tok, 65.2 ms/step (148 steps / 1083 tok, 96 % of wall) | mtp 1.88 tok/step/req, accept p1 88 % | prefill 4 prompts / 17 tok, 2 tok/s, 14.95 ms/tok, 64 ms avg (3 % of wall), 128 tok cached (4/4 hits) | live 4, queued 0 | pool 98/6144 blocks (2 %) | prefix cache 38/232 entries
2026-09-22 01:38:37.287 INFO  sched: request 'chatcmpl-f4861a7f71d3afa5' retired (steps): 256 tok in 9.1 s — prefill 33 tok (28 cached) in 67 ms; decode 255 tok / 135 passes in 9.0 s: 28.3 tok/s, 35.3 ms/tok, 67 ms/pass, 1.89 tok/pass, accept p1 89 %
2026-09-22 01:38:37.355 INFO  sched: request 'chatcmpl-f4861a7f71d3afa3' retired (steps): 256 tok in 9.3 s — prefill 33 tok (28 cached) in 68 ms; decode 255 tok / 138 passes in 9.3 s: 27.5 tok/s, 36.3 ms/tok, 67 ms/pass, 1.85 tok/pass, accept p1 85 %
2026-09-22 01:38:37.420 INFO  sched: request 'chatcmpl-f4861a7f71d3afa6' retired (steps): 256 tok in 9.1 s — prefill 45 tok (40 cached) in 69 ms; decode 255 tok / 136 passes in 9.0 s: 28.3 tok/s, 35.3 ms/tok, 66 ms/pass, 1.88 tok/pass, accept p1 88 %
2026-09-22 01:38:37.489 INFO  sched: request 'chatcmpl-f4861a7f71d3afa4' retired (steps): 256 tok in 9.4 s — prefill 34 tok (32 cached) in 49 ms; decode 255 tok / 140 passes in 9.3 s: 27.3 tok/s, 36.6 ms/tok, 67 ms/pass, 1.82 tok/pass, accept p1 83 %
2026-09-22 01:38:37.794 INFO  sched: request 'chatcmpl-f4861a7f71d3afa7' prefix cache miss — 2 cut(s) probed against 39 entries; the nearest entry (position 304) shares the first 10 of the prompt's 46 tokens (the prompt differs from it from that token on)
2026-09-22 01:38:37.794 INFO  sched: request 'chatcmpl-f4861a7f71d3afa7' admitted to slot 0 (reserve 3 blocks; pool 89/6144 blocks in use) — first token 785
2026-09-22 01:38:39.741 INFO  stats: rank 1 | 10.0 s | decode 95.9 tok/s, 10.0 ms/tok, 54.0 ms/step (178 steps / 962 tok, 96 % of wall) | mtp 1.85 tok/step/req, accept p1 85 % | prefill 1 prompt / 46 tok, 5 tok/s, 6.04 ms/tok, 278 ms avg (3 % of wall), 0 tok cached (0/1 hit) | live 1, queued 0 | pool 90/6144 blocks (1 %) | prefix cache 40/232 entries
2026-09-22 01:38:41.934 INFO  sched: request 'chatcmpl-f4861a7f71d3afa7' retired (steps): 256 tok in 4.1 s — prefill 46 tok (0 cached) in 278 ms; decode 255 tok / 130 passes in 3.9 s: 66.0 tok/s, 15.1 ms/tok, 30 ms/pass, 1.96 tok/pass, accept p1 96 %
2026-09-22 01:38:41.990 INFO  sched: request 'chatcmpl-f4861a7f71d3afa8' admitted to slot 0 (reserve 3 blocks; pool 92/6144 blocks in use) — first token 785
2026-09-22 01:38:46.127 INFO  sched: request 'chatcmpl-f4861a7f71d3afa8' retired (steps): 256 tok in 4.1 s — prefill 46 tok (44 cached) in 51 ms; decode 255 tok / 130 passes in 4.1 s: 62.4 tok/s, 16.0 ms/tok, 31 ms/pass, 1.96 tok/pass, accept p1 96 %
2026-09-22 01:38:46.207 INFO  sched: request 'chatcmpl-f4861a7f71d3afa9' admitted to slot 0 (reserve 3 blocks; pool 92/6144 blocks in use) — first token 785
2026-09-22 01:38:49.771 INFO  stats: rank 1 | 10.0 s | decode 61.0 tok/s, 15.9 ms/tok, 31.3 ms/step (311 steps / 612 tok, 97 % of wall) | mtp 1.97 tok/step/req, accept p1 96 % | prefill 2 prompts / 4 tok, 0 tok/s, 25.86 ms/tok, 52 ms avg (1 % of wall), 88 tok cached (2/2 hits) | live 1, queued 0 | pool 93/6144 blocks (2 %) | prefix cache 41/232 entries
2026-09-22 01:38:50.344 INFO  sched: request 'chatcmpl-f4861a7f71d3afa9' retired (steps): 256 tok in 4.1 s — prefill 46 tok (44 cached) in 53 ms; decode 255 tok / 130 passes in 4.1 s: 62.4 tok/s, 16.0 ms/tok, 31 ms/pass, 1.96 tok/pass, accept p1 96 %
2026-09-22 01:38:50.660 INFO  sched: request 'chatcmpl-f4861a7f71d3afaa' prefix cache miss — 2 cut(s) probed against 41 entries; the nearest entry (position 300) shares the first 23 of the prompt's 46 tokens (the prompt differs from it from that token on)
2026-09-22 01:38:50.660 INFO  sched: request 'chatcmpl-f4861a7f71d3afaa' admitted to slot 0 (reserve 3 blocks; pool 93/6144 blocks in use) — first token 785
2026-09-22 01:38:50.971 INFO  sched: request 'chatcmpl-f4861a7f71d3afab' prefix cache miss — 2 cut(s) probed against 42 entries; the nearest entry (position 300) shares the first 23 of the prompt's 47 tokens (the prompt differs from it from that token on)
2026-09-22 01:38:50.971 INFO  sched: request 'chatcmpl-f4861a7f71d3afab' admitted to slot 1 (reserve 3 blocks; pool 97/6144 blocks in use) — first token 785
2026-09-22 01:38:56.786 INFO  sched: request 'chatcmpl-f4861a7f71d3afaa' retired (steps): 256 tok in 6.1 s — prefill 46 tok (0 cached) in 279 ms; decode 255 tok / 131 passes in 5.8 s: 43.6 tok/s, 22.9 ms/tok, 45 ms/pass, 1.95 tok/pass, accept p1 95 %
2026-09-22 01:38:57.337 INFO  sched: request 'chatcmpl-f4861a7f71d3afab' retired (steps): 256 tok in 6.4 s — prefill 47 tok (0 cached) in 278 ms; decode 255 tok / 147 passes in 6.1 s: 41.9 tok/s, 23.9 ms/tok, 41 ms/pass, 1.73 tok/pass, accept p1 74 %
2026-09-22 01:38:57.400 INFO  sched: request 'chatcmpl-f4861a7f71d3afac' admitted to slot 0 (reserve 3 blocks; pool 100/6144 blocks in use) — first token 785
2026-09-22 01:38:57.487 INFO  sched: request 'chatcmpl-f4861a7f71d3afad' admitted to slot 1 (reserve 3 blocks; pool 103/6144 blocks in use) — first token 785
2026-09-22 01:38:59.781 INFO  stats: rank 1 | 10.0 s | decode 73.6 tok/s, 12.5 ms/tok, 41.9 ms/step (219 steps / 737 tok, 92 % of wall) | mtp 1.84 tok/step/req, accept p1 83 % | prefill 4 prompts / 98 tok, 10 tok/s, 6.77 ms/tok, 166 ms avg (7 % of wall), 88 tok cached (2/4 hits) | live 2, queued 0 | pool 105/6144 blocks (2 %) | prefix cache 45/232 entries
2026-09-22 01:39:03.308 INFO  sched: request 'chatcmpl-f4861a7f71d3afac' retired (steps): 256 tok in 5.9 s — prefill 46 tok (44 cached) in 53 ms; decode 255 tok / 131 passes in 5.9 s: 43.5 tok/s, 23.0 ms/tok, 45 ms/pass, 1.95 tok/pass, accept p1 95 %
2026-09-22 01:39:03.859 INFO  sched: request 'chatcmpl-f4861a7f71d3afad' retired (steps): 256 tok in 6.4 s — prefill 47 tok (44 cached) in 54 ms; decode 255 tok / 147 passes in 6.3 s: 40.4 tok/s, 24.8 ms/tok, 43 ms/pass, 1.73 tok/pass, accept p1 74 %
2026-09-22 01:39:03.939 INFO  sched: request 'chatcmpl-f4861a7f71d3afae' admitted to slot 0 (reserve 3 blocks; pool 100/6144 blocks in use) — first token 785
2026-09-22 01:39:04.023 INFO  sched: request 'chatcmpl-f4861a7f71d3afaf' admitted to slot 1 (reserve 3 blocks; pool 104/6144 blocks in use) — first token 785
2026-09-22 01:39:09.807 INFO  stats: rank 1 | 10.0 s | decode 79.9 tok/s, 12.2 ms/tok, 43.5 ms/step (225 steps / 801 tok, 98 % of wall) | mtp 1.85 tok/step/req, accept p1 85 % | prefill 2 prompts / 5 tok, 0 tok/s, 21.61 ms/tok, 54 ms avg (1 % of wall), 88 tok cached (2/2 hits) | live 2, queued 0 | pool 105/6144 blocks (2 %) | prefix cache 45/232 entries
2026-09-22 01:39:09.900 INFO  sched: request 'chatcmpl-f4861a7f71d3afaf' retired (steps): 256 tok in 5.9 s — prefill 46 tok (44 cached) in 50 ms; decode 255 tok / 131 passes in 5.8 s: 43.8 tok/s, 22.9 ms/tok, 44 ms/pass, 1.95 tok/pass, accept p1 95 %
2026-09-22 01:39:10.385 INFO  sched: request 'chatcmpl-f4861a7f71d3afae' retired (steps): 256 tok in 6.4 s — prefill 47 tok (44 cached) in 58 ms; decode 255 tok / 147 passes in 6.4 s: 39.9 tok/s, 25.1 ms/tok, 43 ms/pass, 1.73 tok/pass, accept p1 74 %
2026-09-22 01:39:10.716 INFO  sched: request 'chatcmpl-f4861a7f71d3afb0' prefix cache miss — 2 cut(s) probed against 45 entries; the nearest entry (position 300) shares the first 23 of the prompt's 45 tokens (the prompt differs from it from that token on)
2026-09-22 01:39:10.716 INFO  sched: request 'chatcmpl-f4861a7f71d3afb0' admitted to slot 0 (reserve 3 blocks; pool 101/6144 blocks in use) — first token 785
2026-09-22 01:39:11.009 INFO  sched: request 'chatcmpl-f4861a7f71d3afb1' prefix cache miss — 2 cut(s) probed against 46 entries; the nearest entry (position 304) shares the first 10 of the prompt's 36 tokens (the prompt differs from it from that token on)
2026-09-22 01:39:11.009 INFO  sched: request 'chatcmpl-f4861a7f71d3afb1' admitted to slot 1 (reserve 3 blocks; pool 105/6144 blocks in use) — first token 785
2026-09-22 01:39:11.306 INFO  sched: request 'chatcmpl-f4861a7f71d3afb2' prefix cache miss — 2 cut(s) probed against 47 entries; the nearest entry (position 32) shares the first 14 of the prompt's 34 tokens (the prompt differs from it from that token on)
2026-09-22 01:39:11.306 INFO  sched: request 'chatcmpl-f4861a7f71d3afb2' admitted to slot 2 (reserve 3 blocks; pool 111/6144 blocks in use) — first token 785
2026-09-22 01:39:11.619 INFO  sched: request 'chatcmpl-f4861a7f71d3afb3' prefix cache miss — 2 cut(s) probed against 48 entries; the nearest entry (position 32) shares the first 14 of the prompt's 33 tokens (the prompt differs from it from that token on)
2026-09-22 01:39:11.620 INFO  sched: request 'chatcmpl-f4861a7f71d3afb3' admitted to slot 3 (reserve 3 blocks; pool 115/6144 blocks in use) — first token 785
2026-09-22 01:39:19.812 INFO  stats: rank 1 | 10.0 s | decode 102.7 tok/s, 8.6 ms/tok, 60.9 ms/step (145 steps / 1028 tok, 88 % of wall) | mtp 1.96 tok/step/req, accept p1 95 % | prefill 4 prompts / 148 tok, 15 tok/s, 7.12 ms/tok, 264 ms avg (11 % of wall), 0 tok cached (0/4 hits) | live 4, queued 0 | pool 117/6144 blocks (2 %) | prefix cache 49/232 entries
2026-09-22 01:39:19.882 INFO  sched: request 'chatcmpl-f4861a7f71d3afb0' retired (steps): 256 tok in 9.2 s — prefill 45 tok (0 cached) in 288 ms; decode 255 tok / 129 passes in 8.9 s: 28.7 tok/s, 34.8 ms/tok, 69 ms/pass, 1.98 tok/pass, accept p1 98 %
2026-09-22 01:39:20.145 INFO  sched: request 'chatcmpl-f4861a7f71d3afb1' retired (steps): 256 tok in 9.1 s — prefill 36 tok (0 cached) in 260 ms; decode 255 tok / 132 passes in 8.9 s: 28.7 tok/s, 34.8 ms/tok, 67 ms/pass, 1.93 tok/pass, accept p1 94 %
2026-09-22 01:39:20.210 INFO  sched: request 'chatcmpl-f4861a7f71d3afb2' retired (steps): 256 tok in 8.9 s — prefill 34 tok (0 cached) in 250 ms; decode 255 tok / 132 passes in 8.7 s: 29.5 tok/s, 33.9 ms/tok, 66 ms/pass, 1.93 tok/pass, accept p1 94 %
2026-09-22 01:39:20.210 INFO  sched: request 'chatcmpl-f4861a7f71d3afb3' retired (steps): 256 tok in 8.6 s — prefill 33 tok (0 cached) in 257 ms; decode 255 tok / 131 passes in 8.3 s: 30.6 tok/s, 32.7 ms/tok, 64 ms/pass, 1.95 tok/pass, accept p1 95 %
2026-09-22 01:39:20.303 INFO  sched: request 'chatcmpl-f4861a7f71d3afb4' admitted to slot 0 (reserve 3 blocks; pool 116/6144 blocks in use) — first token 785
2026-09-22 01:39:20.402 INFO  sched: request 'chatcmpl-f4861a7f71d3afb5' admitted to slot 1 (reserve 3 blocks; pool 120/6144 blocks in use) — first token 785
2026-09-22 01:39:20.497 INFO  sched: request 'chatcmpl-f4861a7f71d3afb6' admitted to slot 2 (reserve 3 blocks; pool 123/6144 blocks in use) — first token 785
2026-09-22 01:39:20.621 INFO  sched: request 'chatcmpl-f4861a7f71d3afb7' admitted to slot 3 (reserve 3 blocks; pool 127/6144 blocks in use) — first token 785
2026-09-22 01:39:29.055 INFO  sched: request 'chatcmpl-f4861a7f71d3afb4' retired (steps): 256 tok in 8.8 s — prefill 36 tok (32 cached) in 65 ms; decode 255 tok / 131 passes in 8.7 s: 29.4 tok/s, 34.1 ms/tok, 66 ms/pass, 1.95 tok/pass, accept p1 95 %
2026-09-22 01:39:29.125 INFO  sched: request 'chatcmpl-f4861a7f71d3afb5' retired (steps): 256 tok in 8.7 s — prefill 33 tok (28 cached) in 65 ms; decode 255 tok / 131 passes in 8.7 s: 29.5 tok/s, 34.0 ms/tok, 66 ms/pass, 1.95 tok/pass, accept p1 95 %
2026-09-22 01:39:29.125 INFO  sched: request 'chatcmpl-f4861a7f71d3afb7' retired (steps): 256 tok in 8.5 s — prefill 45 tok (40 cached) in 67 ms; decode 255 tok / 129 passes in 8.4 s: 30.2 tok/s, 33.1 ms/tok, 65 ms/pass, 1.98 tok/pass, accept p1 98 %
2026-09-22 01:39:29.193 INFO  sched: request 'chatcmpl-f4861a7f71d3afb6' retired (steps): 256 tok in 8.7 s — prefill 34 tok (32 cached) in 51 ms; decode 255 tok / 132 passes in 8.6 s: 29.5 tok/s, 33.9 ms/tok, 65 ms/pass, 1.93 tok/pass, accept p1 94 %
2026-09-22 01:39:29.280 INFO  sched: request 'chatcmpl-f4861a7f71d3afb8' admitted to slot 0 (reserve 3 blocks; pool 125/6144 blocks in use) — first token 785
2026-09-22 01:39:29.363 INFO  sched: request 'chatcmpl-f4861a7f71d3afb9' admitted to slot 1 (reserve 3 blocks; pool 129/6144 blocks in use) — first token 785
2026-09-22 01:39:29.475 INFO  sched: request 'chatcmpl-f4861a7f71d3afba' admitted to slot 2 (reserve 3 blocks; pool 132/6144 blocks in use) — first token 785
2026-09-22 01:39:29.600 INFO  sched: request 'chatcmpl-f4861a7f71d3afbb' admitted to slot 3 (reserve 3 blocks; pool 136/6144 blocks in use) — first token 785
2026-09-22 01:39:29.855 INFO  stats: rank 1 | 10.0 s | decode 109.5 tok/s, 8.5 ms/tok, 63.8 ms/step (147 steps / 1100 tok, 93 % of wall) | mtp 1.95 tok/step/req, accept p1 95 % | prefill 8 prompts / 32 tok, 3 tok/s, 15.52 ms/tok, 62 ms avg (5 % of wall), 264 tok cached (8/8 hits) | live 4, queued 0 | pool 138/6144 blocks (2 %) | prefix cache 56/232 entries
2026-09-22 01:39:38.031 INFO  sched: request 'chatcmpl-f4861a7f71d3afb9' retired (steps): 256 tok in 8.7 s — prefill 34 tok (32 cached) in 49 ms; decode 255 tok / 130 passes in 8.6 s: 29.6 tok/s, 33.8 ms/tok, 66 ms/pass, 1.96 tok/pass, accept p1 96 %
2026-09-22 01:39:38.031 INFO  sched: request 'chatcmpl-f4861a7f71d3afba' retired (steps): 256 tok in 8.6 s — prefill 45 tok (40 cached) in 66 ms; decode 255 tok / 129 passes in 8.5 s: 30.0 tok/s, 33.3 ms/tok, 66 ms/pass, 1.98 tok/pass, accept p1 98 %
2026-09-22 01:39:38.031 INFO  sched: request 'chatcmpl-f4861a7f71d3afb8' retired (steps): 256 tok in 8.8 s — prefill 36 tok (32 cached) in 65 ms; decode 255 tok / 131 passes in 8.7 s: 29.4 tok/s, 34.1 ms/tok, 66 ms/pass, 1.95 tok/pass, accept p1 95 %
2026-09-22 01:39:38.167 INFO  sched: request 'chatcmpl-f4861a7f71d3afbb' retired (steps): 256 tok in 8.6 s — prefill 33 tok (28 cached) in 68 ms; decode 255 tok / 132 passes in 8.5 s: 30.0 tok/s, 33.3 ms/tok, 64 ms/pass, 1.93 tok/pass, accept p1 93 %
2026-09-22 01:39:38.524 INFO  sched: request 'chatcmpl-f4861a7f71d3afbc' prefix cache miss — 2 cut(s) probed against 58 entries; the nearest entry (position 304) shares the first 10 of the prompt's 68 tokens (the prompt differs from it from that token on)
2026-09-22 01:39:38.524 INFO  sched: request 'chatcmpl-f4861a7f71d3afbc' admitted to slot 0 (reserve 3 blocks; pool 132/6144 blocks in use) — first token 1654
2026-09-22 01:39:39.863 INFO  stats: rank 1 | 10.0 s | decode 105.4 tok/s, 9.1 ms/tok, 56.2 ms/step (170 steps / 1055 tok, 95 % of wall) | mtp 1.95 tok/step/req, accept p1 95 % | prefill 1 prompt / 68 tok, 7 tok/s, 4.68 ms/tok, 318 ms avg (3 % of wall), 0 tok cached (0/1 hit) | live 1, queued 0 | pool 133/6144 blocks (2 %) | prefix cache 59/232 entries
2026-09-22 01:39:42.806 INFO  sched: request 'chatcmpl-f4861a7f71d3afbc' retired (steps): 256 tok in 4.3 s — prefill 68 tok (0 cached) in 318 ms; decode 255 tok / 133 passes in 4.0 s: 64.3 tok/s, 15.5 ms/tok, 30 ms/pass, 1.92 tok/pass, accept p1 92 %
2026-09-22 01:39:42.888 INFO  sched: request 'chatcmpl-f4861a7f71d3afbd' admitted to slot 0 (reserve 3 blocks; pool 135/6144 blocks in use) — first token 1654
2026-09-22 01:39:47.178 INFO  sched: request 'chatcmpl-f4861a7f71d3afbd' retired (steps): 256 tok in 4.3 s — prefill 68 tok (64 cached) in 65 ms; decode 255 tok / 133 passes in 4.2 s: 60.4 tok/s, 16.6 ms/tok, 32 ms/pass, 1.92 tok/pass, accept p1 92 %
2026-09-22 01:39:47.253 INFO  sched: request 'chatcmpl-f4861a7f71d3afbe' admitted to slot 0 (reserve 3 blocks; pool 135/6144 blocks in use) — first token 1654
2026-09-22 01:39:49.891 INFO  stats: rank 1 | 10.0 s | decode 58.8 tok/s, 16.5 ms/tok, 31.8 ms/step (306 steps / 590 tok, 97 % of wall) | mtp 1.93 tok/step/req, accept p1 93 % | prefill 2 prompts / 8 tok, 1 tok/s, 16.13 ms/tok, 65 ms avg (1 % of wall), 128 tok cached (2/2 hits) | live 1, queued 0 | pool 136/6144 blocks (2 %) | prefix cache 60/232 entries
2026-09-22 01:39:51.542 INFO  sched: request 'chatcmpl-f4861a7f71d3afbe' retired (steps): 256 tok in 4.3 s — prefill 68 tok (64 cached) in 64 ms; decode 255 tok / 133 passes in 4.2 s: 60.3 tok/s, 16.6 ms/tok, 32 ms/pass, 1.92 tok/pass, accept p1 92 %
2026-09-22 01:39:51.875 INFO  sched: request 'chatcmpl-f4861a7f71d3afbf' prefix cache miss — 2 cut(s) probed against 60 entries; the nearest entry (position 320) shares the first 10 of the prompt's 54 tokens (the prompt differs from it from that token on)
2026-09-22 01:39:51.875 INFO  sched: request 'chatcmpl-f4861a7f71d3afbf' admitted to slot 0 (reserve 3 blocks; pool 136/6144 blocks in use) — first token 785
2026-09-22 01:39:52.216 INFO  sched: request 'chatcmpl-f4861a7f71d3afc0' prefix cache miss — 2 cut(s) probed against 61 entries; the nearest entry (position 320) shares the first 11 of the prompt's 61 tokens (the prompt differs from it from that token on)
2026-09-22 01:39:52.216 INFO  sched: request 'chatcmpl-f4861a7f71d3afc0' admitted to slot 1 (reserve 3 blocks; pool 140/6144 blocks in use) — first token 785
2026-09-22 01:39:58.034 INFO  sched: request 'chatcmpl-f4861a7f71d3afbf' retired (steps): 256 tok in 6.2 s — prefill 54 tok (0 cached) in 294 ms; decode 255 tok / 131 passes in 5.9 s: 43.5 tok/s, 23.0 ms/tok, 45 ms/pass, 1.95 tok/pass, accept p1 95 %
2026-09-22 01:39:58.101 INFO  sched: request 'chatcmpl-f4861a7f71d3afc0' retired (steps): 256 tok in 5.9 s — prefill 61 tok (0 cached) in 307 ms; decode 255 tok / 132 passes in 5.6 s: 45.7 tok/s, 21.9 ms/tok, 42 ms/pass, 1.93 tok/pass, accept p1 93 %
2026-09-22 01:39:58.182 INFO  sched: request 'chatcmpl-f4861a7f71d3afc1' admitted to slot 0 (reserve 3 blocks; pool 143/6144 blocks in use) — first token 785
2026-09-22 01:39:58.265 INFO  sched: request 'chatcmpl-f4861a7f71d3afc2' admitted to slot 1 (reserve 3 blocks; pool 146/6144 blocks in use) — first token 785
2026-09-22 01:39:59.911 INFO  stats: rank 1 | 10.0 s | decode 75.5 tok/s, 12.1 ms/tok, 41.1 ms/step (222 steps / 757 tok, 91 % of wall) | mtp 1.95 tok/step/req, accept p1 94 % | prefill 4 prompts / 122 tok, 12 tok/s, 5.90 ms/tok, 180 ms avg (7 % of wall), 108 tok cached (2/4 hits) | live 2, queued 0 | pool 147/6144 blocks (2 %) | prefix cache 64/232 entries
2026-09-22 01:40:04.134 INFO  sched: request 'chatcmpl-f4861a7f71d3afc2' retired (steps): 256 tok in 5.9 s — prefill 54 tok (52 cached) in 50 ms; decode 255 tok / 131 passes in 5.8 s: 43.8 tok/s, 22.8 ms/tok, 44 ms/pass, 1.95 tok/pass, accept p1 95 %
2026-09-22 01:40:04.135 INFO  sched: request 'chatcmpl-f4861a7f71d3afc1' retired (steps): 256 tok in 6.0 s — prefill 61 tok (56 cached) in 69 ms; decode 255 tok / 132 passes in 5.9 s: 43.3 tok/s, 23.1 ms/tok, 45 ms/pass, 1.93 tok/pass, accept p1 93 %
2026-09-22 01:40:04.213 INFO  sched: request 'chatcmpl-f4861a7f71d3afc3' admitted to slot 0 (reserve 3 blocks; pool 143/6144 blocks in use) — first token 785
2026-09-22 01:40:04.313 INFO  sched: request 'chatcmpl-f4861a7f71d3afc4' admitted to slot 1 (reserve 3 blocks; pool 146/6144 blocks in use) — first token 785
2026-09-22 01:40:09.954 INFO  stats: rank 1 | 10.0 s | decode 85.7 tok/s, 11.4 ms/tok, 44.2 ms/step (221 steps / 861 tok, 97 % of wall) | mtp 1.95 tok/step/req, accept p1 95 % | prefill 2 prompts / 7 tok, 1 tok/s, 16.84 ms/tok, 59 ms avg (1 % of wall), 108 tok cached (2/2 hits) | live 2, queued 0 | pool 148/6144 blocks (2 %) | prefix cache 64/232 entries
2026-09-22 01:40:10.133 INFO  sched: request 'chatcmpl-f4861a7f71d3afc3' retired (steps): 256 tok in 5.9 s — prefill 54 tok (52 cached) in 51 ms; decode 255 tok / 131 passes in 5.9 s: 43.5 tok/s, 23.0 ms/tok, 45 ms/pass, 1.95 tok/pass, accept p1 95 %
2026-09-22 01:40:10.200 INFO  sched: request 'chatcmpl-f4861a7f71d3afc4' retired (steps): 256 tok in 5.9 s — prefill 61 tok (56 cached) in 66 ms; decode 255 tok / 132 passes in 5.8 s: 43.8 tok/s, 22.8 ms/tok, 44 ms/pass, 1.93 tok/pass, accept p1 93 %
2026-09-22 01:40:10.552 INFO  sched: request 'chatcmpl-f4861a7f71d3afc5' prefix cache miss — 2 cut(s) probed against 64 entries; the nearest entry (position 320) shares the first 10 of the prompt's 37 tokens (the prompt differs from it from that token on)
2026-09-22 01:40:10.553 INFO  sched: request 'chatcmpl-f4861a7f71d3afc5' admitted to slot 0 (reserve 3 blocks; pool 144/6144 blocks in use) — first token 785
2026-09-22 01:40:10.875 INFO  sched: request 'chatcmpl-f4861a7f71d3afc6' prefix cache miss — 2 cut(s) probed against 65 entries; the nearest entry (position 320) shares the first 11 of the prompt's 54 tokens (the prompt differs from it from that token on)
2026-09-22 01:40:10.875 INFO  sched: request 'chatcmpl-f4861a7f71d3afc6' admitted to slot 1 (reserve 3 blocks; pool 148/6144 blocks in use) — first token 785
2026-09-22 01:40:11.191 INFO  sched: request 'chatcmpl-f4861a7f71d3afc7' prefix cache miss — 2 cut(s) probed against 66 entries; the nearest entry (position 32) shares the first 15 of the prompt's 39 tokens (the prompt differs from it from that token on)
2026-09-22 01:40:11.191 INFO  sched: request 'chatcmpl-f4861a7f71d3afc7' admitted to slot 2 (reserve 3 blocks; pool 153/6144 blocks in use) — first token 785
2026-09-22 01:40:11.502 INFO  sched: request 'chatcmpl-f4861a7f71d3afc8' prefix cache miss — 2 cut(s) probed against 67 entries; the nearest entry (position 36) shares the first 14 of the prompt's 35 tokens (the prompt differs from it from that token on)
2026-09-22 01:40:11.502 INFO  sched: request 'chatcmpl-f4861a7f71d3afc8' admitted to slot 3 (reserve 3 blocks; pool 159/6144 blocks in use) — first token 785
2026-09-22 01:40:20.018 INFO  stats: rank 1 | 10.1 s | decode 95.9 tok/s, 9.1 ms/tok, 65.1 ms/step (135 steps / 965 tok, 87 % of wall) | mtp 1.86 tok/step/req, accept p1 85 % | prefill 4 prompts / 165 tok, 16 tok/s, 6.58 ms/tok, 271 ms avg (11 % of wall), 0 tok cached (0/4 hits) | live 4, queued 0 | pool 159/6144 blocks (3 %) | prefix cache 68/232 entries
2026-09-22 01:40:20.365 INFO  sched: request 'chatcmpl-f4861a7f71d3afc6' retired (steps): 256 tok in 9.5 s — prefill 54 tok (0 cached) in 290 ms; decode 255 tok / 133 passes in 9.2 s: 27.7 tok/s, 36.1 ms/tok, 69 ms/pass, 1.92 tok/pass, accept p1 92 %
2026-09-22 01:40:20.619 INFO  sched: request 'chatcmpl-f4861a7f71d3afc7' retired (steps): 256 tok in 9.4 s — prefill 39 tok (0 cached) in 271 ms; decode 255 tok / 136 passes in 9.2 s: 27.8 tok/s, 35.9 ms/tok, 67 ms/pass, 1.88 tok/pass, accept p1 88 %
2026-09-22 01:40:20.855 INFO  sched: request 'chatcmpl-f4861a7f71d3afc5' retired (steps): 256 tok in 10.3 s — prefill 37 tok (0 cached) in 271 ms; decode 255 tok / 142 passes in 10.0 s: 25.4 tok/s, 39.3 ms/tok, 71 ms/pass, 1.80 tok/pass, accept p1 80 %
2026-09-22 01:40:21.021 INFO  sched: request 'chatcmpl-f4861a7f71d3afc8' retired (steps): 256 tok in 9.5 s — prefill 35 tok (0 cached) in 254 ms; decode 255 tok / 144 passes in 9.3 s: 27.5 tok/s, 36.3 ms/tok, 64 ms/pass, 1.77 tok/pass, accept p1 78 %
2026-09-22 01:40:21.112 INFO  sched: request 'chatcmpl-f4861a7f71d3afc9' admitted to slot 0 (reserve 3 blocks; pool 159/6144 blocks in use) — first token 785
2026-09-22 01:40:21.199 INFO  sched: request 'chatcmpl-f4861a7f71d3afca' admitted to slot 1 (reserve 3 blocks; pool 162/6144 blocks in use) — first token 785
2026-09-22 01:40:21.300 INFO  sched: request 'chatcmpl-f4861a7f71d3afcb' admitted to slot 2 (reserve 3 blocks; pool 167/6144 blocks in use) — first token 785
2026-09-22 01:40:21.408 INFO  sched: request 'chatcmpl-f4861a7f71d3afcc' admitted to slot 3 (reserve 3 blocks; pool 171/6144 blocks in use) — first token 785
2026-09-22 01:40:30.026 INFO  stats: rank 1 | 10.0 s | decode 104.9 tok/s, 9.2 ms/tok, 64.7 ms/step (149 steps / 1050 tok, 96 % of wall) | mtp 1.87 tok/step/req, accept p1 86 % | prefill 4 prompts / 13 tok, 1 tok/s, 17.88 ms/tok, 58 ms avg (2 % of wall), 152 tok cached (4/4 hits) | live 4, queued 0 | pool 172/6144 blocks (3 %) | prefix cache 72/232 entries
2026-09-22 01:40:30.311 INFO  sched: request 'chatcmpl-f4861a7f71d3afcc' retired (steps): 256 tok in 8.9 s — prefill 54 tok (52 cached) in 51 ms; decode 255 tok / 132 passes in 8.9 s: 28.8 tok/s, 34.7 ms/tok, 67 ms/pass, 1.93 tok/pass, accept p1 93 %
2026-09-22 01:40:30.482 INFO  sched: request 'chatcmpl-f4861a7f71d3afcb' retired (steps): 256 tok in 9.2 s — prefill 39 tok (36 cached) in 56 ms; decode 255 tok / 136 passes in 9.1 s: 27.9 tok/s, 35.8 ms/tok, 67 ms/pass, 1.88 tok/pass, accept p1 88 %
2026-09-22 01:40:30.528 INFO  sched: request 'chatcmpl-f4861a7f71d3afca' retired (steps): 256 tok in 9.3 s — prefill 35 tok (32 cached) in 55 ms; decode 255 tok / 138 passes in 9.3 s: 27.5 tok/s, 36.4 ms/tok, 67 ms/pass, 1.85 tok/pass, accept p1 86 %
2026-09-22 01:40:30.628 INFO  sched: request 'chatcmpl-f4861a7f71d3afc9' retired (steps): 256 tok in 9.5 s — prefill 37 tok (32 cached) in 70 ms; decode 255 tok / 142 passes in 9.4 s: 27.0 tok/s, 37.0 ms/tok, 67 ms/pass, 1.80 tok/pass, accept p1 80 %
2026-09-22 01:40:30.708 INFO  sched: request 'chatcmpl-f4861a7f71d3afcd' admitted to slot 0 (reserve 3 blocks; pool 165/6144 blocks in use) — first token 785
2026-09-22 01:40:30.794 INFO  sched: request 'chatcmpl-f4861a7f71d3afce' admitted to slot 1 (reserve 3 blocks; pool 169/6144 blocks in use) — first token 785
2026-09-22 01:40:30.904 INFO  sched: request 'chatcmpl-f4861a7f71d3afcf' admitted to slot 2 (reserve 3 blocks; pool 172/6144 blocks in use) — first token 785
2026-09-22 01:40:31.018 INFO  sched: request 'chatcmpl-f4861a7f71d3afd0' admitted to slot 3 (reserve 3 blocks; pool 176/6144 blocks in use) — first token 785
2026-09-22 01:40:39.848 INFO  sched: request 'chatcmpl-f4861a7f71d3afce' retired (steps): 256 tok in 9.1 s — prefill 54 tok (52 cached) in 51 ms; decode 255 tok / 133 passes in 9.0 s: 28.3 tok/s, 35.3 ms/tok, 68 ms/pass, 1.92 tok/pass, accept p1 92 %
2026-09-22 01:40:39.916 INFO  sched: request 'chatcmpl-f4861a7f71d3afcf' retired (steps): 256 tok in 9.0 s — prefill 37 tok (32 cached) in 66 ms; decode 255 tok / 133 passes in 8.9 s: 28.5 tok/s, 35.1 ms/tok, 67 ms/pass, 1.92 tok/pass, accept p1 92 %
2026-09-22 01:40:39.916 INFO  sched: request 'chatcmpl-f4861a7f71d3afcd' retired (steps): 256 tok in 9.2 s — prefill 39 tok (36 cached) in 59 ms; decode 255 tok / 135 passes in 9.1 s: 27.9 tok/s, 35.9 ms/tok, 68 ms/pass, 1.89 tok/pass, accept p1 90 %
2026-09-22 01:40:40.048 INFO  stats: rank 1 | 10.0 s | decode 106.1 tok/s, 9.1 ms/tok, 64.3 ms/step (150 steps / 1063 tok, 96 % of wall) | mtp 1.87 tok/step/req, accept p1 87 % | prefill 4 prompts / 13 tok, 1 tok/s, 17.89 ms/tok, 58 ms avg (2 % of wall), 152 tok cached (4/4 hits) | live 1, queued 0 | pool 172/6144 blocks (3 %) | prefix cache 76/232 entries
2026-09-22 01:40:40.307 INFO  sched: request 'chatcmpl-f4861a7f71d3afd0' retired (steps): 256 tok in 9.3 s — prefill 35 tok (32 cached) in 57 ms; decode 255 tok / 144 passes in 9.2 s: 27.6 tok/s, 36.2 ms/tok, 64 ms/pass, 1.77 tok/pass, accept p1 78 %
2026-09-22 01:40:40.656 INFO  sched: request 'chatcmpl-f4861a7f71d3afd1' prefix cache miss — 2 cut(s) probed against 76 entries; the nearest entry (position 292) shares the first 12 of the prompt's 40 tokens (the prompt differs from it from that token on)
2026-09-22 01:40:40.656 INFO  sched: request 'chatcmpl-f4861a7f71d3afd1' admitted to slot 0 (reserve 3 blocks; pool 172/6144 blocks in use) — first token 785
2026-09-22 01:40:45.382 INFO  sched: request 'chatcmpl-f4861a7f71d3afd1' retired (steps): 256 tok in 4.7 s — prefill 40 tok (0 cached) in 278 ms; decode 255 tok / 148 passes in 4.4 s: 57.3 tok/s, 17.4 ms/tok, 30 ms/pass, 1.72 tok/pass, accept p1 72 %
2026-09-22 01:40:45.464 INFO  sched: request 'chatcmpl-f4861a7f71d3afd2' admitted to slot 0 (reserve 3 blocks; pool 175/6144 blocks in use) — first token 785
2026-09-22 01:40:50.065 INFO  stats: rank 1 | 10.0 s | decode 51.7 tok/s, 18.2 ms/tok, 31.4 ms/step (300 steps / 518 tok, 94 % of wall) | mtp 1.73 tok/step/req, accept p1 72 % | prefill 2 prompts / 44 tok, 4 tok/s, 7.80 ms/tok, 172 ms avg (3 % of wall), 36 tok cached (1/2 hits) | live 1, queued 0 | pool 176/6144 blocks (3 %) | prefix cache 78/232 entries
2026-09-22 01:40:50.195 INFO  sched: request 'chatcmpl-f4861a7f71d3afd2' retired (steps): 256 tok in 4.7 s — prefill 40 tok (36 cached) in 65 ms; decode 255 tok / 148 passes in 4.7 s: 54.6 tok/s, 18.3 ms/tok, 32 ms/pass, 1.72 tok/pass, accept p1 72 %
2026-09-22 01:40:50.282 INFO  sched: request 'chatcmpl-f4861a7f71d3afd3' admitted to slot 0 (reserve 3 blocks; pool 175/6144 blocks in use) — first token 785
2026-09-22 01:40:55.013 INFO  sched: request 'chatcmpl-f4861a7f71d3afd3' retired (steps): 256 tok in 4.7 s — prefill 40 tok (36 cached) in 65 ms; decode 255 tok / 148 passes in 4.7 s: 54.7 tok/s, 18.3 ms/tok, 32 ms/pass, 1.72 tok/pass, accept p1 72 %
2026-09-22 01:40:55.343 INFO  sched: request 'chatcmpl-f4861a7f71d3afd4' prefix cache miss — 2 cut(s) probed against 78 entries; the nearest entry (position 292) shares the first 19 of the prompt's 40 tokens (the prompt differs from it from that token on)
2026-09-22 01:40:55.343 INFO  sched: request 'chatcmpl-f4861a7f71d3afd4' admitted to slot 0 (reserve 3 blocks; pool 176/6144 blocks in use) — first token 785
2026-09-22 01:40:55.653 INFO  sched: request 'chatcmpl-f4861a7f71d3afd5' prefix cache miss — 2 cut(s) probed against 79 entries; the nearest entry (position 292) shares the first 20 of the prompt's 41 tokens (the prompt differs from it from that token on)
2026-09-22 01:40:55.653 INFO  sched: request 'chatcmpl-f4861a7f71d3afd5' admitted to slot 1 (reserve 3 blocks; pool 181/6144 blocks in use) — first token 785
2026-09-22 01:41:00.105 INFO  stats: rank 1 | 10.0 s | decode 62.8 tok/s, 14.6 ms/tok, 36.2 ms/step (254 steps / 630 tok, 92 % of wall) | mtp 1.77 tok/step/req, accept p1 77 % | prefill 3 prompts / 85 tok, 8 tok/s, 7.28 ms/tok, 206 ms avg (6 % of wall), 36 tok cached (1/3 hits) | live 2, queued 0 | pool 182/6144 blocks (3 %) | prefix cache 80/232 entries
2026-09-22 01:41:01.749 INFO  sched: request 'chatcmpl-f4861a7f71d3afd4' retired (steps): 256 tok in 6.4 s — prefill 40 tok (0 cached) in 277 ms; decode 255 tok / 139 passes in 6.1 s: 41.6 tok/s, 24.0 ms/tok, 44 ms/pass, 1.83 tok/pass, accept p1 83 %
2026-09-22 01:41:02.071 INFO  sched: request 'chatcmpl-f4861a7f71d3afd5' retired (steps): 256 tok in 6.4 s — prefill 41 tok (0 cached) in 276 ms; decode 255 tok / 148 passes in 6.1 s: 41.5 tok/s, 24.1 ms/tok, 42 ms/pass, 1.72 tok/pass, accept p1 73 %
2026-09-22 01:41:02.159 INFO  sched: request 'chatcmpl-f4861a7f71d3afd6' admitted to slot 0 (reserve 3 blocks; pool 183/6144 blocks in use) — first token 785
2026-09-22 01:41:02.256 INFO  sched: request 'chatcmpl-f4861a7f71d3afd7' admitted to slot 1 (reserve 3 blocks; pool 186/6144 blocks in use) — first token 785
2026-09-22 01:41:08.390 INFO  sched: request 'chatcmpl-f4861a7f71d3afd7' retired (steps): 256 tok in 6.1 s — prefill 40 tok (36 cached) in 63 ms; decode 255 tok / 139 passes in 6.1 s: 42.0 tok/s, 23.8 ms/tok, 44 ms/pass, 1.83 tok/pass, accept p1 83 %
2026-09-22 01:41:08.649 INFO  sched: request 'chatcmpl-f4861a7f71d3afd6' retired (steps): 256 tok in 6.5 s — prefill 41 tok (36 cached) in 72 ms; decode 255 tok / 148 passes in 6.4 s: 39.7 tok/s, 25.2 ms/tok, 43 ms/pass, 1.72 tok/pass, accept p1 73 %
2026-09-22 01:41:08.739 INFO  sched: request 'chatcmpl-f4861a7f71d3afd8' admitted to slot 0 (reserve 3 blocks; pool 183/6144 blocks in use) — first token 785
2026-09-22 01:41:08.840 INFO  sched: request 'chatcmpl-f4861a7f71d3afd9' admitted to slot 1 (reserve 3 blocks; pool 187/6144 blocks in use) — first token 785
2026-09-22 01:41:10.127 INFO  stats: rank 1 | 10.0 s | decode 76.4 tok/s, 12.5 ms/tok, 42.5 ms/step (225 steps / 766 tok, 95 % of wall) | mtp 1.78 tok/step/req, accept p1 78 % | prefill 4 prompts / 18 tok, 2 tok/s, 14.99 ms/tok, 67 ms avg (3 % of wall), 144 tok cached (4/4 hits) | live 2, queued 0 | pool 188/6144 blocks (3 %) | prefix cache 82/232 entries
2026-09-22 01:41:14.944 INFO  sched: request 'chatcmpl-f4861a7f71d3afd8' retired (steps): 256 tok in 6.2 s — prefill 40 tok (36 cached) in 68 ms; decode 255 tok / 139 passes in 6.1 s: 41.5 tok/s, 24.1 ms/tok, 44 ms/pass, 1.83 tok/pass, accept p1 83 %
2026-09-22 01:41:15.268 INFO  sched: request 'chatcmpl-f4861a7f71d3afd9' retired (steps): 256 tok in 6.4 s — prefill 41 tok (36 cached) in 67 ms; decode 255 tok / 148 passes in 6.4 s: 40.1 tok/s, 24.9 ms/tok, 43 ms/pass, 1.72 tok/pass, accept p1 73 %
2026-09-22 01:41:15.557 INFO  sched: request 'chatcmpl-f4861a7f71d3afda' prefix cache miss — 2 cut(s) probed against 82 entries; the nearest entry (position 296) shares the first 12 of the prompt's 31 tokens (the prompt differs from it from that token on)
2026-09-22 01:41:15.557 INFO  sched: request 'chatcmpl-f4861a7f71d3afda' admitted to slot 0 (reserve 3 blocks; pool 184/6144 blocks in use) — first token 785
2026-09-22 01:41:15.832 INFO  sched: request 'chatcmpl-f4861a7f71d3afdb' prefix cache miss — 2 cut(s) probed against 83 entries; the nearest entry (position 296) shares the first 12 of the prompt's 31 tokens (the prompt differs from it from that token on)
2026-09-22 01:41:15.832 INFO  sched: request 'chatcmpl-f4861a7f71d3afdb' admitted to slot 1 (reserve 3 blocks; pool 189/6144 blocks in use) — first token 785
2026-09-22 01:41:16.152 INFO  sched: request 'chatcmpl-f4861a7f71d3afdc' prefix cache miss — 2 cut(s) probed against 84 entries; the nearest entry (position 296) shares the first 19 of the prompt's 40 tokens (the prompt differs from it from that token on)
2026-09-22 01:41:16.152 INFO  sched: request 'chatcmpl-f4861a7f71d3afdc' admitted to slot 2 (reserve 3 blocks; pool 194/6144 blocks in use) — first token 785
2026-09-22 01:41:16.455 INFO  sched: request 'chatcmpl-f4861a7f71d3afdd' prefix cache miss — 2 cut(s) probed against 85 entries; the nearest entry (position 296) shares the first 12 of the prompt's 31 tokens (the prompt differs from it from that token on)
2026-09-22 01:41:16.455 INFO  sched: request 'chatcmpl-f4861a7f71d3afdd' admitted to slot 3 (reserve 3 blocks; pool 199/6144 blocks in use) — first token 785
2026-09-22 01:41:20.168 INFO  stats: rank 1 | 10.0 s | decode 81.9 tok/s, 10.8 ms/tok, 49.8 ms/step (178 steps / 822 tok, 88 % of wall) | mtp 1.79 tok/step/req, accept p1 79 % | prefill 4 prompts / 133 tok, 13 tok/s, 7.64 ms/tok, 254 ms avg (10 % of wall), 0 tok cached (0/4 hits) | live 4, queued 0 | pool 199/6144 blocks (3 %) | prefix cache 86/232 entries
2026-09-22 01:41:25.501 INFO  sched: request 'chatcmpl-f4861a7f71d3afda' retired (steps): 256 tok in 9.9 s — prefill 31 tok (0 cached) in 250 ms; decode 255 tok / 139 passes in 9.7 s: 26.3 tok/s, 38.0 ms/tok, 70 ms/pass, 1.83 tok/pass, accept p1 83 %
2026-09-22 01:41:25.635 INFO  sched: request 'chatcmpl-f4861a7f71d3afdc' retired (steps): 256 tok in 9.5 s — prefill 40 tok (0 cached) in 276 ms; decode 255 tok / 139 passes in 9.2 s: 27.7 tok/s, 36.1 ms/tok, 66 ms/pass, 1.83 tok/pass, accept p1 83 %
2026-09-22 01:41:25.938 INFO  sched: request 'chatcmpl-f4861a7f71d3afdb' retired (steps): 256 tok in 10.1 s — prefill 31 tok (0 cached) in 243 ms; decode 255 tok / 145 passes in 9.9 s: 25.9 tok/s, 38.7 ms/tok, 68 ms/pass, 1.76 tok/pass, accept p1 77 %
2026-09-22 01:41:26.007 INFO  sched: request 'chatcmpl-f4861a7f71d3afdd' retired (steps): 256 tok in 9.6 s — prefill 31 tok (0 cached) in 247 ms; decode 255 tok / 145 passes in 9.3 s: 27.4 tok/s, 36.5 ms/tok, 64 ms/pass, 1.76 tok/pass, accept p1 77 %
2026-09-22 01:41:26.087 INFO  sched: request 'chatcmpl-f4861a7f71d3afde' admitted to slot 0 (reserve 3 blocks; pool 199/6144 blocks in use) — first token 785
2026-09-22 01:41:26.182 INFO  sched: request 'chatcmpl-f4861a7f71d3afdf' admitted to slot 1 (reserve 3 blocks; pool 203/6144 blocks in use) — first token 785
2026-09-22 01:41:26.284 INFO  sched: request 'chatcmpl-f4861a7f71d3afe0' admitted to slot 2 (reserve 3 blocks; pool 207/6144 blocks in use) — first token 785
2026-09-22 01:41:26.398 INFO  sched: request 'chatcmpl-f4861a7f71d3afe1' admitted to slot 3 (reserve 3 blocks; pool 211/6144 blocks in use) — first token 785
2026-09-22 01:41:30.181 INFO  stats: rank 1 | 10.0 s | decode 103.0 tok/s, 9.4 ms/tok, 64.7 ms/step (149 steps / 1031 tok, 96 % of wall) | mtp 1.80 tok/step/req, accept p1 80 % | prefill 4 prompts / 13 tok, 1 tok/s, 17.80 ms/tok, 58 ms avg (2 % of wall), 120 tok cached (4/4 hits) | live 4, queued 0 | pool 212/6144 blocks (3 %) | prefix cache 90/232 entries
2026-09-22 01:41:35.506 INFO  sched: request 'chatcmpl-f4861a7f71d3afde' retired (steps): 256 tok in 9.4 s — prefill 31 tok (28 cached) in 57 ms; decode 255 tok / 140 passes in 9.4 s: 27.2 tok/s, 36.7 ms/tok, 67 ms/pass, 1.82 tok/pass, accept p1 82 %
2026-09-22 01:41:35.574 INFO  sched: request 'chatcmpl-f4861a7f71d3afe0' retired (steps): 256 tok in 9.3 s — prefill 31 tok (28 cached) in 56 ms; decode 255 tok / 139 passes in 9.2 s: 27.6 tok/s, 36.2 ms/tok, 66 ms/pass, 1.83 tok/pass, accept p1 83 %
2026-09-22 01:41:35.698 INFO  sched: request 'chatcmpl-f4861a7f71d3afdf' retired (steps): 256 tok in 9.5 s — prefill 40 tok (36 cached) in 63 ms; decode 255 tok / 142 passes in 9.5 s: 27.0 tok/s, 37.1 ms/tok, 67 ms/pass, 1.80 tok/pass, accept p1 80 %
2026-09-22 01:41:35.861 INFO  sched: request 'chatcmpl-f4861a7f71d3afe1' retired (steps): 256 tok in 9.5 s — prefill 31 tok (28 cached) in 56 ms; decode 255 tok / 145 passes in 9.4 s: 27.1 tok/s, 36.9 ms/tok, 65 ms/pass, 1.76 tok/pass, accept p1 76 %
2026-09-22 01:41:35.951 INFO  sched: request 'chatcmpl-f4861a7f71d3afe2' admitted to slot 0 (reserve 3 blocks; pool 211/6144 blocks in use) — first token 785
2026-09-22 01:41:36.047 INFO  sched: request 'chatcmpl-f4861a7f71d3afe3' admitted to slot 1 (reserve 3 blocks; pool 215/6144 blocks in use) — first token 785
2026-09-22 01:41:36.148 INFO  sched: request 'chatcmpl-f4861a7f71d3afe4' admitted to slot 2 (reserve 3 blocks; pool 219/6144 blocks in use) — first token 785
2026-09-22 01:41:36.262 INFO  sched: request 'chatcmpl-f4861a7f71d3afe5' admitted to slot 3 (reserve 3 blocks; pool 223/6144 blocks in use) — first token 785
2026-09-22 01:41:40.247 INFO  stats: rank 1 | 10.1 s | decode 104.0 tok/s, 9.2 ms/tok, 64.1 ms/step (151 steps / 1047 tok, 96 % of wall) | mtp 1.81 tok/step/req, accept p1 80 % | prefill 4 prompts / 13 tok, 1 tok/s, 18.11 ms/tok, 59 ms avg (2 % of wall), 120 tok cached (4/4 hits) | live 4, queued 0 | pool 224/6144 blocks (4 %) | prefix cache 94/232 entries
2026-09-22 01:41:45.300 INFO  sched: request 'chatcmpl-f4861a7f71d3afe2' retired (steps): 256 tok in 9.3 s — prefill 31 tok (28 cached) in 57 ms; decode 255 tok / 139 passes in 9.3 s: 27.4 tok/s, 36.4 ms/tok, 67 ms/pass, 1.83 tok/pass, accept p1 83 %
2026-09-22 01:41:45.560 INFO  sched: request 'chatcmpl-f4861a7f71d3afe3' retired (steps): 256 tok in 9.5 s — prefill 40 tok (36 cached) in 63 ms; decode 255 tok / 142 passes in 9.4 s: 27.0 tok/s, 37.1 ms/tok, 67 ms/pass, 1.80 tok/pass, accept p1 80 %
2026-09-22 01:41:45.801 INFO  sched: request 'chatcmpl-f4861a7f71d3afe4' retired (steps): 256 tok in 9.7 s — prefill 31 tok (28 cached) in 57 ms; decode 255 tok / 145 passes in 9.6 s: 26.6 tok/s, 37.6 ms/tok, 66 ms/pass, 1.76 tok/pass, accept p1 77 %
2026-09-22 01:41:45.835 INFO  sched: request 'chatcmpl-f4861a7f71d3afe5' retired (steps): 256 tok in 9.6 s — prefill 31 tok (28 cached) in 57 ms; decode 255 tok / 145 passes in 9.5 s: 26.8 tok/s, 37.3 ms/tok, 66 ms/pass, 1.76 tok/pass, accept p1 76 %
2026-09-22 01:41:46.572 INFO  sched: request 'chatcmpl-f4861a7f71d3afe6' prefix cache miss — 2 cut(s) probed against 94 entries; the nearest entry (position 320) shares the first 10 of the prompt's 525 tokens (the prompt differs from it from that token on)
2026-09-22 01:41:46.572 INFO  sched: request 'chatcmpl-f4861a7f71d3afe6' admitted to slot 0 (reserve 5 blocks; pool 214/6144 blocks in use) — first token 785
2026-09-22 01:41:46.572 INFO  sched: request 'chatcmpl-f4861a7f71d3afe6' retired (steps): 1 tok in 0.0 s — prefill 525 tok (0 cached) in 598 ms; decode 0 tok / 0 passes in 0.0 s
2026-09-22 01:41:46.583 INFO  sched: request 'chatcmpl-f4861a7f71d3afe7' prefix cache miss — 3 cut(s) probed against 95 entries; the nearest entry (position 520) shares the first 17 of the prompt's 2071 tokens (the prompt differs from it from that token on)
2026-09-22 01:41:46.584 INFO  sched: request 'chatcmpl-f4861a7f71d3afe7' prefilling in slot 0 (2048 tokens/tick)
2026-09-22 01:41:48.073 INFO  sched: request 'chatcmpl-f4861a7f71d3afe7' admitted to slot 0 (reserve 17 blocks; pool 231/6144 blocks in use) — first token 785
2026-09-22 01:41:48.073 INFO  sched: request 'chatcmpl-f4861a7f71d3afe7' retired (steps): 1 tok in 1.5 s — prefill 2071 tok (0 cached) in 1485 ms; decode 0 tok / 0 passes in 0.0 s
2026-09-22 01:41:48.097 INFO  sched: request 'chatcmpl-f4861a7f71d3afe8' prefix cache miss — 3 cut(s) probed against 96 entries; the nearest entry (position 2068) shares the first 21 of the prompt's 2098 tokens (the prompt differs from it from that token on)
2026-09-22 01:41:48.097 INFO  sched: request 'chatcmpl-f4861a7f71d3afe8' prefilling in slot 0 (2048 tokens/tick)
2026-09-22 01:41:49.626 INFO  sched: request 'chatcmpl-f4861a7f71d3afe8' admitted to slot 0 (reserve 17 blocks; pool 248/6144 blocks in use) — first token 785
2026-09-22 01:41:49.626 INFO  sched: request 'chatcmpl-f4861a7f71d3afe8' retired (steps): 1 tok in 1.5 s — prefill 2098 tok (0 cached) in 1529 ms; decode 0 tok / 0 passes in 0.0 s
2026-09-22 01:41:49.629 INFO  sched: request 'chatcmpl-f4861a7f71d3afe9' prefix cache miss — 3 cut(s) probed against 97 entries; the nearest entry (position 2096) shares the first 21 of the prompt's 2073 tokens (the prompt differs from it from that token on)
2026-09-22 01:41:49.629 INFO  sched: request 'chatcmpl-f4861a7f71d3afe9' prefilling in slot 0 (2048 tokens/tick)
2026-09-22 01:41:50.920 INFO  stats: rank 1 | 10.7 s | decode 54.2 tok/s, 9.5 ms/tok, 64.9 ms/step (85 steps / 578 tok, 52 % of wall) | mtp 1.78 tok/step/req, accept p1 77 % | prefill 3 prompts / 6742 tok, 632 tok/s, 0.73 ms/tok, 1634 ms avg (46 % of wall), 0 tok cached (0/4 hits) | live 1, queued 0 | pool 264/6144 blocks (4 %) | prefix cache 97/232 entries | 1 prefilling
2026-09-22 01:41:51.131 INFO  sched: request 'chatcmpl-f4861a7f71d3afe9' admitted to slot 0 (reserve 17 blocks; pool 265/6144 blocks in use) — first token 785
2026-09-22 01:41:51.131 INFO  sched: request 'chatcmpl-f4861a7f71d3afe9' retired (steps): 1 tok in 1.5 s — prefill 2073 tok (0 cached) in 1501 ms; decode 0 tok / 0 passes in 0.0 s
2026-09-22 01:41:51.147 INFO  sched: request 'chatcmpl-f4861a7f71d3afea' prefix cache miss — 6 cut(s) probed against 98 entries; the nearest entry (position 2096) shares the first 18 of the prompt's 8257 tokens (the prompt differs from it from that token on)
2026-09-22 01:41:51.148 INFO  sched: request 'chatcmpl-f4861a7f71d3afea' prefilling in slot 0 (2048 tokens/tick)
2026-09-22 01:41:56.994 INFO  sched: request 'chatcmpl-f4861a7f71d3afea' admitted to slot 0 (reserve 65 blocks; pool 330/6144 blocks in use) — first token 785
2026-09-22 01:41:56.994 INFO  sched: request 'chatcmpl-f4861a7f71d3afea' retired (steps): 1 tok in 5.8 s — prefill 8257 tok (0 cached) in 5841 ms; decode 0 tok / 0 passes in 0.0 s
2026-09-22 01:41:57.023 INFO  sched: request 'chatcmpl-f4861a7f71d3afeb' prefix cache miss — 6 cut(s) probed against 100 entries; the nearest entry (position 8252) shares the first 22 of the prompt's 8302 tokens (the prompt differs from it from that token on)
2026-09-22 01:41:57.023 INFO  sched: request 'chatcmpl-f4861a7f71d3afeb' prefilling in slot 0 (2048 tokens/tick)
2026-09-22 01:42:01.048 INFO  stats: rank 1 | 10.1 s | decode 0.2 tok/s, 0.0 ms/tok, 0.0 ms/step (0 steps / 2 tok, 0 % of wall) | prefill 2 prompts / 14426 tok, 1424 tok/s, 0.70 ms/tok, 5037 ms avg (99 % of wall), 0 tok cached (0/2 hits) | live 1, queued 0 | pool 394/6144 blocks (6 %) | prefix cache 100/232 entries | 1 prefilling
2026-09-22 01:42:02.770 INFO  sched: request 'chatcmpl-f4861a7f71d3afeb' admitted to slot 0 (reserve 65 blocks; pool 395/6144 blocks in use) — first token 785
2026-09-22 01:42:02.770 INFO  sched: request 'chatcmpl-f4861a7f71d3afeb' retired (steps): 1 tok in 5.7 s — prefill 8302 tok (0 cached) in 5745 ms; decode 0 tok / 0 passes in 0.0 s
2026-09-22 01:42:02.793 INFO  sched: request 'chatcmpl-f4861a7f71d3afec' prefix cache miss — 6 cut(s) probed against 102 entries; the nearest entry (position 8300) shares the first 22 of the prompt's 8429 tokens (the prompt differs from it from that token on)
2026-09-22 01:42:02.793 INFO  sched: request 'chatcmpl-f4861a7f71d3afec' prefilling in slot 0 (2048 tokens/tick)
2026-09-22 01:42:08.658 INFO  sched: request 'chatcmpl-f4861a7f71d3afec' admitted to slot 0 (reserve 66 blocks; pool 461/6144 blocks in use) — first token 785
2026-09-22 01:42:08.658 INFO  sched: request 'chatcmpl-f4861a7f71d3afec' retired (steps): 1 tok in 5.9 s — prefill 8429 tok (0 cached) in 5863 ms; decode 0 tok / 0 passes in 0.0 s
2026-09-22 01:42:08.698 INFO  sched: request 'chatcmpl-f4861a7f71d3afed' prefix cache miss — 18 cut(s) probed against 104 entries; the nearest entry (position 8424) shares the first 18 of the prompt's 33245 tokens (the prompt differs from it from that token on)
2026-09-22 01:42:08.699 INFO  sched: request 'chatcmpl-f4861a7f71d3afed' prefilling in slot 0 (2048 tokens/tick)
2026-09-22 01:42:11.329 INFO  stats: rank 1 | 10.3 s | decode 0.2 tok/s, 0.0 ms/tok, 0.0 ms/step (0 steps / 2 tok, 0 % of wall) | prefill 2 prompts / 14683 tok, 1428 tok/s, 0.70 ms/tok, 5107 ms avg (99 % of wall), 0 tok cached (0/2 hits) | live 1, queued 0 | pool 720/6144 blocks (12 %) | prefix cache 104/232 entries | 1 prefilling
2026-09-22 01:42:21.907 INFO  stats: rank 1 | 10.6 s | decode 0.0 tok/s, 0.0 ms/tok, 0.0 ms/step (0 steps / 0 tok, 0 % of wall) | prefill 0 prompts / 14336 tok, 1355 tok/s, 0.74 ms/tok (100 % of wall), 0 tok cached (0/0 hits) | live 1, queued 0 | pool 720/6144 blocks (12 %) | prefix cache 104/232 entries | 1 prefilling
2026-09-22 01:42:32.778 INFO  stats: rank 1 | 10.9 s | decode 0.0 tok/s, 0.0 ms/tok, 0.0 ms/step (0 steps / 0 tok, 0 % of wall) | prefill 0 prompts / 12288 tok, 1130 tok/s, 0.88 ms/tok (100 % of wall), 0 tok cached (0/0 hits) | live 1, queued 0 | pool 720/6144 blocks (12 %) | prefix cache 104/232 entries | 1 prefilling
2026-09-22 01:42:35.534 INFO  sched: request 'chatcmpl-f4861a7f71d3afed' admitted to slot 0 (reserve 260 blocks; pool 721/6144 blocks in use) — first token 785
2026-09-22 01:42:35.535 INFO  sched: request 'chatcmpl-f4861a7f71d3afed' retired (steps): 1 tok in 26.8 s — prefill 33245 tok (0 cached) in 26815 ms; decode 0 tok / 0 passes in 0.0 s
2026-09-22 01:42:35.536 INFO  sched: request 'chatcmpl-f4861a7f71d3afee' prefix cache miss — 18 cut(s) probed against 106 entries; the nearest entry (position 33240) shares the first 22 of the prompt's 33321 tokens (the prompt differs from it from that token on)
2026-09-22 01:42:35.545 INFO  sched: request 'chatcmpl-f4861a7f71d3afee' prefilling in slot 0 (2048 tokens/tick)
2026-09-22 01:42:43.912 INFO  stats: rank 1 | 11.1 s | decode 0.1 tok/s, 0.0 ms/tok, 0.0 ms/step (0 steps / 1 tok, 0 % of wall) | prefill 1 prompt / 14813 tok, 1330 tok/s, 0.75 ms/tok, 11125 ms avg (100 % of wall), 0 tok cached (0/1 hit) | live 1, queued 0 | pool 981/6144 blocks (16 %) | prefix cache 106/232 entries | 1 prefilling
2026-09-22 01:42:55.591 INFO  stats: rank 1 | 11.7 s | decode 0.0 tok/s, 0.0 ms/tok, 0.0 ms/step (0 steps / 0 tok, 0 % of wall) | prefill 0 prompts / 14336 tok, 1228 tok/s, 0.81 ms/tok (100 % of wall), 0 tok cached (0/0 hits) | live 1, queued 0 | pool 981/6144 blocks (16 %) | prefix cache 106/232 entries | 1 prefilling
2026-09-22 01:43:02.241 INFO  sched: request 'chatcmpl-f4861a7f71d3afee' admitted to slot 0 (reserve 261 blocks; pool 982/6144 blocks in use) — first token 785
2026-09-22 01:43:02.241 INFO  sched: request 'chatcmpl-f4861a7f71d3afee' retired (steps): 1 tok in 26.7 s — prefill 33321 tok (0 cached) in 26699 ms; decode 0 tok / 0 passes in 0.0 s
2026-09-22 01:43:02.243 INFO  sched: request 'chatcmpl-f4861a7f71d3afef' prefix cache miss — 18 cut(s) probed against 108 entries; the nearest entry (position 33316) shares the first 22 of the prompt's 33241 tokens (the prompt differs from it from that token on)
2026-09-22 01:43:02.243 INFO  sched: request 'chatcmpl-f4861a7f71d3afef' prefilling in slot 0 (2048 tokens/tick)
2026-09-22 01:43:06.271 INFO  stats: rank 1 | 10.7 s | decode 0.1 tok/s, 0.0 ms/tok, 0.0 ms/step (0 steps / 1 tok, 0 % of wall) | prefill 1 prompt / 12841 tok, 1202 tok/s, 0.83 ms/tok, 10676 ms avg (100 % of wall), 0 tok cached (0/1 hit) | live 1, queued 0 | pool 1241/6144 blocks (20 %) | prefix cache 108/232 entries | 1 prefilling
2026-09-22 01:43:16.972 INFO  stats: rank 1 | 10.7 s | decode 0.0 tok/s, 0.0 ms/tok, 0.0 ms/step (0 steps / 0 tok, 0 % of wall) | prefill 0 prompts / 14336 tok, 1340 tok/s, 0.75 ms/tok (100 % of wall), 0 tok cached (0/0 hits) | live 1, queued 0 | pool 1241/6144 blocks (20 %) | prefix cache 108/232 entries | 1 prefilling
2026-09-22 01:43:28.132 INFO  stats: rank 1 | 11.2 s | decode 0.0 tok/s, 0.0 ms/tok, 0.0 ms/step (0 steps / 0 tok, 0 % of wall) | prefill 0 prompts / 12288 tok, 1101 tok/s, 0.91 ms/tok (100 % of wall), 0 tok cached (0/0 hits) | live 1, queued 0 | pool 1241/6144 blocks (20 %) | prefix cache 108/232 entries | 1 prefilling
2026-09-22 01:43:28.884 INFO  sched: request 'chatcmpl-f4861a7f71d3afef' admitted to slot 0 (reserve 260 blocks; pool 1242/6144 blocks in use) — first token 785
2026-09-22 01:43:28.884 INFO  sched: request 'chatcmpl-f4861a7f71d3afef' retired (steps): 1 tok in 26.6 s — prefill 33241 tok (0 cached) in 26638 ms; decode 0 tok / 0 passes in 0.0 s
2026-09-22 01:43:28.993 INFO  sched: request 'chatcmpl-f4861a7f71d3aff0' admitted to slot 0 (reserve 1 blocks; pool 1242/6144 blocks in use) — first token 785
2026-09-22 01:43:30.084 INFO  sched: request 'chatcmpl-f4861a7f71d3aff0' retired (steps): 64 tok in 1.1 s — prefill 62 tok (60 cached) in 52 ms; decode 63 tok / 34 passes in 1.0 s: 60.6 tok/s, 16.5 ms/tok, 31 ms/pass, 1.85 tok/pass, accept p1 85 %
2026-09-22 01:43:30.170 INFO  sched: request 'chatcmpl-f4861a7f71d3aff1' admitted to slot 0 (reserve 3 blocks; pool 1244/6144 blocks in use) — first token 785
2026-09-22 01:43:34.577 INFO  rank 1: slot 0 closed: 139 sampled decode steps, 0 fallbacks
2026-09-22 01:43:34.577 INFO  sched: request 'chatcmpl-f4861a7f71d3aff1' retired (steps): 256 tok in 4.4 s — prefill 37 tok (32 cached) in 69 ms; decode 255 tok / 139 passes in 4.3 s: 58.8 tok/s, 17.0 ms/tok, 31 ms/pass, 1.83 tok/pass, accept p1 83 %
2026-09-22 01:43:34.662 INFO  sched: request 'chatcmpl-f4861a7f71d3aff2' admitted to slot 0 (reserve 3 blocks; pool 1247/6144 blocks in use) — first token 785
2026-09-22 01:43:38.146 INFO  stats: rank 1 | 10.0 s | decode 52.6 tok/s, 16.8 ms/tok, 31.3 ms/step (283 steps / 527 tok, 88 % of wall) | mtp 1.86 tok/step/req, accept p1 85 % | prefill 4 prompts / 485 tok, 48 tok/s, 1.94 ms/tok, 235 ms avg (9 % of wall), 124 tok cached (3/3 hits) | live 1, queued 0 | pool 1248/6144 blocks (20 %) | prefix cache 111/232 entries
2026-09-22 01:43:39.032 INFO  rank 1: slot 0 closed: 138 sampled decode steps, 0 fallbacks
2026-09-22 01:43:39.033 INFO  sched: request 'chatcmpl-f4861a7f71d3aff2' retired (steps): 256 tok in 4.4 s — prefill 37 tok (32 cached) in 68 ms; decode 255 tok / 138 passes in 4.3 s: 59.3 tok/s, 16.9 ms/tok, 31 ms/pass, 1.85 tok/pass, accept p1 86 %
2026-09-22 01:43:39.129 INFO  sched: request 'chatcmpl-f4861a7f71d3aff3' admitted to slot 0 (reserve 3 blocks; pool 1250/6144 blocks in use) — first token 785
2026-09-22 01:43:43.513 INFO  rank 1: slot 0 closed: 138 sampled decode steps, 0 fallbacks
2026-09-22 01:43:43.513 INFO  sched: request 'chatcmpl-f4861a7f71d3aff3' retired (steps): 256 tok in 4.4 s — prefill 37 tok (32 cached) in 68 ms; decode 255 tok / 138 passes in 4.3 s: 59.1 tok/s, 16.9 ms/tok, 31 ms/pass, 1.85 tok/pass, accept p1 85 %
2026-09-22 01:43:43.588 INFO  sched: request 'chatcmpl-f4861a7f71d3aff4' admitted to slot 0 (reserve 3 blocks; pool 1253/6144 blocks in use) — first token 785
2026-09-22 01:43:43.681 INFO  sched: request 'chatcmpl-f4861a7f71d3aff5' admitted to slot 1 (reserve 3 blocks; pool 1257/6144 blocks in use) — first token 785
2026-09-22 01:43:43.784 INFO  sched: request 'chatcmpl-f4861a7f71d3aff6' admitted to slot 2 (reserve 3 blocks; pool 1261/6144 blocks in use) — first token 785
2026-09-22 01:43:43.905 INFO  sched: request 'chatcmpl-f4861a7f71d3aff7' admitted to slot 3 (reserve 3 blocks; pool 1265/6144 blocks in use) — first token 785
2026-09-22 01:43:48.203 INFO  stats: rank 1 | 10.1 s | decode 80.2 tok/s, 11.9 ms/tok, 40.5 ms/step (236 steps / 807 tok, 95 % of wall) | mtp 1.83 tok/step/req, accept p1 82 % | prefill 5 prompts / 20 tok, 2 tok/s, 15.70 ms/tok, 63 ms avg (3 % of wall), 156 tok cached (5/5 hits) | live 4, queued 0 | pool 1266/6144 blocks (21 %) | prefix cache 113/232 entries
2026-09-22 01:43:52.962 INFO  rank 1: slot 2 closed: 140 sampled decode steps, 0 fallbacks
2026-09-22 01:43:52.962 INFO  sched: request 'chatcmpl-f4861a7f71d3aff6' retired (steps): 256 tok in 9.2 s — prefill 35 tok (32 cached) in 58 ms; decode 255 tok / 140 passes in 9.1 s: 28.0 tok/s, 35.8 ms/tok, 65 ms/pass, 1.82 tok/pass, accept p1 83 %
2026-09-22 01:43:53.093 INFO  rank 1: slot 1 closed: 143 sampled decode steps, 0 fallbacks
2026-09-22 01:43:53.094 INFO  sched: request 'chatcmpl-f4861a7f71d3aff5' retired (steps): 256 tok in 9.4 s — prefill 36 tok (32 cached) in 61 ms; decode 255 tok / 143 passes in 9.4 s: 27.3 tok/s, 36.7 ms/tok, 65 ms/pass, 1.78 tok/pass, accept p1 79 %
2026-09-22 01:43:53.159 INFO  rank 1: slot 3 closed: 142 sampled decode steps, 0 fallbacks
2026-09-22 01:43:53.159 INFO  sched: request 'chatcmpl-f4861a7f71d3aff7' retired (steps): 256 tok in 9.3 s — prefill 32 tok (28 cached) in 64 ms; decode 255 tok / 142 passes in 9.2 s: 27.7 tok/s, 36.0 ms/tok, 65 ms/pass, 1.80 tok/pass, accept p1 80 %
2026-09-22 01:43:53.460 INFO  rank 1: slot 0 closed: 153 sampled decode steps, 6 fallbacks
2026-09-22 01:43:53.460 INFO  sched: request 'chatcmpl-f4861a7f71d3aff4' retired (steps): 256 tok in 9.9 s — prefill 36 tok (32 cached) in 63 ms; decode 255 tok / 153 passes in 9.8 s: 26.0 tok/s, 38.5 ms/tok, 64 ms/pass, 1.67 tok/pass, accept p1 67 %
2026-09-22 01:43:53.536 INFO  sched: request 'chatcmpl-f4861a7f71d3aff8' admitted to slot 0 (reserve 3 blocks; pool 1265/6144 blocks in use) — first token 785
2026-09-22 01:43:53.629 INFO  sched: request 'chatcmpl-f4861a7f71d3aff9' admitted to slot 1 (reserve 3 blocks; pool 1269/6144 blocks in use) — first token 785
2026-09-22 01:43:53.731 INFO  sched: request 'chatcmpl-f4861a7f71d3affa' admitted to slot 2 (reserve 3 blocks; pool 1273/6144 blocks in use) — first token 785
2026-09-22 01:43:53.851 INFO  sched: request 'chatcmpl-f4861a7f71d3affb' admitted to slot 3 (reserve 3 blocks; pool 1277/6144 blocks in use) — first token 785
2026-09-22 01:43:58.212 INFO  stats: rank 1 | 10.0 s | decode 103.5 tok/s, 9.3 ms/tok, 62.9 ms/step (153 steps / 1036 tok, 96 % of wall) | mtp 1.79 tok/step/req, accept p1 79 % | prefill 4 prompts / 15 tok, 1 tok/s, 16.38 ms/tok, 61 ms avg (2 % of wall), 124 tok cached (4/4 hits) | live 4, queued 0 | pool 1278/6144 blocks (21 %) | prefix cache 117/232 entries
2026-09-22 01:44:02.896 INFO  rank 1: slot 0 closed: 141 sampled decode steps, 1 fallbacks
2026-09-22 01:44:02.896 INFO  sched: request 'chatcmpl-f4861a7f71d3aff8' retired (steps): 256 tok in 9.4 s — prefill 36 tok (32 cached) in 65 ms; decode 255 tok / 141 passes in 9.3 s: 27.4 tok/s, 36.5 ms/tok, 66 ms/pass, 1.81 tok/pass, accept p1 81 %
2026-09-22 01:44:03.089 INFO  rank 1: slot 1 closed: 143 sampled decode steps, 0 fallbacks
2026-09-22 01:44:03.089 INFO  sched: request 'chatcmpl-f4861a7f71d3aff9' retired (steps): 256 tok in 9.5 s — prefill 36 tok (32 cached) in 61 ms; decode 255 tok / 143 passes in 9.4 s: 27.1 tok/s, 36.9 ms/tok, 66 ms/pass, 1.78 tok/pass, accept p1 78 %
2026-09-22 01:44:03.160 INFO  rank 1: slot 3 closed: 142 sampled decode steps, 4 fallbacks
2026-09-22 01:44:03.160 INFO  sched: request 'chatcmpl-f4861a7f71d3affb' retired (steps): 256 tok in 9.3 s — prefill 32 tok (28 cached) in 63 ms; decode 255 tok / 142 passes in 9.2 s: 27.6 tok/s, 36.3 ms/tok, 65 ms/pass, 1.80 tok/pass, accept p1 80 %
2026-09-22 01:44:03.193 INFO  rank 1: slot 2 closed: 144 sampled decode steps, 2 fallbacks
2026-09-22 01:44:03.194 INFO  sched: request 'chatcmpl-f4861a7f71d3affa' retired (steps): 256 tok in 9.5 s — prefill 35 tok (32 cached) in 57 ms; decode 255 tok / 144 passes in 9.4 s: 27.1 tok/s, 36.9 ms/tok, 65 ms/pass, 1.77 tok/pass, accept p1 77 %
2026-09-22 01:44:03.281 INFO  sched: request 'chatcmpl-f4861a7f71d3affc' admitted to slot 0 (reserve 3 blocks; pool 1277/6144 blocks in use) — first token 785
2026-09-22 01:44:03.376 INFO  sched: request 'chatcmpl-f4861a7f71d3affd' admitted to slot 1 (reserve 3 blocks; pool 1281/6144 blocks in use) — first token 785
2026-09-22 01:44:03.479 INFO  sched: request 'chatcmpl-f4861a7f71d3affe' admitted to slot 2 (reserve 3 blocks; pool 1285/6144 blocks in use) — first token 785
2026-09-22 01:44:03.600 INFO  sched: request 'chatcmpl-f4861a7f71d3afff' admitted to slot 3 (reserve 3 blocks; pool 1289/6144 blocks in use) — first token 785
2026-09-22 01:44:08.218 INFO  stats: rank 1 | 10.0 s | decode 104.5 tok/s, 9.2 ms/tok, 64.1 ms/step (150 steps / 1046 tok, 96 % of wall) | mtp 1.78 tok/step/req, accept p1 78 % | prefill 4 prompts / 15 tok, 1 tok/s, 16.62 ms/tok, 62 ms avg (2 % of wall), 124 tok cached (4/4 hits) | live 4, queued 0 | pool 1290/6144 blocks (21 %) | prefix cache 121/232 entries
2026-09-22 01:44:12.832 INFO  rank 1: slot 3 closed: 141 sampled decode steps, 0 fallbacks
2026-09-22 01:44:12.832 INFO  sched: request 'chatcmpl-f4861a7f71d3afff' retired (steps): 256 tok in 9.2 s — prefill 32 tok (28 cached) in 64 ms; decode 255 tok / 141 passes in 9.2 s: 27.8 tok/s, 36.0 ms/tok, 65 ms/pass, 1.81 tok/pass, accept p1 81 %
2026-09-22 01:44:12.832 INFO  rank 1: slot 0 closed: 144 sampled decode steps, 1 fallbacks
2026-09-22 01:44:12.832 INFO  sched: request 'chatcmpl-f4861a7f71d3affc' retired (steps): 256 tok in 9.6 s — prefill 36 tok (32 cached) in 66 ms; decode 255 tok / 144 passes in 9.5 s: 26.9 tok/s, 37.2 ms/tok, 66 ms/pass, 1.77 tok/pass, accept p1 77 %
2026-09-22 01:44:12.947 INFO  rank 1: slot 2 closed: 144 sampled decode steps, 4 fallbacks
2026-09-22 01:44:12.947 INFO  sched: request 'chatcmpl-f4861a7f71d3affe' retired (steps): 256 tok in 9.5 s — prefill 35 tok (32 cached) in 59 ms; decode 255 tok / 144 passes in 9.4 s: 27.1 tok/s, 36.9 ms/tok, 65 ms/pass, 1.77 tok/pass, accept p1 77 %
2026-09-22 01:44:13.109 INFO  rank 1: slot 1 closed: 150 sampled decode steps, 0 fallbacks
2026-09-22 01:44:13.109 INFO  sched: request 'chatcmpl-f4861a7f71d3affd' retired (steps): 256 tok in 9.7 s — prefill 36 tok (32 cached) in 60 ms; decode 255 tok / 150 passes in 9.7 s: 26.4 tok/s, 37.9 ms/tok, 64 ms/pass, 1.70 tok/pass, accept p1 71 %
2026-09-22 01:44:13.194 INFO  sched: request 'chatcmpl-f4861a7f71d3b000' admitted to slot 0 (reserve 3 blocks; pool 1289/6144 blocks in use) — first token 785
2026-09-22 01:44:17.447 INFO  rank 1: slot 0 closed: 131 sampled decode steps, 0 fallbacks
2026-09-22 01:44:17.447 INFO  sched: request 'chatcmpl-f4861a7f71d3b000' retired (steps): 256 tok in 4.3 s — prefill 51 tok (48 cached) in 58 ms; decode 255 tok / 131 passes in 4.2 s: 60.8 tok/s, 16.5 ms/tok, 32 ms/pass, 1.95 tok/pass, accept p1 95 %
2026-09-22 01:44:17.534 INFO  sched: request 'chatcmpl-f4861a7f71d3b001' admitted to slot 0 (reserve 3 blocks; pool 1292/6144 blocks in use) — first token 785
2026-09-22 01:44:18.218 INFO  stats: rank 1 | 10.0 s | decode 78.7 tok/s, 12.3 ms/tok, 42.4 ms/step (229 steps / 787 tok, 97 % of wall) | mtp 1.78 tok/step/req, accept p1 78 % | prefill 2 prompts / 6 tok, 1 tok/s, 19.42 ms/tok, 58 ms avg (1 % of wall), 96 tok cached (2/2 hits) | live 1, queued 0 | pool 1293/6144 blocks (21 %) | prefix cache 126/232 entries
2026-09-22 01:44:21.763 INFO  rank 1: slot 0 closed: 130 sampled decode steps, 0 fallbacks
2026-09-22 01:44:21.763 INFO  sched: request 'chatcmpl-f4861a7f71d3b001' retired (steps): 256 tok in 4.2 s — prefill 51 tok (48 cached) in 59 ms; decode 255 tok / 130 passes in 4.2 s: 61.1 tok/s, 16.4 ms/tok, 32 ms/pass, 1.96 tok/pass, accept p1 97 %
2026-09-22 01:44:21.830 INFO  sched: request 'chatcmpl-f4861a7f71d3b002' admitted to slot 0 (reserve 3 blocks; pool 1295/6144 blocks in use) — first token 785
2026-09-22 01:44:26.112 INFO  rank 1: slot 0 closed: 132 sampled decode steps, 0 fallbacks
2026-09-22 01:44:26.113 INFO  sched: request 'chatcmpl-f4861a7f71d3b002' retired (steps): 256 tok in 4.3 s — prefill 51 tok (48 cached) in 61 ms; decode 255 tok / 132 passes in 4.2 s: 60.4 tok/s, 16.6 ms/tok, 32 ms/pass, 1.93 tok/pass, accept p1 94 %
2026-09-22 01:44:26.193 INFO  sched: request 'chatcmpl-f4861a7f71d3b003' admitted to slot 0 (reserve 3 blocks; pool 1298/6144 blocks in use) — first token 785
2026-09-22 01:44:26.282 INFO  sched: request 'chatcmpl-f4861a7f71d3b004' admitted to slot 1 (reserve 3 blocks; pool 1301/6144 blocks in use) — first token 785
2026-09-22 01:44:26.397 INFO  sched: request 'chatcmpl-f4861a7f71d3b005' admitted to slot 2 (reserve 3 blocks; pool 1306/6144 blocks in use) — first token 785
2026-09-22 01:44:26.509 INFO  sched: request 'chatcmpl-f4861a7f71d3b006' admitted to slot 3 (reserve 3 blocks; pool 1309/6144 blocks in use) — first token 785
2026-09-22 01:44:28.240 INFO  stats: rank 1 | 10.0 s | decode 68.0 tok/s, 14.0 ms/tok, 35.4 ms/step (270 steps / 681 tok, 95 % of wall) | mtp 1.94 tok/step/req, accept p1 93 % | prefill 5 prompts / 16 tok, 2 tok/s, 18.50 ms/tok, 59 ms avg (3 % of wall), 212 tok cached (5/5 hits) | live 4, queued 0 | pool 1311/6144 blocks (21 %) | prefix cache 128/232 entries
2026-09-22 01:44:35.441 INFO  rank 1: slot 2 closed: 133 sampled decode steps, 0 fallbacks
2026-09-22 01:44:35.441 INFO  sched: request 'chatcmpl-f4861a7f71d3b005' retired (steps): 256 tok in 9.0 s — prefill 45 tok (40 cached) in 70 ms; decode 255 tok / 133 passes in 9.0 s: 28.4 tok/s, 35.2 ms/tok, 67 ms/pass, 1.92 tok/pass, accept p1 92 %
2026-09-22 01:44:35.639 INFO  rank 1: slot 3 closed: 135 sampled decode steps, 0 fallbacks
2026-09-22 01:44:35.639 INFO  sched: request 'chatcmpl-f4861a7f71d3b006' retired (steps): 256 tok in 9.1 s — prefill 51 tok (48 cached) in 56 ms; decode 255 tok / 135 passes in 9.1 s: 28.1 tok/s, 35.6 ms/tok, 67 ms/pass, 1.89 tok/pass, accept p1 90 %
2026-09-22 01:44:35.733 INFO  rank 1: slot 1 closed: 139 sampled decode steps, 0 fallbacks
2026-09-22 01:44:35.733 INFO  sched: request 'chatcmpl-f4861a7f71d3b004' retired (steps): 256 tok in 9.5 s — prefill 47 tok (44 cached) in 56 ms; decode 255 tok / 139 passes in 9.4 s: 27.1 tok/s, 36.8 ms/tok, 68 ms/pass, 1.83 tok/pass, accept p1 84 %
2026-09-22 01:44:35.733 INFO  rank 1: slot 0 closed: 140 sampled decode steps, 0 fallbacks
2026-09-22 01:44:35.733 INFO  sched: request 'chatcmpl-f4861a7f71d3b003' retired (steps): 256 tok in 9.5 s — prefill 34 tok (32 cached) in 53 ms; decode 255 tok / 140 passes in 9.5 s: 26.9 tok/s, 37.2 ms/tok, 68 ms/pass, 1.82 tok/pass, accept p1 83 %
2026-09-22 01:44:35.807 INFO  sched: request 'chatcmpl-f4861a7f71d3b007' admitted to slot 0 (reserve 3 blocks; pool 1310/6144 blocks in use) — first token 785
2026-09-22 01:44:35.891 INFO  sched: request 'chatcmpl-f4861a7f71d3b008' admitted to slot 1 (reserve 3 blocks; pool 1314/6144 blocks in use) — first token 785
2026-09-22 01:44:35.992 INFO  sched: request 'chatcmpl-f4861a7f71d3b009' admitted to slot 2 (reserve 3 blocks; pool 1317/6144 blocks in use) — first token 785
2026-09-22 01:44:36.118 INFO  sched: request 'chatcmpl-f4861a7f71d3b00a' admitted to slot 3 (reserve 3 blocks; pool 1322/6144 blocks in use) — first token 785
2026-09-22 01:44:38.250 INFO  stats: rank 1 | 10.0 s | decode 106.9 tok/s, 9.0 ms/tok, 66.1 ms/step (146 steps / 1070 tok, 96 % of wall) | mtp 1.87 tok/step/req, accept p1 87 % | prefill 4 prompts / 13 tok, 1 tok/s, 17.86 ms/tok, 58 ms avg (2 % of wall), 164 tok cached (4/4 hits) | live 4, queued 0 | pool 1323/6144 blocks (22 %) | prefix cache 132/232 entries
2026-09-22 01:44:45.270 INFO  rank 1: slot 0 closed: 139 sampled decode steps, 0 fallbacks
2026-09-22 01:44:45.270 INFO  sched: request 'chatcmpl-f4861a7f71d3b007' retired (steps): 256 tok in 9.5 s — prefill 51 tok (48 cached) in 57 ms; decode 255 tok / 139 passes in 9.4 s: 27.1 tok/s, 36.9 ms/tok, 68 ms/pass, 1.83 tok/pass, accept p1 83 %
2026-09-22 01:44:45.404 INFO  rank 1: slot 2 closed: 139 sampled decode steps, 0 fallbacks
2026-09-22 01:44:45.404 INFO  sched: request 'chatcmpl-f4861a7f71d3b009' retired (steps): 256 tok in 9.4 s — prefill 47 tok (44 cached) in 56 ms; decode 255 tok / 139 passes in 9.4 s: 27.3 tok/s, 36.7 ms/tok, 67 ms/pass, 1.83 tok/pass, accept p1 84 %
2026-09-22 01:44:45.469 INFO  rank 1: slot 1 closed: 141 sampled decode steps, 0 fallbacks
2026-09-22 01:44:45.470 INFO  sched: request 'chatcmpl-f4861a7f71d3b008' retired (steps): 256 tok in 9.6 s — prefill 34 tok (32 cached) in 51 ms; decode 255 tok / 141 passes in 9.5 s: 26.8 tok/s, 37.4 ms/tok, 68 ms/pass, 1.81 tok/pass, accept p1 81 %
2026-09-22 01:44:45.470 INFO  rank 1: slot 3 closed: 139 sampled decode steps, 0 fallbacks
2026-09-22 01:44:45.470 INFO  sched: request 'chatcmpl-f4861a7f71d3b00a' retired (steps): 256 tok in 9.4 s — prefill 45 tok (40 cached) in 68 ms; decode 255 tok / 139 passes in 9.3 s: 27.5 tok/s, 36.4 ms/tok, 67 ms/pass, 1.83 tok/pass, accept p1 84 %
2026-09-22 01:44:45.544 INFO  sched: request 'chatcmpl-f4861a7f71d3b00b' admitted to slot 0 (reserve 3 blocks; pool 1322/6144 blocks in use) — first token 785
2026-09-22 01:44:45.643 INFO  sched: request 'chatcmpl-f4861a7f71d3b00c' admitted to slot 1 (reserve 3 blocks; pool 1326/6144 blocks in use) — first token 785
2026-09-22 01:44:45.738 INFO  sched: request 'chatcmpl-f4861a7f71d3b00d' admitted to slot 2 (reserve 3 blocks; pool 1329/6144 blocks in use) — first token 785
2026-09-22 01:44:45.852 INFO  sched: request 'chatcmpl-f4861a7f71d3b00e' admitted to slot 3 (reserve 3 blocks; pool 1333/6144 blocks in use) — first token 785
2026-09-22 01:44:48.289 INFO  stats: rank 1 | 10.0 s | decode 105.9 tok/s, 9.1 ms/tok, 65.9 ms/step (147 steps / 1063 tok, 96 % of wall) | mtp 1.84 tok/step/req, accept p1 84 % | prefill 4 prompts / 13 tok, 1 tok/s, 17.80 ms/tok, 58 ms avg (2 % of wall), 164 tok cached (4/4 hits) | live 4, queued 0 | pool 1334/6144 blocks (22 %) | prefix cache 136/232 entries
2026-09-22 01:44:55.044 INFO  rank 1: slot 1 closed: 139 sampled decode steps, 0 fallbacks
2026-09-22 01:44:55.046 INFO  sched: request 'chatcmpl-f4861a7f71d3b00c' retired (steps): 256 tok in 9.4 s — prefill 45 tok (40 cached) in 66 ms; decode 255 tok / 139 passes in 9.3 s: 27.3 tok/s, 36.6 ms/tok, 67 ms/pass, 1.83 tok/pass, accept p1 83 %
2026-09-22 01:44:55.178 INFO  rank 1: slot 0 closed: 142 sampled decode steps, 0 fallbacks
2026-09-22 01:44:55.178 INFO  sched: request 'chatcmpl-f4861a7f71d3b00b' retired (steps): 256 tok in 9.6 s — prefill 51 tok (48 cached) in 58 ms; decode 255 tok / 142 passes in 9.6 s: 26.6 tok/s, 37.6 ms/tok, 67 ms/pass, 1.80 tok/pass, accept p1 80 %
2026-09-22 01:44:55.244 INFO  rank 1: slot 3 closed: 140 sampled decode steps, 0 fallbacks
2026-09-22 01:44:55.244 INFO  sched: request 'chatcmpl-f4861a7f71d3b00e' retired (steps): 256 tok in 9.4 s — prefill 47 tok (44 cached) in 57 ms; decode 255 tok / 140 passes in 9.3 s: 27.3 tok/s, 36.6 ms/tok, 67 ms/pass, 1.82 tok/pass, accept p1 83 %
2026-09-22 01:44:55.445 INFO  rank 1: slot 2 closed: 147 sampled decode steps, 0 fallbacks
2026-09-22 01:44:55.445 INFO  sched: request 'chatcmpl-f4861a7f71d3b00d' retired (steps): 256 tok in 9.7 s — prefill 34 tok (32 cached) in 50 ms; decode 255 tok / 147 passes in 9.7 s: 26.4 tok/s, 37.9 ms/tok, 66 ms/pass, 1.73 tok/pass, accept p1 73 %
2026-09-22 01:44:55.525 INFO  sched: request 'chatcmpl-f4861a7f71d3b00f' admitted to slot 0 (reserve 3 blocks; pool 1334/6144 blocks in use) — first token 785
2026-09-22 01:44:58.315 INFO  stats: rank 1 | 10.0 s | decode 89.4 tok/s, 10.9 ms/tok, 50.0 ms/step (196 steps / 896 tok, 98 % of wall) | mtp 1.79 tok/step/req, accept p1 79 % | prefill 1 prompt / 2 tok, 0 tok/s, 26.23 ms/tok, 52 ms avg (1 % of wall), 44 tok cached (1/1 hit) | live 1, queued 0 | pool 1335/6144 blocks (22 %) | prefix cache 140/232 entries
2026-09-22 01:44:59.719 INFO  rank 1: slot 0 closed: 131 sampled decode steps, 0 fallbacks
2026-09-22 01:44:59.719 INFO  sched: request 'chatcmpl-f4861a7f71d3b00f' retired (steps): 256 tok in 4.2 s — prefill 46 tok (44 cached) in 52 ms; decode 255 tok / 131 passes in 4.1 s: 61.6 tok/s, 16.2 ms/tok, 32 ms/pass, 1.95 tok/pass, accept p1 95 %
2026-09-22 01:44:59.789 INFO  sched: request 'chatcmpl-f4861a7f71d3b010' admitted to slot 0 (reserve 3 blocks; pool 1337/6144 blocks in use) — first token 785
2026-09-22 01:45:03.981 INFO  rank 1: slot 0 closed: 131 sampled decode steps, 0 fallbacks
2026-09-22 01:45:03.981 INFO  sched: request 'chatcmpl-f4861a7f71d3b010' retired (steps): 256 tok in 4.2 s — prefill 46 tok (44 cached) in 53 ms; decode 255 tok / 131 passes in 4.1 s: 61.6 tok/s, 16.2 ms/tok, 32 ms/pass, 1.95 tok/pass, accept p1 95 %
2026-09-22 01:45:04.056 INFO  sched: request 'chatcmpl-f4861a7f71d3b011' admitted to slot 0 (reserve 3 blocks; pool 1340/6144 blocks in use) — first token 785
2026-09-22 01:45:08.270 INFO  rank 1: slot 0 closed: 132 sampled decode steps, 0 fallbacks
2026-09-22 01:45:08.271 INFO  sched: request 'chatcmpl-f4861a7f71d3b011' retired (steps): 256 tok in 4.2 s — prefill 46 tok (44 cached) in 53 ms; decode 255 tok / 132 passes in 4.2 s: 61.3 tok/s, 16.3 ms/tok, 32 ms/pass, 1.93 tok/pass, accept p1 94 %
2026-09-22 01:45:08.356 INFO  sched: request 'chatcmpl-f4861a7f71d3b012' admitted to slot 0 (reserve 3 blocks; pool 1343/6144 blocks in use) — first token 785
2026-09-22 01:45:08.387 INFO  stats: rank 1 | 10.1 s | decode 59.9 tok/s, 16.1 ms/tok, 31.4 ms/step (308 steps / 603 tok, 96 % of wall) | mtp 1.96 tok/step/req, accept p1 95 % | prefill 3 prompts / 6 tok, 1 tok/s, 26.35 ms/tok, 53 ms avg (2 % of wall), 120 tok cached (3/3 hits) | live 1, queued 3 | pool 1343/6144 blocks (22 %) | prefix cache 143/232 entries
2026-09-22 01:45:08.445 INFO  sched: request 'chatcmpl-f4861a7f71d3b013' admitted to slot 1 (reserve 3 blocks; pool 1346/6144 blocks in use) — first token 785
2026-09-22 01:45:08.543 INFO  sched: request 'chatcmpl-f4861a7f71d3b014' admitted to slot 2 (reserve 3 blocks; pool 1351/6144 blocks in use) — first token 785
2026-09-22 01:45:08.670 INFO  sched: request 'chatcmpl-f4861a7f71d3b015' admitted to slot 3 (reserve 3 blocks; pool 1354/6144 blocks in use) — first token 785
2026-09-22 01:45:17.098 INFO  rank 1: slot 0 closed: 129 sampled decode steps, 0 fallbacks
2026-09-22 01:45:17.099 INFO  sched: request 'chatcmpl-f4861a7f71d3b012' retired (steps): 256 tok in 8.7 s — prefill 34 tok (32 cached) in 52 ms; decode 255 tok / 129 passes in 8.7 s: 29.3 tok/s, 34.1 ms/tok, 67 ms/pass, 1.98 tok/pass, accept p1 98 %
2026-09-22 01:45:17.361 INFO  rank 1: slot 3 closed: 130 sampled decode steps, 0 fallbacks
2026-09-22 01:45:17.363 INFO  sched: request 'chatcmpl-f4861a7f71d3b015' retired (steps): 256 tok in 8.7 s — prefill 45 tok (40 cached) in 70 ms; decode 255 tok / 130 passes in 8.6 s: 29.6 tok/s, 33.8 ms/tok, 66 ms/pass, 1.96 tok/pass, accept p1 97 %
2026-09-22 01:45:17.458 INFO  rank 1: slot 2 closed: 132 sampled decode steps, 0 fallbacks
2026-09-22 01:45:17.459 INFO  sched: request 'chatcmpl-f4861a7f71d3b014' retired (steps): 256 tok in 8.9 s — prefill 46 tok (44 cached) in 53 ms; decode 255 tok / 132 passes in 8.9 s: 28.8 tok/s, 34.8 ms/tok, 67 ms/pass, 1.93 tok/pass, accept p1 93 %
2026-09-22 01:45:17.914 INFO  rank 1: slot 1 closed: 147 sampled decode steps, 0 fallbacks
2026-09-22 01:45:17.915 INFO  sched: request 'chatcmpl-f4861a7f71d3b013' retired (steps): 256 tok in 9.5 s — prefill 47 tok (44 cached) in 56 ms; decode 255 tok / 147 passes in 9.4 s: 27.1 tok/s, 36.9 ms/tok, 64 ms/pass, 1.73 tok/pass, accept p1 73 %
2026-09-22 01:45:17.995 INFO  sched: request 'chatcmpl-f4861a7f71d3b016' admitted to slot 0 (reserve 3 blocks; pool 1355/6144 blocks in use) — first token 785
2026-09-22 01:45:18.095 INFO  sched: request 'chatcmpl-f4861a7f71d3b017' admitted to slot 1 (reserve 3 blocks; pool 1359/6144 blocks in use) — first token 785
2026-09-22 01:45:18.192 INFO  sched: request 'chatcmpl-f4861a7f71d3b018' admitted to slot 2 (reserve 3 blocks; pool 1362/6144 blocks in use) — first token 785
2026-09-22 01:45:18.302 INFO  sched: request 'chatcmpl-f4861a7f71d3b019' admitted to slot 3 (reserve 3 blocks; pool 1366/6144 blocks in use) — first token 785
2026-09-22 01:45:18.431 INFO  stats: rank 1 | 10.0 s | decode 104.8 tok/s, 9.0 ms/tok, 62.1 ms/step (152 steps / 1053 tok, 94 % of wall) | mtp 1.91 tok/step/req, accept p1 90 % | prefill 7 prompts / 22 tok, 2 tok/s, 18.54 ms/tok, 58 ms avg (4 % of wall), 288 tok cached (7/7 hits) | live 4, queued 0 | pool 1368/6144 blocks (22 %) | prefix cache 147/232 entries
2026-09-22 01:45:26.817 INFO  rank 1: slot 1 closed: 129 sampled decode steps, 0 fallbacks
2026-09-22 01:45:26.819 INFO  sched: request 'chatcmpl-f4861a7f71d3b017' retired (steps): 256 tok in 8.7 s — prefill 45 tok (40 cached) in 66 ms; decode 255 tok / 129 passes in 8.7 s: 29.5 tok/s, 33.9 ms/tok, 67 ms/pass, 1.98 tok/pass, accept p1 98 %
2026-09-22 01:45:26.885 INFO  rank 1: slot 3 closed: 128 sampled decode steps, 0 fallbacks
2026-09-22 01:45:26.885 INFO  sched: request 'chatcmpl-f4861a7f71d3b019' retired (steps): 256 tok in 8.6 s — prefill 46 tok (44 cached) in 52 ms; decode 255 tok / 128 passes in 8.5 s: 29.9 tok/s, 33.5 ms/tok, 67 ms/pass, 1.99 tok/pass, accept p1 99 %
2026-09-22 01:45:26.938 INFO  rank 1: slot 2 closed: 130 sampled decode steps, 0 fallbacks
2026-09-22 01:45:26.939 INFO  sched: request 'chatcmpl-f4861a7f71d3b018' retired (steps): 256 tok in 8.7 s — prefill 34 tok (32 cached) in 52 ms; decode 255 tok / 130 passes in 8.7 s: 29.3 tok/s, 34.1 ms/tok, 67 ms/pass, 1.96 tok/pass, accept p1 96 %
2026-09-22 01:45:27.229 INFO  rank 1: slot 0 closed: 141 sampled decode steps, 0 fallbacks
2026-09-22 01:45:27.230 INFO  sched: request 'chatcmpl-f4861a7f71d3b016' retired (steps): 256 tok in 9.2 s — prefill 47 tok (44 cached) in 58 ms; decode 255 tok / 141 passes in 9.2 s: 27.8 tok/s, 36.0 ms/tok, 65 ms/pass, 1.81 tok/pass, accept p1 81 %
2026-09-22 01:45:27.304 INFO  sched: request 'chatcmpl-f4861a7f71d3b01a' admitted to slot 0 (reserve 3 blocks; pool 1367/6144 blocks in use) — first token 785
2026-09-22 01:45:27.404 INFO  sched: request 'chatcmpl-f4861a7f71d3b01b' admitted to slot 1 (reserve 3 blocks; pool 1371/6144 blocks in use) — first token 785
2026-09-22 01:45:27.501 INFO  sched: request 'chatcmpl-f4861a7f71d3b01c' admitted to slot 2 (reserve 3 blocks; pool 1374/6144 blocks in use) — first token 785
2026-09-22 01:45:27.609 INFO  sched: request 'chatcmpl-f4861a7f71d3b01d' admitted to slot 3 (reserve 3 blocks; pool 1378/6144 blocks in use) — first token 785
2026-09-22 01:45:28.448 INFO  stats: rank 1 | 10.0 s | decode 110.3 tok/s, 8.7 ms/tok, 63.4 ms/step (152 steps / 1105 tok, 96 % of wall) | mtp 1.93 tok/step/req, accept p1 92 % | prefill 4 prompts / 12 tok, 1 tok/s, 19.07 ms/tok, 57 ms avg (2 % of wall), 160 tok cached (4/4 hits) | live 4, queued 0 | pool 1380/6144 blocks (22 %) | prefix cache 151/232 entries
2026-09-22 01:45:36.169 INFO  rank 1: slot 1 closed: 130 sampled decode steps, 0 fallbacks
2026-09-22 01:45:36.170 INFO  sched: request 'chatcmpl-f4861a7f71d3b01b' retired (steps): 256 tok in 8.8 s — prefill 45 tok (40 cached) in 67 ms; decode 255 tok / 130 passes in 8.7 s: 29.3 tok/s, 34.1 ms/tok, 67 ms/pass, 1.96 tok/pass, accept p1 97 %
2026-09-22 01:45:36.306 INFO  rank 1: slot 2 closed: 131 sampled decode steps, 0 fallbacks
2026-09-22 01:45:36.306 INFO  sched: request 'chatcmpl-f4861a7f71d3b01c' retired (steps): 256 tok in 8.8 s — prefill 46 tok (44 cached) in 52 ms; decode 255 tok / 131 passes in 8.8 s: 29.1 tok/s, 34.3 ms/tok, 67 ms/pass, 1.95 tok/pass, accept p1 95 %
2026-09-22 01:45:36.371 INFO  rank 1: slot 3 closed: 131 sampled decode steps, 0 fallbacks
2026-09-22 01:45:36.372 INFO  sched: request 'chatcmpl-f4861a7f71d3b01d' retired (steps): 256 tok in 8.8 s — prefill 34 tok (32 cached) in 52 ms; decode 255 tok / 131 passes in 8.7 s: 29.3 tok/s, 34.2 ms/tok, 66 ms/pass, 1.95 tok/pass, accept p1 95 %
2026-09-22 01:45:36.929 INFO  rank 1: slot 0 closed: 151 sampled decode steps, 0 fallbacks
2026-09-22 01:45:36.929 INFO  sched: request 'chatcmpl-f4861a7f71d3b01a' retired (steps): 256 tok in 9.6 s — prefill 47 tok (44 cached) in 58 ms; decode 255 tok / 151 passes in 9.6 s: 26.7 tok/s, 37.5 ms/tok, 63 ms/pass, 1.69 tok/pass, accept p1 70 %
2026-09-22 01:45:37.033 INFO  sched: request 'chatcmpl-f4861a7f71d3b01e' admitted to slot 0 (reserve 3 blocks; pool 1379/6144 blocks in use) — first token 1654
2026-09-22 01:45:38.455 INFO  stats: rank 1 | 10.0 s | decode 99.7 tok/s, 9.8 ms/tok, 54.7 ms/step (179 steps / 998 tok, 98 % of wall) | mtp 1.89 tok/step/req, accept p1 89 % | prefill 1 prompt / 4 tok, 0 tok/s, 16.31 ms/tok, 65 ms avg (1 % of wall), 64 tok cached (1/1 hit) | live 1, queued 0 | pool 1380/6144 blocks (22 %) | prefix cache 155/232 entries
2026-09-22 01:45:41.576 INFO  rank 1: slot 0 closed: 141 sampled decode steps, 0 fallbacks
2026-09-22 01:45:41.576 INFO  sched: request 'chatcmpl-f4861a7f71d3b01e' retired (steps): 256 tok in 4.5 s — prefill 68 tok (64 cached) in 65 ms; decode 255 tok / 141 passes in 4.5 s: 56.9 tok/s, 17.6 ms/tok, 32 ms/pass, 1.81 tok/pass, accept p1 81 %
2026-09-22 01:45:41.664 INFO  sched: request 'chatcmpl-f4861a7f71d3b01f' admitted to slot 0 (reserve 3 blocks; pool 1382/6144 blocks in use) — first token 785
2026-09-22 01:45:46.046 INFO  rank 1: slot 0 closed: 136 sampled decode steps, 0 fallbacks
2026-09-22 01:45:46.046 INFO  sched: request 'chatcmpl-f4861a7f71d3b01f' retired (steps): 256 tok in 4.4 s — prefill 68 tok (64 cached) in 65 ms; decode 255 tok / 136 passes in 4.3 s: 59.1 tok/s, 16.9 ms/tok, 32 ms/pass, 1.88 tok/pass, accept p1 88 %
2026-09-22 01:45:46.140 INFO  sched: request 'chatcmpl-f4861a7f71d3b020' admitted to slot 0 (reserve 3 blocks; pool 1385/6144 blocks in use) — first token 785
2026-09-22 01:45:48.459 INFO  stats: rank 1 | 10.0 s | decode 55.8 tok/s, 17.3 ms/tok, 31.7 ms/step (305 steps / 558 tok, 97 % of wall) | mtp 1.83 tok/step/req, accept p1 82 % | prefill 2 prompts / 8 tok, 1 tok/s, 16.40 ms/tok, 66 ms avg (1 % of wall), 128 tok cached (2/2 hits) | live 1, queued 0 | pool 1386/6144 blocks (23 %) | prefix cache 157/232 entries
2026-09-22 01:45:50.540 INFO  rank 1: slot 0 closed: 136 sampled decode steps, 0 fallbacks
2026-09-22 01:45:50.541 INFO  sched: request 'chatcmpl-f4861a7f71d3b020' retired (steps): 256 tok in 4.4 s — prefill 68 tok (64 cached) in 66 ms; decode 255 tok / 136 passes in 4.3 s: 58.8 tok/s, 17.0 ms/tok, 32 ms/pass, 1.88 tok/pass, accept p1 88 %
2026-09-22 01:45:50.630 INFO  sched: request 'chatcmpl-f4861a7f71d3b021' admitted to slot 0 (reserve 3 blocks; pool 1388/6144 blocks in use) — first token 785
2026-09-22 01:45:50.716 INFO  sched: request 'chatcmpl-f4861a7f71d3b022' admitted to slot 1 (reserve 3 blocks; pool 1391/6144 blocks in use) — first token 785
2026-09-22 01:45:50.819 INFO  sched: request 'chatcmpl-f4861a7f71d3b023' admitted to slot 2 (reserve 3 blocks; pool 1395/6144 blocks in use) — first token 785
2026-09-22 01:45:50.942 INFO  sched: request 'chatcmpl-f4861a7f71d3b024' admitted to slot 3 (reserve 3 blocks; pool 1400/6144 blocks in use) — first token 785
2026-09-22 01:45:58.485 INFO  stats: rank 1 | 10.0 s | decode 98.0 tok/s, 9.8 ms/tok, 54.1 ms/step (178 steps / 983 tok, 96 % of wall) | mtp 1.91 tok/step/req, accept p1 91 % | prefill 4 prompts / 12 tok, 1 tok/s, 19.17 ms/tok, 57 ms avg (2 % of wall), 196 tok cached (4/4 hits) | live 4, queued 0 | pool 1401/6144 blocks (23 %) | prefix cache 158/232 entries
2026-09-22 01:45:59.776 INFO  rank 1: slot 1 closed: 132 sampled decode steps, 0 fallbacks
2026-09-22 01:45:59.776 INFO  sched: request 'chatcmpl-f4861a7f71d3b022' retired (steps): 256 tok in 9.1 s — prefill 54 tok (52 cached) in 51 ms; decode 255 tok / 132 passes in 9.0 s: 28.3 tok/s, 35.3 ms/tok, 68 ms/pass, 1.93 tok/pass, accept p1 94 %
2026-09-22 01:45:59.909 INFO  rank 1: slot 2 closed: 133 sampled decode steps, 0 fallbacks
2026-09-22 01:45:59.910 INFO  sched: request 'chatcmpl-f4861a7f71d3b023' retired (steps): 256 tok in 9.1 s — prefill 39 tok (36 cached) in 58 ms; decode 255 tok / 133 passes in 9.0 s: 28.2 tok/s, 35.4 ms/tok, 68 ms/pass, 1.92 tok/pass, accept p1 92 %
2026-09-22 01:45:59.987 INFO  rank 1: slot 3 closed: 133 sampled decode steps, 0 fallbacks
2026-09-22 01:45:59.988 INFO  sched: request 'chatcmpl-f4861a7f71d3b024' retired (steps): 256 tok in 9.0 s — prefill 61 tok (56 cached) in 68 ms; decode 255 tok / 133 passes in 9.0 s: 28.4 tok/s, 35.2 ms/tok, 67 ms/pass, 1.92 tok/pass, accept p1 92 %
2026-09-22 01:46:00.022 INFO  rank 1: slot 0 closed: 137 sampled decode steps, 0 fallbacks
2026-09-22 01:46:00.023 INFO  sched: request 'chatcmpl-f4861a7f71d3b021' retired (steps): 256 tok in 9.4 s — prefill 54 tok (52 cached) in 52 ms; decode 255 tok / 137 passes in 9.3 s: 27.3 tok/s, 36.6 ms/tok, 68 ms/pass, 1.86 tok/pass, accept p1 86 %
2026-09-22 01:46:00.086 INFO  sched: request 'chatcmpl-f4861a7f71d3b025' admitted to slot 0 (reserve 3 blocks; pool 1400/6144 blocks in use) — first token 785
2026-09-22 01:46:00.185 INFO  sched: request 'chatcmpl-f4861a7f71d3b026' admitted to slot 1 (reserve 3 blocks; pool 1403/6144 blocks in use) — first token 1654
2026-09-22 01:46:00.287 INFO  sched: request 'chatcmpl-f4861a7f71d3b027' admitted to slot 2 (reserve 3 blocks; pool 1407/6144 blocks in use) — first token 785
2026-09-22 01:46:00.395 INFO  sched: request 'chatcmpl-f4861a7f71d3b028' admitted to slot 3 (reserve 3 blocks; pool 1411/6144 blocks in use) — first token 785
2026-09-22 01:46:08.525 INFO  stats: rank 1 | 10.0 s | decode 110.0 tok/s, 8.8 ms/tok, 66.4 ms/step (146 steps / 1104 tok, 97 % of wall) | mtp 1.93 tok/step/req, accept p1 93 % | prefill 4 prompts / 12 tok, 1 tok/s, 18.95 ms/tok, 57 ms avg (2 % of wall), 196 tok cached (4/4 hits) | live 4, queued 0 | pool 1413/6144 blocks (23 %) | prefix cache 162/232 entries
2026-09-22 01:46:09.068 INFO  rank 1: slot 0 closed: 131 sampled decode steps, 0 fallbacks
2026-09-22 01:46:09.069 INFO  sched: request 'chatcmpl-f4861a7f71d3b025' retired (steps): 256 tok in 9.0 s — prefill 54 tok (52 cached) in 53 ms; decode 255 tok / 131 passes in 8.9 s: 28.6 tok/s, 35.0 ms/tok, 68 ms/pass, 1.95 tok/pass, accept p1 95 %
2026-09-22 01:46:09.268 INFO  rank 1: slot 2 closed: 132 sampled decode steps, 0 fallbacks
2026-09-22 01:46:09.268 INFO  sched: request 'chatcmpl-f4861a7f71d3b027' retired (steps): 256 tok in 9.0 s — prefill 39 tok (36 cached) in 57 ms; decode 255 tok / 132 passes in 8.9 s: 28.6 tok/s, 35.0 ms/tok, 68 ms/pass, 1.93 tok/pass, accept p1 94 %
2026-09-22 01:46:09.268 INFO  rank 1: slot 3 closed: 131 sampled decode steps, 0 fallbacks
2026-09-22 01:46:09.268 INFO  sched: request 'chatcmpl-f4861a7f71d3b028' retired (steps): 256 tok in 8.9 s — prefill 54 tok (52 cached) in 52 ms; decode 255 tok / 131 passes in 8.8 s: 28.9 tok/s, 34.6 ms/tok, 67 ms/pass, 1.95 tok/pass, accept p1 95 %
2026-09-22 01:46:09.405 INFO  rank 1: slot 1 closed: 137 sampled decode steps, 0 fallbacks
2026-09-22 01:46:09.406 INFO  sched: request 'chatcmpl-f4861a7f71d3b026' retired (steps): 256 tok in 9.2 s — prefill 61 tok (56 cached) in 66 ms; decode 255 tok / 137 passes in 9.2 s: 27.9 tok/s, 35.9 ms/tok, 67 ms/pass, 1.86 tok/pass, accept p1 86 %
2026-09-22 01:46:09.492 INFO  sched: request 'chatcmpl-f4861a7f71d3b029' admitted to slot 0 (reserve 3 blocks; pool 1412/6144 blocks in use) — first token 785
2026-09-22 01:46:09.592 INFO  sched: request 'chatcmpl-f4861a7f71d3b02a' admitted to slot 1 (reserve 3 blocks; pool 1416/6144 blocks in use) — first token 1654
2026-09-22 01:46:09.688 INFO  sched: request 'chatcmpl-f4861a7f71d3b02b' admitted to slot 2 (reserve 3 blocks; pool 1419/6144 blocks in use) — first token 785
2026-09-22 01:46:09.796 INFO  sched: request 'chatcmpl-f4861a7f71d3b02c' admitted to slot 3 (reserve 3 blocks; pool 1423/6144 blocks in use) — first token 1654
2026-09-22 01:46:18.563 INFO  stats: rank 1 | 10.0 s | decode 108.6 tok/s, 8.9 ms/tok, 65.8 ms/step (147 steps / 1090 tok, 96 % of wall) | mtp 1.92 tok/step/req, accept p1 92 % | prefill 4 prompts / 12 tok, 1 tok/s, 19.16 ms/tok, 57 ms avg (2 % of wall), 196 tok cached (4/4 hits) | live 4, queued 0 | pool 1425/6144 blocks (23 %) | prefix cache 166/232 entries
2026-09-22 01:46:18.703 INFO  rank 1: slot 2 closed: 132 sampled decode steps, 0 fallbacks
2026-09-22 01:46:18.704 INFO  sched: request 'chatcmpl-f4861a7f71d3b02b' retired (steps): 256 tok in 9.0 s — prefill 54 tok (52 cached) in 52 ms; decode 255 tok / 132 passes in 9.0 s: 28.4 tok/s, 35.2 ms/tok, 68 ms/pass, 1.93 tok/pass, accept p1 94 %
2026-09-22 01:46:18.704 INFO  rank 1: slot 3 closed: 131 sampled decode steps, 0 fallbacks
2026-09-22 01:46:18.705 INFO  sched: request 'chatcmpl-f4861a7f71d3b02c' retired (steps): 256 tok in 8.9 s — prefill 54 tok (52 cached) in 52 ms; decode 255 tok / 131 passes in 8.9 s: 28.8 tok/s, 34.7 ms/tok, 68 ms/pass, 1.95 tok/pass, accept p1 95 %
2026-09-22 01:46:18.705 INFO  rank 1: slot 0 closed: 134 sampled decode steps, 1 fallbacks
2026-09-22 01:46:18.705 INFO  sched: request 'chatcmpl-f4861a7f71d3b029' retired (steps): 256 tok in 9.2 s — prefill 39 tok (36 cached) in 59 ms; decode 255 tok / 134 passes in 9.2 s: 27.9 tok/s, 35.9 ms/tok, 68 ms/pass, 1.90 tok/pass, accept p1 90 %
2026-09-22 01:46:18.772 INFO  rank 1: slot 1 closed: 135 sampled decode steps, 0 fallbacks
2026-09-22 01:46:18.772 INFO  sched: request 'chatcmpl-f4861a7f71d3b02a' retired (steps): 256 tok in 9.2 s — prefill 61 tok (56 cached) in 67 ms; decode 255 tok / 135 passes in 9.1 s: 28.0 tok/s, 35.7 ms/tok, 68 ms/pass, 1.89 tok/pass, accept p1 89 %
2026-09-22 01:46:18.860 INFO  sched: request 'chatcmpl-f4861a7f71d3b02d' admitted to slot 0 (reserve 3 blocks; pool 1424/6144 blocks in use) — first token 785
2026-09-22 01:46:23.569 INFO  rank 1: slot 0 closed: 147 sampled decode steps, 0 fallbacks
2026-09-22 01:46:23.569 INFO  sched: request 'chatcmpl-f4861a7f71d3b02d' retired (steps): 256 tok in 4.7 s — prefill 40 tok (36 cached) in 66 ms; decode 255 tok / 147 passes in 4.6 s: 54.9 tok/s, 18.2 ms/tok, 32 ms/pass, 1.73 tok/pass, accept p1 74 %
2026-09-22 01:46:23.662 INFO  sched: request 'chatcmpl-f4861a7f71d3b02e' admitted to slot 0 (reserve 3 blocks; pool 1427/6144 blocks in use) — first token 785
2026-09-22 01:46:28.252 INFO  rank 1: slot 0 closed: 143 sampled decode steps, 0 fallbacks
2026-09-22 01:46:28.252 INFO  sched: request 'chatcmpl-f4861a7f71d3b02e' retired (steps): 256 tok in 4.6 s — prefill 40 tok (36 cached) in 66 ms; decode 255 tok / 143 passes in 4.5 s: 56.4 tok/s, 17.7 ms/tok, 32 ms/pass, 1.78 tok/pass, accept p1 79 %
2026-09-22 01:46:28.341 INFO  sched: request 'chatcmpl-f4861a7f71d3b02f' admitted to slot 0 (reserve 3 blocks; pool 1430/6144 blocks in use) — first token 785
2026-09-22 01:46:28.569 INFO  stats: rank 1 | 10.0 s | decode 54.5 tok/s, 17.5 ms/tok, 31.8 ms/step (301 steps / 545 tok, 96 % of wall) | mtp 1.78 tok/step/req, accept p1 78 % | prefill 3 prompts / 12 tok, 1 tok/s, 16.51 ms/tok, 66 ms avg (2 % of wall), 108 tok cached (3/3 hits) | live 1, queued 0 | pool 1431/6144 blocks (23 %) | prefix cache 172/232 entries
2026-09-22 01:46:33.047 INFO  rank 1: slot 0 closed: 147 sampled decode steps, 0 fallbacks
2026-09-22 01:46:33.047 INFO  sched: request 'chatcmpl-f4861a7f71d3b02f' retired (steps): 256 tok in 4.7 s — prefill 40 tok (36 cached) in 67 ms; decode 255 tok / 147 passes in 4.6 s: 55.0 tok/s, 18.2 ms/tok, 32 ms/pass, 1.73 tok/pass, accept p1 73 %
2026-09-22 01:46:33.157 INFO  sched: request 'chatcmpl-f4861a7f71d3b030' admitted to slot 0 (reserve 3 blocks; pool 1433/6144 blocks in use) — first token 785
2026-09-22 01:46:33.259 INFO  sched: request 'chatcmpl-f4861a7f71d3b031' admitted to slot 1 (reserve 3 blocks; pool 1437/6144 blocks in use) — first token 785
2026-09-22 01:46:33.359 INFO  sched: request 'chatcmpl-f4861a7f71d3b032' admitted to slot 2 (reserve 3 blocks; pool 1440/6144 blocks in use) — first token 785
2026-09-22 01:46:33.483 INFO  sched: request 'chatcmpl-f4861a7f71d3b033' admitted to slot 3 (reserve 3 blocks; pool 1445/6144 blocks in use) — first token 785
2026-09-22 01:46:38.597 INFO  stats: rank 1 | 10.0 s | decode 80.5 tok/s, 11.9 ms/tok, 43.6 ms/step (220 steps / 807 tok, 96 % of wall) | mtp 1.78 tok/step/req, accept p1 77 % | prefill 4 prompts / 16 tok, 2 tok/s, 16.05 ms/tok, 64 ms avg (3 % of wall), 136 tok cached (4/4 hits) | live 4, queued 0 | pool 1446/6144 blocks (24 %) | prefix cache 173/232 entries
2026-09-22 01:46:42.821 INFO  rank 1: slot 0 closed: 143 sampled decode steps, 0 fallbacks
2026-09-22 01:46:42.821 INFO  sched: request 'chatcmpl-f4861a7f71d3b030' retired (steps): 256 tok in 9.7 s — prefill 40 tok (36 cached) in 67 ms; decode 255 tok / 143 passes in 9.6 s: 26.6 tok/s, 37.6 ms/tok, 67 ms/pass, 1.78 tok/pass, accept p1 78 %
2026-09-22 01:46:42.953 INFO  rank 1: slot 3 closed: 142 sampled decode steps, 0 fallbacks
2026-09-22 01:46:42.954 INFO  sched: request 'chatcmpl-f4861a7f71d3b033' retired (steps): 256 tok in 9.5 s — prefill 40 tok (36 cached) in 67 ms; decode 255 tok / 142 passes in 9.4 s: 27.1 tok/s, 36.9 ms/tok, 66 ms/pass, 1.80 tok/pass, accept p1 80 %
2026-09-22 01:46:43.007 INFO  rank 1: slot 1 closed: 145 sampled decode steps, 0 fallbacks
2026-09-22 01:46:43.008 INFO  sched: request 'chatcmpl-f4861a7f71d3b031' retired (steps): 256 tok in 9.7 s — prefill 41 tok (36 cached) in 68 ms; decode 255 tok / 145 passes in 9.7 s: 26.3 tok/s, 38.0 ms/tok, 67 ms/pass, 1.76 tok/pass, accept p1 76 %
2026-09-22 01:46:43.042 INFO  rank 1: slot 2 closed: 145 sampled decode steps, 0 fallbacks
2026-09-22 01:46:43.042 INFO  sched: request 'chatcmpl-f4861a7f71d3b032' retired (steps): 256 tok in 9.7 s — prefill 31 tok (28 cached) in 54 ms; decode 255 tok / 145 passes in 9.6 s: 26.5 tok/s, 37.8 ms/tok, 66 ms/pass, 1.76 tok/pass, accept p1 77 %
2026-09-22 01:46:43.131 INFO  sched: request 'chatcmpl-f4861a7f71d3b034' admitted to slot 0 (reserve 3 blocks; pool 1445/6144 blocks in use) — first token 785
2026-09-22 01:46:43.229 INFO  sched: request 'chatcmpl-f4861a7f71d3b035' admitted to slot 1 (reserve 3 blocks; pool 1449/6144 blocks in use) — first token 785
2026-09-22 01:46:43.339 INFO  sched: request 'chatcmpl-f4861a7f71d3b036' admitted to slot 2 (reserve 3 blocks; pool 1453/6144 blocks in use) — first token 785
2026-09-22 01:46:43.464 INFO  sched: request 'chatcmpl-f4861a7f71d3b037' admitted to slot 3 (reserve 3 blocks; pool 1457/6144 blocks in use) — first token 785
2026-09-22 01:46:48.631 INFO  stats: rank 1 | 10.0 s | decode 102.4 tok/s, 9.3 ms/tok, 64.9 ms/step (148 steps / 1028 tok, 96 % of wall) | mtp 1.78 tok/step/req, accept p1 77 % | prefill 4 prompts / 16 tok, 2 tok/s, 16.12 ms/tok, 64 ms avg (3 % of wall), 136 tok cached (4/4 hits) | live 4, queued 0 | pool 1458/6144 blocks (24 %) | prefix cache 177/232 entries
2026-09-22 01:46:52.786 INFO  rank 1: slot 1 closed: 142 sampled decode steps, 0 fallbacks
2026-09-22 01:46:52.786 INFO  sched: request 'chatcmpl-f4861a7f71d3b035' retired (steps): 256 tok in 9.6 s — prefill 40 tok (36 cached) in 65 ms; decode 255 tok / 142 passes in 9.5 s: 26.9 tok/s, 37.2 ms/tok, 67 ms/pass, 1.80 tok/pass, accept p1 80 %
2026-09-22 01:46:52.786 INFO  rank 1: slot 2 closed: 141 sampled decode steps, 0 fallbacks
2026-09-22 01:46:52.786 INFO  sched: request 'chatcmpl-f4861a7f71d3b036' retired (steps): 256 tok in 9.4 s — prefill 40 tok (36 cached) in 66 ms; decode 255 tok / 141 passes in 9.4 s: 27.2 tok/s, 36.8 ms/tok, 67 ms/pass, 1.81 tok/pass, accept p1 81 %
2026-09-22 01:46:52.977 INFO  rank 1: slot 0 closed: 146 sampled decode steps, 0 fallbacks
2026-09-22 01:46:52.977 INFO  sched: request 'chatcmpl-f4861a7f71d3b034' retired (steps): 256 tok in 9.8 s — prefill 31 tok (28 cached) in 57 ms; decode 255 tok / 146 passes in 9.8 s: 26.1 tok/s, 38.4 ms/tok, 67 ms/pass, 1.75 tok/pass, accept p1 75 %
2026-09-22 01:46:53.176 INFO  rank 1: slot 3 closed: 149 sampled decode steps, 0 fallbacks
2026-09-22 01:46:53.177 INFO  sched: request 'chatcmpl-f4861a7f71d3b037' retired (steps): 256 tok in 9.7 s — prefill 41 tok (36 cached) in 70 ms; decode 255 tok / 149 passes in 9.6 s: 26.4 tok/s, 37.8 ms/tok, 65 ms/pass, 1.71 tok/pass, accept p1 72 %
2026-09-22 01:46:53.275 INFO  sched: request 'chatcmpl-f4861a7f71d3b038' admitted to slot 0 (reserve 3 blocks; pool 1457/6144 blocks in use) — first token 785
2026-09-22 01:46:53.364 INFO  sched: request 'chatcmpl-f4861a7f71d3b039' admitted to slot 1 (reserve 3 blocks; pool 1461/6144 blocks in use) — first token 785
2026-09-22 01:46:53.475 INFO  sched: request 'chatcmpl-f4861a7f71d3b03a' admitted to slot 2 (reserve 3 blocks; pool 1465/6144 blocks in use) — first token 785
2026-09-22 01:46:53.602 INFO  sched: request 'chatcmpl-f4861a7f71d3b03b' admitted to slot 3 (reserve 3 blocks; pool 1469/6144 blocks in use) — first token 785
2026-09-22 01:46:58.683 INFO  stats: rank 1 | 10.1 s | decode 100.6 tok/s, 9.5 ms/tok, 63.9 ms/step (151 steps / 1011 tok, 96 % of wall) | mtp 1.76 tok/step/req, accept p1 76 % | prefill 4 prompts / 16 tok, 2 tok/s, 15.97 ms/tok, 64 ms avg (3 % of wall), 136 tok cached (4/4 hits) | live 4, queued 0 | pool 1470/6144 blocks (24 %) | prefix cache 181/232 entries
2026-09-22 01:47:02.865 INFO  rank 1: slot 1 closed: 142 sampled decode steps, 0 fallbacks
2026-09-22 01:47:02.865 INFO  sched: request 'chatcmpl-f4861a7f71d3b039' retired (steps): 256 tok in 9.5 s — prefill 31 tok (28 cached) in 54 ms; decode 255 tok / 142 passes in 9.4 s: 27.0 tok/s, 37.1 ms/tok, 67 ms/pass, 1.80 tok/pass, accept p1 80 %
2026-09-22 01:47:03.060 INFO  rank 1: slot 2 closed: 144 sampled decode steps, 0 fallbacks
2026-09-22 01:47:03.060 INFO  sched: request 'chatcmpl-f4861a7f71d3b03a' retired (steps): 256 tok in 9.6 s — prefill 40 tok (36 cached) in 65 ms; decode 255 tok / 144 passes in 9.5 s: 26.8 tok/s, 37.3 ms/tok, 66 ms/pass, 1.77 tok/pass, accept p1 78 %
2026-09-22 01:47:03.060 INFO  rank 1: slot 0 closed: 146 sampled decode steps, 0 fallbacks
2026-09-22 01:47:03.060 INFO  sched: request 'chatcmpl-f4861a7f71d3b038' retired (steps): 256 tok in 9.8 s — prefill 40 tok (36 cached) in 67 ms; decode 255 tok / 146 passes in 9.7 s: 26.2 tok/s, 38.1 ms/tok, 67 ms/pass, 1.75 tok/pass, accept p1 75 %
2026-09-22 01:47:03.225 INFO  rank 1: slot 3 closed: 148 sampled decode steps, 0 fallbacks
2026-09-22 01:47:03.226 INFO  sched: request 'chatcmpl-f4861a7f71d3b03b' retired (steps): 256 tok in 9.6 s — prefill 41 tok (36 cached) in 70 ms; decode 255 tok / 148 passes in 9.6 s: 26.7 tok/s, 37.5 ms/tok, 65 ms/pass, 1.72 tok/pass, accept p1 73 %
2026-09-22 01:47:03.381 INFO  sched: request 'chatcmpl-f4861a7f71d3b03c' admitted to slot 0 (reserve 1 blocks; pool 1467/6144 blocks in use) — first token 785
2026-09-22 01:47:04.475 INFO  sched: request 'chatcmpl-f4861a7f71d3b03c' retired (steps): 64 tok in 1.1 s — prefill 62 tok (60 cached) in 51 ms; decode 63 tok / 34 passes in 1.0 s: 60.4 tok/s, 16.5 ms/tok, 31 ms/pass, 1.85 tok/pass, accept p1 85 %
2026-09-22 01:47:04.543 INFO  sched: request 'chatcmpl-f4861a7f71d3b03d' admitted to slot 0 (reserve 3 blocks; pool 1469/6144 blocks in use) — first token 785
2026-09-22 01:47:08.692 INFO  stats: rank 1 | 10.0 s | decode 76.7 tok/s, 12.6 ms/tok, 41.1 ms/step (235 steps / 768 tok, 96 % of wall) | mtp 1.79 tok/step/req, accept p1 79 % | prefill 2 prompts / 4 tok, 0 tok/s, 25.62 ms/tok, 51 ms avg (1 % of wall), 120 tok cached (2/2 hits) | live 1, queued 0 | pool 1470/6144 blocks (24 %) | prefix cache 185/232 entries
2026-09-22 01:47:09.013 INFO  sched: request 'chatcmpl-f4861a7f71d3b03d' retired (steps): 256 tok in 4.5 s — prefill 62 tok (60 cached) in 51 ms; decode 255 tok / 140 passes in 4.4 s: 57.7 tok/s, 17.3 ms/tok, 32 ms/pass, 1.82 tok/pass, accept p1 82 %
2026-09-22 01:47:09.075 INFO  sched: request 'chatcmpl-f4861a7f71d3b03e' admitted to slot 0 (reserve 3 blocks; pool 1472/6144 blocks in use) — first token 785
2026-09-22 01:47:09.402 INFO  sched: request 'chatcmpl-f4861a7f71d3b03f' prefix cache miss — 2 cut(s) probed against 186 entries; the nearest entry (position 316) shares the first 22 of the prompt's 62 tokens (the prompt differs from it from that token on)
2026-09-22 01:47:09.402 INFO  sched: request 'chatcmpl-f4861a7f71d3b03f' admitted to slot 1 (reserve 3 blocks; pool 1476/6144 blocks in use) — first token 785
2026-09-22 01:47:09.748 INFO  sched: request 'chatcmpl-f4861a7f71d3b040' prefix cache miss — 2 cut(s) probed against 187 entries; the nearest entry (position 316) shares the first 22 of the prompt's 66 tokens (the prompt differs from it from that token on)
2026-09-22 01:47:09.748 INFO  sched: request 'chatcmpl-f4861a7f71d3b040' admitted to slot 2 (reserve 3 blocks; pool 1481/6144 blocks in use) — first token 785
2026-09-22 01:47:10.104 INFO  sched: request 'chatcmpl-f4861a7f71d3b041' prefix cache miss — 2 cut(s) probed against 188 entries; the nearest entry (position 316) shares the first 22 of the prompt's 59 tokens (the prompt differs from it from that token on)
2026-09-22 01:47:10.104 INFO  sched: request 'chatcmpl-f4861a7f71d3b041' admitted to slot 3 (reserve 3 blocks; pool 1486/6144 blocks in use) — first token 785
2026-09-22 01:47:18.742 INFO  stats: rank 1 | 10.0 s | decode 98.0 tok/s, 9.1 ms/tok, 62.4 ms/step (144 steps / 985 tok, 89 % of wall) | mtp 1.82 tok/step/req, accept p1 82 % | prefill 4 prompts / 189 tok, 19 tok/s, 5.01 ms/tok, 237 ms avg (9 % of wall), 60 tok cached (1/4 hits) | live 4, queued 0 | pool 1488/6144 blocks (24 %) | prefix cache 189/232 entries
2026-09-22 01:47:19.012 INFO  sched: request 'chatcmpl-f4861a7f71d3b03f' retired (steps): 256 tok in 9.6 s — prefill 62 tok (0 cached) in 295 ms; decode 255 tok / 137 passes in 9.3 s: 27.4 tok/s, 36.5 ms/tok, 68 ms/pass, 1.86 tok/pass, accept p1 87 %
2026-09-22 01:47:19.272 INFO  sched: request 'chatcmpl-f4861a7f71d3b041' retired (steps): 256 tok in 9.2 s — prefill 59 tok (0 cached) in 300 ms; decode 255 tok / 139 passes in 8.9 s: 28.8 tok/s, 34.8 ms/tok, 64 ms/pass, 1.83 tok/pass, accept p1 84 %
2026-09-22 01:47:19.485 INFO  sched: request 'chatcmpl-f4861a7f71d3b040' retired (steps): 256 tok in 9.7 s — prefill 66 tok (0 cached) in 302 ms; decode 255 tok / 144 passes in 9.4 s: 27.0 tok/s, 37.0 ms/tok, 66 ms/pass, 1.77 tok/pass, accept p1 78 %
2026-09-22 01:47:19.485 INFO  sched: request 'chatcmpl-f4861a7f71d3b03e' retired (steps): 256 tok in 10.4 s — prefill 62 tok (60 cached) in 51 ms; decode 255 tok / 146 passes in 10.4 s: 24.6 tok/s, 40.6 ms/tok, 71 ms/pass, 1.75 tok/pass, accept p1 75 %
2026-09-22 01:47:21.138 INFO  journal: stop record — exiting
2026-09-22 01:47:21.156 INFO  rank 1: graph engine sampling summary — 10392 sampled decode steps, 19 served by the exact gather fallback (0.2%), 112 candidates per rank
2026-09-22 01:47:22.448 INFO  rank 1: exited cleanly
