2026-09-22 03:17:53.967 INFO  dgpp-serve 0.1.0+ga3ed8994a34c (git a3ed8994a34c)
2026-09-22 03:17:53.967 INFO  config /tmp/bus4/deployments/2d0321ed68f3c539/cluster.json: model nvidia/GLM-4.7-NVFP4, world 4, rank 3, http :18080, fabric :29970, journal :29971
2026-09-22 03:17:53.967 INFO  model nvidia/GLM-4.7-NVFP4 -> /home/stephen/.cache/huggingface/hub/models--nvidia--GLM-4.7-NVFP4/snapshots/47fa7dc885a174b67af8eb53d3cd4f9c72f0fbf7
2026-09-22 03:17:53.968 INFO  journal: connected to rank 0 at 192.168.88.11:29971 (120000 attempt window)
2026-09-22 03:17:53.968 INFO  rank 3: settings from rank 0: model=nvidia/GLM-4.7-NVFP4 world=4 fabric=29970 journal=29971 conc=4 kv=262144 kvdt=bf16 ngt=resident dw=checkpoint bfw=bf12+bf16 fp8head=gemv pf=bounded emsh=replicated maxtok=256 queue=8 eos=1 graph=1 compact=0 mtp=1 mtpd=1 mss=0 msrow=8 msbase=28 mslam=0 msmin=1 msad=1 batchmin=2 cand=128 pcgib=1.5 adm=full win=256 pfbudget=0 pfidle=0 pace=-1 inflight=-1 reasoning_in_content=0 rs=off
2026-09-22 03:17:53.968 INFO  config: model=nvidia/GLM-4.7-NVFP4 world=4 fabric=29970 journal=29971 conc=4 kv=262144 kvdt=bf16 ngt=resident dw=checkpoint bfw=bf12+bf16 fp8head=gemv pf=bounded emsh=replicated maxtok=256 queue=8 eos=1 graph=1 compact=0 mtp=1 mtpd=1 mss=0 msrow=8 msbase=28 mslam=0 msmin=1 msad=1 batchmin=2 cand=128 pcgib=1.5 adm=full win=256 pfbudget=0 pfidle=0 pace=-1 inflight=-1 reasoning_in_content=0 rs=off (digest 332da49f875e276c)
2026-09-22 03:17:54.091 INFO  serve: model family glm4_moe (/home/stephen/.cache/huggingface/hub/models--nvidia--GLM-4.7-NVFP4/snapshots/47fa7dc885a174b67af8eb53d3cd4f9c72f0fbf7)
2026-09-22 03:17:54.091 INFO  serve: decode rows 8 (4 slot(s) x 2 row(s) per request, floor 8, the glm4_moe family's cap 32)
2026-09-22 03:17:54.100 WARN  generation config /home/stephen/.cache/huggingface/hub/models--nvidia--GLM-4.7-NVFP4/snapshots/47fa7dc885a174b67af8eb53d3cd4f9c72f0fbf7/generation_config.json omits top_p, top_k, min_p, repetition_penalty; using greedy-safe/neutral fallbacks for those fields
2026-09-22 03:17:54.100 INFO  generation defaults: temperature=1 top_p=1 top_k=0 min_p=0 repetition_penalty=1
2026-09-22 03:17:54.100 INFO  serve: sampling defaults temperature 1 top_p 1 top_k 0 min_p 0 repetition_penalty 1 (from generation_config.json; overrides: none)
2026-09-22 03:17:54.100 INFO  serve: request context limit 262144 tokens (the 262144-token K/V pool from engine.kv_capacity 262144; this family states no positional ceiling of its own)
2026-09-22 03:17:54.100 INFO  rank 3: prefix cache plan — 1.5 GiB budget, 4096 slots of 0.010 MiB, 0.039 GiB allocated; cached K/V blocks share the 262144-token pool
2026-09-22 03:17:54.275 INFO  tokenizer: loaded vocab 151329 merges 318088 added 36 (revision 0x1298f37cacbfb539; glm pattern, no normalizer, ignore_merges true)
2026-09-22 03:17:54.285 INFO  serve: grammar vocabulary built (151552 ids, tool markers present, call-turn EOS 151338)
2026-09-22 03:17:54.388 INFO  serve: JSON grammar tables built in 0.10 s
2026-09-22 03:17:54.625 INFO  bus: globaltimer offset 17449722042 ns (+-2 us)
2026-09-22 03:17:54.636 INFO  verbs: device roceP2p1s0f0 port 1 gid_index 3
2026-09-22 03:17:54.643 INFO  verbs: device rocep1s0f0 port 1 gid_index 3
2026-09-22 03:17:55.697 INFO  bus: rank 3 up — 3 peer(s) x 2 lane(s), lat 8x81920B, bulk 8x262144B, bulk pace 28.3 Gb/s per QP, window 4 per lane
2026-09-22 03:17:55.697 INFO  rank 3: boundary reducer host-driven
2026-09-22 03:17:55.817 INFO  rank 3: process memory locked (mlockall MCL_CURRENT, 14512 MiB)
2026-09-22 03:17:55.817 INFO  rank 3: resident image cache at /home/stephen/.cache/dgpp/resident
2026-09-22 03:17:55.818 INFO  bus engine: rank 3 pinned to cpu 19
2026-09-22 03:17:55.893 INFO  rank 3: memory plan for a 202752-token context — model weights (resident) 52.79 GiB; loader staging (pinned host, freed when the last layer is resident) 1.81 GiB (1.81 GiB pinned); bf16 decode packing (12-bit companions) 4.89 GiB; gemm workspace (at least) 0.06 GiB; kv cache pool (K/V bf16, the draft layer's included) 23.25 GiB; activations (session core, residual, block io, route staging) 0.38 GiB (0.01 GiB pinned); layer objects (attention, dense MLP) 0.11 GiB; moe scratch (routed slots, shared expert, graph tables) 0.62 GiB (0.00 GiB pinned); draft block (gathered hidden, the fused input, its residual) 0.08 GiB; prefix cache 0.04 GiB; engine 0.07 GiB
2026-09-22 03:17:55.893 INFO  rank 3: memory plan total 84.10 GiB (82.17 GiB device + 1.93 GiB pinned) + 4.00 GiB headroom against 116.72 GiB free (device free 113.17 GiB of 121.69 GiB, host available 116.72 GiB)
2026-09-22 03:17:55.893 INFO  memory ledger: rank 3 after the plan check — rss 1.14 GiB (anon 0.41, shmem 0.09, file 0.64; locked 14.17); device free 113.17 GiB, node available 116.72 GiB
2026-09-22 03:17:55.893 INFO  memory ledger: rank 3 after the bus — rss 1.14 GiB (anon 0.41, shmem 0.09, file 0.64; locked 14.17); device free 113.17 GiB, node available 116.72 GiB
2026-09-22 03:17:56.422 INFO  glm4 loader: rank 3 resident footprint 52.8 GiB; device free 113.1 of 121.7 GiB, host available 116.6 GiB
2026-09-22 03:17:57.369 INFO  glm4 loader: rank 3 resident image /home/stephen/.cache/dgpp/resident/13cf0f77c5810d9a.img — 93/93 layers present, direct I/O
2026-09-22 03:17:57.386 INFO  l2 prefetch: on, window budget 12 MiB, boundary rate light, layer rate light
2026-09-22 03:18:00.402 INFO  memory ledger: rank 3 after the model — rss 4.88 GiB (anon 0.49, shmem 1.91, file 2.48; locked 14.17); device free 83.50 GiB, node available 88.87 GiB
2026-09-22 03:18:00.402 INFO  rank 3: model constructed in 4.5s (resident, 4 request slots, 262144-token pool in bf16, 2048-row forwards)
2026-09-22 03:18:00.402 INFO  rank 3: prefix cache on — 4096 snapshot slot(s) of 0.0 MiB (1.50 GiB asked)
2026-09-22 03:18:00.406 INFO  rank 3: graph engine samples on the device — 128 candidates per rank (8 rows x 4 ranks in a 81920-byte latency slot; the planned width is 128); constrained decoding available
2026-09-22 03:18:00.406 INFO  memory ledger: rank 3 after the graph engine — rss 4.88 GiB (anon 0.49, shmem 1.91, file 2.48; locked 14.17); device free 83.45 GiB, node available 88.82 GiB
2026-09-22 03:18:00.437 INFO  allreduce: device clock rate 2418000 kHz (stamps conversion)
2026-09-22 03:18:00.438 INFO  allreduce: rank 3 seq 1 launched (3 peers)
2026-09-22 03:18:00.438 INFO  allreduce: rank 3 seq 1 ready after 42.9us
2026-09-22 03:18:00.438 INFO  allreduce: rank 3 seq 1 done status=0 after 138.1us
2026-09-22 03:18:00.468 INFO  allreduce: rank 3 seq 2 launched (3 peers)
2026-09-22 03:18:00.468 INFO  allreduce: rank 3 seq 2 ready after 21.7us
2026-09-22 03:18:00.468 INFO  allreduce: rank 3 seq 2 done status=0 after 64.3us
2026-09-22 03:18:00.482 INFO  allreduce: rank 3 seq 3 launched (3 peers)
2026-09-22 03:18:00.482 INFO  allreduce: rank 3 seq 3 ready after 25.2us
2026-09-22 03:18:00.492 INFO  allreduce: rank 3 seq 3 done status=0 after 10050.1us
2026-09-22 03:18:00.492 INFO  allreduce: rank 3 seq 4 launched (3 peers)
2026-09-22 03:18:00.492 INFO  allreduce: rank 3 seq 4 ready after 18.2us
2026-09-22 03:18:00.492 INFO  allreduce: rank 3 seq 4 done status=0 after 91.4us
2026-09-22 03:18:00.506 INFO  allreduce: rank 3 seq 5 launched (3 peers)
2026-09-22 03:18:00.506 INFO  allreduce: rank 3 seq 5 ready after 18.8us
2026-09-22 03:18:00.514 INFO  allreduce: rank 3 seq 5 done status=0 after 7960.3us
2026-09-22 03:18:00.514 INFO  allreduce: rank 3 seq 6 launched (3 peers)
2026-09-22 03:18:00.514 INFO  allreduce: rank 3 seq 6 ready after 17.2us
2026-09-22 03:18:00.514 INFO  allreduce: rank 3 seq 6 done status=0 after 127.4us
2026-09-22 03:18:00.621 INFO  allreduce: rank 3 seq 7 launched (3 peers)
2026-09-22 03:18:00.621 INFO  allreduce: rank 3 seq 7 ready after 20.7us
2026-09-22 03:18:00.672 INFO  allreduce: rank 3 seq 7 done status=0 after 51693.5us
2026-09-22 03:18:00.673 INFO  allreduce: rank 3 seq 8 launched (3 peers)
2026-09-22 03:18:00.673 INFO  allreduce: rank 3 seq 8 ready after 19.8us
2026-09-22 03:18:00.673 INFO  allreduce: rank 3 seq 8 done status=0 after 62.4us
2026-09-22 03:18:00.762 INFO  allreduce: rank 3 seq 9 launched (3 peers)
2026-09-22 03:18:00.762 INFO  allreduce: rank 3 seq 9 ready after 21.1us
2026-09-22 03:18:00.808 INFO  allreduce: rank 3 seq 9 done status=0 after 46073.5us
2026-09-22 03:18:00.809 INFO  allreduce: rank 3 seq 10 launched (3 peers)
2026-09-22 03:18:00.809 INFO  allreduce: rank 3 seq 10 ready after 19.8us
2026-09-22 03:18:00.809 INFO  allreduce: rank 3 seq 10 done status=0 after 62.0us
2026-09-22 03:18:00.890 INFO  allreduce: rank 3 seq 11 launched (3 peers)
2026-09-22 03:18:00.890 INFO  allreduce: rank 3 seq 11 ready after 25.5us
2026-09-22 03:18:00.943 INFO  allreduce: rank 3 seq 11 done status=0 after 53612.0us
2026-09-22 03:18:00.944 INFO  allreduce: rank 3 seq 12 launched (3 peers)
2026-09-22 03:18:00.944 INFO  allreduce: rank 3 seq 12 ready after 20.6us
2026-09-22 03:18:00.944 INFO  allreduce: rank 3 seq 12 done status=0 after 63.1us
2026-09-22 03:18:01.025 INFO  allreduce: rank 3 seq 13 launched (3 peers)
2026-09-22 03:18:01.025 INFO  allreduce: rank 3 seq 13 ready after 18.7us
2026-09-22 03:18:01.082 INFO  allreduce: rank 3 seq 13 done status=0 after 57176.5us
2026-09-22 03:18:01.083 INFO  allreduce: rank 3 seq 14 launched (3 peers)
2026-09-22 03:18:01.083 INFO  allreduce: rank 3 seq 14 ready after 19.4us
2026-09-22 03:18:01.083 INFO  allreduce: rank 3 seq 14 done status=0 after 61.3us
2026-09-22 03:18:01.163 INFO  allreduce: rank 3 seq 15 launched (3 peers)
2026-09-22 03:18:01.164 INFO  allreduce: rank 3 seq 15 ready after 20.6us
2026-09-22 03:18:01.218 INFO  allreduce: rank 3 seq 15 done status=0 after 54060.3us
2026-09-22 03:18:01.218 INFO  allreduce: rank 3 seq 16 launched (3 peers)
2026-09-22 03:18:01.218 INFO  allreduce: rank 3 seq 16 ready after 17.6us
2026-09-22 03:18:01.219 INFO  allreduce: rank 3 seq 16 done status=0 after 428.8us
2026-09-22 03:18:14.648 INFO  rank 3 bf12: 374 decode matrices packed (6.36 GiB of bf16 -> 4.78 GiB, 519641 escapes, widest row 9, 0 rows kept raw; 0 matrices kept bf16) in 1.8 s
2026-09-22 03:18:14.652 INFO  bus graph era: variant 0 recorded with 188 collective node(s)
2026-09-22 03:18:14.652 INFO  rank 3: graph variant 0 shape: 2164 nodes, 2350 edges: kernel 2164 empty 0 memcpy 0 memset 0 host 0 event 0 other 0; max in-degree 2
2026-09-22 03:18:14.656 INFO  rank 3: graph variant 0 instantiated — 14.1 MiB of device memory (25.3 GiB free)
2026-09-22 03:18:14.658 INFO  bus graph era: variant 1 recorded with 188 collective node(s)
2026-09-22 03:18:14.658 INFO  rank 3: graph variant 1 shape: 2164 nodes, 2350 edges: kernel 2164 empty 0 memcpy 0 memset 0 host 0 event 0 other 0; max in-degree 2
2026-09-22 03:18:14.667 INFO  rank 3: graph variant 1 instantiated — 16.7 MiB of device memory (25.3 GiB free)
2026-09-22 03:18:14.667 INFO  rank 3: serving scalar graph variants 0/1 captured for request slot 0 (2 rows, MTP)
2026-09-22 03:18:14.669 INFO  bus graph era: variant 8 recorded with 188 collective node(s)
2026-09-22 03:18:14.669 INFO  rank 3: graph variant 8 shape: 2165 nodes, 2351 edges: kernel 2165 empty 0 memcpy 0 memset 0 host 0 event 0 other 0; max in-degree 2
2026-09-22 03:18:14.676 INFO  rank 3: graph variant 8 instantiated — 16.7 MiB of device memory (25.2 GiB free)
2026-09-22 03:18:14.678 INFO  bus graph era: variant 9 recorded with 188 collective node(s)
2026-09-22 03:18:14.678 INFO  rank 3: graph variant 9 shape: 2165 nodes, 2351 edges: kernel 2165 empty 0 memcpy 0 memset 0 host 0 event 0 other 0; max in-degree 2
2026-09-22 03:18:14.686 INFO  rank 3: graph variant 9 instantiated — 8.7 MiB of device memory (25.2 GiB free)
2026-09-22 03:18:14.686 INFO  rank 3: serving row-batched graph variants 8/9 captured for 2 slots x 2 rows = 4 fixed rows, MTP (a batch is selected at 2+ live requests, the smallest that covers the live slots)
2026-09-22 03:18:14.688 INFO  bus graph era: variant 10 recorded with 188 collective node(s)
2026-09-22 03:18:14.688 INFO  rank 3: graph variant 10 shape: 2175 nodes, 2361 edges: kernel 2175 empty 0 memcpy 0 memset 0 host 0 event 0 other 0; max in-degree 2
2026-09-22 03:18:14.695 INFO  rank 3: graph variant 10 instantiated — 15.0 MiB of device memory (25.2 GiB free)
2026-09-22 03:18:14.696 INFO  bus graph era: variant 11 recorded with 188 collective node(s)
2026-09-22 03:18:14.696 INFO  rank 3: graph variant 11 shape: 2175 nodes, 2361 edges: kernel 2175 empty 0 memcpy 0 memset 0 host 0 event 0 other 0; max in-degree 2
2026-09-22 03:18:14.704 INFO  rank 3: graph variant 11 instantiated — 16.7 MiB of device memory (25.2 GiB free)
2026-09-22 03:18:14.704 INFO  rank 3: serving row-batched graph variants 10/11 captured for 3 slots x 2 rows = 6 fixed rows, MTP (a batch is selected at 2+ live requests, the smallest that covers the live slots)
2026-09-22 03:18:14.706 INFO  bus graph era: variant 12 recorded with 188 collective node(s)
2026-09-22 03:18:14.706 INFO  rank 3: graph variant 12 shape: 2176 nodes, 2362 edges: kernel 2176 empty 0 memcpy 0 memset 0 host 0 event 0 other 0; max in-degree 2
2026-09-22 03:18:14.713 INFO  rank 3: graph variant 12 instantiated — 16.7 MiB of device memory (25.2 GiB free)
2026-09-22 03:18:14.715 INFO  bus graph era: variant 13 recorded with 188 collective node(s)
2026-09-22 03:18:14.715 INFO  rank 3: graph variant 13 shape: 2176 nodes, 2362 edges: kernel 2176 empty 0 memcpy 0 memset 0 host 0 event 0 other 0; max in-degree 2
2026-09-22 03:18:14.723 INFO  rank 3: graph variant 13 instantiated — 17.1 MiB of device memory (25.2 GiB free)
2026-09-22 03:18:14.723 INFO  rank 3: serving row-batched graph variants 12/13 captured for 4 slots x 2 rows = 8 fixed rows, MTP (a batch is selected at 2+ live requests, the smallest that covers the live slots)
2026-09-22 03:18:14.853 INFO  bus graph era: variant 2 recorded with 188 collective node(s)
2026-09-22 03:18:14.853 INFO  rank 3: graph variant 2 shape: 2164 nodes, 2350 edges: kernel 2164 empty 0 memcpy 0 memset 0 host 0 event 0 other 0; max in-degree 2
2026-09-22 03:18:14.861 INFO  rank 3: graph variant 2 instantiated — 14.5 MiB of device memory (25.2 GiB free)
2026-09-22 03:18:14.862 INFO  bus graph era: variant 3 recorded with 188 collective node(s)
2026-09-22 03:18:14.862 INFO  rank 3: graph variant 3 shape: 2164 nodes, 2350 edges: kernel 2164 empty 0 memcpy 0 memset 0 host 0 event 0 other 0; max in-degree 2
2026-09-22 03:18:14.870 INFO  rank 3: graph variant 3 instantiated — 17.1 MiB of device memory (25.1 GiB free)
2026-09-22 03:18:14.870 INFO  rank 3: serving scalar graph variants 2/3 captured for request slot 1 (2 rows, MTP)
2026-09-22 03:18:14.970 INFO  bus graph era: variant 4 recorded with 188 collective node(s)
2026-09-22 03:18:14.970 INFO  rank 3: graph variant 4 shape: 2164 nodes, 2350 edges: kernel 2164 empty 0 memcpy 0 memset 0 host 0 event 0 other 0; max in-degree 2
2026-09-22 03:18:14.977 INFO  rank 3: graph variant 4 instantiated — 16.2 MiB of device memory (25.1 GiB free)
2026-09-22 03:18:14.979 INFO  bus graph era: variant 5 recorded with 188 collective node(s)
2026-09-22 03:18:14.979 INFO  rank 3: graph variant 5 shape: 2164 nodes, 2350 edges: kernel 2164 empty 0 memcpy 0 memset 0 host 0 event 0 other 0; max in-degree 2
2026-09-22 03:18:14.987 INFO  rank 3: graph variant 5 instantiated — 17.1 MiB of device memory (25.1 GiB free)
2026-09-22 03:18:14.987 INFO  rank 3: serving scalar graph variants 4/5 captured for request slot 2 (2 rows, MTP)
2026-09-22 03:18:15.087 INFO  bus graph era: variant 6 recorded with 188 collective node(s)
2026-09-22 03:18:15.087 INFO  rank 3: graph variant 6 shape: 2164 nodes, 2350 edges: kernel 2164 empty 0 memcpy 0 memset 0 host 0 event 0 other 0; max in-degree 2
2026-09-22 03:18:15.094 INFO  rank 3: graph variant 6 instantiated — 14.0 MiB of device memory (25.1 GiB free)
2026-09-22 03:18:15.095 INFO  bus graph era: variant 7 recorded with 188 collective node(s)
2026-09-22 03:18:15.096 INFO  rank 3: graph variant 7 shape: 2164 nodes, 2350 edges: kernel 2164 empty 0 memcpy 0 memset 0 host 0 event 0 other 0; max in-degree 2
2026-09-22 03:18:15.104 INFO  rank 3: graph variant 7 instantiated — 17.1 MiB of device memory (25.1 GiB free)
2026-09-22 03:18:15.104 INFO  rank 3: serving scalar graph variants 6/7 captured for request slot 3 (2 rows, MTP)
2026-09-22 03:18:15.104 INFO  rank 3: warm capture complete — 4 scalar variants and the row batches for 2 slots, 3 slots, 4 slots recorded before the first request
2026-09-22 03:18:15.104 INFO  memory ledger: rank 3 after the warm capture — rss 5.11 GiB (anon 0.71, shmem 1.92, file 2.48; locked 14.16); device free 25.07 GiB, node available 30.44 GiB
2026-09-22 03:18:15.104 INFO  rank 3: graph variants warm-captured in 14.70s
2026-09-22 03:18:15.104 INFO  rank 3: following rank 0's journal (admission full, window 256)
2026-09-22 03:18:17.786 INFO  sched: request 'chatcmpl-e0d665f0703c7bc9' prefix cache miss — 2 cut(s), the cache is empty
2026-09-22 03:18:17.786 INFO  sched: request 'chatcmpl-e0d665f0703c7bc9' admitted to slot 0 (reserve 2 blocks; pool 3/4096 blocks in use) — first token 2
2026-09-22 03:18:19.670 INFO  sched: request 'chatcmpl-e0d665f0703c7bc9' retired (steps): 64 tok in 1.9 s — prefill 55 tok (0 cached) in 746 ms; decode 63 tok / 35 passes in 1.1 s: 55.4 tok/s, 18.1 ms/tok, 32 ms/pass, 1.80 tok/pass, accept p1 80 %
2026-09-22 03:18:20.087 INFO  sched: request 'chatcmpl-e0d665f0703c7bca' prefix cache miss — 2 cut(s) probed against 2 entries; the nearest entry (position 118) shares the first 5 of the prompt's 30 tokens (the prompt differs from it from that token on)
2026-09-22 03:18:20.087 INFO  sched: request 'chatcmpl-e0d665f0703c7bca' admitted to slot 0 (reserve 5 blocks; pool 9/4096 blocks in use) — first token 785
2026-09-22 03:18:25.314 INFO  stats: rank 3 | 10.0 s | decode 25.6 tok/s, 27.2 ms/tok, 52.0 ms/step (134 steps / 256 tok, 70 % of wall) | mtp 1.91 tok/step/req, accept p1 90 % | prefill 2 prompts / 85 tok, 8 tok/s, 13.43 ms/tok, 571 ms avg (11 % of wall), 0 tok cached (0/2 hits) | live 1, queued 0 | pool 10/4096 blocks (0 %) | prefix cache 3/4096 entries
2026-09-22 03:18:27.230 INFO  sched: request 'chatcmpl-e0d665f0703c7bca' retired (steps): 256 tok in 7.1 s — prefill 30 tok (0 cached) in 396 ms; decode 255 tok / 135 passes in 6.7 s: 37.8 tok/s, 26.5 ms/tok, 50 ms/pass, 1.89 tok/pass, accept p1 89 %
2026-09-22 03:18:27.331 INFO  sched: request 'chatcmpl-e0d665f0703c7bcb' admitted to slot 0 (reserve 5 blocks; pool 14/4096 blocks in use) — first token 785
2026-09-22 03:18:34.468 INFO  sched: request 'chatcmpl-e0d665f0703c7bcb' retired (steps): 256 tok in 7.1 s — prefill 30 tok (28 cached) in 90 ms; decode 255 tok / 135 passes in 7.0 s: 36.2 tok/s, 27.6 ms/tok, 52 ms/pass, 1.89 tok/pass, accept p1 89 %
2026-09-22 03:18:34.575 INFO  sched: request 'chatcmpl-e0d665f0703c7bcc' admitted to slot 0 (reserve 5 blocks; pool 14/4096 blocks in use) — first token 785
2026-09-22 03:18:35.324 INFO  stats: rank 3 | 10.0 s | decode 34.7 tok/s, 27.7 ms/tok, 52.0 ms/step (185 steps / 347 tok, 96 % of wall) | mtp 1.88 tok/step/req, accept p1 86 % | prefill 2 prompts / 4 tok, 0 tok/s, 45.11 ms/tok, 90 ms avg (2 % of wall), 56 tok cached (2/2 hits) | live 1, queued 0 | pool 15/4096 blocks (0 %) | prefix cache 4/4096 entries
2026-09-22 03:18:41.721 INFO  sched: request 'chatcmpl-e0d665f0703c7bcc' retired (steps): 256 tok in 7.1 s — prefill 30 tok (28 cached) in 90 ms; decode 255 tok / 135 passes in 7.1 s: 36.1 tok/s, 27.7 ms/tok, 52 ms/pass, 1.89 tok/pass, accept p1 89 %
2026-09-22 03:18:42.143 INFO  sched: request 'chatcmpl-e0d665f0703c7bcd' prefix cache miss — 2 cut(s) probed against 4 entries; the nearest entry (position 285) shares the first 11 of the prompt's 29 tokens (the prompt differs from it from that token on)
2026-09-22 03:18:42.143 INFO  sched: request 'chatcmpl-e0d665f0703c7bcd' admitted to slot 0 (reserve 5 blocks; pool 15/4096 blocks in use) — first token 785
2026-09-22 03:18:42.591 INFO  sched: request 'chatcmpl-e0d665f0703c7bce' prefix cache miss — 2 cut(s) probed against 5 entries; the nearest entry (position 285) shares the first 11 of the prompt's 29 tokens (the prompt differs from it from that token on)
2026-09-22 03:18:42.591 INFO  sched: request 'chatcmpl-e0d665f0703c7bce' admitted to slot 1 (reserve 5 blocks; pool 22/4096 blocks in use) — first token 785
2026-09-22 03:18:45.376 INFO  stats: rank 3 | 10.1 s | decode 36.9 tok/s, 24.5 ms/tok, 56.4 ms/step (161 steps / 371 tok, 90 % of wall) | mtp 1.85 tok/step/req, accept p1 84 % | prefill 2 prompts / 58 tok, 6 tok/s, 13.58 ms/tok, 394 ms avg (8 % of wall), 0 tok cached (0/2 hits) | live 2, queued 0 | pool 23/4096 blocks (1 %) | prefix cache 6/4096 entries
2026-09-22 03:18:52.777 INFO  sched: request 'chatcmpl-e0d665f0703c7bce' retired (steps): 256 tok in 10.2 s — prefill 29 tok (0 cached) in 393 ms; decode 255 tok / 142 passes in 9.8 s: 26.0 tok/s, 38.4 ms/tok, 69 ms/pass, 1.80 tok/pass, accept p1 80 %
2026-09-22 03:18:52.778 INFO  sched: request 'chatcmpl-e0d665f0703c7bcd' retired (steps): 256 tok in 10.6 s — prefill 29 tok (0 cached) in 395 ms; decode 255 tok / 143 passes in 10.2 s: 24.9 tok/s, 40.2 ms/tok, 72 ms/pass, 1.78 tok/pass, accept p1 78 %
2026-09-22 03:18:52.895 INFO  sched: request 'chatcmpl-e0d665f0703c7bcf' admitted to slot 0 (reserve 5 blocks; pool 26/4096 blocks in use) — first token 785
2026-09-22 03:18:53.041 INFO  sched: request 'chatcmpl-e0d665f0703c7bd0' admitted to slot 1 (reserve 5 blocks; pool 32/4096 blocks in use) — first token 785
2026-09-22 03:18:55.414 INFO  stats: rank 3 | 10.0 s | decode 48.8 tok/s, 19.7 ms/tok, 70.3 ms/step (137 steps / 490 tok, 96 % of wall) | mtp 1.79 tok/step/req, accept p1 79 % | prefill 2 prompts / 4 tok, 0 tok/s, 44.94 ms/tok, 90 ms avg (2 % of wall), 54 tok cached (2/2 hits) | live 2, queued 0 | pool 33/4096 blocks (1 %) | prefix cache 8/4096 entries
2026-09-22 03:19:03.185 INFO  sched: request 'chatcmpl-e0d665f0703c7bcf' retired (steps): 256 tok in 10.3 s — prefill 29 tok (27 cached) in 91 ms; decode 255 tok / 142 passes in 10.2 s: 25.0 tok/s, 40.0 ms/tok, 72 ms/pass, 1.80 tok/pass, accept p1 80 %
2026-09-22 03:19:03.294 INFO  sched: request 'chatcmpl-e0d665f0703c7bd0' retired (steps): 256 tok in 10.3 s — prefill 29 tok (27 cached) in 89 ms; decode 255 tok / 143 passes in 10.2 s: 25.1 tok/s, 39.9 ms/tok, 71 ms/pass, 1.78 tok/pass, accept p1 78 %
2026-09-22 03:19:03.406 INFO  sched: request 'chatcmpl-e0d665f0703c7bd1' admitted to slot 0 (reserve 5 blocks; pool 26/4096 blocks in use) — first token 785
2026-09-22 03:19:03.553 INFO  sched: request 'chatcmpl-e0d665f0703c7bd2' admitted to slot 1 (reserve 5 blocks; pool 32/4096 blocks in use) — first token 785
2026-09-22 03:19:05.479 INFO  stats: rank 3 | 10.1 s | decode 48.7 tok/s, 19.7 ms/tok, 70.1 ms/step (138 steps / 490 tok, 96 % of wall) | mtp 1.79 tok/step/req, accept p1 79 % | prefill 2 prompts / 4 tok, 0 tok/s, 44.97 ms/tok, 90 ms avg (2 % of wall), 54 tok cached (2/2 hits) | live 2, queued 0 | pool 33/4096 blocks (1 %) | prefix cache 8/4096 entries
2026-09-22 03:19:13.778 INFO  sched: request 'chatcmpl-e0d665f0703c7bd2' retired (steps): 256 tok in 10.2 s — prefill 29 tok (27 cached) in 90 ms; decode 255 tok / 142 passes in 10.1 s: 25.2 tok/s, 39.7 ms/tok, 71 ms/pass, 1.80 tok/pass, accept p1 80 %
2026-09-22 03:19:13.779 INFO  sched: request 'chatcmpl-e0d665f0703c7bd1' retired (steps): 256 tok in 10.4 s — prefill 29 tok (27 cached) in 90 ms; decode 255 tok / 143 passes in 10.3 s: 24.8 tok/s, 40.3 ms/tok, 72 ms/pass, 1.78 tok/pass, accept p1 78 %
2026-09-22 03:19:14.182 INFO  sched: request 'chatcmpl-e0d665f0703c7bd3' prefix cache miss — 2 cut(s) probed against 8 entries; the nearest entry (position 285) shares the first 3 of the prompt's 24 tokens (the prompt differs from it from that token on)
2026-09-22 03:19:14.182 INFO  sched: request 'chatcmpl-e0d665f0703c7bd3' admitted to slot 0 (reserve 5 blocks; pool 27/4096 blocks in use) — first token 785
2026-09-22 03:19:14.619 INFO  sched: request 'chatcmpl-e0d665f0703c7bd4' prefix cache miss — 2 cut(s) probed against 9 entries; the nearest entry (position 22) shares the first 5 of the prompt's 25 tokens (the prompt differs from it from that token on)
2026-09-22 03:19:14.619 INFO  sched: request 'chatcmpl-e0d665f0703c7bd4' admitted to slot 1 (reserve 5 blocks; pool 34/4096 blocks in use) — first token 785
2026-09-22 03:19:15.076 INFO  sched: request 'chatcmpl-e0d665f0703c7bd5' prefix cache miss — 2 cut(s) probed against 10 entries; the nearest entry (position 23) shares the first 5 of the prompt's 25 tokens (the prompt differs from it from that token on)
2026-09-22 03:19:15.076 INFO  sched: request 'chatcmpl-e0d665f0703c7bd5' admitted to slot 2 (reserve 5 blocks; pool 41/4096 blocks in use) — first token 785
2026-09-22 03:19:15.561 INFO  sched: request 'chatcmpl-e0d665f0703c7bd6' prefix cache miss — 2 cut(s) probed against 11 entries; the nearest entry (position 285) shares the first 11 of the prompt's 28 tokens (the prompt differs from it from that token on)
2026-09-22 03:19:15.561 INFO  sched: request 'chatcmpl-e0d665f0703c7bd6' admitted to slot 3 (reserve 5 blocks; pool 48/4096 blocks in use) — first token 785
2026-09-22 03:19:15.668 INFO  stats: rank 3 | 10.2 s | decode 42.9 tok/s, 19.3 ms/tok, 70.9 ms/step (119 steps / 437 tok, 83 % of wall) | mtp 1.82 tok/step/req, accept p1 80 % | prefill 4 prompts / 102 tok, 10 tok/s, 15.04 ms/tok, 383 ms avg (15 % of wall), 0 tok cached (0/4 hits) | live 4, queued 0 | pool 49/4096 blocks (1 %) | prefix cache 12/4096 entries
2026-09-22 03:19:25.678 INFO  stats: rank 3 | 10.0 s | decode 68.3 tok/s, 14.4 ms/tok, 104.5 ms/step (94 steps / 684 tok, 98 % of wall) | mtp 1.82 tok/step/req, accept p1 82 % | prefill 0 prompts / 0 tok, 0 tok cached (0/0 hits) | live 4, queued 0 | pool 49/4096 blocks (1 %) | prefix cache 12/4096 entries
2026-09-22 03:19:30.097 INFO  sched: request 'chatcmpl-e0d665f0703c7bd4' retired (steps): 256 tok in 15.5 s — prefill 25 tok (0 cached) in 382 ms; decode 255 tok / 138 passes in 15.1 s: 16.9 tok/s, 59.2 ms/tok, 109 ms/pass, 1.85 tok/pass, accept p1 85 %
2026-09-22 03:19:30.426 INFO  sched: request 'chatcmpl-e0d665f0703c7bd3' retired (steps): 256 tok in 16.2 s — prefill 24 tok (0 cached) in 376 ms; decode 255 tok / 142 passes in 15.9 s: 16.1 tok/s, 62.2 ms/tok, 112 ms/pass, 1.80 tok/pass, accept p1 80 %
2026-09-22 03:19:30.724 INFO  sched: request 'chatcmpl-e0d665f0703c7bd5' retired (steps): 256 tok in 15.6 s — prefill 25 tok (0 cached) in 382 ms; decode 255 tok / 143 passes in 15.3 s: 16.7 tok/s, 59.9 ms/tok, 107 ms/pass, 1.78 tok/pass, accept p1 79 %
2026-09-22 03:19:30.733 INFO  sched: request 'chatcmpl-e0d665f0703c7bd6' retired (steps): 256 tok in 15.2 s — prefill 28 tok (0 cached) in 393 ms; decode 255 tok / 142 passes in 14.8 s: 17.3 tok/s, 58.0 ms/tok, 104 ms/pass, 1.80 tok/pass, accept p1 80 %
2026-09-22 03:19:30.836 INFO  sched: request 'chatcmpl-e0d665f0703c7bd7' admitted to slot 0 (reserve 5 blocks; pool 50/4096 blocks in use) — first token 785
2026-09-22 03:19:30.984 INFO  sched: request 'chatcmpl-e0d665f0703c7bd8' admitted to slot 1 (reserve 5 blocks; pool 56/4096 blocks in use) — first token 785
2026-09-22 03:19:31.149 INFO  sched: request 'chatcmpl-e0d665f0703c7bd9' admitted to slot 2 (reserve 5 blocks; pool 62/4096 blocks in use) — first token 785
2026-09-22 03:19:31.338 INFO  sched: request 'chatcmpl-e0d665f0703c7bda' admitted to slot 3 (reserve 5 blocks; pool 68/4096 blocks in use) — first token 785
2026-09-22 03:19:35.715 INFO  stats: rank 3 | 10.0 s | decode 63.3 tok/s, 14.8 ms/tok, 103.6 ms/step (91 steps / 635 tok, 94 % of wall) | mtp 1.82 tok/step/req, accept p1 81 % | prefill 4 prompts / 8 tok, 1 tok/s, 45.96 ms/tok, 92 ms avg (4 % of wall), 94 tok cached (4/4 hits) | live 4, queued 0 | pool 69/4096 blocks (2 %) | prefix cache 16/4096 entries
2026-09-22 03:19:45.781 INFO  stats: rank 3 | 10.1 s | decode 66.9 tok/s, 14.6 ms/tok, 104.8 ms/step (94 steps / 673 tok, 98 % of wall) | mtp 1.79 tok/step/req, accept p1 79 % | prefill 0 prompts / 0 tok, 0 tok cached (0/0 hits) | live 4, queued 0 | pool 69/4096 blocks (2 %) | prefix cache 16/4096 entries
2026-09-22 03:19:46.003 INFO  sched: request 'chatcmpl-e0d665f0703c7bd9' retired (steps): 256 tok in 14.9 s — prefill 25 tok (23 cached) in 92 ms; decode 255 tok / 138 passes in 14.8 s: 17.3 tok/s, 57.9 ms/tok, 107 ms/pass, 1.85 tok/pass, accept p1 85 %
2026-09-22 03:19:46.223 INFO  sched: request 'chatcmpl-e0d665f0703c7bd7' retired (steps): 256 tok in 15.4 s — prefill 28 tok (26 cached) in 90 ms; decode 255 tok / 142 passes in 15.3 s: 16.7 tok/s, 60.0 ms/tok, 108 ms/pass, 1.80 tok/pass, accept p1 80 %
2026-09-22 03:19:46.424 INFO  sched: request 'chatcmpl-e0d665f0703c7bd8' retired (steps): 256 tok in 15.4 s — prefill 25 tok (23 cached) in 92 ms; decode 255 tok / 143 passes in 15.3 s: 16.6 tok/s, 60.2 ms/tok, 107 ms/pass, 1.78 tok/pass, accept p1 79 %
2026-09-22 03:19:46.483 INFO  sched: request 'chatcmpl-e0d665f0703c7bda' retired (steps): 256 tok in 15.1 s — prefill 24 tok (22 cached) in 94 ms; decode 255 tok / 142 passes in 15.1 s: 16.9 tok/s, 59.0 ms/tok, 106 ms/pass, 1.80 tok/pass, accept p1 80 %
2026-09-22 03:19:46.590 INFO  sched: request 'chatcmpl-e0d665f0703c7bdb' admitted to slot 0 (reserve 5 blocks; pool 50/4096 blocks in use) — first token 785
2026-09-22 03:19:46.739 INFO  sched: request 'chatcmpl-e0d665f0703c7bdc' admitted to slot 1 (reserve 5 blocks; pool 56/4096 blocks in use) — first token 785
2026-09-22 03:19:46.905 INFO  sched: request 'chatcmpl-e0d665f0703c7bdd' admitted to slot 2 (reserve 5 blocks; pool 62/4096 blocks in use) — first token 785
2026-09-22 03:19:47.093 INFO  sched: request 'chatcmpl-e0d665f0703c7bde' admitted to slot 3 (reserve 5 blocks; pool 68/4096 blocks in use) — first token 785
2026-09-22 03:19:55.861 INFO  stats: rank 3 | 10.1 s | decode 63.8 tok/s, 14.7 ms/tok, 103.0 ms/step (92 steps / 643 tok, 94 % of wall) | mtp 1.82 tok/step/req, accept p1 82 % | prefill 4 prompts / 8 tok, 1 tok/s, 46.12 ms/tok, 92 ms avg (4 % of wall), 94 tok cached (4/4 hits) | live 4, queued 0 | pool 69/4096 blocks (2 %) | prefix cache 16/4096 entries
2026-09-22 03:20:01.668 INFO  sched: request 'chatcmpl-e0d665f0703c7bdc' retired (steps): 256 tok in 14.9 s — prefill 25 tok (23 cached) in 93 ms; decode 255 tok / 138 passes in 14.8 s: 17.2 tok/s, 58.2 ms/tok, 108 ms/pass, 1.85 tok/pass, accept p1 85 %
2026-09-22 03:20:01.988 INFO  sched: request 'chatcmpl-e0d665f0703c7bdb' retired (steps): 256 tok in 15.4 s — prefill 24 tok (22 cached) in 91 ms; decode 255 tok / 142 passes in 15.3 s: 16.7 tok/s, 60.0 ms/tok, 108 ms/pass, 1.80 tok/pass, accept p1 80 %
2026-09-22 03:20:02.193 INFO  sched: request 'chatcmpl-e0d665f0703c7bdd' retired (steps): 256 tok in 15.3 s — prefill 28 tok (26 cached) in 91 ms; decode 255 tok / 142 passes in 15.2 s: 16.8 tok/s, 59.6 ms/tok, 107 ms/pass, 1.80 tok/pass, accept p1 80 %
2026-09-22 03:20:02.307 INFO  sched: request 'chatcmpl-e0d665f0703c7bde' retired (steps): 256 tok in 15.2 s — prefill 25 tok (23 cached) in 94 ms; decode 255 tok / 143 passes in 15.1 s: 16.9 tok/s, 59.3 ms/tok, 106 ms/pass, 1.78 tok/pass, accept p1 79 %
2026-09-22 03:20:02.751 INFO  sched: request 'chatcmpl-e0d665f0703c7bdf' prefix cache miss — 2 cut(s) probed against 16 entries; the nearest entry (position 285) shares the first 5 of the prompt's 44 tokens (the prompt differs from it from that token on)
2026-09-22 03:20:02.751 INFO  sched: request 'chatcmpl-e0d665f0703c7bdf' admitted to slot 0 (reserve 5 blocks; pool 51/4096 blocks in use) — first token 8419
2026-09-22 03:20:05.896 INFO  stats: rank 3 | 10.0 s | decode 52.2 tok/s, 17.9 ms/tok, 78.9 ms/step (119 steps / 524 tok, 94 % of wall) | mtp 1.81 tok/step/req, accept p1 82 % | prefill 1 prompt / 44 tok, 4 tok/s, 9.73 ms/tok, 428 ms avg (4 % of wall), 0 tok cached (0/1 hit) | live 1, queued 0 | pool 52/4096 blocks (1 %) | prefix cache 17/4096 entries
2026-09-22 03:20:10.064 INFO  sched: request 'chatcmpl-e0d665f0703c7bdf' retired (steps): 256 tok in 7.3 s — prefill 44 tok (0 cached) in 428 ms; decode 255 tok / 134 passes in 6.9 s: 37.0 tok/s, 27.0 ms/tok, 51 ms/pass, 1.90 tok/pass, accept p1 90 %
2026-09-22 03:20:10.173 INFO  sched: request 'chatcmpl-e0d665f0703c7be0' admitted to slot 0 (reserve 5 blocks; pool 56/4096 blocks in use) — first token 8419
2026-09-22 03:20:15.897 INFO  stats: rank 3 | 10.0 s | decode 34.5 tok/s, 28.2 ms/tok, 53.7 ms/step (181 steps / 345 tok, 97 % of wall) | mtp 1.91 tok/step/req, accept p1 90 % | prefill 1 prompt / 2 tok, 0 tok/s, 45.97 ms/tok, 92 ms avg (1 % of wall), 42 tok cached (1/1 hit) | live 1, queued 0 | pool 57/4096 blocks (1 %) | prefix cache 18/4096 entries
2026-09-22 03:20:17.499 INFO  sched: request 'chatcmpl-e0d665f0703c7be0' retired (steps): 256 tok in 7.3 s — prefill 44 tok (42 cached) in 92 ms; decode 255 tok / 134 passes in 7.2 s: 35.3 tok/s, 28.4 ms/tok, 54 ms/pass, 1.90 tok/pass, accept p1 90 %
2026-09-22 03:20:17.607 INFO  sched: request 'chatcmpl-e0d665f0703c7be1' admitted to slot 0 (reserve 5 blocks; pool 56/4096 blocks in use) — first token 8419
2026-09-22 03:20:24.925 INFO  sched: request 'chatcmpl-e0d665f0703c7be1' retired (steps): 256 tok in 7.3 s — prefill 44 tok (42 cached) in 91 ms; decode 255 tok / 134 passes in 7.2 s: 35.3 tok/s, 28.3 ms/tok, 54 ms/pass, 1.90 tok/pass, accept p1 90 %
2026-09-22 03:20:25.384 INFO  sched: request 'chatcmpl-e0d665f0703c7be2' prefix cache miss — 2 cut(s) probed against 18 entries; the nearest entry (position 299) shares the first 8 of the prompt's 44 tokens (the prompt differs from it from that token on)
2026-09-22 03:20:25.384 INFO  sched: request 'chatcmpl-e0d665f0703c7be2' admitted to slot 0 (reserve 5 blocks; pool 57/4096 blocks in use) — first token 8419
2026-09-22 03:20:25.857 INFO  sched: request 'chatcmpl-e0d665f0703c7be3' prefix cache miss — 2 cut(s) probed against 19 entries; the nearest entry (position 299) shares the first 7 of the prompt's 40 tokens (the prompt differs from it from that token on)
2026-09-22 03:20:25.857 INFO  sched: request 'chatcmpl-e0d665f0703c7be3' admitted to slot 1 (reserve 5 blocks; pool 64/4096 blocks in use) — first token 8419
2026-09-22 03:20:25.928 INFO  stats: rank 3 | 10.0 s | decode 32.0 tok/s, 27.7 ms/tok, 53.9 ms/step (165 steps / 321 tok, 89 % of wall) | mtp 1.93 tok/step/req, accept p1 92 % | prefill 3 prompts / 86 tok, 9 tok/s, 10.96 ms/tok, 314 ms avg (9 % of wall), 42 tok cached (1/3 hits) | live 2, queued 0 | pool 65/4096 blocks (2 %) | prefix cache 20/4096 entries
2026-09-22 03:20:35.523 INFO  sched: request 'chatcmpl-e0d665f0703c7be2' retired (steps): 256 tok in 10.1 s — prefill 44 tok (0 cached) in 432 ms; decode 255 tok / 131 passes in 9.7 s: 26.3 tok/s, 38.1 ms/tok, 74 ms/pass, 1.95 tok/pass, accept p1 95 %
2026-09-22 03:20:35.690 INFO  sched: request 'chatcmpl-e0d665f0703c7be3' retired (steps): 256 tok in 9.8 s — prefill 40 tok (0 cached) in 419 ms; decode 255 tok / 133 passes in 9.4 s: 27.1 tok/s, 36.9 ms/tok, 71 ms/pass, 1.92 tok/pass, accept p1 92 %
2026-09-22 03:20:35.803 INFO  sched: request 'chatcmpl-e0d665f0703c7be4' admitted to slot 0 (reserve 5 blocks; pool 68/4096 blocks in use) — first token 8419
2026-09-22 03:20:35.951 INFO  sched: request 'chatcmpl-e0d665f0703c7be5' admitted to slot 1 (reserve 5 blocks; pool 74/4096 blocks in use) — first token 8419
2026-09-22 03:20:36.021 INFO  stats: rank 3 | 10.1 s | decode 50.7 tok/s, 19.0 ms/tok, 72.4 ms/step (134 steps / 512 tok, 96 % of wall) | mtp 1.94 tok/step/req, accept p1 94 % | prefill 2 prompts / 4 tok, 0 tok/s, 46.07 ms/tok, 92 ms avg (2 % of wall), 80 tok cached (2/2 hits) | live 2, queued 0 | pool 75/4096 blocks (2 %) | prefix cache 22/4096 entries
2026-09-22 03:20:45.673 INFO  sched: request 'chatcmpl-e0d665f0703c7be5' retired (steps): 256 tok in 9.7 s — prefill 44 tok (42 cached) in 93 ms; decode 255 tok / 131 passes in 9.6 s: 26.5 tok/s, 37.8 ms/tok, 74 ms/pass, 1.95 tok/pass, accept p1 95 %
2026-09-22 03:20:45.729 INFO  sched: request 'chatcmpl-e0d665f0703c7be4' retired (steps): 256 tok in 9.9 s — prefill 40 tok (38 cached) in 91 ms; decode 255 tok / 133 passes in 9.8 s: 25.9 tok/s, 38.6 ms/tok, 74 ms/pass, 1.92 tok/pass, accept p1 92 %
2026-09-22 03:20:45.843 INFO  sched: request 'chatcmpl-e0d665f0703c7be6' admitted to slot 0 (reserve 5 blocks; pool 68/4096 blocks in use) — first token 8419
2026-09-22 03:20:45.990 INFO  sched: request 'chatcmpl-e0d665f0703c7be7' admitted to slot 1 (reserve 5 blocks; pool 74/4096 blocks in use) — first token 8419
2026-09-22 03:20:46.060 INFO  stats: rank 3 | 10.0 s | decode 51.0 tok/s, 18.8 ms/tok, 72.5 ms/step (133 steps / 512 tok, 96 % of wall) | mtp 1.94 tok/step/req, accept p1 94 % | prefill 2 prompts / 4 tok, 0 tok/s, 45.99 ms/tok, 92 ms avg (2 % of wall), 80 tok cached (2/2 hits) | live 2, queued 0 | pool 75/4096 blocks (2 %) | prefix cache 22/4096 entries
2026-09-22 03:20:55.697 INFO  sched: request 'chatcmpl-e0d665f0703c7be7' retired (steps): 256 tok in 9.7 s — prefill 44 tok (42 cached) in 92 ms; decode 255 tok / 131 passes in 9.6 s: 26.5 tok/s, 37.7 ms/tok, 73 ms/pass, 1.95 tok/pass, accept p1 95 %
2026-09-22 03:20:55.753 INFO  sched: request 'chatcmpl-e0d665f0703c7be6' retired (steps): 256 tok in 9.9 s — prefill 40 tok (38 cached) in 92 ms; decode 255 tok / 133 passes in 9.8 s: 26.0 tok/s, 38.5 ms/tok, 74 ms/pass, 1.92 tok/pass, accept p1 92 %
2026-09-22 03:20:56.166 INFO  sched: request 'chatcmpl-e0d665f0703c7be8' prefix cache miss — 2 cut(s) probed against 22 entries; the nearest entry (position 299) shares the first 3 of the prompt's 26 tokens (the prompt differs from it from that token on)
2026-09-22 03:20:56.166 INFO  sched: request 'chatcmpl-e0d665f0703c7be8' admitted to slot 0 (reserve 5 blocks; pool 69/4096 blocks in use) — first token 8419
2026-09-22 03:20:56.218 INFO  stats: rank 3 | 10.2 s | decode 49.9 tok/s, 18.8 ms/tok, 72.4 ms/step (132 steps / 507 tok, 94 % of wall) | mtp 1.94 tok/step/req, accept p1 94 % | prefill 1 prompt / 26 tok, 3 tok/s, 14.86 ms/tok, 386 ms avg (4 % of wall), 0 tok cached (0/1 hit) | live 1, queued 3 | pool 70/4096 blocks (2 %) | prefix cache 23/4096 entries
2026-09-22 03:20:56.637 INFO  sched: request 'chatcmpl-e0d665f0703c7be9' prefix cache miss — 2 cut(s) probed against 23 entries; the nearest entry (position 295) shares the first 8 of the prompt's 38 tokens (the prompt differs from it from that token on)
2026-09-22 03:20:56.637 INFO  sched: request 'chatcmpl-e0d665f0703c7be9' admitted to slot 1 (reserve 5 blocks; pool 76/4096 blocks in use) — first token 8419
2026-09-22 03:20:57.098 INFO  sched: request 'chatcmpl-e0d665f0703c7bea' prefix cache miss — 2 cut(s) probed against 24 entries; the nearest entry (position 24) shares the first 5 of the prompt's 27 tokens (the prompt differs from it from that token on)
2026-09-22 03:20:57.098 INFO  sched: request 'chatcmpl-e0d665f0703c7bea' admitted to slot 2 (reserve 5 blocks; pool 83/4096 blocks in use) — first token 8419
2026-09-22 03:20:57.570 INFO  sched: request 'chatcmpl-e0d665f0703c7beb' prefix cache miss — 2 cut(s) probed against 25 entries; the nearest entry (position 25) shares the first 5 of the prompt's 26 tokens (the prompt differs from it from that token on)
2026-09-22 03:20:57.570 INFO  sched: request 'chatcmpl-e0d665f0703c7beb' admitted to slot 3 (reserve 5 blocks; pool 90/4096 blocks in use) — first token 8419
2026-09-22 03:21:06.230 INFO  stats: rank 3 | 10.0 s | decode 61.9 tok/s, 13.9 ms/tok, 105.3 ms/step (82 steps / 620 tok, 86 % of wall) | mtp 1.91 tok/step/req, accept p1 90 % | prefill 3 prompts / 91 tok, 9 tok/s, 13.04 ms/tok, 396 ms avg (12 % of wall), 0 tok cached (0/3 hits) | live 4, queued 0 | pool 91/4096 blocks (2 %) | prefix cache 26/4096 entries
2026-09-22 03:21:11.350 INFO  sched: request 'chatcmpl-e0d665f0703c7be9' retired (steps): 256 tok in 14.7 s — prefill 38 tok (0 cached) in 416 ms; decode 255 tok / 128 passes in 14.3 s: 17.8 tok/s, 56.1 ms/tok, 112 ms/pass, 1.99 tok/pass, accept p1 99 %
2026-09-22 03:21:12.119 INFO  sched: request 'chatcmpl-e0d665f0703c7bea' retired (steps): 256 tok in 15.0 s — prefill 27 tok (0 cached) in 388 ms; decode 255 tok / 134 passes in 14.6 s: 17.4 tok/s, 57.4 ms/tok, 109 ms/pass, 1.90 tok/pass, accept p1 90 %
2026-09-22 03:21:12.119 INFO  sched: request 'chatcmpl-e0d665f0703c7beb' retired (steps): 256 tok in 14.5 s — prefill 26 tok (0 cached) in 382 ms; decode 255 tok / 133 passes in 14.2 s: 18.0 tok/s, 55.6 ms/tok, 107 ms/pass, 1.92 tok/pass, accept p1 92 %
2026-09-22 03:21:12.286 INFO  sched: request 'chatcmpl-e0d665f0703c7be8' retired (steps): 256 tok in 16.1 s — prefill 26 tok (0 cached) in 386 ms; decode 255 tok / 139 passes in 15.7 s: 16.2 tok/s, 61.7 ms/tok, 113 ms/pass, 1.83 tok/pass, accept p1 84 %
2026-09-22 03:21:12.406 INFO  sched: request 'chatcmpl-e0d665f0703c7bec' admitted to slot 0 (reserve 5 blocks; pool 92/4096 blocks in use) — first token 8419
2026-09-22 03:21:12.551 INFO  sched: request 'chatcmpl-e0d665f0703c7bed' admitted to slot 1 (reserve 5 blocks; pool 98/4096 blocks in use) — first token 8419
2026-09-22 03:21:12.718 INFO  sched: request 'chatcmpl-e0d665f0703c7bee' admitted to slot 2 (reserve 5 blocks; pool 104/4096 blocks in use) — first token 8419
2026-09-22 03:21:12.900 INFO  sched: request 'chatcmpl-e0d665f0703c7bef' admitted to slot 3 (reserve 5 blocks; pool 110/4096 blocks in use) — first token 8419
2026-09-22 03:21:16.267 INFO  stats: rank 3 | 10.0 s | decode 65.0 tok/s, 14.5 ms/tok, 103.6 ms/step (91 steps / 652 tok, 94 % of wall) | mtp 1.91 tok/step/req, accept p1 90 % | prefill 4 prompts / 8 tok, 1 tok/s, 46.29 ms/tok, 93 ms avg (4 % of wall), 109 tok cached (4/4 hits) | live 4, queued 0 | pool 111/4096 blocks (3 %) | prefix cache 30/4096 entries
2026-09-22 03:21:26.367 INFO  stats: rank 3 | 10.1 s | decode 69.7 tok/s, 14.0 ms/tok, 108.3 ms/step (91 steps / 704 tok, 98 % of wall) | mtp 1.93 tok/step/req, accept p1 93 % | prefill 0 prompts / 0 tok, 0 tok cached (0/0 hits) | live 4, queued 0 | pool 111/4096 blocks (3 %) | prefix cache 30/4096 entries
2026-09-22 03:21:26.942 INFO  sched: request 'chatcmpl-e0d665f0703c7bef' retired (steps): 256 tok in 14.0 s — prefill 38 tok (36 cached) in 94 ms; decode 255 tok / 128 passes in 13.9 s: 18.3 tok/s, 54.7 ms/tok, 109 ms/pass, 1.99 tok/pass, accept p1 99 %
2026-09-22 03:21:27.229 INFO  sched: request 'chatcmpl-e0d665f0703c7bec' retired (steps): 256 tok in 14.8 s — prefill 27 tok (25 cached) in 93 ms; decode 255 tok / 134 passes in 14.7 s: 17.3 tok/s, 57.8 ms/tok, 110 ms/pass, 1.90 tok/pass, accept p1 90 %
2026-09-22 03:21:27.321 INFO  sched: request 'chatcmpl-e0d665f0703c7bee' retired (steps): 256 tok in 14.6 s — prefill 26 tok (24 cached) in 94 ms; decode 255 tok / 133 passes in 14.5 s: 17.6 tok/s, 56.9 ms/tok, 109 ms/pass, 1.92 tok/pass, accept p1 92 %
2026-09-22 03:21:27.598 INFO  sched: request 'chatcmpl-e0d665f0703c7bed' retired (steps): 256 tok in 15.0 s — prefill 26 tok (24 cached) in 89 ms; decode 255 tok / 139 passes in 15.0 s: 17.0 tok/s, 58.7 ms/tok, 108 ms/pass, 1.83 tok/pass, accept p1 84 %
2026-09-22 03:21:27.700 INFO  sched: request 'chatcmpl-e0d665f0703c7bf0' admitted to slot 0 (reserve 5 blocks; pool 92/4096 blocks in use) — first token 8419
2026-09-22 03:21:27.846 INFO  sched: request 'chatcmpl-e0d665f0703c7bf1' admitted to slot 1 (reserve 5 blocks; pool 98/4096 blocks in use) — first token 8419
2026-09-22 03:21:28.012 INFO  sched: request 'chatcmpl-e0d665f0703c7bf2' admitted to slot 2 (reserve 5 blocks; pool 104/4096 blocks in use) — first token 8419
2026-09-22 03:21:28.197 INFO  sched: request 'chatcmpl-e0d665f0703c7bf3' admitted to slot 3 (reserve 5 blocks; pool 110/4096 blocks in use) — first token 8419
2026-09-22 03:21:36.418 INFO  stats: rank 3 | 10.1 s | decode 65.7 tok/s, 14.3 ms/tok, 101.6 ms/step (93 steps / 660 tok, 94 % of wall) | mtp 1.91 tok/step/req, accept p1 90 % | prefill 4 prompts / 8 tok, 1 tok/s, 46.37 ms/tok, 93 ms avg (4 % of wall), 109 tok cached (4/4 hits) | live 4, queued 0 | pool 111/4096 blocks (3 %) | prefix cache 30/4096 entries
2026-09-22 03:21:42.244 INFO  sched: request 'chatcmpl-e0d665f0703c7bf3' retired (steps): 256 tok in 14.0 s — prefill 38 tok (36 cached) in 96 ms; decode 255 tok / 128 passes in 14.0 s: 18.3 tok/s, 54.7 ms/tok, 109 ms/pass, 1.99 tok/pass, accept p1 99 %
2026-09-22 03:21:42.431 INFO  sched: request 'chatcmpl-e0d665f0703c7bf0' retired (steps): 256 tok in 14.7 s — prefill 26 tok (24 cached) in 91 ms; decode 255 tok / 133 passes in 14.6 s: 17.4 tok/s, 57.4 ms/tok, 110 ms/pass, 1.92 tok/pass, accept p1 92 %
2026-09-22 03:21:42.708 INFO  sched: request 'chatcmpl-e0d665f0703c7bf2' retired (steps): 256 tok in 14.7 s — prefill 27 tok (25 cached) in 92 ms; decode 255 tok / 134 passes in 14.6 s: 17.5 tok/s, 57.3 ms/tok, 109 ms/pass, 1.90 tok/pass, accept p1 90 %
2026-09-22 03:21:42.930 INFO  sched: request 'chatcmpl-e0d665f0703c7bf1' retired (steps): 256 tok in 15.1 s — prefill 26 tok (24 cached) in 92 ms; decode 255 tok / 139 passes in 15.0 s: 17.0 tok/s, 58.8 ms/tok, 108 ms/pass, 1.83 tok/pass, accept p1 84 %
2026-09-22 03:21:43.387 INFO  sched: request 'chatcmpl-e0d665f0703c7bf4' prefix cache miss — 2 cut(s) probed against 30 entries; the nearest entry (position 299) shares the first 3 of the prompt's 39 tokens (the prompt differs from it from that token on)
2026-09-22 03:21:43.387 INFO  sched: request 'chatcmpl-e0d665f0703c7bf4' admitted to slot 0 (reserve 5 blocks; pool 93/4096 blocks in use) — first token 73022
2026-09-22 03:21:46.443 INFO  stats: rank 3 | 10.0 s | decode 54.5 tok/s, 17.2 ms/tok, 80.1 ms/step (117 steps / 546 tok, 93 % of wall) | mtp 1.95 tok/step/req, accept p1 95 % | prefill 1 prompt / 39 tok, 4 tok/s, 10.77 ms/tok, 420 ms avg (4 % of wall), 0 tok cached (0/1 hit) | live 1, queued 0 | pool 94/4096 blocks (2 %) | prefix cache 31/4096 entries
2026-09-22 03:21:50.400 INFO  sched: request 'chatcmpl-e0d665f0703c7bf4' retired (steps): 256 tok in 7.0 s — prefill 39 tok (0 cached) in 420 ms; decode 255 tok / 128 passes in 6.6 s: 38.7 tok/s, 25.9 ms/tok, 52 ms/pass, 1.99 tok/pass, accept p1 100 %
2026-09-22 03:21:50.514 INFO  sched: request 'chatcmpl-e0d665f0703c7bf5' admitted to slot 0 (reserve 5 blocks; pool 98/4096 blocks in use) — first token 73022
2026-09-22 03:21:56.496 INFO  stats: rank 3 | 10.1 s | decode 36.0 tok/s, 27.0 ms/tok, 53.9 ms/step (181 steps / 362 tok, 97 % of wall) | mtp 2.00 tok/step/req, accept p1 100 % | prefill 1 prompt / 2 tok, 0 tok/s, 46.15 ms/tok, 92 ms avg (1 % of wall), 37 tok cached (1/1 hit) | live 1, queued 0 | pool 99/4096 blocks (2 %) | prefix cache 32/4096 entries
2026-09-22 03:21:57.545 INFO  sched: request 'chatcmpl-e0d665f0703c7bf5' retired (steps): 256 tok in 7.0 s — prefill 39 tok (37 cached) in 92 ms; decode 255 tok / 128 passes in 6.9 s: 36.7 tok/s, 27.2 ms/tok, 54 ms/pass, 1.99 tok/pass, accept p1 100 %
2026-09-22 03:21:57.644 INFO  sched: request 'chatcmpl-e0d665f0703c7bf6' admitted to slot 0 (reserve 5 blocks; pool 98/4096 blocks in use) — first token 73022
2026-09-22 03:22:04.679 INFO  sched: request 'chatcmpl-e0d665f0703c7bf6' retired (steps): 256 tok in 7.0 s — prefill 39 tok (37 cached) in 93 ms; decode 255 tok / 128 passes in 6.9 s: 36.7 tok/s, 27.2 ms/tok, 54 ms/pass, 1.99 tok/pass, accept p1 100 %
2026-09-22 03:22:05.124 INFO  sched: request 'chatcmpl-e0d665f0703c7bf7' prefix cache miss — 2 cut(s) probed against 32 entries; the nearest entry (position 293) shares the first 16 of the prompt's 39 tokens (the prompt differs from it from that token on)
2026-09-22 03:22:05.124 INFO  sched: request 'chatcmpl-e0d665f0703c7bf7' admitted to slot 0 (reserve 5 blocks; pool 99/4096 blocks in use) — first token 73022
2026-09-22 03:22:05.596 INFO  sched: request 'chatcmpl-e0d665f0703c7bf8' prefix cache miss — 2 cut(s) probed against 33 entries; the nearest entry (position 293) shares the first 16 of the prompt's 40 tokens (the prompt differs from it from that token on)
2026-09-22 03:22:05.596 INFO  sched: request 'chatcmpl-e0d665f0703c7bf8' admitted to slot 1 (reserve 5 blocks; pool 106/4096 blocks in use) — first token 73022
2026-09-22 03:22:06.536 INFO  stats: rank 3 | 10.0 s | decode 34.8 tok/s, 25.5 ms/tok, 55.3 ms/step (161 steps / 349 tok, 89 % of wall) | mtp 2.01 tok/step/req, accept p1 100 % | prefill 3 prompts / 81 tok, 8 tok/s, 11.45 ms/tok, 309 ms avg (9 % of wall), 37 tok cached (1/3 hits) | live 2, queued 0 | pool 106/4096 blocks (3 %) | prefix cache 34/4096 entries
2026-09-22 03:22:15.186 INFO  sched: request 'chatcmpl-e0d665f0703c7bf7' retired (steps): 256 tok in 10.1 s — prefill 39 tok (0 cached) in 418 ms; decode 255 tok / 128 passes in 9.6 s: 26.4 tok/s, 37.8 ms/tok, 75 ms/pass, 1.99 tok/pass, accept p1 100 %
2026-09-22 03:22:15.243 INFO  sched: request 'chatcmpl-e0d665f0703c7bf8' retired (steps): 256 tok in 9.6 s — prefill 40 tok (0 cached) in 417 ms; decode 255 tok / 128 passes in 9.2 s: 27.6 tok/s, 36.2 ms/tok, 72 ms/pass, 1.99 tok/pass, accept p1 100 %
2026-09-22 03:22:15.362 INFO  sched: request 'chatcmpl-e0d665f0703c7bf9' admitted to slot 0 (reserve 5 blocks; pool 110/4096 blocks in use) — first token 73022
2026-09-22 03:22:15.510 INFO  sched: request 'chatcmpl-e0d665f0703c7bfa' admitted to slot 1 (reserve 5 blocks; pool 116/4096 blocks in use) — first token 73022
2026-09-22 03:22:16.537 INFO  stats: rank 3 | 10.0 s | decode 51.6 tok/s, 18.6 ms/tok, 73.9 ms/step (130 steps / 516 tok, 96 % of wall) | mtp 2.00 tok/step/req, accept p1 100 % | prefill 2 prompts / 4 tok, 0 tok/s, 45.90 ms/tok, 92 ms avg (2 % of wall), 75 tok cached (2/2 hits) | live 2, queued 0 | pool 117/4096 blocks (3 %) | prefix cache 36/4096 entries
2026-09-22 03:22:25.079 INFO  sched: request 'chatcmpl-e0d665f0703c7bf9' retired (steps): 256 tok in 9.7 s — prefill 40 tok (38 cached) in 92 ms; decode 255 tok / 128 passes in 9.6 s: 26.5 tok/s, 37.7 ms/tok, 75 ms/pass, 1.99 tok/pass, accept p1 100 %
2026-09-22 03:22:25.137 INFO  sched: request 'chatcmpl-e0d665f0703c7bfa' retired (steps): 256 tok in 9.6 s — prefill 39 tok (37 cached) in 92 ms; decode 255 tok / 128 passes in 9.5 s: 26.7 tok/s, 37.4 ms/tok, 75 ms/pass, 1.99 tok/pass, accept p1 100 %
2026-09-22 03:22:25.251 INFO  sched: request 'chatcmpl-e0d665f0703c7bfb' admitted to slot 0 (reserve 5 blocks; pool 110/4096 blocks in use) — first token 73022
2026-09-22 03:22:25.399 INFO  sched: request 'chatcmpl-e0d665f0703c7bfc' admitted to slot 1 (reserve 5 blocks; pool 116/4096 blocks in use) — first token 73022
2026-09-22 03:22:26.571 INFO  stats: rank 3 | 10.0 s | decode 51.8 tok/s, 18.5 ms/tok, 73.5 ms/step (131 steps / 520 tok, 96 % of wall) | mtp 2.00 tok/step/req, accept p1 100 % | prefill 2 prompts / 4 tok, 0 tok/s, 45.48 ms/tok, 91 ms avg (2 % of wall), 75 tok cached (2/2 hits) | live 2, queued 0 | pool 117/4096 blocks (3 %) | prefix cache 36/4096 entries
2026-09-22 03:22:34.968 INFO  sched: request 'chatcmpl-e0d665f0703c7bfb' retired (steps): 256 tok in 9.7 s — prefill 40 tok (38 cached) in 92 ms; decode 255 tok / 128 passes in 9.6 s: 26.5 tok/s, 37.7 ms/tok, 75 ms/pass, 1.99 tok/pass, accept p1 100 %
2026-09-22 03:22:35.025 INFO  sched: request 'chatcmpl-e0d665f0703c7bfc' retired (steps): 256 tok in 9.6 s — prefill 39 tok (37 cached) in 90 ms; decode 255 tok / 128 passes in 9.5 s: 26.7 tok/s, 37.4 ms/tok, 74 ms/pass, 1.99 tok/pass, accept p1 100 %
2026-09-22 03:22:35.449 INFO  sched: request 'chatcmpl-e0d665f0703c7bfd' prefix cache miss — 2 cut(s) probed against 36 entries; the nearest entry (position 299) shares the first 3 of the prompt's 26 tokens (the prompt differs from it from that token on)
2026-09-22 03:22:35.449 INFO  sched: request 'chatcmpl-e0d665f0703c7bfd' admitted to slot 0 (reserve 5 blocks; pool 111/4096 blocks in use) — first token 73022
2026-09-22 03:22:35.898 INFO  sched: request 'chatcmpl-e0d665f0703c7bfe' prefix cache miss — 2 cut(s) probed against 37 entries; the nearest entry (position 24) shares the first 7 of the prompt's 29 tokens (the prompt differs from it from that token on)
2026-09-22 03:22:35.898 INFO  sched: request 'chatcmpl-e0d665f0703c7bfe' admitted to slot 1 (reserve 5 blocks; pool 118/4096 blocks in use) — first token 73022
2026-09-22 03:22:36.387 INFO  sched: request 'chatcmpl-e0d665f0703c7bff' prefix cache miss — 2 cut(s) probed against 38 entries; the nearest entry (position 294) shares the first 16 of the prompt's 38 tokens (the prompt differs from it from that token on)
2026-09-22 03:22:36.387 INFO  sched: request 'chatcmpl-e0d665f0703c7bff' admitted to slot 2 (reserve 5 blocks; pool 125/4096 blocks in use) — first token 73022
2026-09-22 03:22:36.866 INFO  sched: request 'chatcmpl-e0d665f0703c7c00' prefix cache miss — 2 cut(s) probed against 39 entries; the nearest entry (position 27) shares the first 7 of the prompt's 27 tokens (the prompt differs from it from that token on)
2026-09-22 03:22:36.866 INFO  sched: request 'chatcmpl-e0d665f0703c7c00' admitted to slot 3 (reserve 5 blocks; pool 132/4096 blocks in use) — first token 73022
2026-09-22 03:22:36.968 INFO  stats: rank 3 | 10.4 s | decode 45.0 tok/s, 18.4 ms/tok, 74.2 ms/step (116 steps / 468 tok, 83 % of wall) | mtp 2.01 tok/step/req, accept p1 100 % | prefill 4 prompts / 120 tok, 12 tok/s, 13.24 ms/tok, 397 ms avg (15 % of wall), 0 tok cached (0/4 hits) | live 4, queued 0 | pool 133/4096 blocks (3 %) | prefix cache 40/4096 entries
2026-09-22 03:22:47.047 INFO  stats: rank 3 | 10.1 s | decode 71.8 tok/s, 13.6 ms/tok, 108.4 ms/step (91 steps / 724 tok, 98 % of wall) | mtp 1.99 tok/step/req, accept p1 99 % | prefill 0 prompts / 0 tok, 0 tok cached (0/0 hits) | live 4, queued 0 | pool 133/4096 blocks (3 %) | prefix cache 40/4096 entries
2026-09-22 03:22:50.851 INFO  sched: request 'chatcmpl-e0d665f0703c7bfe' retired (steps): 256 tok in 15.0 s — prefill 29 tok (0 cached) in 395 ms; decode 255 tok / 128 passes in 14.6 s: 17.5 tok/s, 57.1 ms/tok, 114 ms/pass, 1.99 tok/pass, accept p1 100 %
2026-09-22 03:22:50.964 INFO  sched: request 'chatcmpl-e0d665f0703c7bff' retired (steps): 256 tok in 14.6 s — prefill 38 tok (0 cached) in 417 ms; decode 255 tok / 128 passes in 14.2 s: 18.0 tok/s, 55.5 ms/tok, 111 ms/pass, 1.99 tok/pass, accept p1 100 %
2026-09-22 03:22:51.070 INFO  sched: request 'chatcmpl-e0d665f0703c7c00' retired (steps): 256 tok in 14.2 s — prefill 27 tok (0 cached) in 390 ms; decode 255 tok / 128 passes in 13.8 s: 18.5 tok/s, 54.2 ms/tok, 108 ms/pass, 1.99 tok/pass, accept p1 100 %
2026-09-22 03:22:51.070 INFO  sched: request 'chatcmpl-e0d665f0703c7bfd' retired (steps): 256 tok in 15.6 s — prefill 26 tok (0 cached) in 387 ms; decode 255 tok / 131 passes in 15.2 s: 16.7 tok/s, 59.7 ms/tok, 116 ms/pass, 1.95 tok/pass, accept p1 95 %
2026-09-22 03:22:51.190 INFO  sched: request 'chatcmpl-e0d665f0703c7c01' admitted to slot 0 (reserve 5 blocks; pool 134/4096 blocks in use) — first token 73022
2026-09-22 03:22:51.338 INFO  sched: request 'chatcmpl-e0d665f0703c7c02' admitted to slot 1 (reserve 5 blocks; pool 140/4096 blocks in use) — first token 73022
2026-09-22 03:22:51.503 INFO  sched: request 'chatcmpl-e0d665f0703c7c03' admitted to slot 2 (reserve 5 blocks; pool 146/4096 blocks in use) — first token 73022
2026-09-22 03:22:51.685 INFO  sched: request 'chatcmpl-e0d665f0703c7c04' admitted to slot 3 (reserve 5 blocks; pool 152/4096 blocks in use) — first token 73022
2026-09-22 03:22:57.151 INFO  stats: rank 3 | 10.1 s | decode 68.3 tok/s, 13.8 ms/tok, 106.7 ms/step (89 steps / 690 tok, 94 % of wall) | mtp 1.99 tok/step/req, accept p1 99 % | prefill 4 prompts / 8 tok, 1 tok/s, 46.30 ms/tok, 93 ms avg (4 % of wall), 112 tok cached (4/4 hits) | live 4, queued 0 | pool 153/4096 blocks (4 %) | prefix cache 44/4096 entries
2026-09-22 03:23:05.501 INFO  sched: request 'chatcmpl-e0d665f0703c7c01' retired (steps): 256 tok in 14.3 s — prefill 38 tok (36 cached) in 92 ms; decode 255 tok / 128 passes in 14.2 s: 17.9 tok/s, 55.8 ms/tok, 111 ms/pass, 1.99 tok/pass, accept p1 100 %
2026-09-22 03:23:05.720 INFO  sched: request 'chatcmpl-e0d665f0703c7c03' retired (steps): 256 tok in 14.2 s — prefill 29 tok (27 cached) in 92 ms; decode 255 tok / 128 passes in 14.1 s: 18.1 tok/s, 55.4 ms/tok, 110 ms/pass, 1.99 tok/pass, accept p1 100 %
2026-09-22 03:23:05.823 INFO  sched: request 'chatcmpl-e0d665f0703c7c04' retired (steps): 256 tok in 14.1 s — prefill 27 tok (25 cached) in 94 ms; decode 255 tok / 128 passes in 14.0 s: 18.2 tok/s, 55.1 ms/tok, 110 ms/pass, 1.99 tok/pass, accept p1 100 %
2026-09-22 03:23:05.880 INFO  sched: request 'chatcmpl-e0d665f0703c7c02' retired (steps): 256 tok in 14.5 s — prefill 26 tok (24 cached) in 92 ms; decode 255 tok / 131 passes in 14.4 s: 17.6 tok/s, 56.7 ms/tok, 110 ms/pass, 1.95 tok/pass, accept p1 95 %
2026-09-22 03:23:05.983 INFO  sched: request 'chatcmpl-e0d665f0703c7c05' admitted to slot 0 (reserve 5 blocks; pool 134/4096 blocks in use) — first token 73022
2026-09-22 03:23:06.131 INFO  sched: request 'chatcmpl-e0d665f0703c7c06' admitted to slot 1 (reserve 5 blocks; pool 140/4096 blocks in use) — first token 73022
2026-09-22 03:23:06.296 INFO  sched: request 'chatcmpl-e0d665f0703c7c07' admitted to slot 2 (reserve 5 blocks; pool 146/4096 blocks in use) — first token 73022
2026-09-22 03:23:06.479 INFO  sched: request 'chatcmpl-e0d665f0703c7c08' admitted to slot 3 (reserve 5 blocks; pool 152/4096 blocks in use) — first token 73022
2026-09-22 03:23:07.215 INFO  stats: rank 3 | 10.1 s | decode 67.8 tok/s, 13.9 ms/tok, 106.3 ms/step (89 steps / 682 tok, 94 % of wall) | mtp 1.99 tok/step/req, accept p1 99 % | prefill 4 prompts / 8 tok, 1 tok/s, 46.30 ms/tok, 93 ms avg (4 % of wall), 112 tok cached (4/4 hits) | live 4, queued 0 | pool 153/4096 blocks (4 %) | prefix cache 44/4096 entries
2026-09-22 03:23:17.301 INFO  stats: rank 3 | 10.1 s | decode 71.8 tok/s, 13.6 ms/tok, 108.4 ms/step (91 steps / 724 tok, 98 % of wall) | mtp 1.99 tok/step/req, accept p1 99 % | prefill 0 prompts / 0 tok, 0 tok cached (0/0 hits) | live 4, queued 0 | pool 153/4096 blocks (4 %) | prefix cache 44/4096 entries
2026-09-22 03:23:20.331 INFO  sched: request 'chatcmpl-e0d665f0703c7c05' retired (steps): 256 tok in 14.3 s — prefill 38 tok (36 cached) in 92 ms; decode 255 tok / 128 passes in 14.3 s: 17.9 tok/s, 55.9 ms/tok, 111 ms/pass, 1.99 tok/pass, accept p1 100 %
2026-09-22 03:23:20.443 INFO  sched: request 'chatcmpl-e0d665f0703c7c06' retired (steps): 256 tok in 14.3 s — prefill 27 tok (25 cached) in 91 ms; decode 255 tok / 128 passes in 14.2 s: 17.9 tok/s, 55.8 ms/tok, 111 ms/pass, 1.99 tok/pass, accept p1 100 %
2026-09-22 03:23:20.552 INFO  sched: request 'chatcmpl-e0d665f0703c7c07' retired (steps): 256 tok in 14.3 s — prefill 29 tok (27 cached) in 92 ms; decode 255 tok / 128 passes in 14.2 s: 18.0 tok/s, 55.5 ms/tok, 111 ms/pass, 1.99 tok/pass, accept p1 100 %
2026-09-22 03:23:20.772 INFO  sched: request 'chatcmpl-e0d665f0703c7c08' retired (steps): 256 tok in 14.3 s — prefill 26 tok (24 cached) in 95 ms; decode 255 tok / 131 passes in 14.2 s: 18.0 tok/s, 55.7 ms/tok, 108 ms/pass, 1.95 tok/pass, accept p1 95 %
2026-09-22 03:23:21.260 INFO  sched: request 'chatcmpl-e0d665f0703c7c09' prefix cache miss — 2 cut(s) probed against 44 entries; the nearest entry (position 299) shares the first 3 of the prompt's 61 tokens (the prompt differs from it from that token on)
2026-09-22 03:23:21.260 INFO  sched: request 'chatcmpl-e0d665f0703c7c09' admitted to slot 0 (reserve 5 blocks; pool 135/4096 blocks in use) — first token 14364
2026-09-22 03:23:27.313 INFO  stats: rank 3 | 10.0 s | decode 44.4 tok/s, 21.0 ms/tok, 64.4 ms/step (145 steps / 445 tok, 93 % of wall) | mtp 1.94 tok/step/req, accept p1 96 % | prefill 1 prompt / 61 tok, 6 tok/s, 7.39 ms/tok, 451 ms avg (5 % of wall), 0 tok cached (0/1 hit) | live 1, queued 0 | pool 136/4096 blocks (3 %) | prefix cache 45/4096 entries
2026-09-22 03:23:28.415 INFO  sched: request 'chatcmpl-e0d665f0703c7c09' retired (steps): 256 tok in 7.2 s — prefill 61 tok (0 cached) in 451 ms; decode 255 tok / 132 passes in 6.7 s: 38.0 tok/s, 26.3 ms/tok, 51 ms/pass, 1.93 tok/pass, accept p1 94 %
2026-09-22 03:23:28.535 INFO  sched: request 'chatcmpl-e0d665f0703c7c0a' admitted to slot 0 (reserve 5 blocks; pool 140/4096 blocks in use) — first token 14364
2026-09-22 03:23:35.707 INFO  sched: request 'chatcmpl-e0d665f0703c7c0a' retired (steps): 256 tok in 7.2 s — prefill 61 tok (59 cached) in 93 ms; decode 255 tok / 132 passes in 7.1 s: 36.0 tok/s, 27.8 ms/tok, 54 ms/pass, 1.93 tok/pass, accept p1 94 %
2026-09-22 03:23:35.827 INFO  sched: request 'chatcmpl-e0d665f0703c7c0b' admitted to slot 0 (reserve 5 blocks; pool 140/4096 blocks in use) — first token 14364
2026-09-22 03:23:37.343 INFO  stats: rank 3 | 10.0 s | decode 34.8 tok/s, 27.5 ms/tok, 53.4 ms/step (180 steps / 349 tok, 96 % of wall) | mtp 1.94 tok/step/req, accept p1 94 % | prefill 2 prompts / 4 tok, 0 tok/s, 46.50 ms/tok, 93 ms avg (2 % of wall), 118 tok cached (2/2 hits) | live 1, queued 0 | pool 141/4096 blocks (3 %) | prefix cache 46/4096 entries
2026-09-22 03:23:42.967 INFO  sched: request 'chatcmpl-e0d665f0703c7c0b' retired (steps): 256 tok in 7.1 s — prefill 61 tok (59 cached) in 93 ms; decode 255 tok / 132 passes in 7.0 s: 36.2 tok/s, 27.6 ms/tok, 53 ms/pass, 1.93 tok/pass, accept p1 94 %
2026-09-22 03:23:43.466 INFO  sched: request 'chatcmpl-e0d665f0703c7c0c' prefix cache miss — 2 cut(s) probed against 46 entries; the nearest entry (position 315) shares the first 3 of the prompt's 47 tokens (the prompt differs from it from that token on)
2026-09-22 03:23:43.466 INFO  sched: request 'chatcmpl-e0d665f0703c7c0c' admitted to slot 0 (reserve 5 blocks; pool 141/4096 blocks in use) — first token 14364
2026-09-22 03:23:43.963 INFO  sched: request 'chatcmpl-e0d665f0703c7c0d' prefix cache miss — 2 cut(s) probed against 47 entries; the nearest entry (position 315) shares the first 4 of the prompt's 54 tokens (the prompt differs from it from that token on)
2026-09-22 03:23:43.963 INFO  sched: request 'chatcmpl-e0d665f0703c7c0d' admitted to slot 1 (reserve 5 blocks; pool 148/4096 blocks in use) — first token 8419
2026-09-22 03:23:47.349 INFO  stats: rank 3 | 10.0 s | decode 38.0 tok/s, 23.4 ms/tok, 58.9 ms/step (151 steps / 380 tok, 89 % of wall) | mtp 1.93 tok/step/req, accept p1 92 % | prefill 2 prompts / 101 tok, 10 tok/s, 8.75 ms/tok, 442 ms avg (9 % of wall), 0 tok cached (0/2 hits) | live 2, queued 0 | pool 149/4096 blocks (4 %) | prefix cache 48/4096 entries
2026-09-22 03:23:53.667 INFO  sched: request 'chatcmpl-e0d665f0703c7c0d' retired (steps): 256 tok in 9.7 s — prefill 54 tok (0 cached) in 443 ms; decode 255 tok / 130 passes in 9.3 s: 27.5 tok/s, 36.3 ms/tok, 71 ms/pass, 1.96 tok/pass, accept p1 96 %
2026-09-22 03:23:53.834 INFO  sched: request 'chatcmpl-e0d665f0703c7c0c' retired (steps): 256 tok in 10.4 s — prefill 47 tok (0 cached) in 441 ms; decode 255 tok / 134 passes in 9.9 s: 25.7 tok/s, 38.9 ms/tok, 74 ms/pass, 1.90 tok/pass, accept p1 91 %
2026-09-22 03:23:53.938 INFO  sched: request 'chatcmpl-e0d665f0703c7c0e' admitted to slot 0 (reserve 5 blocks; pool 152/4096 blocks in use) — first token 8419
2026-09-22 03:23:54.084 INFO  sched: request 'chatcmpl-e0d665f0703c7c0f' admitted to slot 1 (reserve 5 blocks; pool 158/4096 blocks in use) — first token 14364
2026-09-22 03:23:57.422 INFO  stats: rank 3 | 10.1 s | decode 50.4 tok/s, 19.0 ms/tok, 72.7 ms/step (133 steps / 508 tok, 96 % of wall) | mtp 1.94 tok/step/req, accept p1 94 % | prefill 2 prompts / 4 tok, 0 tok/s, 45.92 ms/tok, 92 ms avg (2 % of wall), 97 tok cached (2/2 hits) | live 2, queued 0 | pool 159/4096 blocks (4 %) | prefix cache 50/4096 entries
2026-09-22 03:24:03.763 INFO  sched: request 'chatcmpl-e0d665f0703c7c0e' retired (steps): 256 tok in 9.8 s — prefill 54 tok (52 cached) in 92 ms; decode 255 tok / 130 passes in 9.7 s: 26.2 tok/s, 38.2 ms/tok, 75 ms/pass, 1.96 tok/pass, accept p1 96 %
2026-09-22 03:24:04.040 INFO  sched: request 'chatcmpl-e0d665f0703c7c0f' retired (steps): 256 tok in 10.0 s — prefill 47 tok (45 cached) in 92 ms; decode 255 tok / 134 passes in 9.9 s: 25.8 tok/s, 38.7 ms/tok, 74 ms/pass, 1.90 tok/pass, accept p1 91 %
2026-09-22 03:24:04.166 INFO  sched: request 'chatcmpl-e0d665f0703c7c10' admitted to slot 0 (reserve 5 blocks; pool 152/4096 blocks in use) — first token 8419
2026-09-22 03:24:04.311 INFO  sched: request 'chatcmpl-e0d665f0703c7c11' admitted to slot 1 (reserve 5 blocks; pool 158/4096 blocks in use) — first token 14364
2026-09-22 03:24:07.485 INFO  stats: rank 3 | 10.1 s | decode 50.1 tok/s, 19.2 ms/tok, 72.6 ms/step (133 steps / 504 tok, 96 % of wall) | mtp 1.94 tok/step/req, accept p1 93 % | prefill 2 prompts / 4 tok, 0 tok/s, 45.96 ms/tok, 92 ms avg (2 % of wall), 97 tok cached (2/2 hits) | live 2, queued 0 | pool 159/4096 blocks (4 %) | prefix cache 50/4096 entries
2026-09-22 03:24:13.963 INFO  sched: request 'chatcmpl-e0d665f0703c7c10' retired (steps): 256 tok in 9.8 s — prefill 54 tok (52 cached) in 93 ms; decode 255 tok / 130 passes in 9.7 s: 26.3 tok/s, 38.1 ms/tok, 75 ms/pass, 1.96 tok/pass, accept p1 96 %
2026-09-22 03:24:14.241 INFO  sched: request 'chatcmpl-e0d665f0703c7c11' retired (steps): 256 tok in 9.9 s — prefill 47 tok (45 cached) in 91 ms; decode 255 tok / 134 passes in 9.8 s: 25.9 tok/s, 38.6 ms/tok, 73 ms/pass, 1.90 tok/pass, accept p1 91 %
2026-09-22 03:24:14.707 INFO  sched: request 'chatcmpl-e0d665f0703c7c12' prefix cache miss — 2 cut(s) probed against 50 entries; the nearest entry (position 315) shares the first 4 of the prompt's 47 tokens (the prompt differs from it from that token on)
2026-09-22 03:24:14.708 INFO  sched: request 'chatcmpl-e0d665f0703c7c12' admitted to slot 0 (reserve 5 blocks; pool 153/4096 blocks in use) — first token 14364
2026-09-22 03:24:15.151 INFO  sched: request 'chatcmpl-e0d665f0703c7c13' prefix cache miss — 2 cut(s) probed against 51 entries; the nearest entry (position 315) shares the first 3 of the prompt's 28 tokens (the prompt differs from it from that token on)
2026-09-22 03:24:15.151 INFO  sched: request 'chatcmpl-e0d665f0703c7c13' admitted to slot 1 (reserve 5 blocks; pool 160/4096 blocks in use) — first token 14364
2026-09-22 03:24:15.626 INFO  sched: request 'chatcmpl-e0d665f0703c7c14' prefix cache miss — 2 cut(s) probed against 52 entries; the nearest entry (position 26) shares the first 7 of the prompt's 32 tokens (the prompt differs from it from that token on)
2026-09-22 03:24:15.626 INFO  sched: request 'chatcmpl-e0d665f0703c7c14' admitted to slot 2 (reserve 5 blocks; pool 167/4096 blocks in use) — first token 14364
2026-09-22 03:24:16.118 INFO  sched: request 'chatcmpl-e0d665f0703c7c15' prefix cache miss — 2 cut(s) probed against 53 entries; the nearest entry (position 30) shares the first 8 of the prompt's 30 tokens (the prompt differs from it from that token on)
2026-09-22 03:24:16.118 INFO  sched: request 'chatcmpl-e0d665f0703c7c15' admitted to slot 3 (reserve 5 blocks; pool 174/4096 blocks in use) — first token 14364
2026-09-22 03:24:17.507 INFO  stats: rank 3 | 10.0 s | decode 46.0 tok/s, 17.8 ms/tok, 76.7 ms/step (107 steps / 461 tok, 82 % of wall) | mtp 1.96 tok/step/req, accept p1 95 % | prefill 4 prompts / 137 tok, 14 tok/s, 11.89 ms/tok, 407 ms avg (16 % of wall), 0 tok cached (0/4 hits) | live 4, queued 0 | pool 175/4096 blocks (4 %) | prefix cache 54/4096 entries
2026-09-22 03:24:27.571 INFO  stats: rank 3 | 10.1 s | decode 70.0 tok/s, 14.0 ms/tok, 108.4 ms/step (91 steps / 705 tok, 98 % of wall) | mtp 1.94 tok/step/req, accept p1 94 % | prefill 0 prompts / 0 tok, 0 tok cached (0/0 hits) | live 4, queued 0 | pool 175/4096 blocks (4 %) | prefix cache 54/4096 entries
2026-09-22 03:24:30.175 INFO  sched: request 'chatcmpl-e0d665f0703c7c12' retired (steps): 256 tok in 15.5 s — prefill 47 tok (0 cached) in 439 ms; decode 255 tok / 130 passes in 15.0 s: 17.0 tok/s, 58.9 ms/tok, 116 ms/pass, 1.96 tok/pass, accept p1 97 %
2026-09-22 03:24:30.401 INFO  sched: request 'chatcmpl-e0d665f0703c7c14' retired (steps): 256 tok in 14.8 s — prefill 32 tok (0 cached) in 403 ms; decode 255 tok / 130 passes in 14.4 s: 17.7 tok/s, 56.4 ms/tok, 111 ms/pass, 1.96 tok/pass, accept p1 96 %
2026-09-22 03:24:30.601 INFO  sched: request 'chatcmpl-e0d665f0703c7c13' retired (steps): 256 tok in 15.5 s — prefill 28 tok (0 cached) in 387 ms; decode 255 tok / 133 passes in 15.1 s: 16.9 tok/s, 59.1 ms/tok, 113 ms/pass, 1.92 tok/pass, accept p1 92 %
2026-09-22 03:24:30.712 INFO  sched: request 'chatcmpl-e0d665f0703c7c15' retired (steps): 256 tok in 14.6 s — prefill 30 tok (0 cached) in 400 ms; decode 255 tok / 133 passes in 14.2 s: 18.0 tok/s, 55.7 ms/tok, 107 ms/pass, 1.92 tok/pass, accept p1 92 %
2026-09-22 03:24:30.839 INFO  sched: request 'chatcmpl-e0d665f0703c7c16' admitted to slot 0 (reserve 5 blocks; pool 176/4096 blocks in use) — first token 14364
2026-09-22 03:24:30.983 INFO  sched: request 'chatcmpl-e0d665f0703c7c17' admitted to slot 1 (reserve 5 blocks; pool 182/4096 blocks in use) — first token 14364
2026-09-22 03:24:31.151 INFO  sched: request 'chatcmpl-e0d665f0703c7c18' admitted to slot 2 (reserve 5 blocks; pool 188/4096 blocks in use) — first token 14364
2026-09-22 03:24:31.333 INFO  sched: request 'chatcmpl-e0d665f0703c7c19' admitted to slot 3 (reserve 5 blocks; pool 194/4096 blocks in use) — first token 14364
2026-09-22 03:24:37.572 INFO  stats: rank 3 | 10.0 s | decode 65.6 tok/s, 14.3 ms/tok, 105.8 ms/step (89 steps / 656 tok, 94 % of wall) | mtp 1.94 tok/step/req, accept p1 94 % | prefill 4 prompts / 8 tok, 1 tok/s, 46.07 ms/tok, 92 ms avg (4 % of wall), 129 tok cached (4/4 hits) | live 4, queued 0 | pool 195/4096 blocks (5 %) | prefix cache 58/4096 entries
2026-09-22 03:24:45.417 INFO  sched: request 'chatcmpl-e0d665f0703c7c16' retired (steps): 256 tok in 14.6 s — prefill 47 tok (45 cached) in 94 ms; decode 255 tok / 130 passes in 14.5 s: 17.6 tok/s, 56.8 ms/tok, 111 ms/pass, 1.96 tok/pass, accept p1 97 %
2026-09-22 03:24:45.642 INFO  sched: request 'chatcmpl-e0d665f0703c7c18' retired (steps): 256 tok in 14.5 s — prefill 32 tok (30 cached) in 94 ms; decode 255 tok / 130 passes in 14.4 s: 17.7 tok/s, 56.5 ms/tok, 111 ms/pass, 1.96 tok/pass, accept p1 96 %
2026-09-22 03:24:45.841 INFO  sched: request 'chatcmpl-e0d665f0703c7c17' retired (steps): 256 tok in 14.9 s — prefill 28 tok (26 cached) in 88 ms; decode 255 tok / 133 passes in 14.8 s: 17.3 tok/s, 57.9 ms/tok, 111 ms/pass, 1.92 tok/pass, accept p1 92 %
2026-09-22 03:24:45.952 INFO  sched: request 'chatcmpl-e0d665f0703c7c19' retired (steps): 256 tok in 14.6 s — prefill 30 tok (28 cached) in 92 ms; decode 255 tok / 133 passes in 14.5 s: 17.6 tok/s, 57.0 ms/tok, 109 ms/pass, 1.92 tok/pass, accept p1 92 %
2026-09-22 03:24:46.066 INFO  sched: request 'chatcmpl-e0d665f0703c7c1a' admitted to slot 0 (reserve 5 blocks; pool 176/4096 blocks in use) — first token 14364
2026-09-22 03:24:46.214 INFO  sched: request 'chatcmpl-e0d665f0703c7c1b' admitted to slot 1 (reserve 5 blocks; pool 182/4096 blocks in use) — first token 14364
2026-09-22 03:24:46.381 INFO  sched: request 'chatcmpl-e0d665f0703c7c1c' admitted to slot 2 (reserve 5 blocks; pool 188/4096 blocks in use) — first token 14364
2026-09-22 03:24:46.564 INFO  sched: request 'chatcmpl-e0d665f0703c7c1d' admitted to slot 3 (reserve 5 blocks; pool 194/4096 blocks in use) — first token 14364
2026-09-22 03:24:47.629 INFO  stats: rank 3 | 10.1 s | decode 65.9 tok/s, 14.3 ms/tok, 106.2 ms/step (89 steps / 663 tok, 94 % of wall) | mtp 1.96 tok/step/req, accept p1 96 % | prefill 4 prompts / 8 tok, 1 tok/s, 46.49 ms/tok, 93 ms avg (4 % of wall), 129 tok cached (4/4 hits) | live 4, queued 0 | pool 194/4096 blocks (5 %) | prefix cache 58/4096 entries
2026-09-22 03:24:57.729 INFO  stats: rank 3 | 10.1 s | decode 69.8 tok/s, 14.1 ms/tok, 108.9 ms/step (91 steps / 705 tok, 98 % of wall) | mtp 1.94 tok/step/req, accept p1 94 % | prefill 0 prompts / 0 tok, 0 tok cached (0/0 hits) | live 4, queued 0 | pool 195/4096 blocks (5 %) | prefix cache 58/4096 entries
2026-09-22 03:25:00.772 INFO  sched: request 'chatcmpl-e0d665f0703c7c1b' retired (steps): 256 tok in 14.6 s — prefill 32 tok (30 cached) in 93 ms; decode 255 tok / 130 passes in 14.5 s: 17.6 tok/s, 56.7 ms/tok, 111 ms/pass, 1.96 tok/pass, accept p1 96 %
2026-09-22 03:25:00.985 INFO  sched: request 'chatcmpl-e0d665f0703c7c1d' retired (steps): 256 tok in 14.4 s — prefill 47 tok (45 cached) in 93 ms; decode 255 tok / 130 passes in 14.3 s: 17.8 tok/s, 56.2 ms/tok, 110 ms/pass, 1.96 tok/pass, accept p1 97 %
2026-09-22 03:25:00.985 INFO  sched: request 'chatcmpl-e0d665f0703c7c1a' retired (steps): 256 tok in 14.9 s — prefill 28 tok (26 cached) in 92 ms; decode 255 tok / 133 passes in 14.8 s: 17.2 tok/s, 58.1 ms/tok, 111 ms/pass, 1.92 tok/pass, accept p1 92 %
2026-09-22 03:25:01.099 INFO  sched: request 'chatcmpl-e0d665f0703c7c1c' retired (steps): 256 tok in 14.7 s — prefill 30 tok (28 cached) in 94 ms; decode 255 tok / 133 passes in 14.6 s: 17.4 tok/s, 57.3 ms/tok, 110 ms/pass, 1.92 tok/pass, accept p1 92 %
2026-09-22 03:25:01.551 INFO  sched: request 'chatcmpl-e0d665f0703c7c1e' prefix cache miss — 2 cut(s) probed against 58 entries; the nearest entry (position 287) shares the first 5 of the prompt's 33 tokens (the prompt differs from it from that token on)
2026-09-22 03:25:01.551 INFO  sched: request 'chatcmpl-e0d665f0703c7c1e' admitted to slot 0 (reserve 5 blocks; pool 177/4096 blocks in use) — first token 79638
2026-09-22 03:25:07.741 INFO  stats: rank 3 | 10.0 s | decode 43.0 tok/s, 21.7 ms/tok, 64.1 ms/step (146 steps / 431 tok, 94 % of wall) | mtp 1.87 tok/step/req, accept p1 87 % | prefill 1 prompt / 33 tok, 3 tok/s, 12.71 ms/tok, 420 ms avg (4 % of wall), 0 tok cached (0/1 hit) | live 1, queued 0 | pool 178/4096 blocks (4 %) | prefix cache 59/4096 entries
2026-09-22 03:25:09.413 INFO  sched: request 'chatcmpl-e0d665f0703c7c1e' retired (steps): 256 tok in 7.9 s — prefill 33 tok (0 cached) in 420 ms; decode 255 tok / 146 passes in 7.4 s: 34.3 tok/s, 29.2 ms/tok, 51 ms/pass, 1.75 tok/pass, accept p1 75 %
2026-09-22 03:25:09.533 INFO  sched: request 'chatcmpl-e0d665f0703c7c1f' admitted to slot 0 (reserve 5 blocks; pool 182/4096 blocks in use) — first token 79638
2026-09-22 03:25:17.399 INFO  sched: request 'chatcmpl-e0d665f0703c7c1f' retired (steps): 256 tok in 7.9 s — prefill 33 tok (31 cached) in 93 ms; decode 255 tok / 146 passes in 7.8 s: 32.8 tok/s, 30.5 ms/tok, 53 ms/pass, 1.75 tok/pass, accept p1 75 %
2026-09-22 03:25:17.506 INFO  sched: request 'chatcmpl-e0d665f0703c7c20' admitted to slot 0 (reserve 5 blocks; pool 182/4096 blocks in use) — first token 79638
2026-09-22 03:25:17.782 INFO  stats: rank 3 | 10.0 s | decode 31.8 tok/s, 30.2 ms/tok, 52.9 ms/step (182 steps / 319 tok, 96 % of wall) | mtp 1.75 tok/step/req, accept p1 75 % | prefill 2 prompts / 4 tok, 0 tok/s, 46.15 ms/tok, 92 ms avg (2 % of wall), 62 tok cached (2/2 hits) | live 1, queued 0 | pool 183/4096 blocks (4 %) | prefix cache 60/4096 entries
2026-09-22 03:25:25.399 INFO  sched: request 'chatcmpl-e0d665f0703c7c20' retired (steps): 256 tok in 7.9 s — prefill 33 tok (31 cached) in 92 ms; decode 255 tok / 146 passes in 7.8 s: 32.7 tok/s, 30.6 ms/tok, 53 ms/pass, 1.75 tok/pass, accept p1 75 %
2026-09-22 03:25:25.852 INFO  sched: request 'chatcmpl-e0d665f0703c7c21' prefix cache miss — 2 cut(s) probed against 60 entries; the nearest entry (position 287) shares the first 12 of the prompt's 33 tokens (the prompt differs from it from that token on)
2026-09-22 03:25:25.852 INFO  sched: request 'chatcmpl-e0d665f0703c7c21' admitted to slot 0 (reserve 5 blocks; pool 183/4096 blocks in use) — first token 25258
2026-09-22 03:25:26.315 INFO  sched: request 'chatcmpl-e0d665f0703c7c22' prefix cache miss — 2 cut(s) probed against 61 entries; the nearest entry (position 287) shares the first 13 of the prompt's 34 tokens (the prompt differs from it from that token on)
2026-09-22 03:25:26.315 INFO  sched: request 'chatcmpl-e0d665f0703c7c22' admitted to slot 1 (reserve 5 blocks; pool 190/4096 blocks in use) — first token 32
2026-09-22 03:25:27.848 INFO  stats: rank 3 | 10.1 s | decode 32.4 tok/s, 27.7 ms/tok, 55.3 ms/step (163 steps / 326 tok, 90 % of wall) | mtp 1.77 tok/step/req, accept p1 77 % | prefill 2 prompts / 67 tok, 7 tok/s, 12.33 ms/tok, 413 ms avg (8 % of wall), 0 tok cached (0/2 hits) | live 2, queued 0 | pool 191/4096 blocks (5 %) | prefix cache 62/4096 entries
2026-09-22 03:25:36.398 INFO  sched: request 'chatcmpl-e0d665f0703c7c21' retired (steps): 256 tok in 10.5 s — prefill 33 tok (0 cached) in 416 ms; decode 255 tok / 139 passes in 10.1 s: 25.2 tok/s, 39.7 ms/tok, 73 ms/pass, 1.83 tok/pass, accept p1 83 %
2026-09-22 03:25:36.947 INFO  sched: request 'chatcmpl-e0d665f0703c7c22' retired (steps): 256 tok in 10.6 s — prefill 34 tok (0 cached) in 409 ms; decode 255 tok / 148 passes in 10.2 s: 24.9 tok/s, 40.1 ms/tok, 69 ms/pass, 1.72 tok/pass, accept p1 72 %
2026-09-22 03:25:37.072 INFO  sched: request 'chatcmpl-e0d665f0703c7c23' admitted to slot 0 (reserve 5 blocks; pool 194/4096 blocks in use) — first token 25258
2026-09-22 03:25:37.220 INFO  sched: request 'chatcmpl-e0d665f0703c7c24' admitted to slot 1 (reserve 5 blocks; pool 200/4096 blocks in use) — first token 32
2026-09-22 03:25:37.882 INFO  stats: rank 3 | 10.0 s | decode 46.8 tok/s, 20.5 ms/tok, 70.3 ms/step (137 steps / 470 tok, 96 % of wall) | mtp 1.79 tok/step/req, accept p1 78 % | prefill 2 prompts / 4 tok, 0 tok/s, 46.28 ms/tok, 93 ms avg (2 % of wall), 63 tok cached (2/2 hits) | live 2, queued 0 | pool 201/4096 blocks (5 %) | prefix cache 64/4096 entries
2026-09-22 03:25:47.314 INFO  sched: request 'chatcmpl-e0d665f0703c7c23' retired (steps): 256 tok in 10.2 s — prefill 33 tok (31 cached) in 94 ms; decode 255 tok / 139 passes in 10.1 s: 25.1 tok/s, 39.8 ms/tok, 73 ms/pass, 1.83 tok/pass, accept p1 83 %
2026-09-22 03:25:47.861 INFO  sched: request 'chatcmpl-e0d665f0703c7c24' retired (steps): 256 tok in 10.6 s — prefill 34 tok (32 cached) in 91 ms; decode 255 tok / 148 passes in 10.5 s: 24.2 tok/s, 41.4 ms/tok, 71 ms/pass, 1.72 tok/pass, accept p1 72 %
2026-09-22 03:25:47.977 INFO  sched: request 'chatcmpl-e0d665f0703c7c25' admitted to slot 0 (reserve 5 blocks; pool 194/4096 blocks in use) — first token 25258
2026-09-22 03:25:48.031 INFO  stats: rank 3 | 10.1 s | decode 47.0 tok/s, 20.6 ms/tok, 70.3 ms/step (140 steps / 477 tok, 97 % of wall) | mtp 1.77 tok/step/req, accept p1 77 % | prefill 1 prompt / 2 tok, 0 tok/s, 47.22 ms/tok, 94 ms avg (1 % of wall), 31 tok cached (1/1 hit) | live 1, queued 1 | pool 195/4096 blocks (5 %) | prefix cache 64/4096 entries
2026-09-22 03:25:48.122 INFO  sched: request 'chatcmpl-e0d665f0703c7c26' admitted to slot 1 (reserve 5 blocks; pool 200/4096 blocks in use) — first token 32
2026-09-22 03:25:58.053 INFO  stats: rank 3 | 10.0 s | decode 48.2 tok/s, 20.1 ms/tok, 71.5 ms/step (136 steps / 483 tok, 97 % of wall) | mtp 1.78 tok/step/req, accept p1 77 % | prefill 1 prompt / 2 tok, 0 tok/s, 44.29 ms/tok, 89 ms avg (1 % of wall), 32 tok cached (1/1 hit) | live 2, queued 0 | pool 201/4096 blocks (5 %) | prefix cache 64/4096 entries
2026-09-22 03:25:58.199 INFO  sched: request 'chatcmpl-e0d665f0703c7c25' retired (steps): 256 tok in 10.2 s — prefill 33 tok (31 cached) in 94 ms; decode 255 tok / 139 passes in 10.1 s: 25.2 tok/s, 39.7 ms/tok, 73 ms/pass, 1.83 tok/pass, accept p1 83 %
2026-09-22 03:25:58.746 INFO  sched: request 'chatcmpl-e0d665f0703c7c26' retired (steps): 256 tok in 10.6 s — prefill 34 tok (32 cached) in 89 ms; decode 255 tok / 148 passes in 10.5 s: 24.2 tok/s, 41.3 ms/tok, 71 ms/pass, 1.72 tok/pass, accept p1 72 %
2026-09-22 03:25:59.166 INFO  sched: request 'chatcmpl-e0d665f0703c7c27' prefix cache miss — 2 cut(s) probed against 64 entries; the nearest entry (position 289) shares the first 5 of the prompt's 24 tokens (the prompt differs from it from that token on)
2026-09-22 03:25:59.166 INFO  sched: request 'chatcmpl-e0d665f0703c7c27' admitted to slot 0 (reserve 5 blocks; pool 195/4096 blocks in use) — first token 14364
2026-09-22 03:25:59.599 INFO  sched: request 'chatcmpl-e0d665f0703c7c28' prefix cache miss — 2 cut(s) probed against 65 entries; the nearest entry (position 289) shares the first 5 of the prompt's 24 tokens (the prompt differs from it from that token on)
2026-09-22 03:25:59.599 INFO  sched: request 'chatcmpl-e0d665f0703c7c28' admitted to slot 1 (reserve 5 blocks; pool 202/4096 blocks in use) — first token 14364
2026-09-22 03:26:00.093 INFO  sched: request 'chatcmpl-e0d665f0703c7c29' prefix cache miss — 2 cut(s) probed against 66 entries; the nearest entry (position 289) shares the first 12 of the prompt's 33 tokens (the prompt differs from it from that token on)
2026-09-22 03:26:00.093 INFO  sched: request 'chatcmpl-e0d665f0703c7c29' admitted to slot 2 (reserve 5 blocks; pool 209/4096 blocks in use) — first token 19
2026-09-22 03:26:00.565 INFO  sched: request 'chatcmpl-e0d665f0703c7c2a' prefix cache miss — 2 cut(s) probed against 67 entries; the nearest entry (position 289) shares the first 5 of the prompt's 24 tokens (the prompt differs from it from that token on)
2026-09-22 03:26:00.565 INFO  sched: request 'chatcmpl-e0d665f0703c7c2a' admitted to slot 3 (reserve 5 blocks; pool 216/4096 blocks in use) — first token 14364
2026-09-22 03:26:08.069 INFO  stats: rank 3 | 10.0 s | decode 54.7 tok/s, 15.1 ms/tok, 97.1 ms/step (85 steps / 548 tok, 82 % of wall) | mtp 1.83 tok/step/req, accept p1 81 % | prefill 4 prompts / 105 tok, 10 tok/s, 14.80 ms/tok, 388 ms avg (16 % of wall), 0 tok cached (0/4 hits) | live 4, queued 0 | pool 217/4096 blocks (5 %) | prefix cache 68/4096 entries
2026-09-22 03:26:15.146 INFO  sched: request 'chatcmpl-e0d665f0703c7c27' retired (steps): 256 tok in 16.0 s — prefill 24 tok (0 cached) in 382 ms; decode 255 tok / 138 passes in 15.6 s: 16.3 tok/s, 61.2 ms/tok, 113 ms/pass, 1.85 tok/pass, accept p1 86 %
2026-09-22 03:26:15.681 INFO  sched: request 'chatcmpl-e0d665f0703c7c28' retired (steps): 256 tok in 16.1 s — prefill 24 tok (0 cached) in 376 ms; decode 255 tok / 142 passes in 15.7 s: 16.2 tok/s, 61.6 ms/tok, 111 ms/pass, 1.80 tok/pass, accept p1 80 %
2026-09-22 03:26:15.785 INFO  sched: request 'chatcmpl-e0d665f0703c7c2a' retired (steps): 256 tok in 15.2 s — prefill 24 tok (0 cached) in 378 ms; decode 255 tok / 141 passes in 14.8 s: 17.2 tok/s, 58.2 ms/tok, 105 ms/pass, 1.81 tok/pass, accept p1 82 %
2026-09-22 03:26:15.841 INFO  sched: request 'chatcmpl-e0d665f0703c7c29' retired (steps): 256 tok in 15.7 s — prefill 33 tok (0 cached) in 418 ms; decode 255 tok / 143 passes in 15.3 s: 16.6 tok/s, 60.1 ms/tok, 107 ms/pass, 1.78 tok/pass, accept p1 79 %
2026-09-22 03:26:15.945 INFO  sched: request 'chatcmpl-e0d665f0703c7c2b' admitted to slot 0 (reserve 5 blocks; pool 218/4096 blocks in use) — first token 19
2026-09-22 03:26:16.093 INFO  sched: request 'chatcmpl-e0d665f0703c7c2c' admitted to slot 1 (reserve 5 blocks; pool 224/4096 blocks in use) — first token 14364
2026-09-22 03:26:16.262 INFO  sched: request 'chatcmpl-e0d665f0703c7c2d' admitted to slot 2 (reserve 5 blocks; pool 230/4096 blocks in use) — first token 14364
2026-09-22 03:26:16.446 INFO  sched: request 'chatcmpl-e0d665f0703c7c2e' admitted to slot 3 (reserve 5 blocks; pool 236/4096 blocks in use) — first token 14364
2026-09-22 03:26:18.160 INFO  stats: rank 3 | 10.1 s | decode 62.7 tok/s, 15.0 ms/tok, 104.1 ms/step (91 steps / 633 tok, 94 % of wall) | mtp 1.82 tok/step/req, accept p1 82 % | prefill 4 prompts / 8 tok, 1 tok/s, 46.18 ms/tok, 92 ms avg (4 % of wall), 97 tok cached (4/4 hits) | live 4, queued 0 | pool 237/4096 blocks (6 %) | prefix cache 72/4096 entries
2026-09-22 03:26:28.206 INFO  stats: rank 3 | 10.0 s | decode 67.2 tok/s, 14.6 ms/tok, 105.6 ms/step (93 steps / 675 tok, 98 % of wall) | mtp 1.81 tok/step/req, accept p1 81 % | prefill 0 prompts / 0 tok, 0 tok cached (0/0 hits) | live 4, queued 0 | pool 237/4096 blocks (6 %) | prefix cache 72/4096 entries
2026-09-22 03:26:31.148 INFO  sched: request 'chatcmpl-e0d665f0703c7c2c' retired (steps): 256 tok in 15.1 s — prefill 24 tok (22 cached) in 92 ms; decode 255 tok / 138 passes in 15.0 s: 17.0 tok/s, 58.7 ms/tok, 108 ms/pass, 1.85 tok/pass, accept p1 86 %
2026-09-22 03:26:31.586 INFO  sched: request 'chatcmpl-e0d665f0703c7c2d' retired (steps): 256 tok in 15.3 s — prefill 24 tok (22 cached) in 92 ms; decode 255 tok / 141 passes in 15.2 s: 16.7 tok/s, 59.7 ms/tok, 108 ms/pass, 1.81 tok/pass, accept p1 82 %
2026-09-22 03:26:31.586 INFO  sched: request 'chatcmpl-e0d665f0703c7c2b' retired (steps): 256 tok in 15.6 s — prefill 33 tok (31 cached) in 93 ms; decode 255 tok / 143 passes in 15.5 s: 16.4 tok/s, 61.0 ms/tok, 109 ms/pass, 1.78 tok/pass, accept p1 79 %
2026-09-22 03:26:31.699 INFO  sched: request 'chatcmpl-e0d665f0703c7c2e' retired (steps): 256 tok in 15.3 s — prefill 24 tok (22 cached) in 94 ms; decode 255 tok / 142 passes in 15.2 s: 16.8 tok/s, 59.4 ms/tok, 107 ms/pass, 1.80 tok/pass, accept p1 80 %
2026-09-22 03:26:31.808 INFO  sched: request 'chatcmpl-e0d665f0703c7c2f' admitted to slot 0 (reserve 5 blocks; pool 218/4096 blocks in use) — first token 19
2026-09-22 03:26:31.956 INFO  sched: request 'chatcmpl-e0d665f0703c7c30' admitted to slot 1 (reserve 5 blocks; pool 224/4096 blocks in use) — first token 14364
2026-09-22 03:26:32.126 INFO  sched: request 'chatcmpl-e0d665f0703c7c31' admitted to slot 2 (reserve 5 blocks; pool 230/4096 blocks in use) — first token 14364
2026-09-22 03:26:32.316 INFO  sched: request 'chatcmpl-e0d665f0703c7c32' admitted to slot 3 (reserve 5 blocks; pool 236/4096 blocks in use) — first token 14364
2026-09-22 03:26:38.235 INFO  stats: rank 3 | 10.0 s | decode 63.3 tok/s, 14.8 ms/tok, 103.6 ms/step (91 steps / 635 tok, 94 % of wall) | mtp 1.82 tok/step/req, accept p1 82 % | prefill 4 prompts / 8 tok, 1 tok/s, 46.39 ms/tok, 93 ms avg (4 % of wall), 97 tok cached (4/4 hits) | live 4, queued 0 | pool 237/4096 blocks (6 %) | prefix cache 72/4096 entries
2026-09-22 03:26:47.261 INFO  sched: request 'chatcmpl-e0d665f0703c7c32' retired (steps): 256 tok in 14.9 s — prefill 24 tok (22 cached) in 96 ms; decode 255 tok / 138 passes in 14.8 s: 17.2 tok/s, 58.2 ms/tok, 108 ms/pass, 1.85 tok/pass, accept p1 86 %
2026-09-22 03:26:47.352 INFO  sched: request 'chatcmpl-e0d665f0703c7c30' retired (steps): 256 tok in 15.4 s — prefill 24 tok (22 cached) in 91 ms; decode 255 tok / 141 passes in 15.3 s: 16.7 tok/s, 60.0 ms/tok, 109 ms/pass, 1.81 tok/pass, accept p1 82 %
2026-09-22 03:26:47.449 INFO  sched: request 'chatcmpl-e0d665f0703c7c2f' retired (steps): 256 tok in 15.6 s — prefill 33 tok (31 cached) in 92 ms; decode 255 tok / 143 passes in 15.5 s: 16.4 tok/s, 61.0 ms/tok, 109 ms/pass, 1.78 tok/pass, accept p1 79 %
2026-09-22 03:26:47.506 INFO  sched: request 'chatcmpl-e0d665f0703c7c31' retired (steps): 256 tok in 15.4 s — prefill 24 tok (22 cached) in 92 ms; decode 255 tok / 142 passes in 15.3 s: 16.7 tok/s, 60.0 ms/tok, 108 ms/pass, 1.80 tok/pass, accept p1 80 %
2026-09-22 03:26:48.497 INFO  sched: request 'chatcmpl-e0d665f0703c7c33' prefix cache miss — 2 cut(s) probed against 72 entries; the nearest entry (position 315) shares the first 3 of the prompt's 518 tokens (the prompt differs from it from that token on)
2026-09-22 03:26:48.497 INFO  sched: request 'chatcmpl-e0d665f0703c7c33' admitted to slot 0 (reserve 9 blocks; pool 223/4096 blocks in use) — first token 1986
2026-09-22 03:26:48.498 INFO  sched: request 'chatcmpl-e0d665f0703c7c33' retired (steps): 1 tok in 0.0 s — prefill 518 tok (0 cached) in 849 ms; decode 0 tok / 0 passes in 0.0 s
2026-09-22 03:26:48.498 INFO  stats: rank 3 | 10.3 s | decode 59.2 tok/s, 14.9 ms/tok, 105.6 ms/step (86 steps / 608 tok, 89 % of wall) | mtp 1.80 tok/step/req, accept p1 80 % | prefill 1 prompt / 518 tok, 50 tok/s, 1.64 ms/tok, 849 ms avg (8 % of wall), 0 tok cached (0/1 hit) | live 0, queued 0 | pool 223/4096 blocks (5 %) | prefix cache 74/4096 entries
2026-09-22 03:26:51.269 INFO  sched: request 'chatcmpl-e0d665f0703c7c34' prefix cache miss — 3 cut(s) probed against 74 entries; the nearest entry (position 518) shares the first 10 of the prompt's 2093 tokens (the prompt differs from it from that token on)
2026-09-22 03:26:51.269 INFO  sched: request 'chatcmpl-e0d665f0703c7c34' admitted to slot 0 (reserve 33 blocks; pool 257/4096 blocks in use) — first token 1986
2026-09-22 03:26:51.270 INFO  sched: request 'chatcmpl-e0d665f0703c7c34' retired (steps): 1 tok in 0.0 s — prefill 2093 tok (0 cached) in 2754 ms; decode 0 tok / 0 passes in 0.0 s
2026-09-22 03:26:54.088 INFO  sched: request 'chatcmpl-e0d665f0703c7c35' prefix cache miss — 3 cut(s) probed against 76 entries; the nearest entry (position 2093) shares the first 14 of the prompt's 2118 tokens (the prompt differs from it from that token on)
2026-09-22 03:26:54.088 INFO  sched: request 'chatcmpl-e0d665f0703c7c35' admitted to slot 0 (reserve 34 blocks; pool 292/4096 blocks in use) — first token 1986
2026-09-22 03:26:54.089 INFO  sched: request 'chatcmpl-e0d665f0703c7c35' retired (steps): 1 tok in 0.0 s — prefill 2118 tok (0 cached) in 2806 ms; decode 0 tok / 0 passes in 0.0 s
2026-09-22 03:26:56.876 INFO  sched: request 'chatcmpl-e0d665f0703c7c36' prefix cache miss — 3 cut(s) probed against 78 entries; the nearest entry (position 2118) shares the first 14 of the prompt's 2094 tokens (the prompt differs from it from that token on)
2026-09-22 03:26:56.876 INFO  sched: request 'chatcmpl-e0d665f0703c7c36' admitted to slot 0 (reserve 33 blocks; pool 326/4096 blocks in use) — first token 1986
2026-09-22 03:26:56.877 INFO  sched: request 'chatcmpl-e0d665f0703c7c36' retired (steps): 1 tok in 0.0 s — prefill 2094 tok (0 cached) in 2776 ms; decode 0 tok / 0 passes in 0.0 s
2026-09-22 03:27:04.013 INFO  hunt qp: rank 3 seq 1207339  p0l0[RTS sq_psn=15964952 rq_psn=15964952 ack_timeout=14 retry_cnt=7 rnr_retry=7 min_rnr=12 sq_draining=0] p0l1[RTS sq_psn=4660 rq_psn=4660 ack_timeout=14 retry_cnt=7 rnr_retry=7 min_rnr=12 sq_draining=0] p1l0[RTS sq_psn=15964952 rq_psn=15964952 ack_timeout=14 retry_cnt=7 rnr_retry=7 min_rnr=12 sq_draining=0] p1l1[RTS sq_psn=4660 rq_psn=4660 ack_timeout=14 retry_cnt=7 rnr_retry=7 min_rnr=12 sq_draining=0] p2l0[RTS sq_psn=15964952 rq_psn=15964952 ack_timeout=14 retry_cnt=7 rnr_retry=7 min_rnr=12 sq_draining=0] p2l1[RTS sq_psn=4660 rq_psn=4660 ack_timeout=14 retry_cnt=7 rnr_retry=7 min_rnr=12 sq_draining=0]
2026-09-22 03:27:04.013 INFO  allreduce: rank 3 seq 1207339 STALLED 502ms posted=0x0 ctl(ready=0x0 done=0 status=0 gate(waits=0 spins=0) first_claim(cell=3 len=20480 seq=149869))  p0l0:[149869c1206943/149869=0xbd703e44.149869c1206944/149869=0xbf2a3f7b.149869c1206945/149869=0xbcc4bc1d.149869c1206946/149869=0xbd973df2.149868c1206939/149868=0xbe03bdf7.149868c1206940/149868=0x3e29bdc7.149868c1206941/149868=0xbc913c87.149868c1206942/149868=0xc10a3fae. B[3422/3422.3422/3422.3422/3421!3422/3421!3421/3421.3421/3421.3421/3421.3421/3421.] p0l1:[0c0/0=0000000000.0c0/0=0000000000.0c0/0=0000000000.0c0/0=0000000000.0c0/0=0000000000.0c0/0=0000000000.0c0/0=0000000000.0c0/0=0000000000. B[2492/2492.2492/2492.2492/2491!2492/2491!2491/2491.2491/2491.2491/2491.2491/2491.] p1l0:[149869c1206943/149869=0x3f9ebe2c.149869c1206944/149869=0xbf58c00c.149869c1206945/149869=0x3e683ec1.149869c1206946/149869=0x3f75beb1.149868c1206939/149868=0xbd01bb9e.149868c1206940/149868=0xbc37bcfb.149868c1206941/149868=0xbccf3d49.149868c1206942/149868=0x3c8fbce3. B[3050/3050.3050/3050.3050/3049!3050/3049!3049/3049.3049/3049.3049/3049.3049/3049.] p1l1:[0c0/0=0000000000.0c0/0=0000000000.0c0/0=0000000000.0c0/0=0000000000.0c0/0=0000000000.0c0/0=0000000000.0c0/0=0000000000.0c0/0=0000000000. B[2469/2468!2469/2468!2468/2468.2468/2468.2468/2468.2468/2468.2468/2468.2468/2468.] p2l0:[149869c1206943/149869=0xbeebbdf8.149869c1206944/149869=0x40b33f00.149869c1206945/149869=0x3c3f3cef.149869c1206946/149869=0xbd0f3b39.149868c1206939/149868=0x3d3b3bf9.149868c1206940/149868=0x3e12be18.149868c1206941/149868=0xbd883bd1.149868c1206942/149868=0x3c95bd0e. B[2561/2561!2561/2561!2561/2561.2561/2561.2561/2561.2561/2561.2561/2561.2561/2561.] p2l1:[0c0/0=0000000000.0c0/0=0000000000.0c0/0=0000000000.0c0/0=0000000000.0c0/0=0000000000.0c0/0=0000000000.0c0/0=0000000000.0c0/0=0000000000. B[2468/2468!2468/2468!2468/2468.2468/2468.2468/2468.2468/2468.2468/2468.2468/2468.]
2026-09-22 03:27:04.013 INFO  allreduce: rank 3 seq 1207339 bulk RS seg 1/5 tx 131682/131682 STALLED  p0:4/4 p1:4/4 p2:4/4
2026-09-22 03:27:04.516 INFO  hunt qp: rank 3 seq 1207339  p0l0[RTS sq_psn=15964952 rq_psn=15964952 ack_timeout=14 retry_cnt=7 rnr_retry=7 min_rnr=12 sq_draining=0] p0l1[RTS sq_psn=4660 rq_psn=4660 ack_timeout=14 retry_cnt=7 rnr_retry=7 min_rnr=12 sq_draining=0] p1l0[RTS sq_psn=15964952 rq_psn=15964952 ack_timeout=14 retry_cnt=7 rnr_retry=7 min_rnr=12 sq_draining=0] p1l1[RTS sq_psn=4660 rq_psn=4660 ack_timeout=14 retry_cnt=7 rnr_retry=7 min_rnr=12 sq_draining=0] p2l0[RTS sq_psn=15964952 rq_psn=15964952 ack_timeout=14 retry_cnt=7 rnr_retry=7 min_rnr=12 sq_draining=0] p2l1[RTS sq_psn=4660 rq_psn=4660 ack_timeout=14 retry_cnt=7 rnr_retry=7 min_rnr=12 sq_draining=0]
2026-09-22 03:27:04.516 INFO  allreduce: rank 3 seq 1207339 STALLED 1005ms posted=0x0 ctl(ready=0x0 done=0 status=0 gate(waits=0 spins=0) first_claim(cell=3 len=20480 seq=149869))  p0l0:[149869c1206943/149869=0xbd703e44.149869c1206944/149869=0xbf2a3f7b.149869c1206945/149869=0xbcc4bc1d.149869c1206946/149869=0xbd973df2.149868c1206939/149868=0xbe03bdf7.149868c1206940/149868=0x3e29bdc7.149868c1206941/149868=0xbc913c87.149868c1206942/149868=0xc10a3fae. B[3422/3422.3422/3422.3422/3421!3422/3421!3421/3421.3421/3421.3421/3421.3421/3421.] p0l1:[0c0/0=0000000000.0c0/0=0000000000.0c0/0=0000000000.0c0/0=0000000000.0c0/0=0000000000.0c0/0=0000000000.0c0/0=0000000000.0c0/0=0000000000. B[2492/2492.2492/2492.2492/2491!2492/2491!2491/2491.2491/2491.2491/2491.2491/2491.] p1l0:[149869c1206943/149869=0x3f9ebe2c.149869c1206944/149869=0xbf58c00c.149869c1206945/149869=0x3e683ec1.149869c1206946/149869=0x3f75beb1.149868c1206939/149868=0xbd01bb9e.149868c1206940/149868=0xbc37bcfb.149868c1206941/149868=0xbccf3d49.149868c1206942/149868=0x3c8fbce3. B[3050/3050.3050/3050.3050/3049!3050/3049!3049/3049.3049/3049.3049/3049.3049/3049.] p1l1:[0c0/0=0000000000.0c0/0=0000000000.0c0/0=0000000000.0c0/0=0000000000.0c0/0=0000000000.0c0/0=0000000000.0c0/0=0000000000.0c0/0=0000000000. B[2469/2468!2469/2468!2468/2468.2468/2468.2468/2468.2468/2468.2468/2468.2468/2468.] p2l0:[149869c1206943/149869=0xbeebbdf8.149869c1206944/149869=0x40b33f00.149869c1206945/149869=0x3c3f3cef.149869c1206946/149869=0xbd0f3b39.149868c1206939/149868=0x3d3b3bf9.149868c1206940/149868=0x3e12be18.149868c1206941/149868=0xbd883bd1.149868c1206942/149868=0x3c95bd0e. B[2561/2561!2561/2561!2561/2561.2561/2561.2561/2561.2561/2561.2561/2561.2561/2561.] p2l1:[0c0/0=0000000000.0c0/0=0000000000.0c0/0=0000000000.0c0/0=0000000000.0c0/0=0000000000.0c0/0=0000000000.0c0/0=0000000000.0c0/0=0000000000. B[2468/2468!2468/2468!2468/2468.2468/2468.2468/2468.2468/2468.2468/2468.2468/2468.]
2026-09-22 03:27:04.516 INFO  allreduce: rank 3 seq 1207339 bulk RS seg 1/5 tx 131682/131682 STALLED  p0:4/4 p1:4/4 p2:4/4
2026-09-22 03:27:05.015 INFO  hunt qp: rank 3 seq 1207339  p0l0[RTS sq_psn=15964952 rq_psn=15964952 ack_timeout=14 retry_cnt=7 rnr_retry=7 min_rnr=12 sq_draining=0] p0l1[RTS sq_psn=4660 rq_psn=4660 ack_timeout=14 retry_cnt=7 rnr_retry=7 min_rnr=12 sq_draining=0] p1l0[RTS sq_psn=15964952 rq_psn=15964952 ack_timeout=14 retry_cnt=7 rnr_retry=7 min_rnr=12 sq_draining=0] p1l1[RTS sq_psn=4660 rq_psn=4660 ack_timeout=14 retry_cnt=7 rnr_retry=7 min_rnr=12 sq_draining=0] p2l0[RTS sq_psn=15964952 rq_psn=15964952 ack_timeout=14 retry_cnt=7 rnr_retry=7 min_rnr=12 sq_draining=0] p2l1[RTS sq_psn=4660 rq_psn=4660 ack_timeout=14 retry_cnt=7 rnr_retry=7 min_rnr=12 sq_draining=0]
2026-09-22 03:27:05.015 INFO  allreduce: rank 3 seq 1207339 STALLED 1504ms posted=0x0 ctl(ready=0x0 done=0 status=0 gate(waits=0 spins=0) first_claim(cell=3 len=20480 seq=149869))  p0l0:[149869c1206943/149869=0xbd703e44.149869c1206944/149869=0xbf2a3f7b.149869c1206945/149869=0xbcc4bc1d.149869c1206946/149869=0xbd973df2.149868c1206939/149868=0xbe03bdf7.149868c1206940/149868=0x3e29bdc7.149868c1206941/149868=0xbc913c87.149868c1206942/149868=0xc10a3fae. B[3422/3422.3422/3422.3422/3421!3422/3421!3421/3421.3421/3421.3421/3421.3421/3421.] p0l1:[0c0/0=0000000000.0c0/0=0000000000.0c0/0=0000000000.0c0/0=0000000000.0c0/0=0000000000.0c0/0=0000000000.0c0/0=0000000000.0c0/0=0000000000. B[2492/2492.2492/2492.2492/2491!2492/2491!2491/2491.2491/2491.2491/2491.2491/2491.] p1l0:[149869c1206943/149869=0x3f9ebe2c.149869c1206944/149869=0xbf58c00c.149869c1206945/149869=0x3e683ec1.149869c1206946/149869=0x3f75beb1.149868c1206939/149868=0xbd01bb9e.149868c1206940/149868=0xbc37bcfb.149868c1206941/149868=0xbccf3d49.149868c1206942/149868=0x3c8fbce3. B[3050/3050.3050/3050.3050/3049!3050/3049!3049/3049.3049/3049.3049/3049.3049/3049.] p1l1:[0c0/0=0000000000.0c0/0=0000000000.0c0/0=0000000000.0c0/0=0000000000.0c0/0=0000000000.0c0/0=0000000000.0c0/0=0000000000.0c0/0=0000000000. B[2469/2468!2469/2468!2468/2468.2468/2468.2468/2468.2468/2468.2468/2468.2468/2468.] p2l0:[149869c1206943/149869=0xbeebbdf8.149869c1206944/149869=0x40b33f00.149869c1206945/149869=0x3c3f3cef.149869c1206946/149869=0xbd0f3b39.149868c1206939/149868=0x3d3b3bf9.149868c1206940/149868=0x3e12be18.149868c1206941/149868=0xbd883bd1.149868c1206942/149868=0x3c95bd0e. B[2561/2561!2561/2561!2561/2561.2561/2561.2561/2561.2561/2561.2561/2561.2561/2561.] p2l1:[0c0/0=0000000000.0c0/0=0000000000.0c0/0=0000000000.0c0/0=0000000000.0c0/0=0000000000.0c0/0=0000000000.0c0/0=0000000000.0c0/0=0000000000. B[2468/2468!2468/2468!2468/2468.2468/2468.2468/2468.2468/2468.2468/2468.2468/2468.]
2026-09-22 03:27:05.015 INFO  allreduce: rank 3 seq 1207339 bulk RS seg 1/5 tx 131682/131682 STALLED  p0:4/4 p1:4/4 p2:4/4
2026-09-22 03:27:05.512 INFO  hunt qp: rank 3 seq 1207339  p0l0[RTS sq_psn=15964952 rq_psn=15964952 ack_timeout=14 retry_cnt=7 rnr_retry=7 min_rnr=12 sq_draining=0] p0l1[RTS sq_psn=4660 rq_psn=4660 ack_timeout=14 retry_cnt=7 rnr_retry=7 min_rnr=12 sq_draining=0] p1l0[RTS sq_psn=15964952 rq_psn=15964952 ack_timeout=14 retry_cnt=7 rnr_retry=7 min_rnr=12 sq_draining=0] p1l1[RTS sq_psn=4660 rq_psn=4660 ack_timeout=14 retry_cnt=7 rnr_retry=7 min_rnr=12 sq_draining=0] p2l0[RTS sq_psn=15964952 rq_psn=15964952 ack_timeout=14 retry_cnt=7 rnr_retry=7 min_rnr=12 sq_draining=0] p2l1[RTS sq_psn=4660 rq_psn=4660 ack_timeout=14 retry_cnt=7 rnr_retry=7 min_rnr=12 sq_draining=0]
2026-09-22 03:27:05.512 INFO  allreduce: rank 3 seq 1207339 STALLED 2001ms posted=0x0 ctl(ready=0x0 done=0 status=0 gate(waits=0 spins=0) first_claim(cell=3 len=20480 seq=149869))  p0l0:[149869c1206943/149869=0xbd703e44.149869c1206944/149869=0xbf2a3f7b.149869c1206945/149869=0xbcc4bc1d.149869c1206946/149869=0xbd973df2.149868c1206939/149868=0xbe03bdf7.149868c1206940/149868=0x3e29bdc7.149868c1206941/149868=0xbc913c87.149868c1206942/149868=0xc10a3fae. B[3422/3422.3422/3422.3422/3421!3422/3421!3421/3421.3421/3421.3421/3421.3421/3421.] p0l1:[0c0/0=0000000000.0c0/0=0000000000.0c0/0=0000000000.0c0/0=0000000000.0c0/0=0000000000.0c0/0=0000000000.0c0/0=0000000000.0c0/0=0000000000. B[2492/2492.2492/2492.2492/2491!2492/2491!2491/2491.2491/2491.2491/2491.2491/2491.] p1l0:[149869c1206943/149869=0x3f9ebe2c.149869c1206944/149869=0xbf58c00c.149869c1206945/149869=0x3e683ec1.149869c1206946/149869=0x3f75beb1.149868c1206939/149868=0xbd01bb9e.149868c1206940/149868=0xbc37bcfb.149868c1206941/149868=0xbccf3d49.149868c1206942/149868=0x3c8fbce3. B[3050/3050.3050/3050.3050/3049!3050/3049!3049/3049.3049/3049.3049/3049.3049/3049.] p1l1:[0c0/0=0000000000.0c0/0=0000000000.0c0/0=0000000000.0c0/0=0000000000.0c0/0=0000000000.0c0/0=0000000000.0c0/0=0000000000.0c0/0=0000000000. B[2469/2468!2469/2468!2468/2468.2468/2468.2468/2468.2468/2468.2468/2468.2468/2468.] p2l0:[149869c1206943/149869=0xbeebbdf8.149869c1206944/149869=0x40b33f00.149869c1206945/149869=0x3c3f3cef.149869c1206946/149869=0xbd0f3b39.149868c1206939/149868=0x3d3b3bf9.149868c1206940/149868=0x3e12be18.149868c1206941/149868=0xbd883bd1.149868c1206942/149868=0x3c95bd0e. B[2561/2561!2561/2561!2561/2561.2561/2561.2561/2561.2561/2561.2561/2561.2561/2561.] p2l1:[0c0/0=0000000000.0c0/0=0000000000.0c0/0=0000000000.0c0/0=0000000000.0c0/0=0000000000.0c0/0=0000000000.0c0/0=0000000000.0c0/0=0000000000. B[2468/2468!2468/2468!2468/2468.2468/2468.2468/2468.2468/2468.2468/2468.2468/2468.]
2026-09-22 03:27:05.512 INFO  allreduce: rank 3 seq 1207339 bulk RS seg 1/5 tx 131682/131682 STALLED  p0:4/4 p1:4/4 p2:4/4
2026-09-22 03:27:06.015 INFO  hunt qp: rank 3 seq 1207339  p0l0[RTS sq_psn=15964952 rq_psn=15964952 ack_timeout=14 retry_cnt=7 rnr_retry=7 min_rnr=12 sq_draining=0] p0l1[RTS sq_psn=4660 rq_psn=4660 ack_timeout=14 retry_cnt=7 rnr_retry=7 min_rnr=12 sq_draining=0] p1l0[RTS sq_psn=15964952 rq_psn=15964952 ack_timeout=14 retry_cnt=7 rnr_retry=7 min_rnr=12 sq_draining=0] p1l1[RTS sq_psn=4660 rq_psn=4660 ack_timeout=14 retry_cnt=7 rnr_retry=7 min_rnr=12 sq_draining=0] p2l0[RTS sq_psn=15964952 rq_psn=15964952 ack_timeout=14 retry_cnt=7 rnr_retry=7 min_rnr=12 sq_draining=0] p2l1[RTS sq_psn=4660 rq_psn=4660 ack_timeout=14 retry_cnt=7 rnr_retry=7 min_rnr=12 sq_draining=0]
2026-09-22 03:27:06.015 INFO  allreduce: rank 3 seq 1207339 STALLED 2504ms posted=0x0 ctl(ready=0x0 done=0 status=0 gate(waits=0 spins=0) first_claim(cell=3 len=20480 seq=149869))  p0l0:[149869c1206943/149869=0xbd703e44.149869c1206944/149869=0xbf2a3f7b.149869c1206945/149869=0xbcc4bc1d.149869c1206946/149869=0xbd973df2.149868c1206939/149868=0xbe03bdf7.149868c1206940/149868=0x3e29bdc7.149868c1206941/149868=0xbc913c87.149868c1206942/149868=0xc10a3fae. B[3422/3422.3422/3422.3422/3421!3422/3421!3421/3421.3421/3421.3421/3421.3421/3421.] p0l1:[0c0/0=0000000000.0c0/0=0000000000.0c0/0=0000000000.0c0/0=0000000000.0c0/0=0000000000.0c0/0=0000000000.0c0/0=0000000000.0c0/0=0000000000. B[2492/2492.2492/2492.2492/2491!2492/2491!2491/2491.2491/2491.2491/2491.2491/2491.] p1l0:[149869c1206943/149869=0x3f9ebe2c.149869c1206944/149869=0xbf58c00c.149869c1206945/149869=0x3e683ec1.149869c1206946/149869=0x3f75beb1.149868c1206939/149868=0xbd01bb9e.149868c1206940/149868=0xbc37bcfb.149868c1206941/149868=0xbccf3d49.149868c1206942/149868=0x3c8fbce3. B[3050/3050.3050/3050.3050/3049!3050/3049!3049/3049.3049/3049.3049/3049.3049/3049.] p1l1:[0c0/0=0000000000.0c0/0=0000000000.0c0/0=0000000000.0c0/0=0000000000.0c0/0=0000000000.0c0/0=0000000000.0c0/0=0000000000.0c0/0=0000000000. B[2469/2468!2469/2468!2468/2468.2468/2468.2468/2468.2468/2468.2468/2468.2468/2468.] p2l0:[149869c1206943/149869=0xbeebbdf8.149869c1206944/149869=0x40b33f00.149869c1206945/149869=0x3c3f3cef.149869c1206946/149869=0xbd0f3b39.149868c1206939/149868=0x3d3b3bf9.149868c1206940/149868=0x3e12be18.149868c1206941/149868=0xbd883bd1.149868c1206942/149868=0x3c95bd0e. B[2561/2561!2561/2561!2561/2561.2561/2561.2561/2561.2561/2561.2561/2561.2561/2561.] p2l1:[0c0/0=0000000000.0c0/0=0000000000.0c0/0=0000000000.0c0/0=0000000000.0c0/0=0000000000.0c0/0=0000000000.0c0/0=0000000000.0c0/0=0000000000. B[2468/2468!2468/2468!2468/2468.2468/2468.2468/2468.2468/2468.2468/2468.2468/2468.]
2026-09-22 03:27:06.015 INFO  allreduce: rank 3 seq 1207339 bulk RS seg 1/5 tx 131682/131682 STALLED  p0:4/4 p1:4/4 p2:4/4
2026-09-22 03:27:06.517 INFO  hunt qp: rank 3 seq 1207339  p0l0[RTS sq_psn=15964952 rq_psn=15964952 ack_timeout=14 retry_cnt=7 rnr_retry=7 min_rnr=12 sq_draining=0] p0l1[RTS sq_psn=4660 rq_psn=4660 ack_timeout=14 retry_cnt=7 rnr_retry=7 min_rnr=12 sq_draining=0] p1l0[RTS sq_psn=15964952 rq_psn=15964952 ack_timeout=14 retry_cnt=7 rnr_retry=7 min_rnr=12 sq_draining=0] p1l1[RTS sq_psn=4660 rq_psn=4660 ack_timeout=14 retry_cnt=7 rnr_retry=7 min_rnr=12 sq_draining=0] p2l0[RTS sq_psn=15964952 rq_psn=15964952 ack_timeout=14 retry_cnt=7 rnr_retry=7 min_rnr=12 sq_draining=0] p2l1[RTS sq_psn=4660 rq_psn=4660 ack_timeout=14 retry_cnt=7 rnr_retry=7 min_rnr=12 sq_draining=0]
2026-09-22 03:27:06.517 INFO  allreduce: rank 3 seq 1207339 STALLED 3006ms posted=0x0 ctl(ready=0x0 done=0 status=0 gate(waits=0 spins=0) first_claim(cell=3 len=20480 seq=149869))  p0l0:[149869c1206943/149869=0xbd703e44.149869c1206944/149869=0xbf2a3f7b.149869c1206945/149869=0xbcc4bc1d.149869c1206946/149869=0xbd973df2.149868c1206939/149868=0xbe03bdf7.149868c1206940/149868=0x3e29bdc7.149868c1206941/149868=0xbc913c87.149868c1206942/149868=0xc10a3fae. B[3422/3422.3422/3422.3422/3421!3422/3421!3421/3421.3421/3421.3421/3421.3421/3421.] p0l1:[0c0/0=0000000000.0c0/0=0000000000.0c0/0=0000000000.0c0/0=0000000000.0c0/0=0000000000.0c0/0=0000000000.0c0/0=0000000000.0c0/0=0000000000. B[2492/2492.2492/2492.2492/2491!2492/2491!2491/2491.2491/2491.2491/2491.2491/2491.] p1l0:[149869c1206943/149869=0x3f9ebe2c.149869c1206944/149869=0xbf58c00c.149869c1206945/149869=0x3e683ec1.149869c1206946/149869=0x3f75beb1.149868c1206939/149868=0xbd01bb9e.149868c1206940/149868=0xbc37bcfb.149868c1206941/149868=0xbccf3d49.149868c1206942/149868=0x3c8fbce3. B[3050/3050.3050/3050.3050/3049!3050/3049!3049/3049.3049/3049.3049/3049.3049/3049.] p1l1:[0c0/0=0000000000.0c0/0=0000000000.0c0/0=0000000000.0c0/0=0000000000.0c0/0=0000000000.0c0/0=0000000000.0c0/0=0000000000.0c0/0=0000000000. B[2469/2468!2469/2468!2468/2468.2468/2468.2468/2468.2468/2468.2468/2468.2468/2468.] p2l0:[149869c1206943/149869=0xbeebbdf8.149869c1206944/149869=0x40b33f00.149869c1206945/149869=0x3c3f3cef.149869c1206946/149869=0xbd0f3b39.149868c1206939/149868=0x3d3b3bf9.149868c1206940/149868=0x3e12be18.149868c1206941/149868=0xbd883bd1.149868c1206942/149868=0x3c95bd0e. B[2561/2561!2561/2561!2561/2561.2561/2561.2561/2561.2561/2561.2561/2561.2561/2561.] p2l1:[0c0/0=0000000000.0c0/0=0000000000.0c0/0=0000000000.0c0/0=0000000000.0c0/0=0000000000.0c0/0=0000000000.0c0/0=0000000000.0c0/0=0000000000. B[2468/2468!2468/2468!2468/2468.2468/2468.2468/2468.2468/2468.2468/2468.2468/2468.]
2026-09-22 03:27:06.517 INFO  allreduce: rank 3 seq 1207339 bulk RS seg 1/5 tx 131682/131682 STALLED  p0:4/4 p1:4/4 p2:4/4
2026-09-22 03:27:07.016 INFO  hunt qp: rank 3 seq 1207339  p0l0[RTS sq_psn=15964952 rq_psn=15964952 ack_timeout=14 retry_cnt=7 rnr_retry=7 min_rnr=12 sq_draining=0] p0l1[RTS sq_psn=4660 rq_psn=4660 ack_timeout=14 retry_cnt=7 rnr_retry=7 min_rnr=12 sq_draining=0] p1l0[RTS sq_psn=15964952 rq_psn=15964952 ack_timeout=14 retry_cnt=7 rnr_retry=7 min_rnr=12 sq_draining=0] p1l1[RTS sq_psn=4660 rq_psn=4660 ack_timeout=14 retry_cnt=7 rnr_retry=7 min_rnr=12 sq_draining=0] p2l0[RTS sq_psn=15964952 rq_psn=15964952 ack_timeout=14 retry_cnt=7 rnr_retry=7 min_rnr=12 sq_draining=0] p2l1[RTS sq_psn=4660 rq_psn=4660 ack_timeout=14 retry_cnt=7 rnr_retry=7 min_rnr=12 sq_draining=0]
2026-09-22 03:27:07.016 INFO  allreduce: rank 3 seq 1207339 STALLED 3506ms posted=0x0 ctl(ready=0x0 done=0 status=0 gate(waits=0 spins=0) first_claim(cell=3 len=20480 seq=149869))  p0l0:[149869c1206943/149869=0xbd703e44.149869c1206944/149869=0xbf2a3f7b.149869c1206945/149869=0xbcc4bc1d.149869c1206946/149869=0xbd973df2.149868c1206939/149868=0xbe03bdf7.149868c1206940/149868=0x3e29bdc7.149868c1206941/149868=0xbc913c87.149868c1206942/149868=0xc10a3fae. B[3422/3422.3422/3422.3422/3421!3422/3421!3421/3421.3421/3421.3421/3421.3421/3421.] p0l1:[0c0/0=0000000000.0c0/0=0000000000.0c0/0=0000000000.0c0/0=0000000000.0c0/0=0000000000.0c0/0=0000000000.0c0/0=0000000000.0c0/0=0000000000. B[2492/2492.2492/2492.2492/2491!2492/2491!2491/2491.2491/2491.2491/2491.2491/2491.] p1l0:[149869c1206943/149869=0x3f9ebe2c.149869c1206944/149869=0xbf58c00c.149869c1206945/149869=0x3e683ec1.149869c1206946/149869=0x3f75beb1.149868c1206939/149868=0xbd01bb9e.149868c1206940/149868=0xbc37bcfb.149868c1206941/149868=0xbccf3d49.149868c1206942/149868=0x3c8fbce3. B[3050/3050.3050/3050.3050/3049!3050/3049!3049/3049.3049/3049.3049/3049.3049/3049.] p1l1:[0c0/0=0000000000.0c0/0=0000000000.0c0/0=0000000000.0c0/0=0000000000.0c0/0=0000000000.0c0/0=0000000000.0c0/0=0000000000.0c0/0=0000000000. B[2469/2468!2469/2468!2468/2468.2468/2468.2468/2468.2468/2468.2468/2468.2468/2468.] p2l0:[149869c1206943/149869=0xbeebbdf8.149869c1206944/149869=0x40b33f00.149869c1206945/149869=0x3c3f3cef.149869c1206946/149869=0xbd0f3b39.149868c1206939/149868=0x3d3b3bf9.149868c1206940/149868=0x3e12be18.149868c1206941/149868=0xbd883bd1.149868c1206942/149868=0x3c95bd0e. B[2561/2561!2561/2561!2561/2561.2561/2561.2561/2561.2561/2561.2561/2561.2561/2561.] p2l1:[0c0/0=0000000000.0c0/0=0000000000.0c0/0=0000000000.0c0/0=0000000000.0c0/0=0000000000.0c0/0=0000000000.0c0/0=0000000000.0c0/0=0000000000. B[2468/2468!2468/2468!2468/2468.2468/2468.2468/2468.2468/2468.2468/2468.2468/2468.]
2026-09-22 03:27:07.016 INFO  allreduce: rank 3 seq 1207339 bulk RS seg 1/5 tx 131682/131682 STALLED  p0:4/4 p1:4/4 p2:4/4
2026-09-22 03:27:07.517 INFO  hunt qp: rank 3 seq 1207339  p0l0[RTS sq_psn=15964952 rq_psn=15964952 ack_timeout=14 retry_cnt=7 rnr_retry=7 min_rnr=12 sq_draining=0] p0l1[RTS sq_psn=4660 rq_psn=4660 ack_timeout=14 retry_cnt=7 rnr_retry=7 min_rnr=12 sq_draining=0] p1l0[RTS sq_psn=15964952 rq_psn=15964952 ack_timeout=14 retry_cnt=7 rnr_retry=7 min_rnr=12 sq_draining=0] p1l1[RTS sq_psn=4660 rq_psn=4660 ack_timeout=14 retry_cnt=7 rnr_retry=7 min_rnr=12 sq_draining=0] p2l0[RTS sq_psn=15964952 rq_psn=15964952 ack_timeout=14 retry_cnt=7 rnr_retry=7 min_rnr=12 sq_draining=0] p2l1[RTS sq_psn=4660 rq_psn=4660 ack_timeout=14 retry_cnt=7 rnr_retry=7 min_rnr=12 sq_draining=0]
2026-09-22 03:27:07.517 INFO  allreduce: rank 3 seq 1207339 STALLED 4006ms posted=0x0 ctl(ready=0x0 done=0 status=0 gate(waits=0 spins=0) first_claim(cell=3 len=20480 seq=149869))  p0l0:[149869c1206943/149869=0xbd703e44.149869c1206944/149869=0xbf2a3f7b.149869c1206945/149869=0xbcc4bc1d.149869c1206946/149869=0xbd973df2.149868c1206939/149868=0xbe03bdf7.149868c1206940/149868=0x3e29bdc7.149868c1206941/149868=0xbc913c87.149868c1206942/149868=0xc10a3fae. B[3422/3422.3422/3422.3422/3421.3422/3421.3421/3421.3421/3421.3421/3421.3421/3421.] p0l1:[0c0/0=0000000000.0c0/0=0000000000.0c0/0=0000000000.0c0/0=0000000000.0c0/0=0000000000.0c0/0=0000000000.0c0/0=0000000000.0c0/0=0000000000. B[2492/2492.2492/2492.2492/2491.2492/2491.2491/2491.2491/2491.2491/2491.2491/2491.] p1l0:[149869c1206943/149869=0x3f9ebe2c.149869c1206944/149869=0xbf58c00c.149869c1206945/149869=0x3e683ec1.149869c1206946/149869=0x3f75beb1.149868c1206939/149868=0xbd01bb9e.149868c1206940/149868=0xbc37bcfb.149868c1206941/149868=0xbccf3d49.149868c1206942/149868=0x3c8fbce3. B[3050/3050.3050/3050.3050/3049.3050/3049.3049/3049.3049/3049.3049/3049.3049/3049.] p1l1:[0c0/0=0000000000.0c0/0=0000000000.0c0/0=0000000000.0c0/0=0000000000.0c0/0=0000000000.0c0/0=0000000000.0c0/0=0000000000.0c0/0=0000000000. B[2469/2468.2469/2468.2468/2468.2468/2468.2468/2468.2468/2468.2468/2468.2468/2468.] p2l0:[149869c1206943/149869=0xbeebbdf8.149869c1206944/149869=0x40b33f00.149869c1206945/149869=0x3c3f3cef.149869c1206946/149869=0xbd0f3b39.149868c1206939/149868=0x3d3b3bf9.149868c1206940/149868=0x3e12be18.149868c1206941/149868=0xbd883bd1.149868c1206942/149868=0x3c95bd0e. B[2561/2561!2561/2561!2561/2561.2561/2561.2561/2561.2561/2561.2561/2561.2561/2561.] p2l1:[0c0/0=0000000000.0c0/0=0000000000.0c0/0=0000000000.0c0/0=0000000000.0c0/0=0000000000.0c0/0=0000000000.0c0/0=0000000000.0c0/0=0000000000. B[2468/2468!2468/2468!2468/2468.2468/2468.2468/2468.2468/2468.2468/2468.2468/2468.]
2026-09-22 03:27:07.517 INFO  allreduce: rank 3 seq 1207339 bulk RS seg 1/5 tx 131682/131682 STALLED  p0:4/4 p1:4/4 p2:4/4
2026-09-22 03:27:07.980 ERROR rank 3: rank 0's journal closed under a collective — the world is over; exiting with status 3
2026-09-22 05:15:27.994 INFO  dgpp-serve 0.1.0+ga3ed8994a34c (git a3ed8994a34c)
2026-09-22 05:15:27.994 INFO  config /tmp/bus4/deployments/2d0321ed68f3c539/cluster.json: model nvidia/GLM-4.7-NVFP4, world 4, rank 3, http :18080, fabric :29970, journal :29971
2026-09-22 05:15:27.995 INFO  model nvidia/GLM-4.7-NVFP4 -> /home/stephen/.cache/huggingface/hub/models--nvidia--GLM-4.7-NVFP4/snapshots/47fa7dc885a174b67af8eb53d3cd4f9c72f0fbf7
2026-09-22 05:15:27.995 INFO  journal: connected to rank 0 at 192.168.88.11:29971 (120000 attempt window)
2026-09-22 05:15:28.192 INFO  rank 3: settings from rank 0: model=nvidia/GLM-4.7-NVFP4 world=4 fabric=29970 journal=29971 conc=4 kv=262144 kvdt=bf16 ngt=resident dw=checkpoint bfw=bf12+bf16 fp8head=gemv pf=bounded emsh=replicated maxtok=256 queue=8 eos=1 graph=1 compact=0 mtp=1 mtpd=1 mss=0 msrow=8 msbase=28 mslam=0 msmin=1 msad=1 batchmin=2 cand=128 pcgib=1.5 adm=full win=256 pfbudget=0 pfidle=0 pace=-1 inflight=-1 reasoning_in_content=0 rs=off
2026-09-22 05:15:28.193 INFO  config: model=nvidia/GLM-4.7-NVFP4 world=4 fabric=29970 journal=29971 conc=4 kv=262144 kvdt=bf16 ngt=resident dw=checkpoint bfw=bf12+bf16 fp8head=gemv pf=bounded emsh=replicated maxtok=256 queue=8 eos=1 graph=1 compact=0 mtp=1 mtpd=1 mss=0 msrow=8 msbase=28 mslam=0 msmin=1 msad=1 batchmin=2 cand=128 pcgib=1.5 adm=full win=256 pfbudget=0 pfidle=0 pace=-1 inflight=-1 reasoning_in_content=0 rs=off (digest 332da49f875e276c)
2026-09-22 05:15:28.269 INFO  serve: model family glm4_moe (/home/stephen/.cache/huggingface/hub/models--nvidia--GLM-4.7-NVFP4/snapshots/47fa7dc885a174b67af8eb53d3cd4f9c72f0fbf7)
2026-09-22 05:15:28.269 INFO  serve: decode rows 8 (4 slot(s) x 2 row(s) per request, floor 8, the glm4_moe family's cap 32)
2026-09-22 05:15:28.270 WARN  generation config /home/stephen/.cache/huggingface/hub/models--nvidia--GLM-4.7-NVFP4/snapshots/47fa7dc885a174b67af8eb53d3cd4f9c72f0fbf7/generation_config.json omits top_p, top_k, min_p, repetition_penalty; using greedy-safe/neutral fallbacks for those fields
2026-09-22 05:15:28.270 INFO  generation defaults: temperature=1 top_p=1 top_k=0 min_p=0 repetition_penalty=1
2026-09-22 05:15:28.270 INFO  serve: sampling defaults temperature 1 top_p 1 top_k 0 min_p 0 repetition_penalty 1 (from generation_config.json; overrides: none)
2026-09-22 05:15:28.270 INFO  serve: request context limit 262144 tokens (the 262144-token K/V pool from engine.kv_capacity 262144; this family states no positional ceiling of its own)
2026-09-22 05:15:28.270 INFO  rank 3: prefix cache plan — 1.5 GiB budget, 4096 slots of 0.010 MiB, 0.039 GiB allocated; cached K/V blocks share the 262144-token pool
2026-09-22 05:15:28.444 INFO  tokenizer: loaded vocab 151329 merges 318088 added 36 (revision 0x1298f37cacbfb539; glm pattern, no normalizer, ignore_merges true)
2026-09-22 05:15:28.453 INFO  serve: grammar vocabulary built (151552 ids, tool markers present, call-turn EOS 151338)
2026-09-22 05:15:28.555 INFO  serve: JSON grammar tables built in 0.10 s
2026-09-22 05:15:28.785 INFO  bus: globaltimer offset 17435710935 ns (+-2 us)
2026-09-22 05:15:28.795 INFO  verbs: device roceP2p1s0f0 port 1 gid_index 3
2026-09-22 05:15:28.798 INFO  verbs: device rocep1s0f0 port 1 gid_index 3
2026-09-22 05:15:29.910 INFO  bus: rank 3 up — 3 peer(s) x 2 lane(s), lat 8x81920B, bulk 8x262144B, bulk pace 28.3 Gb/s per QP, window 4 per lane
2026-09-22 05:15:29.910 INFO  rank 3: boundary reducer host-driven
2026-09-22 05:15:30.038 INFO  rank 3: process memory locked (mlockall MCL_CURRENT, 14512 MiB)
2026-09-22 05:15:30.038 INFO  rank 3: resident image cache at /home/stephen/.cache/dgpp/resident
2026-09-22 05:15:30.038 INFO  bus engine: rank 3 pinned to cpu 19
2026-09-22 05:15:30.113 INFO  rank 3: memory plan for a 202752-token context — model weights (resident) 52.79 GiB; loader staging (pinned host, freed when the last layer is resident) 1.81 GiB (1.81 GiB pinned); bf16 decode packing (12-bit companions) 4.89 GiB; gemm workspace (at least) 0.06 GiB; kv cache pool (K/V bf16, the draft layer's included) 23.25 GiB; activations (session core, residual, block io, route staging) 0.38 GiB (0.01 GiB pinned); layer objects (attention, dense MLP) 0.11 GiB; moe scratch (routed slots, shared expert, graph tables) 0.62 GiB (0.00 GiB pinned); draft block (gathered hidden, the fused input, its residual) 0.08 GiB; prefix cache 0.04 GiB; engine 0.07 GiB
2026-09-22 05:15:30.113 INFO  rank 3: memory plan total 84.10 GiB (82.17 GiB device + 1.93 GiB pinned) + 4.00 GiB headroom against 116.74 GiB free (device free 111.36 GiB of 121.69 GiB, host available 116.74 GiB)
2026-09-22 05:15:30.113 INFO  memory ledger: rank 3 after the plan check — rss 1.14 GiB (anon 0.41, shmem 0.09, file 0.64; locked 14.17); device free 111.36 GiB, node available 116.74 GiB
2026-09-22 05:15:30.113 INFO  memory ledger: rank 3 after the bus — rss 1.14 GiB (anon 0.41, shmem 0.09, file 0.64; locked 14.17); device free 111.36 GiB, node available 116.74 GiB
2026-09-22 05:15:30.607 INFO  glm4 loader: rank 3 resident footprint 52.8 GiB; device free 111.3 of 121.7 GiB, host available 116.7 GiB
2026-09-22 05:15:31.663 INFO  glm4 loader: rank 3 resident image /home/stephen/.cache/dgpp/resident/13cf0f77c5810d9a.img — 93/93 layers present, direct I/O
2026-09-22 05:15:31.677 INFO  l2 prefetch: on, window budget 12 MiB, boundary rate light, layer rate light
2026-09-22 05:15:32.798 INFO  memory ledger: rank 3 after the model — rss 4.88 GiB (anon 0.49, shmem 1.91, file 2.48; locked 14.17); device free 83.49 GiB, node available 88.87 GiB
2026-09-22 05:15:32.798 INFO  rank 3: model constructed in 2.7s (resident, 4 request slots, 262144-token pool in bf16, 2048-row forwards)
2026-09-22 05:15:32.798 INFO  rank 3: prefix cache on — 4096 snapshot slot(s) of 0.0 MiB (1.50 GiB asked)
2026-09-22 05:15:32.801 INFO  rank 3: graph engine samples on the device — 128 candidates per rank (8 rows x 4 ranks in a 81920-byte latency slot; the planned width is 128); constrained decoding available
2026-09-22 05:15:32.892 INFO  memory ledger: rank 3 after the graph engine — rss 4.88 GiB (anon 0.49, shmem 1.91, file 2.48; locked 14.17); device free 83.45 GiB, node available 88.83 GiB
2026-09-22 05:15:32.923 INFO  allreduce: device clock rate 2418000 kHz (stamps conversion)
2026-09-22 05:15:32.923 INFO  allreduce: rank 3 seq 1 launched (3 peers)
2026-09-22 05:15:32.923 INFO  allreduce: rank 3 seq 1 ready after 40.3us
2026-09-22 05:15:33.431 INFO  hunt qp: rank 3 seq 1  p0l0[RTS sq_psn=4672 rq_psn=4672 ack_timeout=14 retry_cnt=7 rnr_retry=7 min_rnr=12 sq_draining=0] p0l1[RTS sq_psn=4660 rq_psn=4660 ack_timeout=14 retry_cnt=7 rnr_retry=7 min_rnr=12 sq_draining=0] p1l0[RTS sq_psn=4672 rq_psn=4672 ack_timeout=14 retry_cnt=7 rnr_retry=7 min_rnr=12 sq_draining=0] p1l1[RTS sq_psn=4660 rq_psn=4660 ack_timeout=14 retry_cnt=7 rnr_retry=7 min_rnr=12 sq_draining=0] p2l0[RTS sq_psn=4671 rq_psn=4660 ack_timeout=14 retry_cnt=7 rnr_retry=7 min_rnr=12 sq_draining=0] p2l1[RTS sq_psn=4660 rq_psn=4660 ack_timeout=14 retry_cnt=7 rnr_retry=7 min_rnr=12 sq_draining=0]
2026-09-22 05:15:33.432 INFO  allreduce: rank 3 seq 1 STALLED 508ms posted=0x7 ctl(ready=0x7 done=0 status=0 gate(waits=0 spins=0) first_claim(cell=0 len=40960 seq=1))  p0l0:[1c1/1=0x39e23b39.0c0/0=0000000000.0c0/0=0000000000.0c0/0=0000000000.0c0/0=0000000000.0c0/0=0000000000.0c0/0=0000000000.0c0/0=0000000000. B[0/0.0/0.0/0.0/0.0/0.0/0.0/0.0/0.] p0l1:[0c0/0=0000000000.0c0/0=0000000000.0c0/0=0000000000.0c0/0=0000000000.0c0/0=0000000000.0c0/0=0000000000.0c0/0=0000000000.0c0/0=0000000000. B[0/0.0/0.0/0.0/0.0/0.0/0.0/0.0/0.] p1l0:[1c1/1=0x3b893b8f.0c0/0=0000000000.0c0/0=0000000000.0c0/0=0000000000.0c0/0=0000000000.0c0/0=0000000000.0c0/0=0000000000.0c0/0=0000000000. B[0/0.0/0.0/0.0/0.0/0.0/0.0/0.0/0.] p1l1:[0c0/0=0000000000.0c0/0=0000000000.0c0/0=0000000000.0c0/0=0000000000.0c0/0=0000000000.0c0/0=0000000000.0c0/0=0000000000.0c0/0=0000000000. B[0/0.0/0.0/0.0/0.0/0.0/0.0/0.0/0.] p2l0:[0c0/0=0000000000!0c0/0=0000000000.0c0/0=0000000000.0c0/0=0000000000.0c0/0=0000000000.0c0/0=0000000000.0c0/0=0000000000.0c0/0=0000000000. B[0/0.0/0.0/0.0/0.0/0.0/0.0/0.0/0.] p2l1:[0c0/0=0000000000.0c0/0=0000000000.0c0/0=0000000000.0c0/0=0000000000.0c0/0=0000000000.0c0/0=0000000000.0c0/0=0000000000.0c0/0=0000000000. B[0/0.0/0.0/0.0/0.0/0.0/0.0/0.0/0.]
2026-09-22 05:15:33.432 INFO  kernel claim: rank 3 seq 1 rec0 peer 0 lane 0 slot 0 door(seq=1 len=40960 ctl=1 hash=0x2ddbb8e98ce25800) pay(w0=0x39e23b39 w1=0x3a88b9e9 w2=0xb85d3a92 w3=0xba583a23 w4=0x3b143aba w5=0x3a503a41 w6=0x3893ba51 w7=0x399739b3) folded16=0x7f90c17edd5ffca8
2026-09-22 05:15:33.432 INFO  kernel claim: rank 3 seq 1 rec1 peer 1 lane 0 slot 0 door(seq=1 len=40960 ctl=1 hash=0xacba1ba64a3e7c00) pay(w0=0x3b893b8f w1=0xbb2fb955 w2=0xb99c3acd w3=0xbac2ba72 w4=0x3b3c3b10 w5=0x3b6bba66 w6=0xba14b7f3 w7=0xbb7339dd) folded16=0x5c4520a94aeda661
2026-09-22 05:15:33.929 INFO  hunt qp: rank 3 seq 1  p0l0[RTS sq_psn=4672 rq_psn=4672 ack_timeout=14 retry_cnt=7 rnr_retry=7 min_rnr=12 sq_draining=0] p0l1[RTS sq_psn=4660 rq_psn=4660 ack_timeout=14 retry_cnt=7 rnr_retry=7 min_rnr=12 sq_draining=0] p1l0[RTS sq_psn=4672 rq_psn=4672 ack_timeout=14 retry_cnt=7 rnr_retry=7 min_rnr=12 sq_draining=0] p1l1[RTS sq_psn=4660 rq_psn=4660 ack_timeout=14 retry_cnt=7 rnr_retry=7 min_rnr=12 sq_draining=0] p2l0[RTS sq_psn=4671 rq_psn=4660 ack_timeout=14 retry_cnt=7 rnr_retry=7 min_rnr=12 sq_draining=0] p2l1[RTS sq_psn=4660 rq_psn=4660 ack_timeout=14 retry_cnt=7 rnr_retry=7 min_rnr=12 sq_draining=0]
2026-09-22 05:15:33.929 INFO  allreduce: rank 3 seq 1 STALLED 1006ms posted=0x7 ctl(ready=0x7 done=0 status=0 gate(waits=0 spins=0) first_claim(cell=0 len=40960 seq=1))  p0l0:[1c1/1=0x39e23b39.0c0/0=0000000000.0c0/0=0000000000.0c0/0=0000000000.0c0/0=0000000000.0c0/0=0000000000.0c0/0=0000000000.0c0/0=0000000000. B[0/0.0/0.0/0.0/0.0/0.0/0.0/0.0/0.] p0l1:[0c0/0=0000000000.0c0/0=0000000000.0c0/0=0000000000.0c0/0=0000000000.0c0/0=0000000000.0c0/0=0000000000.0c0/0=0000000000.0c0/0=0000000000. B[0/0.0/0.0/0.0/0.0/0.0/0.0/0.0/0.] p1l0:[1c1/1=0x3b893b8f.0c0/0=0000000000.0c0/0=0000000000.0c0/0=0000000000.0c0/0=0000000000.0c0/0=0000000000.0c0/0=0000000000.0c0/0=0000000000. B[0/0.0/0.0/0.0/0.0/0.0/0.0/0.0/0.] p1l1:[0c0/0=0000000000.0c0/0=0000000000.0c0/0=0000000000.0c0/0=0000000000.0c0/0=0000000000.0c0/0=0000000000.0c0/0=0000000000.0c0/0=0000000000. B[0/0.0/0.0/0.0/0.0/0.0/0.0/0.0/0.] p2l0:[0c0/0=0000000000!0c0/0=0000000000.0c0/0=0000000000.0c0/0=0000000000.0c0/0=0000000000.0c0/0=0000000000.0c0/0=0000000000.0c0/0=0000000000. B[0/0.0/0.0/0.0/0.0/0.0/0.0/0.0/0.] p2l1:[0c0/0=0000000000.0c0/0=0000000000.0c0/0=0000000000.0c0/0=0000000000.0c0/0=0000000000.0c0/0=0000000000.0c0/0=0000000000.0c0/0=0000000000. B[0/0.0/0.0/0.0/0.0/0.0/0.0/0.0/0.]
2026-09-22 05:15:33.929 INFO  kernel claim: rank 3 seq 1 rec0 peer 0 lane 0 slot 0 door(seq=1 len=40960 ctl=1 hash=0x2ddbb8e98ce25800) pay(w0=0x39e23b39 w1=0x3a88b9e9 w2=0xb85d3a92 w3=0xba583a23 w4=0x3b143aba w5=0x3a503a41 w6=0x3893ba51 w7=0x399739b3) folded16=0x7f90c17edd5ffca8
2026-09-22 05:15:33.929 INFO  kernel claim: rank 3 seq 1 rec1 peer 1 lane 0 slot 0 door(seq=1 len=40960 ctl=1 hash=0xacba1ba64a3e7c00) pay(w0=0x3b893b8f w1=0xbb2fb955 w2=0xb99c3acd w3=0xbac2ba72 w4=0x3b3c3b10 w5=0x3b6bba66 w6=0xba14b7f3 w7=0xbb7339dd) folded16=0x5c4520a94aeda661
2026-09-22 05:15:34.429 INFO  hunt qp: rank 3 seq 1  p0l0[RTS sq_psn=4672 rq_psn=4672 ack_timeout=14 retry_cnt=7 rnr_retry=7 min_rnr=12 sq_draining=0] p0l1[RTS sq_psn=4660 rq_psn=4660 ack_timeout=14 retry_cnt=7 rnr_retry=7 min_rnr=12 sq_draining=0] p1l0[RTS sq_psn=4672 rq_psn=4672 ack_timeout=14 retry_cnt=7 rnr_retry=7 min_rnr=12 sq_draining=0] p1l1[RTS sq_psn=4660 rq_psn=4660 ack_timeout=14 retry_cnt=7 rnr_retry=7 min_rnr=12 sq_draining=0] p2l0[RTS sq_psn=4671 rq_psn=4660 ack_timeout=14 retry_cnt=7 rnr_retry=7 min_rnr=12 sq_draining=0] p2l1[RTS sq_psn=4660 rq_psn=4660 ack_timeout=14 retry_cnt=7 rnr_retry=7 min_rnr=12 sq_draining=0]
2026-09-22 05:15:34.430 INFO  allreduce: rank 3 seq 1 STALLED 1507ms posted=0x7 ctl(ready=0x7 done=0 status=0 gate(waits=0 spins=0) first_claim(cell=0 len=40960 seq=1))  p0l0:[1c1/1=0x39e23b39.0c0/0=0000000000.0c0/0=0000000000.0c0/0=0000000000.0c0/0=0000000000.0c0/0=0000000000.0c0/0=0000000000.0c0/0=0000000000. B[0/0.0/0.0/0.0/0.0/0.0/0.0/0.0/0.] p0l1:[0c0/0=0000000000.0c0/0=0000000000.0c0/0=0000000000.0c0/0=0000000000.0c0/0=0000000000.0c0/0=0000000000.0c0/0=0000000000.0c0/0=0000000000. B[0/0.0/0.0/0.0/0.0/0.0/0.0/0.0/0.] p1l0:[1c1/1=0x3b893b8f.0c0/0=0000000000.0c0/0=0000000000.0c0/0=0000000000.0c0/0=0000000000.0c0/0=0000000000.0c0/0=0000000000.0c0/0=0000000000. B[0/0.0/0.0/0.0/0.0/0.0/0.0/0.0/0.] p1l1:[0c0/0=0000000000.0c0/0=0000000000.0c0/0=0000000000.0c0/0=0000000000.0c0/0=0000000000.0c0/0=0000000000.0c0/0=0000000000.0c0/0=0000000000. B[0/0.0/0.0/0.0/0.0/0.0/0.0/0.0/0.] p2l0:[0c0/0=0000000000!0c0/0=0000000000.0c0/0=0000000000.0c0/0=0000000000.0c0/0=0000000000.0c0/0=0000000000.0c0/0=0000000000.0c0/0=0000000000. B[0/0.0/0.0/0.0/0.0/0.0/0.0/0.0/0.] p2l1:[0c0/0=0000000000.0c0/0=0000000000.0c0/0=0000000000.0c0/0=0000000000.0c0/0=0000000000.0c0/0=0000000000.0c0/0=0000000000.0c0/0=0000000000. B[0/0.0/0.0/0.0/0.0/0.0/0.0/0.0/0.]
2026-09-22 05:15:34.430 INFO  kernel claim: rank 3 seq 1 rec0 peer 0 lane 0 slot 0 door(seq=1 len=40960 ctl=1 hash=0x2ddbb8e98ce25800) pay(w0=0x39e23b39 w1=0x3a88b9e9 w2=0xb85d3a92 w3=0xba583a23 w4=0x3b143aba w5=0x3a503a41 w6=0x3893ba51 w7=0x399739b3) folded16=0x7f90c17edd5ffca8
2026-09-22 05:15:34.430 INFO  kernel claim: rank 3 seq 1 rec1 peer 1 lane 0 slot 0 door(seq=1 len=40960 ctl=1 hash=0xacba1ba64a3e7c00) pay(w0=0x3b893b8f w1=0xbb2fb955 w2=0xb99c3acd w3=0xbac2ba72 w4=0x3b3c3b10 w5=0x3b6bba66 w6=0xba14b7f3 w7=0xbb7339dd) folded16=0x5c4520a94aeda661
2026-09-22 05:15:34.830 INFO  allreduce: rank 3 seq 1 done status=0 after 1906945.3us
2026-09-22 05:15:34.860 INFO  allreduce: rank 3 seq 2 launched (3 peers)
2026-09-22 05:15:34.860 INFO  allreduce: rank 3 seq 2 ready after 16.8us
2026-09-22 05:15:34.860 INFO  allreduce: rank 3 seq 2 done status=0 after 58.5us
2026-09-22 05:15:34.884 INFO  allreduce: rank 3 seq 3 launched (3 peers)
2026-09-22 05:15:34.884 INFO  allreduce: rank 3 seq 3 ready after 26.0us
2026-09-22 05:15:34.923 INFO  allreduce: rank 3 seq 3 done status=0 after 39628.1us
2026-09-22 05:15:34.924 INFO  allreduce: rank 3 seq 4 launched (3 peers)
2026-09-22 05:15:34.924 INFO  allreduce: rank 3 seq 4 ready after 16.2us
2026-09-22 05:15:34.924 INFO  allreduce: rank 3 seq 4 done status=0 after 58.4us
2026-09-22 05:15:34.938 INFO  allreduce: rank 3 seq 5 launched (3 peers)
2026-09-22 05:15:34.938 INFO  allreduce: rank 3 seq 5 ready after 22.9us
2026-09-22 05:15:34.945 INFO  allreduce: rank 3 seq 5 done status=0 after 7648.4us
2026-09-22 05:15:34.946 INFO  allreduce: rank 3 seq 6 launched (3 peers)
2026-09-22 05:15:34.946 INFO  allreduce: rank 3 seq 6 ready after 17.6us
2026-09-22 05:15:34.946 INFO  allreduce: rank 3 seq 6 done status=0 after 59.4us
2026-09-22 05:15:35.052 INFO  allreduce: rank 3 seq 7 launched (3 peers)
2026-09-22 05:15:35.052 INFO  allreduce: rank 3 seq 7 ready after 19.6us
2026-09-22 05:15:35.104 INFO  allreduce: rank 3 seq 7 done status=0 after 52033.2us
2026-09-22 05:15:35.105 INFO  allreduce: rank 3 seq 8 launched (3 peers)
2026-09-22 05:15:35.105 INFO  allreduce: rank 3 seq 8 ready after 19.5us
2026-09-22 05:15:35.105 INFO  allreduce: rank 3 seq 8 done status=0 after 64.1us
2026-09-22 05:15:35.200 INFO  allreduce: rank 3 seq 9 launched (3 peers)
2026-09-22 05:15:35.200 INFO  allreduce: rank 3 seq 9 ready after 18.5us
2026-09-22 05:15:35.240 INFO  allreduce: rank 3 seq 9 done status=0 after 39816.8us
2026-09-22 05:15:35.240 INFO  allreduce: rank 3 seq 10 launched (3 peers)
2026-09-22 05:15:35.240 INFO  allreduce: rank 3 seq 10 ready after 19.6us
2026-09-22 05:15:35.241 INFO  allreduce: rank 3 seq 10 done status=0 after 61.9us
2026-09-22 05:15:35.327 INFO  allreduce: rank 3 seq 11 launched (3 peers)
2026-09-22 05:15:35.327 INFO  allreduce: rank 3 seq 11 ready after 26.1us
2026-09-22 05:15:35.374 INFO  allreduce: rank 3 seq 11 done status=0 after 47640.1us
2026-09-22 05:15:35.375 INFO  allreduce: rank 3 seq 12 launched (3 peers)
2026-09-22 05:15:35.375 INFO  allreduce: rank 3 seq 12 ready after 19.4us
2026-09-22 05:15:35.375 INFO  allreduce: rank 3 seq 12 done status=0 after 62.7us
2026-09-22 05:15:35.456 INFO  allreduce: rank 3 seq 13 launched (3 peers)
2026-09-22 05:15:35.456 INFO  allreduce: rank 3 seq 13 ready after 23.7us
2026-09-22 05:15:35.510 INFO  allreduce: rank 3 seq 13 done status=0 after 53248.0us
2026-09-22 05:15:35.510 INFO  allreduce: rank 3 seq 14 launched (3 peers)
2026-09-22 05:15:35.510 INFO  allreduce: rank 3 seq 14 ready after 19.3us
2026-09-22 05:15:35.510 INFO  allreduce: rank 3 seq 14 done status=0 after 61.8us
2026-09-22 05:15:35.592 INFO  allreduce: rank 3 seq 15 launched (3 peers)
2026-09-22 05:15:35.592 INFO  allreduce: rank 3 seq 15 ready after 21.4us
2026-09-22 05:15:35.647 INFO  allreduce: rank 3 seq 15 done status=0 after 55850.5us
2026-09-22 05:15:35.648 INFO  allreduce: rank 3 seq 16 launched (3 peers)
2026-09-22 05:15:35.648 INFO  allreduce: rank 3 seq 16 ready after 18.6us
2026-09-22 05:15:35.648 INFO  allreduce: rank 3 seq 16 done status=0 after 62.2us
2026-09-22 05:15:49.097 INFO  rank 3 bf12: 374 decode matrices packed (6.36 GiB of bf16 -> 4.78 GiB, 519641 escapes, widest row 9, 0 rows kept raw; 0 matrices kept bf16) in 1.8 s
2026-09-22 05:15:49.102 INFO  bus graph era: variant 0 recorded with 188 collective node(s)
2026-09-22 05:15:49.102 INFO  rank 3: graph variant 0 shape: 2164 nodes, 2350 edges: kernel 2164 empty 0 memcpy 0 memset 0 host 0 event 0 other 0; max in-degree 2
2026-09-22 05:15:49.106 INFO  rank 3: graph variant 0 instantiated — 14.0 MiB of device memory (25.6 GiB free)
2026-09-22 05:15:49.108 INFO  bus graph era: variant 1 recorded with 188 collective node(s)
2026-09-22 05:15:49.108 INFO  rank 3: graph variant 1 shape: 2164 nodes, 2350 edges: kernel 2164 empty 0 memcpy 0 memset 0 host 0 event 0 other 0; max in-degree 2
2026-09-22 05:15:49.113 INFO  rank 3: graph variant 1 instantiated — 16.2 MiB of device memory (25.5 GiB free)
2026-09-22 05:15:49.113 INFO  rank 3: serving scalar graph variants 0/1 captured for request slot 0 (2 rows, MTP)
2026-09-22 05:15:49.115 INFO  bus graph era: variant 8 recorded with 188 collective node(s)
2026-09-22 05:15:49.115 INFO  rank 3: graph variant 8 shape: 2165 nodes, 2351 edges: kernel 2165 empty 0 memcpy 0 memset 0 host 0 event 0 other 0; max in-degree 2
2026-09-22 05:15:49.123 INFO  rank 3: graph variant 8 instantiated — 16.7 MiB of device memory (25.5 GiB free)
2026-09-22 05:15:49.125 INFO  bus graph era: variant 9 recorded with 188 collective node(s)
2026-09-22 05:15:49.125 INFO  rank 3: graph variant 9 shape: 2165 nodes, 2351 edges: kernel 2165 empty 0 memcpy 0 memset 0 host 0 event 0 other 0; max in-degree 2
2026-09-22 05:15:49.133 INFO  rank 3: graph variant 9 instantiated — 16.2 MiB of device memory (25.5 GiB free)
2026-09-22 05:15:49.133 INFO  rank 3: serving row-batched graph variants 8/9 captured for 2 slots x 2 rows = 4 fixed rows, MTP (a batch is selected at 2+ live requests, the smallest that covers the live slots)
2026-09-22 05:15:49.135 INFO  bus graph era: variant 10 recorded with 188 collective node(s)
2026-09-22 05:15:49.135 INFO  rank 3: graph variant 10 shape: 2175 nodes, 2361 edges: kernel 2175 empty 0 memcpy 0 memset 0 host 0 event 0 other 0; max in-degree 2
2026-09-22 05:15:49.143 INFO  rank 3: graph variant 10 instantiated — 14.9 MiB of device memory (25.5 GiB free)
2026-09-22 05:15:49.144 INFO  bus graph era: variant 11 recorded with 188 collective node(s)
2026-09-22 05:15:49.144 INFO  rank 3: graph variant 11 shape: 2175 nodes, 2361 edges: kernel 2175 empty 0 memcpy 0 memset 0 host 0 event 0 other 0; max in-degree 2
2026-09-22 05:15:49.153 INFO  rank 3: graph variant 11 instantiated — 16.7 MiB of device memory (25.5 GiB free)
2026-09-22 05:15:49.153 INFO  rank 3: serving row-batched graph variants 10/11 captured for 3 slots x 2 rows = 6 fixed rows, MTP (a batch is selected at 2+ live requests, the smallest that covers the live slots)
2026-09-22 05:15:49.155 INFO  bus graph era: variant 12 recorded with 188 collective node(s)
2026-09-22 05:15:49.155 INFO  rank 3: graph variant 12 shape: 2176 nodes, 2362 edges: kernel 2176 empty 0 memcpy 0 memset 0 host 0 event 0 other 0; max in-degree 2
2026-09-22 05:15:49.162 INFO  rank 3: graph variant 12 instantiated — 16.7 MiB of device memory (25.5 GiB free)
2026-09-22 05:15:49.164 INFO  bus graph era: variant 13 recorded with 188 collective node(s)
2026-09-22 05:15:49.164 INFO  rank 3: graph variant 13 shape: 2176 nodes, 2362 edges: kernel 2176 empty 0 memcpy 0 memset 0 host 0 event 0 other 0; max in-degree 2
2026-09-22 05:15:49.173 INFO  rank 3: graph variant 13 instantiated — 16.7 MiB of device memory (25.4 GiB free)
2026-09-22 05:15:49.173 INFO  rank 3: serving row-batched graph variants 12/13 captured for 4 slots x 2 rows = 8 fixed rows, MTP (a batch is selected at 2+ live requests, the smallest that covers the live slots)
2026-09-22 05:15:49.460 INFO  bus graph era: variant 2 recorded with 188 collective node(s)
2026-09-22 05:15:49.461 INFO  rank 3: graph variant 2 shape: 2164 nodes, 2350 edges: kernel 2164 empty 0 memcpy 0 memset 0 host 0 event 0 other 0; max in-degree 2
2026-09-22 05:15:49.468 INFO  rank 3: graph variant 2 instantiated — 14.5 MiB of device memory (25.4 GiB free)
2026-09-22 05:15:49.470 INFO  bus graph era: variant 3 recorded with 188 collective node(s)
2026-09-22 05:15:49.470 INFO  rank 3: graph variant 3 shape: 2164 nodes, 2350 edges: kernel 2164 empty 0 memcpy 0 memset 0 host 0 event 0 other 0; max in-degree 2
2026-09-22 05:15:49.479 INFO  rank 3: graph variant 3 instantiated — 16.7 MiB of device memory (25.4 GiB free)
2026-09-22 05:15:49.479 INFO  rank 3: serving scalar graph variants 2/3 captured for request slot 1 (2 rows, MTP)
2026-09-22 05:15:49.574 INFO  bus graph era: variant 4 recorded with 188 collective node(s)
2026-09-22 05:15:49.574 INFO  rank 3: graph variant 4 shape: 2164 nodes, 2350 edges: kernel 2164 empty 0 memcpy 0 memset 0 host 0 event 0 other 0; max in-degree 2
2026-09-22 05:15:49.582 INFO  rank 3: graph variant 4 instantiated — 16.2 MiB of device memory (25.4 GiB free)
2026-09-22 05:15:49.584 INFO  bus graph era: variant 5 recorded with 188 collective node(s)
2026-09-22 05:15:49.584 INFO  rank 3: graph variant 5 shape: 2164 nodes, 2350 edges: kernel 2164 empty 0 memcpy 0 memset 0 host 0 event 0 other 0; max in-degree 2
2026-09-22 05:15:49.593 INFO  rank 3: graph variant 5 instantiated — 16.7 MiB of device memory (25.4 GiB free)
2026-09-22 05:15:49.593 INFO  rank 3: serving scalar graph variants 4/5 captured for request slot 2 (2 rows, MTP)
2026-09-22 05:15:49.688 INFO  bus graph era: variant 6 recorded with 188 collective node(s)
2026-09-22 05:15:49.688 INFO  rank 3: graph variant 6 shape: 2164 nodes, 2350 edges: kernel 2164 empty 0 memcpy 0 memset 0 host 0 event 0 other 0; max in-degree 2
2026-09-22 05:15:49.696 INFO  rank 3: graph variant 6 instantiated — 14.5 MiB of device memory (25.4 GiB free)
2026-09-22 05:15:49.697 INFO  bus graph era: variant 7 recorded with 188 collective node(s)
2026-09-22 05:15:49.697 INFO  rank 3: graph variant 7 shape: 2164 nodes, 2350 edges: kernel 2164 empty 0 memcpy 0 memset 0 host 0 event 0 other 0; max in-degree 2
2026-09-22 05:15:49.706 INFO  rank 3: graph variant 7 instantiated — 16.7 MiB of device memory (25.3 GiB free)
2026-09-22 05:15:49.706 INFO  rank 3: serving scalar graph variants 6/7 captured for request slot 3 (2 rows, MTP)
2026-09-22 05:15:49.706 INFO  rank 3: warm capture complete — 4 scalar variants and the row batches for 2 slots, 3 slots, 4 slots recorded before the first request
2026-09-22 05:15:49.706 INFO  memory ledger: rank 3 after the warm capture — rss 5.11 GiB (anon 0.72, shmem 1.92, file 2.48; locked 14.16); device free 25.35 GiB, node available 30.73 GiB
2026-09-22 05:15:49.706 INFO  rank 3: graph variants warm-captured in 16.81s
2026-09-22 05:15:49.706 INFO  rank 3: following rank 0's journal (admission full, window 256)
2026-09-22 05:15:52.063 INFO  hunt qp: rank 3 seq 951  p0l0[RTS sq_psn=14958 rq_psn=14958 ack_timeout=14 retry_cnt=7 rnr_retry=7 min_rnr=12 sq_draining=0] p0l1[RTS sq_psn=4660 rq_psn=4660 ack_timeout=14 retry_cnt=7 rnr_retry=7 min_rnr=12 sq_draining=0] p1l0[RTS sq_psn=14958 rq_psn=14958 ack_timeout=14 retry_cnt=7 rnr_retry=7 min_rnr=12 sq_draining=0] p1l1[RTS sq_psn=4660 rq_psn=4660 ack_timeout=14 retry_cnt=7 rnr_retry=7 min_rnr=12 sq_draining=0] p2l0[RTS sq_psn=14958 rq_psn=14958 ack_timeout=14 retry_cnt=7 rnr_retry=7 min_rnr=12 sq_draining=0] p2l1[RTS sq_psn=4660 rq_psn=4660 ack_timeout=14 retry_cnt=7 rnr_retry=7 min_rnr=12 sq_draining=0]
2026-09-22 05:15:52.063 INFO  allreduce: rank 3 seq 951 STALLED 504ms posted=0x0 ctl(ready=0x0 done=0 status=0 gate(waits=0 spins=0) first_claim(cell=37 len=20480 seq=119))  p0l0:[119c945/119=0xbc913c87.119c946/119=0xc10a3fae.119c947/119=0xbd703e44.119c948/119=0xbf2a3f7b.119c949/119=0xbcc4bc1d.119c950/119=0xbd973df2.118c943/118=0xbe03bdf7.118c944/118=0x3e29bdc7. B[0/0!0/0.0/0.0/0.0/0.0/0.0/0.0/0.] p0l1:[0c0/0=0000000000.0c0/0=0000000000.0c0/0=0000000000.0c0/0=0000000000.0c0/0=0000000000.0c0/0=0000000000.0c0/0=0000000000.0c0/0=0000000000. B[0/0.0/0.0/0.0/0.0/0.0/0.0/0.0/0.] p1l0:[119c945/119=0xbccf3d49.119c946/119=0x3c8fbce3.119c947/119=0x3f9ebe2c.119c948/119=0xbf58c00c.119c949/119=0x3e683ec1.119c950/119=0x3f75beb1.118c943/118=0xbd01bb9e.118c944/118=0xbc37bcfb. B[0/0!0/0.0/0.0/0.0/0.0/0.0/0.0/0.] p1l1:[0c0/0=0000000000.0c0/0=0000000000.0c0/0=0000000000.0c0/0=0000000000.0c0/0=0000000000.0c0/0=0000000000.0c0/0=0000000000.0c0/0=0000000000. B[0/0.0/0.0/0.0/0.0/0.0/0.0/0.0/0.] p2l0:[119c945/119=0xbd883bd1.119c946/119=0x3c95bd0e.119c947/119=0xbeebbdf8.119c948/119=0x40b33f00.119c949/119=0x3c3f3cef.119c950/119=0xbd0f3b39.118c943/118=0x3d3b3bf9.118c944/118=0x3e12be18. B[0/0.0/0.0/0.0/0.0/0.0/0.0/0.0/0.] p2l1:[0c0/0=0000000000.0c0/0=0000000000.0c0/0=0000000000.0c0/0=0000000000.0c0/0=0000000000.0c0/0=0000000000.0c0/0=0000000000.0c0/0=0000000000. B[0/0.0/0.0/0.0/0.0/0.0/0.0/0.0/0.]
2026-09-22 05:15:52.063 INFO  allreduce: rank 3 seq 951 bulk AG seg 1/1 tx 2/2 STALLED  p0:0/0 p1:0/0 p2:0/0
2026-09-22 05:15:52.448 INFO  sched: request 'chatcmpl-009a7b2822ddde41' prefix cache miss — 2 cut(s), the cache is empty
2026-09-22 05:15:52.448 INFO  sched: request 'chatcmpl-009a7b2822ddde41' admitted to slot 0 (reserve 2 blocks; pool 3/4096 blocks in use) — first token 2
2026-09-22 05:15:54.359 INFO  sched: request 'chatcmpl-009a7b2822ddde41' retired (steps): 64 tok in 1.9 s — prefill 55 tok (0 cached) in 1260 ms; decode 63 tok / 35 passes in 0.7 s: 96.8 tok/s, 10.3 ms/tok, 19 ms/pass, 1.80 tok/pass, accept p1 80 %
2026-09-22 05:15:54.771 INFO  sched: request 'chatcmpl-009a7b2822ddde42' prefix cache miss — 2 cut(s) probed against 2 entries; the nearest entry (position 118) shares the first 5 of the prompt's 30 tokens (the prompt differs from it from that token on)
2026-09-22 05:15:54.771 INFO  sched: request 'chatcmpl-009a7b2822ddde42' admitted to slot 0 (reserve 5 blocks; pool 9/4096 blocks in use) — first token 785
2026-09-22 05:15:59.924 INFO  stats: rank 3 | 10.1 s | decode 24.9 tok/s, 28.0 ms/tok, 53.4 ms/step (131 steps / 250 tok, 70 % of wall) | mtp 1.91 tok/step/req, accept p1 89 % | prefill 2 prompts / 85 tok, 8 tok/s, 19.61 ms/tok, 833 ms avg (17 % of wall), 0 tok cached (0/2 hits) | live 1, queued 0 | pool 10/4096 blocks (0 %) | prefix cache 3/4096 entries
2026-09-22 05:16:02.002 INFO  sched: request 'chatcmpl-009a7b2822ddde42' retired (steps): 256 tok in 7.2 s — prefill 30 tok (0 cached) in 407 ms; decode 255 tok / 135 passes in 6.8 s: 37.4 tok/s, 26.8 ms/tok, 51 ms/pass, 1.89 tok/pass, accept p1 89 %
2026-09-22 05:16:02.120 INFO  sched: request 'chatcmpl-009a7b2822ddde43' admitted to slot 0 (reserve 5 blocks; pool 14/4096 blocks in use) — first token 785
2026-09-22 05:16:09.372 INFO  sched: request 'chatcmpl-009a7b2822ddde43' retired (steps): 256 tok in 7.3 s — prefill 30 tok (28 cached) in 90 ms; decode 255 tok / 135 passes in 7.2 s: 35.6 tok/s, 28.1 ms/tok, 53 ms/pass, 1.89 tok/pass, accept p1 89 %
2026-09-22 05:16:09.481 INFO  sched: request 'chatcmpl-009a7b2822ddde44' admitted to slot 0 (reserve 5 blocks; pool 14/4096 blocks in use) — first token 785
2026-09-22 05:16:09.966 INFO  stats: rank 3 | 10.0 s | decode 34.2 tok/s, 28.4 ms/tok, 53.2 ms/step (183 steps / 343 tok, 97 % of wall) | mtp 1.87 tok/step/req, accept p1 86 % | prefill 2 prompts / 4 tok, 0 tok/s, 45.49 ms/tok, 91 ms avg (2 % of wall), 56 tok cached (2/2 hits) | live 1, queued 0 | pool 15/4096 blocks (0 %) | prefix cache 4/4096 entries
2026-09-22 05:16:16.654 INFO  sched: request 'chatcmpl-009a7b2822ddde44' retired (steps): 256 tok in 7.2 s — prefill 30 tok (28 cached) in 92 ms; decode 255 tok / 135 passes in 7.1 s: 36.0 tok/s, 27.8 ms/tok, 52 ms/pass, 1.89 tok/pass, accept p1 89 %
2026-09-22 05:16:17.068 INFO  sched: request 'chatcmpl-009a7b2822ddde45' prefix cache miss — 2 cut(s) probed against 4 entries; the nearest entry (position 285) shares the first 11 of the prompt's 29 tokens (the prompt differs from it from that token on)
2026-09-22 05:16:17.068 INFO  sched: request 'chatcmpl-009a7b2822ddde45' admitted to slot 0 (reserve 5 blocks; pool 15/4096 blocks in use) — first token 785
2026-09-22 05:16:17.513 INFO  sched: request 'chatcmpl-009a7b2822ddde46' prefix cache miss — 2 cut(s) probed against 5 entries; the nearest entry (position 285) shares the first 11 of the prompt's 29 tokens (the prompt differs from it from that token on)
2026-09-22 05:16:17.513 INFO  sched: request 'chatcmpl-009a7b2822ddde46' admitted to slot 1 (reserve 5 blocks; pool 22/4096 blocks in use) — first token 785
2026-09-22 05:16:19.995 INFO  stats: rank 3 | 10.0 s | decode 36.5 tok/s, 24.9 ms/tok, 56.3 ms/step (162 steps / 366 tok, 91 % of wall) | mtp 1.86 tok/step/req, accept p1 85 % | prefill 2 prompts / 58 tok, 6 tok/s, 13.48 ms/tok, 391 ms avg (8 % of wall), 0 tok cached (0/2 hits) | live 2, queued 0 | pool 23/4096 blocks (1 %) | prefix cache 6/4096 entries
2026-09-22 05:16:27.655 INFO  sched: request 'chatcmpl-009a7b2822ddde46' retired (steps): 256 tok in 10.1 s — prefill 29 tok (0 cached) in 389 ms; decode 255 tok / 142 passes in 9.8 s: 26.1 tok/s, 38.2 ms/tok, 69 ms/pass, 1.80 tok/pass, accept p1 80 %
2026-09-22 05:16:27.656 INFO  sched: request 'chatcmpl-009a7b2822ddde45' retired (steps): 256 tok in 10.6 s — prefill 29 tok (0 cached) in 393 ms; decode 255 tok / 143 passes in 10.2 s: 25.0 tok/s, 40.0 ms/tok, 71 ms/pass, 1.78 tok/pass, accept p1 78 %
2026-09-22 05:16:27.774 INFO  sched: request 'chatcmpl-009a7b2822ddde47' admitted to slot 0 (reserve 5 blocks; pool 26/4096 blocks in use) — first token 785
2026-09-22 05:16:27.920 INFO  sched: request 'chatcmpl-009a7b2822ddde48' admitted to slot 1 (reserve 5 blocks; pool 32/4096 blocks in use) — first token 785
2026-09-22 05:16:30.058 INFO  stats: rank 3 | 10.1 s | decode 49.2 tok/s, 19.7 ms/tok, 70.5 ms/step (138 steps / 495 tok, 97 % of wall) | mtp 1.80 tok/step/req, accept p1 79 % | prefill 2 prompts / 4 tok, 0 tok/s, 45.28 ms/tok, 91 ms avg (2 % of wall), 54 tok cached (2/2 hits) | live 2, queued 0 | pool 33/4096 blocks (1 %) | prefix cache 8/4096 entries
2026-09-22 05:16:38.093 INFO  sched: request 'chatcmpl-009a7b2822ddde48' retired (steps): 256 tok in 10.2 s — prefill 29 tok (27 cached) in 89 ms; decode 255 tok / 142 passes in 10.1 s: 25.3 tok/s, 39.5 ms/tok, 71 ms/pass, 1.80 tok/pass, accept p1 80 %
2026-09-22 05:16:38.094 INFO  sched: request 'chatcmpl-009a7b2822ddde47' retired (steps): 256 tok in 10.3 s — prefill 29 tok (27 cached) in 92 ms; decode 255 tok / 143 passes in 10.2 s: 24.9 tok/s, 40.1 ms/tok, 72 ms/pass, 1.78 tok/pass, accept p1 78 %
2026-09-22 05:16:38.213 INFO  sched: request 'chatcmpl-009a7b2822ddde49' admitted to slot 0 (reserve 5 blocks; pool 26/4096 blocks in use) — first token 785
2026-09-22 05:16:38.359 INFO  sched: request 'chatcmpl-009a7b2822ddde4a' admitted to slot 1 (reserve 5 blocks; pool 32/4096 blocks in use) — first token 785
2026-09-22 05:16:40.062 INFO  stats: rank 3 | 10.0 s | decode 49.1 tok/s, 19.7 ms/tok, 70.6 ms/step (137 steps / 491 tok, 97 % of wall) | mtp 1.80 tok/step/req, accept p1 79 % | prefill 2 prompts / 4 tok, 0 tok/s, 45.27 ms/tok, 91 ms avg (2 % of wall), 54 tok cached (2/2 hits) | live 2, queued 0 | pool 33/4096 blocks (1 %) | prefix cache 8/4096 entries
2026-09-22 05:16:48.548 INFO  sched: request 'chatcmpl-009a7b2822ddde4a' retired (steps): 256 tok in 10.2 s — prefill 29 tok (27 cached) in 90 ms; decode 255 tok / 142 passes in 10.1 s: 25.2 tok/s, 39.6 ms/tok, 71 ms/pass, 1.80 tok/pass, accept p1 80 %
2026-09-22 05:16:48.549 INFO  sched: request 'chatcmpl-009a7b2822ddde49' retired (steps): 256 tok in 10.3 s — prefill 29 tok (27 cached) in 91 ms; decode 255 tok / 143 passes in 10.2 s: 24.9 tok/s, 40.2 ms/tok, 72 ms/pass, 1.78 tok/pass, accept p1 78 %
2026-09-22 05:16:48.950 INFO  sched: request 'chatcmpl-009a7b2822ddde4b' prefix cache miss — 2 cut(s) probed against 8 entries; the nearest entry (position 285) shares the first 11 of the prompt's 28 tokens (the prompt differs from it from that token on)
2026-09-22 05:16:48.950 INFO  sched: request 'chatcmpl-009a7b2822ddde4b' admitted to slot 0 (reserve 5 blocks; pool 27/4096 blocks in use) — first token 785
2026-09-22 05:16:49.378 INFO  sched: request 'chatcmpl-009a7b2822ddde4c' prefix cache miss — 2 cut(s) probed against 9 entries; the nearest entry (position 285) shares the first 3 of the prompt's 24 tokens (the prompt differs from it from that token on)
2026-09-22 05:16:49.378 INFO  sched: request 'chatcmpl-009a7b2822ddde4c' admitted to slot 1 (reserve 5 blocks; pool 34/4096 blocks in use) — first token 785
2026-09-22 05:16:49.830 INFO  sched: request 'chatcmpl-009a7b2822ddde4d' prefix cache miss — 2 cut(s) probed against 10 entries; the nearest entry (position 22) shares the first 5 of the prompt's 25 tokens (the prompt differs from it from that token on)
2026-09-22 05:16:49.830 INFO  sched: request 'chatcmpl-009a7b2822ddde4d' admitted to slot 2 (reserve 5 blocks; pool 41/4096 blocks in use) — first token 785
2026-09-22 05:16:50.299 INFO  sched: request 'chatcmpl-009a7b2822ddde4e' prefix cache miss — 2 cut(s) probed against 11 entries; the nearest entry (position 23) shares the first 5 of the prompt's 25 tokens (the prompt differs from it from that token on)
2026-09-22 05:16:50.299 INFO  sched: request 'chatcmpl-009a7b2822ddde4e' admitted to slot 3 (reserve 5 blocks; pool 48/4096 blocks in use) — first token 785
2026-09-22 05:16:50.403 INFO  stats: rank 3 | 10.3 s | decode 43.1 tok/s, 19.5 ms/tok, 71.3 ms/step (122 steps / 446 tok, 84 % of wall) | mtp 1.81 tok/step/req, accept p1 80 % | prefill 4 prompts / 102 tok, 10 tok/s, 14.91 ms/tok, 380 ms avg (15 % of wall), 0 tok cached (0/4 hits) | live 4, queued 0 | pool 49/4096 blocks (1 %) | prefix cache 12/4096 entries
2026-09-22 05:17:00.458 INFO  stats: rank 3 | 10.1 s | decode 68.8 tok/s, 14.3 ms/tok, 104.1 ms/step (95 steps / 692 tok, 98 % of wall) | mtp 1.82 tok/step/req, accept p1 82 % | prefill 0 prompts / 0 tok, 0 tok cached (0/0 hits) | live 4, queued 0 | pool 49/4096 blocks (1 %) | prefix cache 12/4096 entries
2026-09-22 05:17:04.935 INFO  sched: request 'chatcmpl-009a7b2822ddde4e' retired (steps): 256 tok in 14.6 s — prefill 25 tok (0 cached) in 379 ms; decode 255 tok / 138 passes in 14.3 s: 17.9 tok/s, 55.9 ms/tok, 103 ms/pass, 1.85 tok/pass, accept p1 85 %
2026-09-22 05:17:05.028 INFO  sched: request 'chatcmpl-009a7b2822ddde4b' retired (steps): 256 tok in 16.1 s — prefill 28 tok (0 cached) in 390 ms; decode 255 tok / 142 passes in 15.7 s: 16.3 tok/s, 61.5 ms/tok, 110 ms/pass, 1.80 tok/pass, accept p1 80 %
2026-09-22 05:17:05.125 INFO  sched: request 'chatcmpl-009a7b2822ddde4c' retired (steps): 256 tok in 15.7 s — prefill 24 tok (0 cached) in 374 ms; decode 255 tok / 142 passes in 15.4 s: 16.6 tok/s, 60.3 ms/tok, 108 ms/pass, 1.80 tok/pass, accept p1 80 %
2026-09-22 05:17:05.235 INFO  sched: request 'chatcmpl-009a7b2822ddde4d' retired (steps): 256 tok in 15.4 s — prefill 25 tok (0 cached) in 378 ms; decode 255 tok / 143 passes in 15.0 s: 17.0 tok/s, 58.9 ms/tok, 105 ms/pass, 1.78 tok/pass, accept p1 79 %
2026-09-22 05:17:05.348 INFO  sched: request 'chatcmpl-009a7b2822ddde4f' admitted to slot 0 (reserve 5 blocks; pool 50/4096 blocks in use) — first token 785
2026-09-22 05:17:05.493 INFO  sched: request 'chatcmpl-009a7b2822ddde50' admitted to slot 1 (reserve 5 blocks; pool 56/4096 blocks in use) — first token 785
2026-09-22 05:17:05.658 INFO  sched: request 'chatcmpl-009a7b2822ddde51' admitted to slot 2 (reserve 5 blocks; pool 62/4096 blocks in use) — first token 785
2026-09-22 05:17:05.842 INFO  sched: request 'chatcmpl-009a7b2822ddde52' admitted to slot 3 (reserve 5 blocks; pool 68/4096 blocks in use) — first token 785
2026-09-22 05:17:10.502 INFO  stats: rank 3 | 10.0 s | decode 64.4 tok/s, 14.7 ms/tok, 102.0 ms/step (93 steps / 647 tok, 94 % of wall) | mtp 1.81 tok/step/req, accept p1 81 % | prefill 4 prompts / 8 tok, 1 tok/s, 45.47 ms/tok, 91 ms avg (4 % of wall), 94 tok cached (4/4 hits) | live 4, queued 0 | pool 69/4096 blocks (2 %) | prefix cache 16/4096 entries
2026-09-22 05:17:20.483 INFO  sched: request 'chatcmpl-009a7b2822ddde52' retired (steps): 256 tok in 14.6 s — prefill 25 tok (23 cached) in 93 ms; decode 255 tok / 138 passes in 14.5 s: 17.5 tok/s, 57.1 ms/tok, 105 ms/pass, 1.85 tok/pass, accept p1 85 %
2026-09-22 05:17:20.574 INFO  sched: request 'chatcmpl-009a7b2822ddde4f' retired (steps): 256 tok in 15.2 s — prefill 28 tok (26 cached) in 91 ms; decode 255 tok / 142 passes in 15.1 s: 16.8 tok/s, 59.4 ms/tok, 107 ms/pass, 1.80 tok/pass, accept p1 80 %
2026-09-22 05:17:20.574 INFO  stats: rank 3 | 10.1 s | decode 67.5 tok/s, 14.6 ms/tok, 104.2 ms/step (95 steps / 680 tok, 98 % of wall) | mtp 1.79 tok/step/req, accept p1 79 % | prefill 0 prompts / 0 tok, 0 tok cached (0/0 hits) | live 2, queued 0 | pool 57/4096 blocks (1 %) | prefix cache 16/4096 entries
2026-09-22 05:17:20.754 INFO  sched: request 'chatcmpl-009a7b2822ddde50' retired (steps): 256 tok in 15.3 s — prefill 25 tok (23 cached) in 89 ms; decode 255 tok / 143 passes in 15.2 s: 16.8 tok/s, 59.5 ms/tok, 106 ms/pass, 1.78 tok/pass, accept p1 79 %
2026-09-22 05:17:20.754 INFO  sched: request 'chatcmpl-009a7b2822ddde51' retired (steps): 256 tok in 15.1 s — prefill 24 tok (22 cached) in 91 ms; decode 255 tok / 142 passes in 15.0 s: 17.0 tok/s, 58.8 ms/tok, 106 ms/pass, 1.80 tok/pass, accept p1 80 %
2026-09-22 05:17:20.878 INFO  sched: request 'chatcmpl-009a7b2822ddde53' admitted to slot 0 (reserve 5 blocks; pool 50/4096 blocks in use) — first token 785
2026-09-22 05:17:21.025 INFO  sched: request 'chatcmpl-009a7b2822ddde54' admitted to slot 1 (reserve 5 blocks; pool 56/4096 blocks in use) — first token 785
2026-09-22 05:17:21.188 INFO  sched: request 'chatcmpl-009a7b2822ddde55' admitted to slot 2 (reserve 5 blocks; pool 62/4096 blocks in use) — first token 785
2026-09-22 05:17:21.373 INFO  sched: request 'chatcmpl-009a7b2822ddde56' admitted to slot 3 (reserve 5 blocks; pool 68/4096 blocks in use) — first token 785
2026-09-22 05:17:30.588 INFO  stats: rank 3 | 10.0 s | decode 65.3 tok/s, 14.5 ms/tok, 103.0 ms/step (92 steps / 654 tok, 95 % of wall) | mtp 1.83 tok/step/req, accept p1 82 % | prefill 4 prompts / 8 tok, 1 tok/s, 45.54 ms/tok, 91 ms avg (4 % of wall), 94 tok cached (4/4 hits) | live 4, queued 0 | pool 69/4096 blocks (2 %) | prefix cache 16/4096 entries
2026-09-22 05:17:35.943 INFO  sched: request 'chatcmpl-009a7b2822ddde55' retired (steps): 256 tok in 14.8 s — prefill 25 tok (23 cached) in 90 ms; decode 255 tok / 138 passes in 14.7 s: 17.4 tok/s, 57.5 ms/tok, 106 ms/pass, 1.85 tok/pass, accept p1 85 %
2026-09-22 05:17:36.159 INFO  sched: request 'chatcmpl-009a7b2822ddde53' retired (steps): 256 tok in 15.3 s — prefill 28 tok (26 cached) in 91 ms; decode 255 tok / 142 passes in 15.2 s: 16.8 tok/s, 59.6 ms/tok, 107 ms/pass, 1.80 tok/pass, accept p1 80 %
2026-09-22 05:17:36.358 INFO  sched: request 'chatcmpl-009a7b2822ddde54' retired (steps): 256 tok in 15.3 s — prefill 25 tok (23 cached) in 91 ms; decode 255 tok / 143 passes in 15.2 s: 16.7 tok/s, 59.8 ms/tok, 107 ms/pass, 1.78 tok/pass, accept p1 79 %
2026-09-22 05:17:36.417 INFO  sched: request 'chatcmpl-009a7b2822ddde56' retired (steps): 256 tok in 15.0 s — prefill 24 tok (22 cached) in 92 ms; decode 255 tok / 142 passes in 15.0 s: 17.1 tok/s, 58.6 ms/tok, 105 ms/pass, 1.80 tok/pass, accept p1 80 %
2026-09-22 05:17:36.871 INFO  sched: request 'chatcmpl-009a7b2822ddde57' prefix cache miss — 2 cut(s) probed against 16 entries; the nearest entry (position 285) shares the first 5 of the prompt's 44 tokens (the prompt differs from it from that token on)
2026-09-22 05:17:36.871 INFO  sched: request 'chatcmpl-009a7b2822ddde57' admitted to slot 0 (reserve 5 blocks; pool 51/4096 blocks in use) — first token 8419
2026-09-22 05:17:40.601 INFO  stats: rank 3 | 10.0 s | decode 50.6 tok/s, 18.6 ms/tok, 76.0 ms/step (124 steps / 507 tok, 94 % of wall) | mtp 1.81 tok/step/req, accept p1 81 % | prefill 1 prompt / 44 tok, 4 tok/s, 9.71 ms/tok, 427 ms avg (4 % of wall), 0 tok cached (0/1 hit) | live 1, queued 0 | pool 52/4096 blocks (1 %) | prefix cache 17/4096 entries
2026-09-22 05:17:44.161 INFO  sched: request 'chatcmpl-009a7b2822ddde57' retired (steps): 256 tok in 7.3 s — prefill 44 tok (0 cached) in 427 ms; decode 255 tok / 134 passes in 6.9 s: 37.2 tok/s, 26.9 ms/tok, 51 ms/pass, 1.90 tok/pass, accept p1 90 %
2026-09-22 05:17:44.275 INFO  sched: request 'chatcmpl-009a7b2822ddde58' admitted to slot 0 (reserve 5 blocks; pool 56/4096 blocks in use) — first token 8419
2026-09-22 05:17:50.608 INFO  stats: rank 3 | 10.0 s | decode 34.7 tok/s, 28.3 ms/tok, 53.9 ms/step (182 steps / 347 tok, 98 % of wall) | mtp 1.91 tok/step/req, accept p1 90 % | prefill 1 prompt / 2 tok, 0 tok/s, 46.06 ms/tok, 92 ms avg (1 % of wall), 42 tok cached (1/1 hit) | live 1, queued 0 | pool 57/4096 blocks (1 %) | prefix cache 18/4096 entries
2026-09-22 05:17:51.549 INFO  sched: request 'chatcmpl-009a7b2822ddde58' retired (steps): 256 tok in 7.3 s — prefill 44 tok (42 cached) in 92 ms; decode 255 tok / 134 passes in 7.2 s: 35.5 tok/s, 28.2 ms/tok, 54 ms/pass, 1.90 tok/pass, accept p1 90 %
2026-09-22 05:17:51.663 INFO  sched: request 'chatcmpl-009a7b2822ddde59' admitted to slot 0 (reserve 5 blocks; pool 56/4096 blocks in use) — first token 8419
2026-09-22 05:17:58.934 INFO  sched: request 'chatcmpl-009a7b2822ddde59' retired (steps): 256 tok in 7.3 s — prefill 44 tok (42 cached) in 92 ms; decode 255 tok / 134 passes in 7.2 s: 35.5 tok/s, 28.1 ms/tok, 54 ms/pass, 1.90 tok/pass, accept p1 90 %
2026-09-22 05:17:59.412 INFO  sched: request 'chatcmpl-009a7b2822ddde5a' prefix cache miss — 2 cut(s) probed against 18 entries; the nearest entry (position 299) shares the first 7 of the prompt's 40 tokens (the prompt differs from it from that token on)
2026-09-22 05:17:59.412 INFO  sched: request 'chatcmpl-009a7b2822ddde5a' admitted to slot 0 (reserve 5 blocks; pool 57/4096 blocks in use) — first token 8419
2026-09-22 05:17:59.889 INFO  sched: request 'chatcmpl-009a7b2822ddde5b' prefix cache miss — 2 cut(s) probed against 19 entries; the nearest entry (position 299) shares the first 8 of the prompt's 44 tokens (the prompt differs from it from that token on)
2026-09-22 05:17:59.889 INFO  sched: request 'chatcmpl-009a7b2822ddde5b' admitted to slot 1 (reserve 5 blocks; pool 64/4096 blocks in use) — first token 8419
2026-09-22 05:18:00.677 INFO  stats: rank 3 | 10.1 s | decode 33.2 tok/s, 26.8 ms/tok, 55.0 ms/step (163 steps / 334 tok, 89 % of wall) | mtp 1.92 tok/step/req, accept p1 90 % | prefill 3 prompts / 86 tok, 9 tok/s, 10.88 ms/tok, 312 ms avg (9 % of wall), 42 tok cached (1/3 hits) | live 2, queued 0 | pool 65/4096 blocks (2 %) | prefix cache 20/4096 entries
2026-09-22 05:18:09.553 INFO  sched: request 'chatcmpl-009a7b2822ddde5b' retired (steps): 256 tok in 9.7 s — prefill 44 tok (0 cached) in 424 ms; decode 255 tok / 131 passes in 9.2 s: 27.6 tok/s, 36.2 ms/tok, 71 ms/pass, 1.95 tok/pass, accept p1 95 %
2026-09-22 05:18:09.610 INFO  sched: request 'chatcmpl-009a7b2822ddde5a' retired (steps): 256 tok in 10.2 s — prefill 40 tok (0 cached) in 420 ms; decode 255 tok / 133 passes in 9.8 s: 26.1 tok/s, 38.3 ms/tok, 74 ms/pass, 1.92 tok/pass, accept p1 92 %
2026-09-22 05:18:09.707 INFO  sched: request 'chatcmpl-009a7b2822ddde5c' admitted to slot 0 (reserve 5 blocks; pool 68/4096 blocks in use) — first token 8419
2026-09-22 05:18:09.854 INFO  sched: request 'chatcmpl-009a7b2822ddde5d' admitted to slot 1 (reserve 5 blocks; pool 74/4096 blocks in use) — first token 8419
2026-09-22 05:18:10.704 INFO  stats: rank 3 | 10.0 s | decode 51.5 tok/s, 18.8 ms/tok, 72.5 ms/step (134 steps / 516 tok, 97 % of wall) | mtp 1.94 tok/step/req, accept p1 94 % | prefill 2 prompts / 4 tok, 0 tok/s, 45.85 ms/tok, 92 ms avg (2 % of wall), 80 tok cached (2/2 hits) | live 2, queued 0 | pool 75/4096 blocks (2 %) | prefix cache 22/4096 entries
2026-09-22 05:18:19.464 INFO  sched: request 'chatcmpl-009a7b2822ddde5c' retired (steps): 256 tok in 9.8 s — prefill 44 tok (42 cached) in 91 ms; decode 255 tok / 131 passes in 9.7 s: 26.4 tok/s, 37.9 ms/tok, 74 ms/pass, 1.95 tok/pass, accept p1 95 %
2026-09-22 05:18:19.630 INFO  sched: request 'chatcmpl-009a7b2822ddde5d' retired (steps): 256 tok in 9.8 s — prefill 40 tok (38 cached) in 92 ms; decode 255 tok / 133 passes in 9.7 s: 26.3 tok/s, 38.0 ms/tok, 73 ms/pass, 1.92 tok/pass, accept p1 92 %
2026-09-22 05:18:19.749 INFO  sched: request 'chatcmpl-009a7b2822ddde5e' admitted to slot 0 (reserve 5 blocks; pool 68/4096 blocks in use) — first token 8419
2026-09-22 05:18:19.896 INFO  sched: request 'chatcmpl-009a7b2822ddde5f' admitted to slot 1 (reserve 5 blocks; pool 74/4096 blocks in use) — first token 8419
2026-09-22 05:18:20.747 INFO  stats: rank 3 | 10.0 s | decode 51.0 tok/s, 19.0 ms/tok, 72.5 ms/step (134 steps / 512 tok, 97 % of wall) | mtp 1.94 tok/step/req, accept p1 94 % | prefill 2 prompts / 4 tok, 0 tok/s, 46.20 ms/tok, 92 ms avg (2 % of wall), 80 tok cached (2/2 hits) | live 2, queued 0 | pool 75/4096 blocks (2 %) | prefix cache 22/4096 entries
2026-09-22 05:18:29.505 INFO  sched: request 'chatcmpl-009a7b2822ddde5e' retired (steps): 256 tok in 9.8 s — prefill 44 tok (42 cached) in 93 ms; decode 255 tok / 131 passes in 9.7 s: 26.4 tok/s, 37.9 ms/tok, 74 ms/pass, 1.95 tok/pass, accept p1 95 %
2026-09-22 05:18:29.670 INFO  sched: request 'chatcmpl-009a7b2822ddde5f' retired (steps): 256 tok in 9.8 s — prefill 40 tok (38 cached) in 92 ms; decode 255 tok / 133 passes in 9.7 s: 26.3 tok/s, 38.0 ms/tok, 73 ms/pass, 1.92 tok/pass, accept p1 92 %
2026-09-22 05:18:30.116 INFO  sched: request 'chatcmpl-009a7b2822ddde60' prefix cache miss — 2 cut(s) probed against 22 entries; the nearest entry (position 299) shares the first 3 of the prompt's 26 tokens (the prompt differs from it from that token on)
2026-09-22 05:18:30.116 INFO  sched: request 'chatcmpl-009a7b2822ddde60' admitted to slot 0 (reserve 5 blocks; pool 69/4096 blocks in use) — first token 8419
2026-09-22 05:18:30.582 INFO  sched: request 'chatcmpl-009a7b2822ddde61' prefix cache miss — 2 cut(s) probed against 23 entries; the nearest entry (position 295) shares the first 8 of the prompt's 38 tokens (the prompt differs from it from that token on)
2026-09-22 05:18:30.582 INFO  sched: request 'chatcmpl-009a7b2822ddde61' admitted to slot 1 (reserve 5 blocks; pool 76/4096 blocks in use) — first token 8419
2026-09-22 05:18:31.037 INFO  sched: request 'chatcmpl-009a7b2822ddde62' prefix cache miss — 2 cut(s) probed against 24 entries; the nearest entry (position 24) shares the first 5 of the prompt's 27 tokens (the prompt differs from it from that token on)
2026-09-22 05:18:31.037 INFO  sched: request 'chatcmpl-009a7b2822ddde62' admitted to slot 2 (reserve 5 blocks; pool 83/4096 blocks in use) — first token 8419
2026-09-22 05:18:31.123 INFO  stats: rank 3 | 10.4 s | decode 46.2 tok/s, 18.8 ms/tok, 72.8 ms/step (124 steps / 479 tok, 87 % of wall) | mtp 1.96 tok/step/req, accept p1 95 % | prefill 3 prompts / 91 tok, 9 tok/s, 12.98 ms/tok, 394 ms avg (11 % of wall), 0 tok cached (0/3 hits) | live 3, queued 1 | pool 84/4096 blocks (2 %) | prefix cache 25/4096 entries
2026-09-22 05:18:31.503 INFO  sched: request 'chatcmpl-009a7b2822ddde63' prefix cache miss — 2 cut(s) probed against 25 entries; the nearest entry (position 25) shares the first 5 of the prompt's 26 tokens (the prompt differs from it from that token on)
2026-09-22 05:18:31.503 INFO  sched: request 'chatcmpl-009a7b2822ddde63' admitted to slot 3 (reserve 5 blocks; pool 90/4096 blocks in use) — first token 8419
2026-09-22 05:18:41.123 INFO  stats: rank 3 | 10.0 s | decode 67.7 tok/s, 14.0 ms/tok, 106.4 ms/step (89 steps / 677 tok, 95 % of wall) | mtp 1.90 tok/step/req, accept p1 90 % | prefill 1 prompt / 26 tok, 3 tok/s, 14.53 ms/tok, 378 ms avg (4 % of wall), 0 tok cached (0/1 hit) | live 4, queued 0 | pool 91/4096 blocks (2 %) | prefix cache 26/4096 entries
2026-09-22 05:18:45.222 INFO  sched: request 'chatcmpl-009a7b2822ddde61' retired (steps): 256 tok in 14.6 s — prefill 38 tok (0 cached) in 412 ms; decode 255 tok / 128 passes in 14.2 s: 17.9 tok/s, 55.8 ms/tok, 111 ms/pass, 1.99 tok/pass, accept p1 99 %
2026-09-22 05:18:45.986 INFO  sched: request 'chatcmpl-009a7b2822ddde62' retired (steps): 256 tok in 14.9 s — prefill 27 tok (0 cached) in 384 ms; decode 255 tok / 134 passes in 14.6 s: 17.5 tok/s, 57.1 ms/tok, 109 ms/pass, 1.90 tok/pass, accept p1 90 %
2026-09-22 05:18:45.986 INFO  sched: request 'chatcmpl-009a7b2822ddde63' retired (steps): 256 tok in 14.5 s — prefill 26 tok (0 cached) in 378 ms; decode 255 tok / 133 passes in 14.1 s: 18.1 tok/s, 55.3 ms/tok, 106 ms/pass, 1.92 tok/pass, accept p1 92 %
2026-09-22 05:18:46.153 INFO  sched: request 'chatcmpl-009a7b2822ddde60' retired (steps): 256 tok in 16.0 s — prefill 26 tok (0 cached) in 386 ms; decode 255 tok / 139 passes in 15.7 s: 16.3 tok/s, 61.4 ms/tok, 113 ms/pass, 1.83 tok/pass, accept p1 84 %
2026-09-22 05:18:46.254 INFO  sched: request 'chatcmpl-009a7b2822ddde64' admitted to slot 0 (reserve 5 blocks; pool 92/4096 blocks in use) — first token 8419
2026-09-22 05:18:46.399 INFO  sched: request 'chatcmpl-009a7b2822ddde65' admitted to slot 1 (reserve 5 blocks; pool 98/4096 blocks in use) — first token 8419
2026-09-22 05:18:46.564 INFO  sched: request 'chatcmpl-009a7b2822ddde66' admitted to slot 2 (reserve 5 blocks; pool 104/4096 blocks in use) — first token 8419
2026-09-22 05:18:46.748 INFO  sched: request 'chatcmpl-009a7b2822ddde67' admitted to slot 3 (reserve 5 blocks; pool 110/4096 blocks in use) — first token 8419
2026-09-22 05:18:51.210 INFO  stats: rank 3 | 10.1 s | decode 65.2 tok/s, 14.5 ms/tok, 104.0 ms/step (92 steps / 658 tok, 95 % of wall) | mtp 1.90 tok/step/req, accept p1 90 % | prefill 4 prompts / 8 tok, 1 tok/s, 45.95 ms/tok, 92 ms avg (4 % of wall), 109 tok cached (4/4 hits) | live 4, queued 0 | pool 111/4096 blocks (3 %) | prefix cache 30/4096 entries
2026-09-22 05:19:00.462 INFO  sched: request 'chatcmpl-009a7b2822ddde65' retired (steps): 256 tok in 14.1 s — prefill 38 tok (36 cached) in 91 ms; decode 255 tok / 128 passes in 14.0 s: 18.3 tok/s, 54.8 ms/tok, 109 ms/pass, 1.99 tok/pass, accept p1 99 %
2026-09-22 05:19:01.224 INFO  sched: request 'chatcmpl-009a7b2822ddde66' retired (steps): 256 tok in 14.7 s — prefill 27 tok (25 cached) in 93 ms; decode 255 tok / 134 passes in 14.6 s: 17.5 tok/s, 57.1 ms/tok, 109 ms/pass, 1.90 tok/pass, accept p1 90 %
2026-09-22 05:19:01.224 INFO  sched: request 'chatcmpl-009a7b2822ddde67' retired (steps): 256 tok in 14.5 s — prefill 26 tok (24 cached) in 93 ms; decode 255 tok / 133 passes in 14.4 s: 17.7 tok/s, 56.4 ms/tok, 108 ms/pass, 1.92 tok/pass, accept p1 92 %
2026-09-22 05:19:01.224 INFO  stats: rank 3 | 10.0 s | decode 69.2 tok/s, 14.2 ms/tok, 107.9 ms/step (91 steps / 693 tok, 98 % of wall) | mtp 1.94 tok/step/req, accept p1 94 % | prefill 0 prompts / 0 tok, 0 tok cached (0/0 hits) | live 1, queued 0 | pool 93/4096 blocks (2 %) | prefix cache 30/4096 entries
2026-09-22 05:19:01.391 INFO  sched: request 'chatcmpl-009a7b2822ddde64' retired (steps): 256 tok in 15.1 s — prefill 26 tok (24 cached) in 90 ms; decode 255 tok / 139 passes in 15.0 s: 16.9 tok/s, 59.0 ms/tok, 108 ms/pass, 1.83 tok/pass, accept p1 84 %
2026-09-22 05:19:01.493 INFO  sched: request 'chatcmpl-009a7b2822ddde68' admitted to slot 0 (reserve 5 blocks; pool 92/4096 blocks in use) — first token 8419
2026-09-22 05:19:01.639 INFO  sched: request 'chatcmpl-009a7b2822ddde69' admitted to slot 1 (reserve 5 blocks; pool 98/4096 blocks in use) — first token 8419
2026-09-22 05:19:01.804 INFO  sched: request 'chatcmpl-009a7b2822ddde6a' admitted to slot 2 (reserve 5 blocks; pool 104/4096 blocks in use) — first token 8419
2026-09-22 05:19:01.988 INFO  sched: request 'chatcmpl-009a7b2822ddde6b' admitted to slot 3 (reserve 5 blocks; pool 110/4096 blocks in use) — first token 8419
2026-09-22 05:19:11.236 INFO  stats: rank 3 | 10.0 s | decode 67.2 tok/s, 14.1 ms/tok, 103.2 ms/step (92 steps / 673 tok, 95 % of wall) | mtp 1.91 tok/step/req, accept p1 90 % | prefill 4 prompts / 8 tok, 1 tok/s, 46.20 ms/tok, 92 ms avg (4 % of wall), 109 tok cached (4/4 hits) | live 4, queued 0 | pool 111/4096 blocks (3 %) | prefix cache 30/4096 entries
2026-09-22 05:19:15.904 INFO  sched: request 'chatcmpl-009a7b2822ddde6b' retired (steps): 256 tok in 13.9 s — prefill 38 tok (36 cached) in 95 ms; decode 255 tok / 128 passes in 13.8 s: 18.5 tok/s, 54.2 ms/tok, 108 ms/pass, 1.99 tok/pass, accept p1 99 %
2026-09-22 05:19:16.185 INFO  sched: request 'chatcmpl-009a7b2822ddde68' retired (steps): 256 tok in 14.7 s — prefill 27 tok (25 cached) in 91 ms; decode 255 tok / 134 passes in 14.6 s: 17.5 tok/s, 57.3 ms/tok, 109 ms/pass, 1.90 tok/pass, accept p1 90 %
2026-09-22 05:19:16.277 INFO  sched: request 'chatcmpl-009a7b2822ddde6a' retired (steps): 256 tok in 14.5 s — prefill 26 tok (24 cached) in 92 ms; decode 255 tok / 133 passes in 14.4 s: 17.7 tok/s, 56.4 ms/tok, 108 ms/pass, 1.92 tok/pass, accept p1 92 %
2026-09-22 05:19:16.550 INFO  sched: request 'chatcmpl-009a7b2822ddde69' retired (steps): 256 tok in 14.9 s — prefill 26 tok (24 cached) in 91 ms; decode 255 tok / 139 passes in 14.8 s: 17.2 tok/s, 58.1 ms/tok, 107 ms/pass, 1.83 tok/pass, accept p1 84 %
2026-09-22 05:19:16.982 INFO  sched: request 'chatcmpl-009a7b2822ddde6c' prefix cache miss — 2 cut(s) probed against 30 entries; the nearest entry (position 299) shares the first 3 of the prompt's 39 tokens (the prompt differs from it from that token on)
2026-09-22 05:19:16.982 INFO  sched: request 'chatcmpl-009a7b2822ddde6c' admitted to slot 0 (reserve 5 blocks; pool 93/4096 blocks in use) — first token 73022
2026-09-22 05:19:21.275 INFO  stats: rank 3 | 10.0 s | decode 51.3 tok/s, 18.4 ms/tok, 72.8 ms/step (130 steps / 515 tok, 94 % of wall) | mtp 1.96 tok/step/req, accept p1 96 % | prefill 1 prompt / 39 tok, 4 tok/s, 10.66 ms/tok, 416 ms avg (4 % of wall), 0 tok cached (0/1 hit) | live 1, queued 0 | pool 94/4096 blocks (2 %) | prefix cache 31/4096 entries
2026-09-22 05:19:23.963 INFO  sched: request 'chatcmpl-009a7b2822ddde6c' retired (steps): 256 tok in 7.0 s — prefill 39 tok (0 cached) in 416 ms; decode 255 tok / 128 passes in 6.6 s: 38.8 tok/s, 25.7 ms/tok, 51 ms/pass, 1.99 tok/pass, accept p1 100 %
2026-09-22 05:19:24.095 INFO  sched: request 'chatcmpl-009a7b2822ddde6d' admitted to slot 0 (reserve 5 blocks; pool 98/4096 blocks in use) — first token 73022
2026-09-22 05:19:31.056 INFO  sched: request 'chatcmpl-009a7b2822ddde6d' retired (steps): 256 tok in 7.0 s — prefill 39 tok (37 cached) in 90 ms; decode 255 tok / 128 passes in 6.9 s: 37.1 tok/s, 26.9 ms/tok, 54 ms/pass, 1.99 tok/pass, accept p1 100 %
2026-09-22 05:19:31.158 INFO  sched: request 'chatcmpl-009a7b2822ddde6e' admitted to slot 0 (reserve 5 blocks; pool 98/4096 blocks in use) — first token 73022
2026-09-22 05:19:31.321 INFO  stats: rank 3 | 10.0 s | decode 35.8 tok/s, 27.0 ms/tok, 54.0 ms/step (180 steps / 360 tok, 97 % of wall) | mtp 2.00 tok/step/req, accept p1 100 % | prefill 2 prompts / 4 tok, 0 tok/s, 45.11 ms/tok, 90 ms avg (2 % of wall), 74 tok cached (2/2 hits) | live 1, queued 0 | pool 99/4096 blocks (2 %) | prefix cache 32/4096 entries
2026-09-22 05:19:38.122 INFO  sched: request 'chatcmpl-009a7b2822ddde6e' retired (steps): 256 tok in 7.0 s — prefill 39 tok (37 cached) in 91 ms; decode 255 tok / 128 passes in 6.9 s: 37.1 tok/s, 27.0 ms/tok, 54 ms/pass, 1.99 tok/pass, accept p1 100 %
2026-09-22 05:19:38.618 INFO  sched: request 'chatcmpl-009a7b2822ddde6f' prefix cache miss — 2 cut(s) probed against 32 entries; the nearest entry (position 293) shares the first 16 of the prompt's 39 tokens (the prompt differs from it from that token on)
2026-09-22 05:19:38.618 INFO  sched: request 'chatcmpl-009a7b2822ddde6f' admitted to slot 0 (reserve 5 blocks; pool 99/4096 blocks in use) — first token 73022
2026-09-22 05:19:39.085 INFO  sched: request 'chatcmpl-009a7b2822ddde70' prefix cache miss — 2 cut(s) probed against 33 entries; the nearest entry (position 293) shares the first 16 of the prompt's 40 tokens (the prompt differs from it from that token on)
2026-09-22 05:19:39.085 INFO  sched: request 'chatcmpl-009a7b2822ddde70' admitted to slot 1 (reserve 5 blocks; pool 106/4096 blocks in use) — first token 73022
2026-09-22 05:19:41.371 INFO  stats: rank 3 | 10.1 s | decode 37.5 tok/s, 24.0 ms/tok, 57.6 ms/step (157 steps / 377 tok, 90 % of wall) | mtp 2.01 tok/step/req, accept p1 100 % | prefill 2 prompts / 79 tok, 8 tok/s, 10.49 ms/tok, 414 ms avg (8 % of wall), 0 tok cached (0/2 hits) | live 2, queued 0 | pool 107/4096 blocks (3 %) | prefix cache 34/4096 entries
2026-09-22 05:19:48.646 INFO  sched: request 'chatcmpl-009a7b2822ddde6f' retired (steps): 256 tok in 10.0 s — prefill 39 tok (0 cached) in 416 ms; decode 255 tok / 128 passes in 9.6 s: 26.5 tok/s, 37.7 ms/tok, 75 ms/pass, 1.99 tok/pass, accept p1 100 %
2026-09-22 05:19:48.701 INFO  sched: request 'chatcmpl-009a7b2822ddde70' retired (steps): 256 tok in 9.6 s — prefill 40 tok (0 cached) in 413 ms; decode 255 tok / 128 passes in 9.2 s: 27.7 tok/s, 36.1 ms/tok, 72 ms/pass, 1.99 tok/pass, accept p1 100 %
2026-09-22 05:19:48.809 INFO  sched: request 'chatcmpl-009a7b2822ddde71' admitted to slot 0 (reserve 5 blocks; pool 110/4096 blocks in use) — first token 73022
2026-09-22 05:19:48.955 INFO  sched: request 'chatcmpl-009a7b2822ddde72' admitted to slot 1 (reserve 5 blocks; pool 116/4096 blocks in use) — first token 73022
2026-09-22 05:19:51.379 INFO  stats: rank 3 | 10.0 s | decode 52.0 tok/s, 18.7 ms/tok, 74.0 ms/step (131 steps / 520 tok, 97 % of wall) | mtp 2.00 tok/step/req, accept p1 100 % | prefill 2 prompts / 4 tok, 0 tok/s, 45.49 ms/tok, 91 ms avg (2 % of wall), 75 tok cached (2/2 hits) | live 2, queued 0 | pool 117/4096 blocks (3 %) | prefix cache 36/4096 entries
2026-09-22 05:19:58.492 INFO  sched: request 'chatcmpl-009a7b2822ddde71' retired (steps): 256 tok in 9.7 s — prefill 39 tok (37 cached) in 91 ms; decode 255 tok / 128 passes in 9.6 s: 26.6 tok/s, 37.6 ms/tok, 75 ms/pass, 1.99 tok/pass, accept p1 100 %
2026-09-22 05:19:58.547 INFO  sched: request 'chatcmpl-009a7b2822ddde72' retired (steps): 256 tok in 9.6 s — prefill 40 tok (38 cached) in 91 ms; decode 255 tok / 128 passes in 9.5 s: 26.8 tok/s, 37.3 ms/tok, 74 ms/pass, 1.99 tok/pass, accept p1 100 %
2026-09-22 05:19:58.660 INFO  sched: request 'chatcmpl-009a7b2822ddde73' admitted to slot 0 (reserve 5 blocks; pool 110/4096 blocks in use) — first token 73022
2026-09-22 05:19:58.808 INFO  sched: request 'chatcmpl-009a7b2822ddde74' admitted to slot 1 (reserve 5 blocks; pool 116/4096 blocks in use) — first token 73022
2026-09-22 05:20:01.389 INFO  stats: rank 3 | 10.0 s | decode 51.9 tok/s, 18.6 ms/tok, 74.0 ms/step (131 steps / 520 tok, 97 % of wall) | mtp 2.00 tok/step/req, accept p1 100 % | prefill 2 prompts / 4 tok, 0 tok/s, 45.78 ms/tok, 92 ms avg (2 % of wall), 75 tok cached (2/2 hits) | live 2, queued 0 | pool 117/4096 blocks (3 %) | prefix cache 36/4096 entries
2026-09-22 05:20:08.364 INFO  sched: request 'chatcmpl-009a7b2822ddde73' retired (steps): 256 tok in 9.7 s — prefill 40 tok (38 cached) in 91 ms; decode 255 tok / 128 passes in 9.6 s: 26.5 tok/s, 37.7 ms/tok, 75 ms/pass, 1.99 tok/pass, accept p1 100 %
2026-09-22 05:20:08.421 INFO  sched: request 'chatcmpl-009a7b2822ddde74' retired (steps): 256 tok in 9.6 s — prefill 39 tok (37 cached) in 92 ms; decode 255 tok / 128 passes in 9.5 s: 26.8 tok/s, 37.3 ms/tok, 74 ms/pass, 1.99 tok/pass, accept p1 100 %
2026-09-22 05:20:08.849 INFO  sched: request 'chatcmpl-009a7b2822ddde75' prefix cache miss — 2 cut(s) probed against 36 entries; the nearest entry (position 299) shares the first 3 of the prompt's 26 tokens (the prompt differs from it from that token on)
2026-09-22 05:20:08.849 INFO  sched: request 'chatcmpl-009a7b2822ddde75' admitted to slot 0 (reserve 5 blocks; pool 111/4096 blocks in use) — first token 73022
2026-09-22 05:20:09.291 INFO  sched: request 'chatcmpl-009a7b2822ddde76' prefix cache miss — 2 cut(s) probed against 37 entries; the nearest entry (position 24) shares the first 7 of the prompt's 29 tokens (the prompt differs from it from that token on)
2026-09-22 05:20:09.291 INFO  sched: request 'chatcmpl-009a7b2822ddde76' admitted to slot 1 (reserve 5 blocks; pool 118/4096 blocks in use) — first token 73022
2026-09-22 05:20:09.776 INFO  sched: request 'chatcmpl-009a7b2822ddde77' prefix cache miss — 2 cut(s) probed against 38 entries; the nearest entry (position 294) shares the first 16 of the prompt's 38 tokens (the prompt differs from it from that token on)
2026-09-22 05:20:09.776 INFO  sched: request 'chatcmpl-009a7b2822ddde77' admitted to slot 2 (reserve 5 blocks; pool 125/4096 blocks in use) — first token 73022
2026-09-22 05:20:10.246 INFO  sched: request 'chatcmpl-009a7b2822ddde78' prefix cache miss — 2 cut(s) probed against 39 entries; the nearest entry (position 27) shares the first 7 of the prompt's 27 tokens (the prompt differs from it from that token on)
2026-09-22 05:20:10.246 INFO  sched: request 'chatcmpl-009a7b2822ddde78' admitted to slot 3 (reserve 5 blocks; pool 132/4096 blocks in use) — first token 73022
2026-09-22 05:20:11.418 INFO  stats: rank 3 | 10.0 s | decode 47.1 tok/s, 17.6 ms/tok, 77.7 ms/step (107 steps / 472 tok, 83 % of wall) | mtp 2.01 tok/step/req, accept p1 100 % | prefill 4 prompts / 120 tok, 12 tok/s, 13.06 ms/tok, 392 ms avg (16 % of wall), 0 tok cached (0/4 hits) | live 4, queued 0 | pool 133/4096 blocks (3 %) | prefix cache 40/4096 entries
2026-09-22 05:20:21.500 INFO  stats: rank 3 | 10.1 s | decode 71.8 tok/s, 13.7 ms/tok, 109.3 ms/step (91 steps / 724 tok, 99 % of wall) | mtp 1.99 tok/step/req, accept p1 99 % | prefill 0 prompts / 0 tok, 0 tok cached (0/0 hits) | live 4, queued 0 | pool 133/4096 blocks (3 %) | prefix cache 40/4096 entries
2026-09-22 05:20:24.164 INFO  sched: request 'chatcmpl-009a7b2822ddde76' retired (steps): 256 tok in 14.9 s — prefill 29 tok (0 cached) in 388 ms; decode 255 tok / 128 passes in 14.5 s: 17.6 tok/s, 56.8 ms/tok, 113 ms/pass, 1.99 tok/pass, accept p1 100 %
2026-09-22 05:20:24.275 INFO  sched: request 'chatcmpl-009a7b2822ddde77' retired (steps): 256 tok in 14.5 s — prefill 38 tok (0 cached) in 412 ms; decode 255 tok / 128 passes in 14.1 s: 18.1 tok/s, 55.2 ms/tok, 110 ms/pass, 1.99 tok/pass, accept p1 100 %
2026-09-22 05:20:24.379 INFO  sched: request 'chatcmpl-009a7b2822ddde78' retired (steps): 256 tok in 14.1 s — prefill 27 tok (0 cached) in 382 ms; decode 255 tok / 128 passes in 13.8 s: 18.5 tok/s, 53.9 ms/tok, 107 ms/pass, 1.99 tok/pass, accept p1 100 %
2026-09-22 05:20:24.379 INFO  sched: request 'chatcmpl-009a7b2822ddde75' retired (steps): 256 tok in 15.5 s — prefill 26 tok (0 cached) in 385 ms; decode 255 tok / 131 passes in 15.1 s: 16.8 tok/s, 59.4 ms/tok, 116 ms/pass, 1.95 tok/pass, accept p1 95 %
2026-09-22 05:20:24.492 INFO  sched: request 'chatcmpl-009a7b2822ddde79' admitted to slot 0 (reserve 5 blocks; pool 134/4096 blocks in use) — first token 73022
2026-09-22 05:20:24.638 INFO  sched: request 'chatcmpl-009a7b2822ddde7a' admitted to slot 1 (reserve 5 blocks; pool 140/4096 blocks in use) — first token 73022
2026-09-22 05:20:24.802 INFO  sched: request 'chatcmpl-009a7b2822ddde7b' admitted to slot 2 (reserve 5 blocks; pool 146/4096 blocks in use) — first token 73022
2026-09-22 05:20:24.982 INFO  sched: request 'chatcmpl-009a7b2822ddde7c' admitted to slot 3 (reserve 5 blocks; pool 152/4096 blocks in use) — first token 73022
2026-09-22 05:20:31.552 INFO  stats: rank 3 | 10.1 s | decode 68.6 tok/s, 13.8 ms/tok, 106.9 ms/step (89 steps / 690 tok, 95 % of wall) | mtp 1.99 tok/step/req, accept p1 99 % | prefill 4 prompts / 8 tok, 1 tok/s, 45.71 ms/tok, 91 ms avg (4 % of wall), 112 tok cached (4/4 hits) | live 4, queued 0 | pool 153/4096 blocks (4 %) | prefix cache 44/4096 entries
2026-09-22 05:20:38.769 INFO  sched: request 'chatcmpl-009a7b2822ddde79' retired (steps): 256 tok in 14.3 s — prefill 29 tok (27 cached) in 91 ms; decode 255 tok / 128 passes in 14.2 s: 18.0 tok/s, 55.6 ms/tok, 111 ms/pass, 1.99 tok/pass, accept p1 100 %
2026-09-22 05:20:38.884 INFO  sched: request 'chatcmpl-009a7b2822ddde7a' retired (steps): 256 tok in 14.2 s — prefill 38 tok (36 cached) in 91 ms; decode 255 tok / 128 passes in 14.2 s: 18.0 tok/s, 55.5 ms/tok, 111 ms/pass, 1.99 tok/pass, accept p1 100 %
2026-09-22 05:20:38.989 INFO  sched: request 'chatcmpl-009a7b2822ddde7b' retired (steps): 256 tok in 14.2 s — prefill 27 tok (25 cached) in 92 ms; decode 255 tok / 128 passes in 14.1 s: 18.1 tok/s, 55.3 ms/tok, 110 ms/pass, 1.99 tok/pass, accept p1 100 %
2026-09-22 05:20:39.204 INFO  sched: request 'chatcmpl-009a7b2822ddde7c' retired (steps): 256 tok in 14.2 s — prefill 26 tok (24 cached) in 92 ms; decode 255 tok / 131 passes in 14.1 s: 18.0 tok/s, 55.4 ms/tok, 108 ms/pass, 1.95 tok/pass, accept p1 95 %
2026-09-22 05:20:39.300 INFO  sched: request 'chatcmpl-009a7b2822ddde7d' admitted to slot 0 (reserve 5 blocks; pool 134/4096 blocks in use) — first token 73022
2026-09-22 05:20:39.445 INFO  sched: request 'chatcmpl-009a7b2822ddde7e' admitted to slot 1 (reserve 5 blocks; pool 140/4096 blocks in use) — first token 73022
2026-09-22 05:20:39.608 INFO  sched: request 'chatcmpl-009a7b2822ddde7f' admitted to slot 2 (reserve 5 blocks; pool 146/4096 blocks in use) — first token 73022
2026-09-22 05:20:39.789 INFO  sched: request 'chatcmpl-009a7b2822ddde80' admitted to slot 3 (reserve 5 blocks; pool 152/4096 blocks in use) — first token 73022
2026-09-22 05:20:41.612 INFO  stats: rank 3 | 10.1 s | decode 67.8 tok/s, 14.0 ms/tok, 104.6 ms/step (91 steps / 682 tok, 95 % of wall) | mtp 1.99 tok/step/req, accept p1 99 % | prefill 4 prompts / 8 tok, 1 tok/s, 45.48 ms/tok, 91 ms avg (4 % of wall), 112 tok cached (4/4 hits) | live 4, queued 0 | pool 153/4096 blocks (4 %) | prefix cache 44/4096 entries
2026-09-22 05:20:51.662 INFO  stats: rank 3 | 10.0 s | decode 72.0 tok/s, 13.7 ms/tok, 108.9 ms/step (91 steps / 724 tok, 99 % of wall) | mtp 1.99 tok/step/req, accept p1 99 % | prefill 0 prompts / 0 tok, 0 tok cached (0/0 hits) | live 4, queued 0 | pool 153/4096 blocks (4 %) | prefix cache 44/4096 entries
2026-09-22 05:20:53.531 INFO  sched: request 'chatcmpl-009a7b2822ddde7d' retired (steps): 256 tok in 14.2 s — prefill 29 tok (27 cached) in 91 ms; decode 255 tok / 128 passes in 14.1 s: 18.0 tok/s, 55.5 ms/tok, 110 ms/pass, 1.99 tok/pass, accept p1 100 %
2026-09-22 05:20:53.642 INFO  sched: request 'chatcmpl-009a7b2822ddde7e' retired (steps): 256 tok in 14.2 s — prefill 27 tok (25 cached) in 90 ms; decode 255 tok / 128 passes in 14.1 s: 18.1 tok/s, 55.3 ms/tok, 110 ms/pass, 1.99 tok/pass, accept p1 100 %
2026-09-22 05:20:53.848 INFO  sched: request 'chatcmpl-009a7b2822ddde80' retired (steps): 256 tok in 14.1 s — prefill 38 tok (36 cached) in 93 ms; decode 255 tok / 128 passes in 14.0 s: 18.3 tok/s, 54.8 ms/tok, 109 ms/pass, 1.99 tok/pass, accept p1 100 %
2026-09-22 05:20:53.957 INFO  sched: request 'chatcmpl-009a7b2822ddde7f' retired (steps): 256 tok in 14.3 s — prefill 26 tok (24 cached) in 91 ms; decode 255 tok / 131 passes in 14.3 s: 17.9 tok/s, 55.9 ms/tok, 109 ms/pass, 1.95 tok/pass, accept p1 95 %
2026-09-22 05:20:54.438 INFO  sched: request 'chatcmpl-009a7b2822ddde81' prefix cache miss — 2 cut(s) probed against 44 entries; the nearest entry (position 299) shares the first 3 of the prompt's 61 tokens (the prompt differs from it from that token on)
2026-09-22 05:20:54.438 INFO  sched: request 'chatcmpl-009a7b2822ddde81' admitted to slot 0 (reserve 5 blocks; pool 135/4096 blocks in use) — first token 14364
2026-09-22 05:21:01.542 INFO  sched: request 'chatcmpl-009a7b2822ddde81' retired (steps): 256 tok in 7.1 s — prefill 61 tok (0 cached) in 450 ms; decode 255 tok / 132 passes in 6.7 s: 38.3 tok/s, 26.1 ms/tok, 50 ms/pass, 1.93 tok/pass, accept p1 94 %
2026-09-22 05:21:01.645 INFO  sched: request 'chatcmpl-009a7b2822ddde82' admitted to slot 0 (reserve 5 blocks; pool 140/4096 blocks in use) — first token 14364
2026-09-22 05:21:01.698 INFO  stats: rank 3 | 10.0 s | decode 40.5 tok/s, 23.0 ms/tok, 60.3 ms/step (155 steps / 406 tok, 93 % of wall) | mtp 1.93 tok/step/req, accept p1 95 % | prefill 2 prompts / 63 tok, 6 tok/s, 8.59 ms/tok, 271 ms avg (5 % of wall), 59 tok cached (1/2 hits) | live 1, queued 0 | pool 141/4096 blocks (3 %) | prefix cache 46/4096 entries
2026-09-22 05:21:08.805 INFO  sched: request 'chatcmpl-009a7b2822ddde82' retired (steps): 256 tok in 7.2 s — prefill 61 tok (59 cached) in 92 ms; decode 255 tok / 132 passes in 7.1 s: 36.1 tok/s, 27.7 ms/tok, 54 ms/pass, 1.93 tok/pass, accept p1 94 %
2026-09-22 05:21:08.938 INFO  sched: request 'chatcmpl-009a7b2822ddde83' admitted to slot 0 (reserve 5 blocks; pool 140/4096 blocks in use) — first token 14364
2026-09-22 05:21:11.733 INFO  stats: rank 3 | 10.0 s | decode 35.3 tok/s, 27.6 ms/tok, 53.3 ms/step (183 steps / 354 tok, 97 % of wall) | mtp 1.93 tok/step/req, accept p1 93 % | prefill 1 prompt / 2 tok, 0 tok/s, 45.63 ms/tok, 91 ms avg (1 % of wall), 59 tok cached (1/1 hit) | live 1, queued 0 | pool 141/4096 blocks (3 %) | prefix cache 46/4096 entries
2026-09-22 05:21:16.062 INFO  sched: request 'chatcmpl-009a7b2822ddde83' retired (steps): 256 tok in 7.1 s — prefill 61 tok (59 cached) in 91 ms; decode 255 tok / 132 passes in 7.0 s: 36.3 tok/s, 27.6 ms/tok, 53 ms/pass, 1.93 tok/pass, accept p1 94 %
2026-09-22 05:21:16.535 INFO  sched: request 'chatcmpl-009a7b2822ddde84' prefix cache miss — 2 cut(s) probed against 46 entries; the nearest entry (position 315) shares the first 3 of the prompt's 47 tokens (the prompt differs from it from that token on)
2026-09-22 05:21:16.535 INFO  sched: request 'chatcmpl-009a7b2822ddde84' admitted to slot 0 (reserve 5 blocks; pool 141/4096 blocks in use) — first token 14364
2026-09-22 05:21:17.029 INFO  sched: request 'chatcmpl-009a7b2822ddde85' prefix cache miss — 2 cut(s) probed against 47 entries; the nearest entry (position 315) shares the first 4 of the prompt's 54 tokens (the prompt differs from it from that token on)
2026-09-22 05:21:17.029 INFO  sched: request 'chatcmpl-009a7b2822ddde85' admitted to slot 1 (reserve 5 blocks; pool 148/4096 blocks in use) — first token 8419
2026-09-22 05:21:21.761 INFO  stats: rank 3 | 10.0 s | decode 40.5 tok/s, 22.2 ms/tok, 62.2 ms/step (145 steps / 406 tok, 90 % of wall) | mtp 1.94 tok/step/req, accept p1 94 % | prefill 2 prompts / 101 tok, 10 tok/s, 8.67 ms/tok, 438 ms avg (9 % of wall), 0 tok cached (0/2 hits) | live 2, queued 0 | pool 149/4096 blocks (4 %) | prefix cache 48/4096 entries
2026-09-22 05:21:26.710 INFO  sched: request 'chatcmpl-009a7b2822ddde85' retired (steps): 256 tok in 9.7 s — prefill 54 tok (0 cached) in 440 ms; decode 255 tok / 130 passes in 9.2 s: 27.6 tok/s, 36.2 ms/tok, 71 ms/pass, 1.96 tok/pass, accept p1 96 %
2026-09-22 05:21:26.877 INFO  sched: request 'chatcmpl-009a7b2822ddde84' retired (steps): 256 tok in 10.3 s — prefill 47 tok (0 cached) in 436 ms; decode 255 tok / 134 passes in 9.9 s: 25.7 tok/s, 38.8 ms/tok, 74 ms/pass, 1.90 tok/pass, accept p1 91 %
2026-09-22 05:21:26.986 INFO  sched: request 'chatcmpl-009a7b2822ddde86' admitted to slot 0 (reserve 5 blocks; pool 152/4096 blocks in use) — first token 14364
2026-09-22 05:21:27.134 INFO  sched: request 'chatcmpl-009a7b2822ddde87' admitted to slot 1 (reserve 5 blocks; pool 158/4096 blocks in use) — first token 8419
2026-09-22 05:21:31.786 INFO  stats: rank 3 | 10.0 s | decode 50.7 tok/s, 19.1 ms/tok, 73.0 ms/step (133 steps / 508 tok, 97 % of wall) | mtp 1.94 tok/step/req, accept p1 94 % | prefill 2 prompts / 4 tok, 0 tok/s, 46.22 ms/tok, 92 ms avg (2 % of wall), 97 tok cached (2/2 hits) | live 2, queued 0 | pool 159/4096 blocks (4 %) | prefix cache 50/4096 entries
2026-09-22 05:21:36.788 INFO  sched: request 'chatcmpl-009a7b2822ddde87' retired (steps): 256 tok in 9.7 s — prefill 54 tok (52 cached) in 93 ms; decode 255 tok / 130 passes in 9.6 s: 26.7 tok/s, 37.5 ms/tok, 74 ms/pass, 1.96 tok/pass, accept p1 96 %
2026-09-22 05:21:36.954 INFO  sched: request 'chatcmpl-009a7b2822ddde86' retired (steps): 256 tok in 10.0 s — prefill 47 tok (45 cached) in 92 ms; decode 255 tok / 134 passes in 9.9 s: 25.8 tok/s, 38.7 ms/tok, 74 ms/pass, 1.90 tok/pass, accept p1 91 %
2026-09-22 05:21:37.068 INFO  sched: request 'chatcmpl-009a7b2822ddde88' admitted to slot 0 (reserve 5 blocks; pool 152/4096 blocks in use) — first token 8419
2026-09-22 05:21:37.213 INFO  sched: request 'chatcmpl-009a7b2822ddde89' admitted to slot 1 (reserve 5 blocks; pool 158/4096 blocks in use) — first token 14364
2026-09-22 05:21:41.804 INFO  stats: rank 3 | 10.0 s | decode 50.7 tok/s, 19.1 ms/tok, 73.0 ms/step (133 steps / 508 tok, 97 % of wall) | mtp 1.94 tok/step/req, accept p1 94 % | prefill 2 prompts / 4 tok, 0 tok/s, 45.98 ms/tok, 92 ms avg (2 % of wall), 97 tok cached (2/2 hits) | live 2, queued 0 | pool 159/4096 blocks (4 %) | prefix cache 50/4096 entries
2026-09-22 05:21:46.831 INFO  sched: request 'chatcmpl-009a7b2822ddde88' retired (steps): 256 tok in 9.8 s — prefill 54 tok (52 cached) in 92 ms; decode 255 tok / 130 passes in 9.7 s: 26.4 tok/s, 37.9 ms/tok, 74 ms/pass, 1.96 tok/pass, accept p1 96 %
2026-09-22 05:21:47.106 INFO  sched: request 'chatcmpl-009a7b2822ddde89' retired (steps): 256 tok in 9.9 s — prefill 47 tok (45 cached) in 92 ms; decode 255 tok / 134 passes in 9.8 s: 26.0 tok/s, 38.4 ms/tok, 73 ms/pass, 1.90 tok/pass, accept p1 91 %
2026-09-22 05:21:47.569 INFO  sched: request 'chatcmpl-009a7b2822ddde8a' prefix cache miss — 2 cut(s) probed against 50 entries; the nearest entry (position 315) shares the first 4 of the prompt's 47 tokens (the prompt differs from it from that token on)
2026-09-22 05:21:47.569 INFO  sched: request 'chatcmpl-009a7b2822ddde8a' admitted to slot 0 (reserve 5 blocks; pool 153/4096 blocks in use) — first token 14364
2026-09-22 05:21:48.020 INFO  sched: request 'chatcmpl-009a7b2822ddde8b' prefix cache miss — 2 cut(s) probed against 51 entries; the nearest entry (position 315) shares the first 3 of the prompt's 32 tokens (the prompt differs from it from that token on)
2026-09-22 05:21:48.020 INFO  sched: request 'chatcmpl-009a7b2822ddde8b' admitted to slot 1 (reserve 5 blocks; pool 160/4096 blocks in use) — first token 14364
2026-09-22 05:21:48.477 INFO  sched: request 'chatcmpl-009a7b2822ddde8c' prefix cache miss — 2 cut(s) probed against 52 entries; the nearest entry (position 30) shares the first 7 of the prompt's 28 tokens (the prompt differs from it from that token on)
2026-09-22 05:21:48.477 INFO  sched: request 'chatcmpl-009a7b2822ddde8c' admitted to slot 2 (reserve 5 blocks; pool 167/4096 blocks in use) — first token 14364
2026-09-22 05:21:48.964 INFO  sched: request 'chatcmpl-009a7b2822ddde8d' prefix cache miss — 2 cut(s) probed against 53 entries; the nearest entry (position 30) shares the first 8 of the prompt's 30 tokens (the prompt differs from it from that token on)
2026-09-22 05:21:48.964 INFO  sched: request 'chatcmpl-009a7b2822ddde8d' admitted to slot 3 (reserve 5 blocks; pool 174/4096 blocks in use) — first token 14364
2026-09-22 05:21:51.889 INFO  stats: rank 3 | 10.1 s | decode 48.5 tok/s, 17.0 ms/tok, 81.6 ms/step (102 steps / 489 tok, 82 % of wall) | mtp 1.93 tok/step/req, accept p1 92 % | prefill 4 prompts / 137 tok, 14 tok/s, 11.80 ms/tok, 404 ms avg (16 % of wall), 0 tok cached (0/4 hits) | live 4, queued 0 | pool 175/4096 blocks (4 %) | prefix cache 54/4096 entries
2026-09-22 05:22:01.929 INFO  stats: rank 3 | 10.0 s | decode 70.9 tok/s, 13.9 ms/tok, 108.8 ms/step (91 steps / 712 tok, 99 % of wall) | mtp 1.96 tok/step/req, accept p1 96 % | prefill 0 prompts / 0 tok, 0 tok cached (0/0 hits) | live 4, queued 0 | pool 175/4096 blocks (4 %) | prefix cache 54/4096 entries
2026-09-22 05:22:02.948 INFO  sched: request 'chatcmpl-009a7b2822ddde8a' retired (steps): 256 tok in 15.4 s — prefill 47 tok (0 cached) in 435 ms; decode 255 tok / 130 passes in 14.9 s: 17.1 tok/s, 58.6 ms/tok, 115 ms/pass, 1.96 tok/pass, accept p1 97 %
2026-09-22 05:22:03.065 INFO  sched: request 'chatcmpl-009a7b2822ddde8b' retired (steps): 256 tok in 15.0 s — prefill 32 tok (0 cached) in 397 ms; decode 255 tok / 130 passes in 14.6 s: 17.4 tok/s, 57.4 ms/tok, 113 ms/pass, 1.96 tok/pass, accept p1 96 %
2026-09-22 05:22:03.460 INFO  sched: request 'chatcmpl-009a7b2822ddde8c' retired (steps): 256 tok in 15.0 s — prefill 28 tok (0 cached) in 384 ms; decode 255 tok / 133 passes in 14.6 s: 17.5 tok/s, 57.2 ms/tok, 110 ms/pass, 1.92 tok/pass, accept p1 92 %
2026-09-22 05:22:03.515 INFO  sched: request 'chatcmpl-009a7b2822ddde8d' retired (steps): 256 tok in 14.6 s — prefill 30 tok (0 cached) in 400 ms; decode 255 tok / 133 passes in 14.2 s: 18.0 tok/s, 55.5 ms/tok, 106 ms/pass, 1.92 tok/pass, accept p1 92 %
2026-09-22 05:22:03.635 INFO  sched: request 'chatcmpl-009a7b2822ddde8e' admitted to slot 0 (reserve 5 blocks; pool 176/4096 blocks in use) — first token 14364
2026-09-22 05:22:03.781 INFO  sched: request 'chatcmpl-009a7b2822ddde8f' admitted to slot 1 (reserve 5 blocks; pool 182/4096 blocks in use) — first token 14364
2026-09-22 05:22:03.948 INFO  sched: request 'chatcmpl-009a7b2822ddde90' admitted to slot 2 (reserve 5 blocks; pool 188/4096 blocks in use) — first token 14364
2026-09-22 05:22:04.128 INFO  sched: request 'chatcmpl-009a7b2822ddde91' admitted to slot 3 (reserve 5 blocks; pool 194/4096 blocks in use) — first token 14364
2026-09-22 05:22:11.972 INFO  stats: rank 3 | 10.0 s | decode 65.9 tok/s, 14.4 ms/tok, 105.6 ms/step (90 steps / 662 tok, 95 % of wall) | mtp 1.94 tok/step/req, accept p1 93 % | prefill 4 prompts / 8 tok, 1 tok/s, 46.08 ms/tok, 92 ms avg (4 % of wall), 129 tok cached (4/4 hits) | live 4, queued 0 | pool 195/4096 blocks (5 %) | prefix cache 58/4096 entries
2026-09-22 05:22:18.141 INFO  sched: request 'chatcmpl-009a7b2822ddde8e' retired (steps): 256 tok in 14.5 s — prefill 47 tok (45 cached) in 93 ms; decode 255 tok / 130 passes in 14.4 s: 17.7 tok/s, 56.5 ms/tok, 111 ms/pass, 1.96 tok/pass, accept p1 97 %
2026-09-22 05:22:18.260 INFO  sched: request 'chatcmpl-009a7b2822ddde8f' retired (steps): 256 tok in 14.5 s — prefill 32 tok (30 cached) in 91 ms; decode 255 tok / 130 passes in 14.4 s: 17.7 tok/s, 56.4 ms/tok, 111 ms/pass, 1.96 tok/pass, accept p1 96 %
2026-09-22 05:22:18.654 INFO  sched: request 'chatcmpl-009a7b2822ddde90' retired (steps): 256 tok in 14.7 s — prefill 28 tok (26 cached) in 92 ms; decode 255 tok / 133 passes in 14.6 s: 17.4 tok/s, 57.3 ms/tok, 110 ms/pass, 1.92 tok/pass, accept p1 92 %
2026-09-22 05:22:18.710 INFO  sched: request 'chatcmpl-009a7b2822ddde91' retired (steps): 256 tok in 14.6 s — prefill 30 tok (28 cached) in 93 ms; decode 255 tok / 133 passes in 14.5 s: 17.6 tok/s, 56.8 ms/tok, 109 ms/pass, 1.92 tok/pass, accept p1 92 %
2026-09-22 05:22:18.813 INFO  sched: request 'chatcmpl-009a7b2822ddde92' admitted to slot 0 (reserve 5 blocks; pool 176/4096 blocks in use) — first token 14364
2026-09-22 05:22:18.960 INFO  sched: request 'chatcmpl-009a7b2822ddde93' admitted to slot 1 (reserve 5 blocks; pool 182/4096 blocks in use) — first token 14364
2026-09-22 05:22:19.127 INFO  sched: request 'chatcmpl-009a7b2822ddde94' admitted to slot 2 (reserve 5 blocks; pool 188/4096 blocks in use) — first token 14364
2026-09-22 05:22:19.310 INFO  sched: request 'chatcmpl-009a7b2822ddde95' admitted to slot 3 (reserve 5 blocks; pool 194/4096 blocks in use) — first token 14364
2026-09-22 05:22:22.018 INFO  stats: rank 3 | 10.0 s | decode 65.6 tok/s, 14.4 ms/tok, 106.8 ms/step (89 steps / 659 tok, 95 % of wall) | mtp 1.95 tok/step/req, accept p1 95 % | prefill 4 prompts / 8 tok, 1 tok/s, 46.39 ms/tok, 93 ms avg (4 % of wall), 129 tok cached (4/4 hits) | live 4, queued 0 | pool 195/4096 blocks (5 %) | prefix cache 58/4096 entries
2026-09-22 05:22:32.078 INFO  stats: rank 3 | 10.1 s | decode 70.7 tok/s, 14.0 ms/tok, 109.1 ms/step (91 steps / 711 tok, 99 % of wall) | mtp 1.95 tok/step/req, accept p1 95 % | prefill 0 prompts / 0 tok, 0 tok cached (0/0 hits) | live 4, queued 0 | pool 195/4096 blocks (5 %) | prefix cache 58/4096 entries
2026-09-22 05:22:33.337 INFO  sched: request 'chatcmpl-009a7b2822ddde92' retired (steps): 256 tok in 14.5 s — prefill 47 tok (45 cached) in 91 ms; decode 255 tok / 130 passes in 14.4 s: 17.7 tok/s, 56.6 ms/tok, 111 ms/pass, 1.96 tok/pass, accept p1 97 %
2026-09-22 05:22:33.455 INFO  sched: request 'chatcmpl-009a7b2822ddde93' retired (steps): 256 tok in 14.5 s — prefill 32 tok (30 cached) in 92 ms; decode 255 tok / 130 passes in 14.4 s: 17.7 tok/s, 56.5 ms/tok, 111 ms/pass, 1.96 tok/pass, accept p1 96 %
2026-09-22 05:22:33.849 INFO  sched: request 'chatcmpl-009a7b2822ddde94' retired (steps): 256 tok in 14.7 s — prefill 28 tok (26 cached) in 93 ms; decode 255 tok / 133 passes in 14.6 s: 17.4 tok/s, 57.4 ms/tok, 110 ms/pass, 1.92 tok/pass, accept p1 92 %
2026-09-22 05:22:33.904 INFO  sched: request 'chatcmpl-009a7b2822ddde95' retired (steps): 256 tok in 14.6 s — prefill 30 tok (28 cached) in 95 ms; decode 255 tok / 133 passes in 14.5 s: 17.6 tok/s, 56.9 ms/tok, 109 ms/pass, 1.92 tok/pass, accept p1 92 %
2026-09-22 05:22:34.367 INFO  sched: request 'chatcmpl-009a7b2822ddde96' prefix cache miss — 2 cut(s) probed against 58 entries; the nearest entry (position 287) shares the first 5 of the prompt's 33 tokens (the prompt differs from it from that token on)
2026-09-22 05:22:34.367 INFO  sched: request 'chatcmpl-009a7b2822ddde96' admitted to slot 0 (reserve 5 blocks; pool 177/4096 blocks in use) — first token 79638
2026-09-22 05:22:42.111 INFO  stats: rank 3 | 10.0 s | decode 36.1 tok/s, 26.2 ms/tok, 58.9 ms/step (161 steps / 362 tok, 94 % of wall) | mtp 1.81 tok/step/req, accept p1 82 % | prefill 1 prompt / 33 tok, 3 tok/s, 12.53 ms/tok, 413 ms avg (4 % of wall), 0 tok cached (0/1 hit) | live 1, queued 0 | pool 178/4096 blocks (4 %) | prefix cache 59/4096 entries
2026-09-22 05:22:42.221 INFO  sched: request 'chatcmpl-009a7b2822ddde96' retired (steps): 256 tok in 7.9 s — prefill 33 tok (0 cached) in 413 ms; decode 255 tok / 146 passes in 7.4 s: 34.3 tok/s, 29.2 ms/tok, 51 ms/pass, 1.75 tok/pass, accept p1 75 %
2026-09-22 05:22:42.323 INFO  sched: request 'chatcmpl-009a7b2822ddde97' admitted to slot 0 (reserve 5 blocks; pool 182/4096 blocks in use) — first token 79638
2026-09-22 05:22:50.146 INFO  sched: request 'chatcmpl-009a7b2822ddde97' retired (steps): 256 tok in 7.8 s — prefill 33 tok (31 cached) in 92 ms; decode 255 tok / 146 passes in 7.7 s: 33.0 tok/s, 30.3 ms/tok, 53 ms/pass, 1.75 tok/pass, accept p1 75 %
2026-09-22 05:22:50.254 INFO  sched: request 'chatcmpl-009a7b2822ddde98' admitted to slot 0 (reserve 5 blocks; pool 182/4096 blocks in use) — first token 79638
2026-09-22 05:22:52.123 INFO  stats: rank 3 | 10.0 s | decode 32.3 tok/s, 30.1 ms/tok, 53.1 ms/step (183 steps / 323 tok, 97 % of wall) | mtp 1.77 tok/step/req, accept p1 77 % | prefill 2 prompts / 4 tok, 0 tok/s, 45.71 ms/tok, 91 ms avg (2 % of wall), 62 tok cached (2/2 hits) | live 1, queued 0 | pool 183/4096 blocks (4 %) | prefix cache 60/4096 entries
2026-09-22 05:22:58.079 INFO  sched: request 'chatcmpl-009a7b2822ddde98' retired (steps): 256 tok in 7.8 s — prefill 33 tok (31 cached) in 91 ms; decode 255 tok / 146 passes in 7.7 s: 33.0 tok/s, 30.3 ms/tok, 53 ms/pass, 1.75 tok/pass, accept p1 75 %
2026-09-22 05:22:58.564 INFO  sched: request 'chatcmpl-009a7b2822ddde99' prefix cache miss — 2 cut(s) probed against 60 entries; the nearest entry (position 287) shares the first 13 of the prompt's 34 tokens (the prompt differs from it from that token on)
2026-09-22 05:22:58.564 INFO  sched: request 'chatcmpl-009a7b2822ddde99' admitted to slot 0 (reserve 5 blocks; pool 183/4096 blocks in use) — first token 32
2026-09-22 05:22:59.026 INFO  sched: request 'chatcmpl-009a7b2822ddde9a' prefix cache miss — 2 cut(s) probed against 61 entries; the nearest entry (position 287) shares the first 12 of the prompt's 33 tokens (the prompt differs from it from that token on)
2026-09-22 05:22:59.026 INFO  sched: request 'chatcmpl-009a7b2822ddde9a' admitted to slot 1 (reserve 5 blocks; pool 190/4096 blocks in use) — first token 25258
2026-09-22 05:23:02.148 INFO  stats: rank 3 | 10.0 s | decode 34.9 tok/s, 25.8 ms/tok, 58.3 ms/step (155 steps / 350 tok, 90 % of wall) | mtp 1.77 tok/step/req, accept p1 76 % | prefill 2 prompts / 67 tok, 7 tok/s, 12.25 ms/tok, 411 ms avg (8 % of wall), 0 tok cached (0/2 hits) | live 2, queued 0 | pool 191/4096 blocks (5 %) | prefix cache 62/4096 entries
2026-09-22 05:23:09.124 INFO  sched: request 'chatcmpl-009a7b2822ddde9a' retired (steps): 256 tok in 10.1 s — prefill 33 tok (0 cached) in 406 ms; decode 255 tok / 139 passes in 9.7 s: 26.3 tok/s, 38.0 ms/tok, 70 ms/pass, 1.83 tok/pass, accept p1 83 %
2026-09-22 05:23:09.560 INFO  sched: request 'chatcmpl-009a7b2822ddde99' retired (steps): 256 tok in 11.0 s — prefill 34 tok (0 cached) in 415 ms; decode 255 tok / 148 passes in 10.6 s: 24.1 tok/s, 41.5 ms/tok, 71 ms/pass, 1.72 tok/pass, accept p1 72 %
2026-09-22 05:23:09.669 INFO  sched: request 'chatcmpl-009a7b2822ddde9b' admitted to slot 0 (reserve 5 blocks; pool 194/4096 blocks in use) — first token 32
2026-09-22 05:23:09.816 INFO  sched: request 'chatcmpl-009a7b2822ddde9c' admitted to slot 1 (reserve 5 blocks; pool 200/4096 blocks in use) — first token 25258
2026-09-22 05:23:12.153 INFO  stats: rank 3 | 10.0 s | decode 47.3 tok/s, 20.4 ms/tok, 70.6 ms/step (137 steps / 473 tok, 97 % of wall) | mtp 1.78 tok/step/req, accept p1 78 % | prefill 2 prompts / 4 tok, 0 tok/s, 45.51 ms/tok, 91 ms avg (2 % of wall), 63 tok cached (2/2 hits) | live 2, queued 0 | pool 201/4096 blocks (5 %) | prefix cache 64/4096 entries
2026-09-22 05:23:19.923 INFO  sched: request 'chatcmpl-009a7b2822ddde9c' retired (steps): 256 tok in 10.1 s — prefill 33 tok (31 cached) in 90 ms; decode 255 tok / 139 passes in 10.0 s: 25.5 tok/s, 39.3 ms/tok, 72 ms/pass, 1.83 tok/pass, accept p1 83 %
2026-09-22 05:23:20.359 INFO  sched: request 'chatcmpl-009a7b2822ddde9b' retired (steps): 256 tok in 10.7 s — prefill 34 tok (32 cached) in 92 ms; decode 255 tok / 148 passes in 10.6 s: 24.1 tok/s, 41.6 ms/tok, 72 ms/pass, 1.72 tok/pass, accept p1 72 %
2026-09-22 05:23:20.454 INFO  sched: request 'chatcmpl-009a7b2822ddde9d' admitted to slot 0 (reserve 5 blocks; pool 194/4096 blocks in use) — first token 32
2026-09-22 05:23:20.601 INFO  sched: request 'chatcmpl-009a7b2822ddde9e' admitted to slot 1 (reserve 5 blocks; pool 200/4096 blocks in use) — first token 25258
2026-09-22 05:23:22.207 INFO  stats: rank 3 | 10.1 s | decode 47.3 tok/s, 20.5 ms/tok, 70.7 ms/step (138 steps / 476 tok, 97 % of wall) | mtp 1.78 tok/step/req, accept p1 78 % | prefill 2 prompts / 4 tok, 0 tok/s, 44.98 ms/tok, 90 ms avg (2 % of wall), 63 tok cached (2/2 hits) | live 2, queued 0 | pool 201/4096 blocks (5 %) | prefix cache 64/4096 entries
2026-09-22 05:23:30.729 INFO  sched: request 'chatcmpl-009a7b2822ddde9e' retired (steps): 256 tok in 10.1 s — prefill 33 tok (31 cached) in 91 ms; decode 255 tok / 139 passes in 10.0 s: 25.4 tok/s, 39.4 ms/tok, 72 ms/pass, 1.83 tok/pass, accept p1 83 %
2026-09-22 05:23:31.167 INFO  sched: request 'chatcmpl-009a7b2822ddde9d' retired (steps): 256 tok in 10.7 s — prefill 34 tok (32 cached) in 89 ms; decode 255 tok / 148 passes in 10.6 s: 24.0 tok/s, 41.7 ms/tok, 72 ms/pass, 1.72 tok/pass, accept p1 72 %
2026-09-22 05:23:31.588 INFO  sched: request 'chatcmpl-009a7b2822ddde9f' prefix cache miss — 2 cut(s) probed against 64 entries; the nearest entry (position 289) shares the first 5 of the prompt's 24 tokens (the prompt differs from it from that token on)
2026-09-22 05:23:31.588 INFO  sched: request 'chatcmpl-009a7b2822ddde9f' admitted to slot 0 (reserve 5 blocks; pool 195/4096 blocks in use) — first token 14364
2026-09-22 05:23:32.015 INFO  sched: request 'chatcmpl-009a7b2822dddea0' prefix cache miss — 2 cut(s) probed against 65 entries; the nearest entry (position 289) shares the first 5 of the prompt's 24 tokens (the prompt differs from it from that token on)
2026-09-22 05:23:32.015 INFO  sched: request 'chatcmpl-009a7b2822dddea0' admitted to slot 1 (reserve 5 blocks; pool 202/4096 blocks in use) — first token 14364
2026-09-22 05:23:32.459 INFO  sched: request 'chatcmpl-009a7b2822dddea1' prefix cache miss — 2 cut(s) probed against 66 entries; the nearest entry (position 289) shares the first 5 of the prompt's 24 tokens (the prompt differs from it from that token on)
2026-09-22 05:23:32.459 INFO  sched: request 'chatcmpl-009a7b2822dddea1' admitted to slot 2 (reserve 5 blocks; pool 209/4096 blocks in use) — first token 14364
2026-09-22 05:23:32.550 INFO  stats: rank 3 | 10.3 s | decode 42.7 tok/s, 20.5 ms/tok, 70.9 ms/step (128 steps / 442 tok, 88 % of wall) | mtp 1.78 tok/step/req, accept p1 77 % | prefill 3 prompts / 72 tok, 7 tok/s, 15.55 ms/tok, 373 ms avg (11 % of wall), 0 tok cached (0/3 hits) | live 3, queued 1 | pool 210/4096 blocks (5 %) | prefix cache 67/4096 entries
2026-09-22 05:23:32.964 INFO  sched: request 'chatcmpl-009a7b2822dddea2' prefix cache miss — 2 cut(s) probed against 67 entries; the nearest entry (position 289) shares the first 12 of the prompt's 33 tokens (the prompt differs from it from that token on)
2026-09-22 05:23:32.964 INFO  sched: request 'chatcmpl-009a7b2822dddea2' admitted to slot 3 (reserve 5 blocks; pool 216/4096 blocks in use) — first token 19
2026-09-22 05:23:42.598 INFO  stats: rank 3 | 10.0 s | decode 65.2 tok/s, 14.5 ms/tok, 105.6 ms/step (90 steps / 655 tok, 95 % of wall) | mtp 1.82 tok/step/req, accept p1 82 % | prefill 1 prompt / 33 tok, 3 tok/s, 12.45 ms/tok, 411 ms avg (4 % of wall), 0 tok cached (0/1 hit) | live 4, queued 0 | pool 216/4096 blocks (5 %) | prefix cache 68/4096 entries
2026-09-22 05:23:47.470 INFO  sched: request 'chatcmpl-009a7b2822ddde9f' retired (steps): 256 tok in 15.9 s — prefill 24 tok (0 cached) in 377 ms; decode 255 tok / 138 passes in 15.5 s: 16.4 tok/s, 60.8 ms/tok, 112 ms/pass, 1.85 tok/pass, accept p1 86 %
2026-09-22 05:23:47.897 INFO  sched: request 'chatcmpl-009a7b2822dddea0' retired (steps): 256 tok in 15.9 s — prefill 24 tok (0 cached) in 370 ms; decode 255 tok / 141 passes in 15.5 s: 16.4 tok/s, 60.8 ms/tok, 110 ms/pass, 1.81 tok/pass, accept p1 82 %
2026-09-22 05:23:48.100 INFO  sched: request 'chatcmpl-009a7b2822dddea1' retired (steps): 256 tok in 15.6 s — prefill 24 tok (0 cached) in 373 ms; decode 255 tok / 142 passes in 15.3 s: 16.7 tok/s, 59.9 ms/tok, 108 ms/pass, 1.80 tok/pass, accept p1 80 %
2026-09-22 05:23:48.208 INFO  sched: request 'chatcmpl-009a7b2822dddea2' retired (steps): 256 tok in 15.2 s — prefill 33 tok (0 cached) in 411 ms; decode 255 tok / 143 passes in 14.8 s: 17.2 tok/s, 58.2 ms/tok, 104 ms/pass, 1.78 tok/pass, accept p1 79 %
2026-09-22 05:23:48.321 INFO  sched: request 'chatcmpl-009a7b2822dddea3' admitted to slot 0 (reserve 5 blocks; pool 218/4096 blocks in use) — first token 14364
2026-09-22 05:23:48.467 INFO  sched: request 'chatcmpl-009a7b2822dddea4' admitted to slot 1 (reserve 5 blocks; pool 224/4096 blocks in use) — first token 14364
2026-09-22 05:23:48.634 INFO  sched: request 'chatcmpl-009a7b2822dddea5' admitted to slot 2 (reserve 5 blocks; pool 230/4096 blocks in use) — first token 19
2026-09-22 05:23:48.820 INFO  sched: request 'chatcmpl-009a7b2822dddea6' admitted to slot 3 (reserve 5 blocks; pool 236/4096 blocks in use) — first token 14364
2026-09-22 05:23:52.660 INFO  stats: rank 3 | 10.1 s | decode 63.0 tok/s, 15.0 ms/tok, 103.3 ms/step (92 steps / 634 tok, 94 % of wall) | mtp 1.82 tok/step/req, accept p1 82 % | prefill 4 prompts / 8 tok, 1 tok/s, 46.01 ms/tok, 92 ms avg (4 % of wall), 97 tok cached (4/4 hits) | live 4, queued 0 | pool 237/4096 blocks (6 %) | prefix cache 72/4096 entries
2026-09-22 05:24:02.704 INFO  stats: rank 3 | 10.0 s | decode 67.2 tok/s, 14.6 ms/tok, 106.3 ms/step (93 steps / 675 tok, 98 % of wall) | mtp 1.81 tok/step/req, accept p1 81 % | prefill 0 prompts / 0 tok, 0 tok cached (0/0 hits) | live 4, queued 0 | pool 237/4096 blocks (6 %) | prefix cache 72/4096 entries
2026-09-22 05:24:03.470 INFO  sched: request 'chatcmpl-009a7b2822dddea4' retired (steps): 256 tok in 15.0 s — prefill 24 tok (22 cached) in 90 ms; decode 255 tok / 138 passes in 14.9 s: 17.1 tok/s, 58.5 ms/tok, 108 ms/pass, 1.85 tok/pass, accept p1 86 %
2026-09-22 05:24:03.683 INFO  sched: request 'chatcmpl-009a7b2822dddea3' retired (steps): 256 tok in 15.4 s — prefill 24 tok (22 cached) in 91 ms; decode 255 tok / 141 passes in 15.3 s: 16.7 tok/s, 59.9 ms/tok, 108 ms/pass, 1.81 tok/pass, accept p1 82 %
2026-09-22 05:24:04.073 INFO  sched: request 'chatcmpl-009a7b2822dddea5' retired (steps): 256 tok in 15.4 s — prefill 33 tok (31 cached) in 93 ms; decode 255 tok / 143 passes in 15.3 s: 16.6 tok/s, 60.2 ms/tok, 107 ms/pass, 1.78 tok/pass, accept p1 79 %
2026-09-22 05:24:04.074 INFO  sched: request 'chatcmpl-009a7b2822dddea6' retired (steps): 256 tok in 15.3 s — prefill 24 tok (22 cached) in 94 ms; decode 255 tok / 142 passes in 15.2 s: 16.8 tok/s, 59.4 ms/tok, 107 ms/pass, 1.80 tok/pass, accept p1 80 %
2026-09-22 05:24:04.192 INFO  sched: request 'chatcmpl-009a7b2822dddea7' admitted to slot 0 (reserve 5 blocks; pool 218/4096 blocks in use) — first token 19
2026-09-22 05:24:04.337 INFO  sched: request 'chatcmpl-009a7b2822dddea8' admitted to slot 1 (reserve 5 blocks; pool 224/4096 blocks in use) — first token 14364
2026-09-22 05:24:04.507 INFO  sched: request 'chatcmpl-009a7b2822dddea9' admitted to slot 2 (reserve 5 blocks; pool 230/4096 blocks in use) — first token 14364
2026-09-22 05:24:04.693 INFO  sched: request 'chatcmpl-009a7b2822dddeaa' admitted to slot 3 (reserve 5 blocks; pool 236/4096 blocks in use) — first token 14364
2026-09-22 05:24:12.712 INFO  stats: rank 3 | 10.0 s | decode 63.0 tok/s, 15.0 ms/tok, 104.0 ms/step (91 steps / 630 tok, 95 % of wall) | mtp 1.81 tok/step/req, accept p1 81 % | prefill 4 prompts / 8 tok, 1 tok/s, 46.11 ms/tok, 92 ms avg (4 % of wall), 97 tok cached (4/4 hits) | live 4, queued 0 | pool 237/4096 blocks (6 %) | prefix cache 72/4096 entries
2026-09-22 05:24:19.557 INFO  sched: request 'chatcmpl-009a7b2822dddeaa' retired (steps): 256 tok in 14.9 s — prefill 24 tok (22 cached) in 96 ms; decode 255 tok / 138 passes in 14.8 s: 17.3 tok/s, 57.9 ms/tok, 107 ms/pass, 1.85 tok/pass, accept p1 86 %
2026-09-22 05:24:19.739 INFO  sched: request 'chatcmpl-009a7b2822dddea8' retired (steps): 256 tok in 15.4 s — prefill 24 tok (22 cached) in 89 ms; decode 255 tok / 142 passes in 15.3 s: 16.7 tok/s, 60.0 ms/tok, 108 ms/pass, 1.80 tok/pass, accept p1 80 %
2026-09-22 05:24:19.739 INFO  sched: request 'chatcmpl-009a7b2822dddea9' retired (steps): 256 tok in 15.2 s — prefill 24 tok (22 cached) in 93 ms; decode 255 tok / 141 passes in 15.1 s: 16.8 tok/s, 59.4 ms/tok, 107 ms/pass, 1.81 tok/pass, accept p1 82 %
2026-09-22 05:24:19.739 INFO  sched: request 'chatcmpl-009a7b2822dddea7' retired (steps): 256 tok in 15.5 s — prefill 33 tok (31 cached) in 91 ms; decode 255 tok / 143 passes in 15.5 s: 16.5 tok/s, 60.6 ms/tok, 108 ms/pass, 1.78 tok/pass, accept p1 79 %
2026-09-22 05:24:20.718 INFO  sched: request 'chatcmpl-009a7b2822dddeab' prefix cache miss — 2 cut(s) probed against 72 entries; the nearest entry (position 315) shares the first 3 of the prompt's 518 tokens (the prompt differs from it from that token on)
2026-09-22 05:24:20.718 INFO  sched: request 'chatcmpl-009a7b2822dddeab' admitted to slot 0 (reserve 9 blocks; pool 223/4096 blocks in use) — first token 1986
2026-09-22 05:24:20.728 INFO  sched: request 'chatcmpl-009a7b2822dddeab' retired (steps): 1 tok in 0.0 s — prefill 518 tok (0 cached) in 844 ms; decode 0 tok / 0 passes in 0.0 s
2026-09-22 05:24:23.471 INFO  sched: request 'chatcmpl-009a7b2822dddeac' prefix cache miss — 3 cut(s) probed against 74 entries; the nearest entry (position 518) shares the first 10 of the prompt's 2093 tokens (the prompt differs from it from that token on)
2026-09-22 05:24:23.471 INFO  sched: request 'chatcmpl-009a7b2822dddeac' admitted to slot 0 (reserve 33 blocks; pool 257/4096 blocks in use) — first token 1986
2026-09-22 05:24:23.472 INFO  sched: request 'chatcmpl-009a7b2822dddeac' retired (steps): 1 tok in 0.0 s — prefill 2093 tok (0 cached) in 2729 ms; decode 0 tok / 0 passes in 0.0 s
2026-09-22 05:24:23.472 INFO  stats: rank 3 | 10.8 s | decode 43.4 tok/s, 14.8 ms/tok, 106.5 ms/step (65 steps / 467 tok, 64 % of wall) | mtp 1.81 tok/step/req, accept p1 81 % | prefill 2 prompts / 2611 tok, 243 tok/s, 1.37 ms/tok, 1786 ms avg (33 % of wall), 0 tok cached (0/2 hits) | live 0, queued 0 | pool 257/4096 blocks (6 %) | prefix cache 76/4096 entries
2026-09-22 05:24:26.264 INFO  sched: request 'chatcmpl-009a7b2822dddead' prefix cache miss — 3 cut(s) probed against 76 entries; the nearest entry (position 2093) shares the first 14 of the prompt's 2118 tokens (the prompt differs from it from that token on)
2026-09-22 05:24:26.264 INFO  sched: request 'chatcmpl-009a7b2822dddead' admitted to slot 0 (reserve 34 blocks; pool 292/4096 blocks in use) — first token 1986
2026-09-22 05:24:26.274 INFO  sched: request 'chatcmpl-009a7b2822dddead' retired (steps): 1 tok in 0.0 s — prefill 2118 tok (0 cached) in 2781 ms; decode 0 tok / 0 passes in 0.0 s
2026-09-22 05:24:29.028 INFO  sched: request 'chatcmpl-009a7b2822dddeae' prefix cache miss — 3 cut(s) probed against 78 entries; the nearest entry (position 2118) shares the first 14 of the prompt's 2094 tokens (the prompt differs from it from that token on)
2026-09-22 05:24:29.028 INFO  sched: request 'chatcmpl-009a7b2822dddeae' admitted to slot 0 (reserve 33 blocks; pool 326/4096 blocks in use) — first token 1986
2026-09-22 05:24:29.029 INFO  sched: request 'chatcmpl-009a7b2822dddeae' retired (steps): 1 tok in 0.0 s — prefill 2094 tok (0 cached) in 2751 ms; decode 0 tok / 0 passes in 0.0 s
2026-09-22 05:24:35.628 INFO  hunt qp: rank 3 seq 1206379  p0l0[RTS sq_psn=15973374 rq_psn=15973374 ack_timeout=14 retry_cnt=7 rnr_retry=7 min_rnr=12 sq_draining=0] p0l1[RTS sq_psn=4660 rq_psn=4660 ack_timeout=14 retry_cnt=7 rnr_retry=7 min_rnr=12 sq_draining=0] p1l0[RTS sq_psn=15973374 rq_psn=15973374 ack_timeout=14 retry_cnt=7 rnr_retry=7 min_rnr=12 sq_draining=0] p1l1[RTS sq_psn=4660 rq_psn=4660 ack_timeout=14 retry_cnt=7 rnr_retry=7 min_rnr=12 sq_draining=0] p2l0[RTS sq_psn=15973374 rq_psn=15973374 ack_timeout=14 retry_cnt=7 rnr_retry=7 min_rnr=12 sq_draining=0] p2l1[RTS sq_psn=4660 rq_psn=4660 ack_timeout=14 retry_cnt=7 rnr_retry=7 min_rnr=12 sq_draining=0]
2026-09-22 05:24:35.628 INFO  allreduce: rank 3 seq 1206379 STALLED 505ms posted=0x0 ctl(ready=0x0 done=0 status=0 gate(waits=0 spins=0) first_claim(cell=39 len=20480 seq=149751))  p0l0:[149751c1205999/149751=0xbe03bdf7.149751c1206000/149751=0x3e29bdc7.149751c1206001/149751=0xbc913c87.149751c1206002/149751=0xc10a3fae.149751c1206003/149751=0xbd703e44.149751c1206004/149751=0xbf2a3f7b.149751c1206005/149751=0xbcc4bc1d.149751c1206006/149751=0xbd973df2. B[3372/3372.3372/3372.3372/3371!3372/3371!3371/3371.3371/3371.3371/3371.3371/3371.] p0l1:[0c0/0=0000000000.0c0/0=0000000000.0c0/0=0000000000.0c0/0=0000000000.0c0/0=0000000000.0c0/0=0000000000.0c0/0=0000000000.0c0/0=0000000000. B[2442/2442.2442/2442.2442/2441!2442/2441!2441/2441.2441/2441.2441/2441.2441/2441.] p1l0:[149751c1205999/149751=0xbd01bb9e.149751c1206000/149751=0xbc37bcfb.149751c1206001/149751=0xbccf3d49.149751c1206002/149751=0x3c8fbce3.149751c1206003/149751=0x3f9ebe2c.149751c1206004/149751=0xbf58c00c.149751c1206005/149751=0x3e683ec1.149751c1206006/149751=0x3f75beb1. B[3000/3000.3000/3000.3000/2999!3000/2999!2999/2999.2999/2999.2999/2999.2999/2999.] p1l1:[0c0/0=0000000000.0c0/0=0000000000.0c0/0=0000000000.0c0/0=0000000000.0c0/0=0000000000.0c0/0=0000000000.0c0/0=0000000000.0c0/0=0000000000. B[2419/2418!2419/2418!2418/2418.2418/2418.2418/2418.2418/2418.2418/2418.2418/2418.] p2l0:[149751c1205999/149751=0x3d3b3bf9.149751c1206000/149751=0x3e12be18.149751c1206001/149751=0xbd883bd1.149751c1206002/149751=0x3c95bd0e.149751c1206003/149751=0xbeebbdf8.149751c1206004/149751=0x40b33f00.149751c1206005/149751=0x3c3f3cef.149751c1206006/149751=0xbd0f3b39. B[2511/2511!2511/2511!2511/2511.2511/2511.2511/2511.2511/2511.2511/2511.2511/2511.] p2l1:[0c0/0=0000000000.0c0/0=0000000000.0c0/0=0000000000.0c0/0=0000000000.0c0/0=0000000000.0c0/0=0000000000.0c0/0=0000000000.0c0/0=0000000000. B[2418/2418!2418/2418!2418/2418.2418/2418.2418/2418.2418/2418.2418/2418.2418/2418.]
2026-09-22 05:24:35.628 INFO  allreduce: rank 3 seq 1206379 bulk RS seg 1/5 tx 129278/129282 STALLED  p0:4/4 p1:4/4 p2:4/4
2026-09-22 05:24:36.132 INFO  hunt qp: rank 3 seq 1206379  p0l0[RTS sq_psn=15973374 rq_psn=15973374 ack_timeout=14 retry_cnt=7 rnr_retry=7 min_rnr=12 sq_draining=0] p0l1[RTS sq_psn=4660 rq_psn=4660 ack_timeout=14 retry_cnt=7 rnr_retry=7 min_rnr=12 sq_draining=0] p1l0[RTS sq_psn=15973374 rq_psn=15973374 ack_timeout=14 retry_cnt=7 rnr_retry=7 min_rnr=12 sq_draining=0] p1l1[RTS sq_psn=4660 rq_psn=4660 ack_timeout=14 retry_cnt=7 rnr_retry=7 min_rnr=12 sq_draining=0] p2l0[RTS sq_psn=15973374 rq_psn=15973374 ack_timeout=14 retry_cnt=7 rnr_retry=7 min_rnr=12 sq_draining=0] p2l1[RTS sq_psn=4660 rq_psn=4660 ack_timeout=14 retry_cnt=7 rnr_retry=7 min_rnr=12 sq_draining=0]
2026-09-22 05:24:36.133 INFO  allreduce: rank 3 seq 1206379 STALLED 1009ms posted=0x0 ctl(ready=0x0 done=0 status=0 gate(waits=0 spins=0) first_claim(cell=39 len=20480 seq=149751))  p0l0:[149751c1205999/149751=0xbe03bdf7.149751c1206000/149751=0x3e29bdc7.149751c1206001/149751=0xbc913c87.149751c1206002/149751=0xc10a3fae.149751c1206003/149751=0xbd703e44.149751c1206004/149751=0xbf2a3f7b.149751c1206005/149751=0xbcc4bc1d.149751c1206006/149751=0xbd973df2. B[3372/3372.3372/3372.3372/3371!3372/3371!3371/3371.3371/3371.3371/3371.3371/3371.] p0l1:[0c0/0=0000000000.0c0/0=0000000000.0c0/0=0000000000.0c0/0=0000000000.0c0/0=0000000000.0c0/0=0000000000.0c0/0=0000000000.0c0/0=0000000000. B[2442/2442.2442/2442.2442/2441!2442/2441!2441/2441.2441/2441.2441/2441.2441/2441.] p1l0:[149751c1205999/149751=0xbd01bb9e.149751c1206000/149751=0xbc37bcfb.149751c1206001/149751=0xbccf3d49.149751c1206002/149751=0x3c8fbce3.149751c1206003/149751=0x3f9ebe2c.149751c1206004/149751=0xbf58c00c.149751c1206005/149751=0x3e683ec1.149751c1206006/149751=0x3f75beb1. B[3000/3000.3000/3000.3000/2999!3000/2999!2999/2999.2999/2999.2999/2999.2999/2999.] p1l1:[0c0/0=0000000000.0c0/0=0000000000.0c0/0=0000000000.0c0/0=0000000000.0c0/0=0000000000.0c0/0=0000000000.0c0/0=0000000000.0c0/0=0000000000. B[2419/2418!2419/2418!2418/2418.2418/2418.2418/2418.2418/2418.2418/2418.2418/2418.] p2l0:[149751c1205999/149751=0x3d3b3bf9.149751c1206000/149751=0x3e12be18.149751c1206001/149751=0xbd883bd1.149751c1206002/149751=0x3c95bd0e.149751c1206003/149751=0xbeebbdf8.149751c1206004/149751=0x40b33f00.149751c1206005/149751=0x3c3f3cef.149751c1206006/149751=0xbd0f3b39. B[2511/2511!2511/2511!2511/2511.2511/2511.2511/2511.2511/2511.2511/2511.2511/2511.] p2l1:[0c0/0=0000000000.0c0/0=0000000000.0c0/0=0000000000.0c0/0=0000000000.0c0/0=0000000000.0c0/0=0000000000.0c0/0=0000000000.0c0/0=0000000000. B[2418/2418!2418/2418!2418/2418.2418/2418.2418/2418.2418/2418.2418/2418.2418/2418.]
2026-09-22 05:24:36.133 INFO  allreduce: rank 3 seq 1206379 bulk RS seg 1/5 tx 129278/129282 STALLED  p0:4/4 p1:4/4 p2:4/4
2026-09-22 05:24:36.633 INFO  hunt qp: rank 3 seq 1206379  p0l0[RTS sq_psn=15973374 rq_psn=15973374 ack_timeout=14 retry_cnt=7 rnr_retry=7 min_rnr=12 sq_draining=0] p0l1[RTS sq_psn=4660 rq_psn=4660 ack_timeout=14 retry_cnt=7 rnr_retry=7 min_rnr=12 sq_draining=0] p1l0[RTS sq_psn=15973374 rq_psn=15973374 ack_timeout=14 retry_cnt=7 rnr_retry=7 min_rnr=12 sq_draining=0] p1l1[RTS sq_psn=4660 rq_psn=4660 ack_timeout=14 retry_cnt=7 rnr_retry=7 min_rnr=12 sq_draining=0] p2l0[RTS sq_psn=15973374 rq_psn=15973374 ack_timeout=14 retry_cnt=7 rnr_retry=7 min_rnr=12 sq_draining=0] p2l1[RTS sq_psn=4660 rq_psn=4660 ack_timeout=14 retry_cnt=7 rnr_retry=7 min_rnr=12 sq_draining=0]
2026-09-22 05:24:36.633 INFO  allreduce: rank 3 seq 1206379 STALLED 1510ms posted=0x0 ctl(ready=0x0 done=0 status=0 gate(waits=0 spins=0) first_claim(cell=39 len=20480 seq=149751))  p0l0:[149751c1205999/149751=0xbe03bdf7.149751c1206000/149751=0x3e29bdc7.149751c1206001/149751=0xbc913c87.149751c1206002/149751=0xc10a3fae.149751c1206003/149751=0xbd703e44.149751c1206004/149751=0xbf2a3f7b.149751c1206005/149751=0xbcc4bc1d.149751c1206006/149751=0xbd973df2. B[3372/3372.3372/3372.3372/3371!3372/3371!3371/3371.3371/3371.3371/3371.3371/3371.] p0l1:[0c0/0=0000000000.0c0/0=0000000000.0c0/0=0000000000.0c0/0=0000000000.0c0/0=0000000000.0c0/0=0000000000.0c0/0=0000000000.0c0/0=0000000000. B[2442/2442.2442/2442.2442/2441!2442/2441!2441/2441.2441/2441.2441/2441.2441/2441.] p1l0:[149751c1205999/149751=0xbd01bb9e.149751c1206000/149751=0xbc37bcfb.149751c1206001/149751=0xbccf3d49.149751c1206002/149751=0x3c8fbce3.149751c1206003/149751=0x3f9ebe2c.149751c1206004/149751=0xbf58c00c.149751c1206005/149751=0x3e683ec1.149751c1206006/149751=0x3f75beb1. B[3000/3000.3000/3000.3000/2999!3000/2999!2999/2999.2999/2999.2999/2999.2999/2999.] p1l1:[0c0/0=0000000000.0c0/0=0000000000.0c0/0=0000000000.0c0/0=0000000000.0c0/0=0000000000.0c0/0=0000000000.0c0/0=0000000000.0c0/0=0000000000. B[2419/2418!2419/2418!2418/2418.2418/2418.2418/2418.2418/2418.2418/2418.2418/2418.] p2l0:[149751c1205999/149751=0x3d3b3bf9.149751c1206000/149751=0x3e12be18.149751c1206001/149751=0xbd883bd1.149751c1206002/149751=0x3c95bd0e.149751c1206003/149751=0xbeebbdf8.149751c1206004/149751=0x40b33f00.149751c1206005/149751=0x3c3f3cef.149751c1206006/149751=0xbd0f3b39. B[2511/2511!2511/2511!2511/2511.2511/2511.2511/2511.2511/2511.2511/2511.2511/2511.] p2l1:[0c0/0=0000000000.0c0/0=0000000000.0c0/0=0000000000.0c0/0=0000000000.0c0/0=0000000000.0c0/0=0000000000.0c0/0=0000000000.0c0/0=0000000000. B[2418/2418!2418/2418!2418/2418.2418/2418.2418/2418.2418/2418.2418/2418.2418/2418.]
2026-09-22 05:24:36.633 INFO  allreduce: rank 3 seq 1206379 bulk RS seg 1/5 tx 129278/129282 STALLED  p0:4/4 p1:4/4 p2:4/4
2026-09-22 05:24:37.133 INFO  hunt qp: rank 3 seq 1206379  p0l0[RTS sq_psn=15973374 rq_psn=15973374 ack_timeout=14 retry_cnt=7 rnr_retry=7 min_rnr=12 sq_draining=0] p0l1[RTS sq_psn=4660 rq_psn=4660 ack_timeout=14 retry_cnt=7 rnr_retry=7 min_rnr=12 sq_draining=0] p1l0[RTS sq_psn=15973374 rq_psn=15973374 ack_timeout=14 retry_cnt=7 rnr_retry=7 min_rnr=12 sq_draining=0] p1l1[RTS sq_psn=4660 rq_psn=4660 ack_timeout=14 retry_cnt=7 rnr_retry=7 min_rnr=12 sq_draining=0] p2l0[RTS sq_psn=15973374 rq_psn=15973374 ack_timeout=14 retry_cnt=7 rnr_retry=7 min_rnr=12 sq_draining=0] p2l1[RTS sq_psn=4660 rq_psn=4660 ack_timeout=14 retry_cnt=7 rnr_retry=7 min_rnr=12 sq_draining=0]
2026-09-22 05:24:37.133 INFO  allreduce: rank 3 seq 1206379 STALLED 2010ms posted=0x0 ctl(ready=0x0 done=0 status=0 gate(waits=0 spins=0) first_claim(cell=39 len=20480 seq=149751))  p0l0:[149751c1205999/149751=0xbe03bdf7.149751c1206000/149751=0x3e29bdc7.149751c1206001/149751=0xbc913c87.149751c1206002/149751=0xc10a3fae.149751c1206003/149751=0xbd703e44.149751c1206004/149751=0xbf2a3f7b.149751c1206005/149751=0xbcc4bc1d.149751c1206006/149751=0xbd973df2. B[3372/3372.3372/3372.3372/3371!3372/3371!3371/3371.3371/3371.3371/3371.3371/3371.] p0l1:[0c0/0=0000000000.0c0/0=0000000000.0c0/0=0000000000.0c0/0=0000000000.0c0/0=0000000000.0c0/0=0000000000.0c0/0=0000000000.0c0/0=0000000000. B[2442/2442.2442/2442.2442/2441!2442/2441!2441/2441.2441/2441.2441/2441.2441/2441.] p1l0:[149751c1205999/149751=0xbd01bb9e.149751c1206000/149751=0xbc37bcfb.149751c1206001/149751=0xbccf3d49.149751c1206002/149751=0x3c8fbce3.149751c1206003/149751=0x3f9ebe2c.149751c1206004/149751=0xbf58c00c.149751c1206005/149751=0x3e683ec1.149751c1206006/149751=0x3f75beb1. B[3000/3000.3000/3000.3000/2999!3000/2999!2999/2999.2999/2999.2999/2999.2999/2999.] p1l1:[0c0/0=0000000000.0c0/0=0000000000.0c0/0=0000000000.0c0/0=0000000000.0c0/0=0000000000.0c0/0=0000000000.0c0/0=0000000000.0c0/0=0000000000. B[2419/2418!2419/2418!2418/2418.2418/2418.2418/2418.2418/2418.2418/2418.2418/2418.] p2l0:[149751c1205999/149751=0x3d3b3bf9.149751c1206000/149751=0x3e12be18.149751c1206001/149751=0xbd883bd1.149751c1206002/149751=0x3c95bd0e.149751c1206003/149751=0xbeebbdf8.149751c1206004/149751=0x40b33f00.149751c1206005/149751=0x3c3f3cef.149751c1206006/149751=0xbd0f3b39. B[2511/2511!2511/2511!2511/2511.2511/2511.2511/2511.2511/2511.2511/2511.2511/2511.] p2l1:[0c0/0=0000000000.0c0/0=0000000000.0c0/0=0000000000.0c0/0=0000000000.0c0/0=0000000000.0c0/0=0000000000.0c0/0=0000000000.0c0/0=0000000000. B[2418/2418!2418/2418!2418/2418.2418/2418.2418/2418.2418/2418.2418/2418.2418/2418.]
2026-09-22 05:24:37.133 INFO  allreduce: rank 3 seq 1206379 bulk RS seg 1/5 tx 129278/129282 STALLED  p0:4/4 p1:4/4 p2:4/4
2026-09-22 05:24:37.633 INFO  hunt qp: rank 3 seq 1206379  p0l0[RTS sq_psn=15973374 rq_psn=15973374 ack_timeout=14 retry_cnt=7 rnr_retry=7 min_rnr=12 sq_draining=0] p0l1[RTS sq_psn=4660 rq_psn=4660 ack_timeout=14 retry_cnt=7 rnr_retry=7 min_rnr=12 sq_draining=0] p1l0[RTS sq_psn=15973374 rq_psn=15973374 ack_timeout=14 retry_cnt=7 rnr_retry=7 min_rnr=12 sq_draining=0] p1l1[RTS sq_psn=4660 rq_psn=4660 ack_timeout=14 retry_cnt=7 rnr_retry=7 min_rnr=12 sq_draining=0] p2l0[RTS sq_psn=15973374 rq_psn=15973374 ack_timeout=14 retry_cnt=7 rnr_retry=7 min_rnr=12 sq_draining=0] p2l1[RTS sq_psn=4660 rq_psn=4660 ack_timeout=14 retry_cnt=7 rnr_retry=7 min_rnr=12 sq_draining=0]
2026-09-22 05:24:37.633 INFO  allreduce: rank 3 seq 1206379 STALLED 2509ms posted=0x0 ctl(ready=0x0 done=0 status=0 gate(waits=0 spins=0) first_claim(cell=39 len=20480 seq=149751))  p0l0:[149751c1205999/149751=0xbe03bdf7.149751c1206000/149751=0x3e29bdc7.149751c1206001/149751=0xbc913c87.149751c1206002/149751=0xc10a3fae.149751c1206003/149751=0xbd703e44.149751c1206004/149751=0xbf2a3f7b.149751c1206005/149751=0xbcc4bc1d.149751c1206006/149751=0xbd973df2. B[3372/3372.3372/3372.3372/3371!3372/3371!3371/3371.3371/3371.3371/3371.3371/3371.] p0l1:[0c0/0=0000000000.0c0/0=0000000000.0c0/0=0000000000.0c0/0=0000000000.0c0/0=0000000000.0c0/0=0000000000.0c0/0=0000000000.0c0/0=0000000000. B[2442/2442.2442/2442.2442/2441!2442/2441!2441/2441.2441/2441.2441/2441.2441/2441.] p1l0:[149751c1205999/149751=0xbd01bb9e.149751c1206000/149751=0xbc37bcfb.149751c1206001/149751=0xbccf3d49.149751c1206002/149751=0x3c8fbce3.149751c1206003/149751=0x3f9ebe2c.149751c1206004/149751=0xbf58c00c.149751c1206005/149751=0x3e683ec1.149751c1206006/149751=0x3f75beb1. B[3000/3000.3000/3000.3000/2999!3000/2999!2999/2999.2999/2999.2999/2999.2999/2999.] p1l1:[0c0/0=0000000000.0c0/0=0000000000.0c0/0=0000000000.0c0/0=0000000000.0c0/0=0000000000.0c0/0=0000000000.0c0/0=0000000000.0c0/0=0000000000. B[2419/2418!2419/2418!2418/2418.2418/2418.2418/2418.2418/2418.2418/2418.2418/2418.] p2l0:[149751c1205999/149751=0x3d3b3bf9.149751c1206000/149751=0x3e12be18.149751c1206001/149751=0xbd883bd1.149751c1206002/149751=0x3c95bd0e.149751c1206003/149751=0xbeebbdf8.149751c1206004/149751=0x40b33f00.149751c1206005/149751=0x3c3f3cef.149751c1206006/149751=0xbd0f3b39. B[2511/2511!2511/2511!2511/2511.2511/2511.2511/2511.2511/2511.2511/2511.2511/2511.] p2l1:[0c0/0=0000000000.0c0/0=0000000000.0c0/0=0000000000.0c0/0=0000000000.0c0/0=0000000000.0c0/0=0000000000.0c0/0=0000000000.0c0/0=0000000000. B[2418/2418!2418/2418!2418/2418.2418/2418.2418/2418.2418/2418.2418/2418.2418/2418.]
2026-09-22 05:24:37.633 INFO  allreduce: rank 3 seq 1206379 bulk RS seg 1/5 tx 129278/129282 STALLED  p0:4/4 p1:4/4 p2:4/4
2026-09-22 05:24:38.131 INFO  hunt qp: rank 3 seq 1206379  p0l0[RTS sq_psn=15973374 rq_psn=15973374 ack_timeout=14 retry_cnt=7 rnr_retry=7 min_rnr=12 sq_draining=0] p0l1[RTS sq_psn=4660 rq_psn=4660 ack_timeout=14 retry_cnt=7 rnr_retry=7 min_rnr=12 sq_draining=0] p1l0[RTS sq_psn=15973374 rq_psn=15973374 ack_timeout=14 retry_cnt=7 rnr_retry=7 min_rnr=12 sq_draining=0] p1l1[RTS sq_psn=4660 rq_psn=4660 ack_timeout=14 retry_cnt=7 rnr_retry=7 min_rnr=12 sq_draining=0] p2l0[RTS sq_psn=15973374 rq_psn=15973374 ack_timeout=14 retry_cnt=7 rnr_retry=7 min_rnr=12 sq_draining=0] p2l1[RTS sq_psn=4660 rq_psn=4660 ack_timeout=14 retry_cnt=7 rnr_retry=7 min_rnr=12 sq_draining=0]
2026-09-22 05:24:38.131 INFO  allreduce: rank 3 seq 1206379 STALLED 3008ms posted=0x0 ctl(ready=0x0 done=0 status=0 gate(waits=0 spins=0) first_claim(cell=39 len=20480 seq=149751))  p0l0:[149751c1205999/149751=0xbe03bdf7.149751c1206000/149751=0x3e29bdc7.149751c1206001/149751=0xbc913c87.149751c1206002/149751=0xc10a3fae.149751c1206003/149751=0xbd703e44.149751c1206004/149751=0xbf2a3f7b.149751c1206005/149751=0xbcc4bc1d.149751c1206006/149751=0xbd973df2. B[3372/3372.3372/3372.3372/3371!3372/3371!3371/3371.3371/3371.3371/3371.3371/3371.] p0l1:[0c0/0=0000000000.0c0/0=0000000000.0c0/0=0000000000.0c0/0=0000000000.0c0/0=0000000000.0c0/0=0000000000.0c0/0=0000000000.0c0/0=0000000000. B[2442/2442.2442/2442.2442/2441!2442/2441!2441/2441.2441/2441.2441/2441.2441/2441.] p1l0:[149751c1205999/149751=0xbd01bb9e.149751c1206000/149751=0xbc37bcfb.149751c1206001/149751=0xbccf3d49.149751c1206002/149751=0x3c8fbce3.149751c1206003/149751=0x3f9ebe2c.149751c1206004/149751=0xbf58c00c.149751c1206005/149751=0x3e683ec1.149751c1206006/149751=0x3f75beb1. B[3000/3000.3000/3000.3000/2999!3000/2999!2999/2999.2999/2999.2999/2999.2999/2999.] p1l1:[0c0/0=0000000000.0c0/0=0000000000.0c0/0=0000000000.0c0/0=0000000000.0c0/0=0000000000.0c0/0=0000000000.0c0/0=0000000000.0c0/0=0000000000. B[2419/2418!2419/2418!2418/2418.2418/2418.2418/2418.2418/2418.2418/2418.2418/2418.] p2l0:[149751c1205999/149751=0x3d3b3bf9.149751c1206000/149751=0x3e12be18.149751c1206001/149751=0xbd883bd1.149751c1206002/149751=0x3c95bd0e.149751c1206003/149751=0xbeebbdf8.149751c1206004/149751=0x40b33f00.149751c1206005/149751=0x3c3f3cef.149751c1206006/149751=0xbd0f3b39. B[2511/2511!2511/2511!2511/2511.2511/2511.2511/2511.2511/2511.2511/2511.2511/2511.] p2l1:[0c0/0=0000000000.0c0/0=0000000000.0c0/0=0000000000.0c0/0=0000000000.0c0/0=0000000000.0c0/0=0000000000.0c0/0=0000000000.0c0/0=0000000000. B[2418/2418!2418/2418!2418/2418.2418/2418.2418/2418.2418/2418.2418/2418.2418/2418.]
2026-09-22 05:24:38.131 INFO  allreduce: rank 3 seq 1206379 bulk RS seg 1/5 tx 129278/129282 STALLED  p0:4/4 p1:4/4 p2:4/4
2026-09-22 05:24:38.632 INFO  hunt qp: rank 3 seq 1206379  p0l0[RTS sq_psn=15973374 rq_psn=15973374 ack_timeout=14 retry_cnt=7 rnr_retry=7 min_rnr=12 sq_draining=0] p0l1[RTS sq_psn=4660 rq_psn=4660 ack_timeout=14 retry_cnt=7 rnr_retry=7 min_rnr=12 sq_draining=0] p1l0[RTS sq_psn=15973374 rq_psn=15973374 ack_timeout=14 retry_cnt=7 rnr_retry=7 min_rnr=12 sq_draining=0] p1l1[RTS sq_psn=4660 rq_psn=4660 ack_timeout=14 retry_cnt=7 rnr_retry=7 min_rnr=12 sq_draining=0] p2l0[RTS sq_psn=15973374 rq_psn=15973374 ack_timeout=14 retry_cnt=7 rnr_retry=7 min_rnr=12 sq_draining=0] p2l1[RTS sq_psn=4660 rq_psn=4660 ack_timeout=14 retry_cnt=7 rnr_retry=7 min_rnr=12 sq_draining=0]
2026-09-22 05:24:38.632 INFO  allreduce: rank 3 seq 1206379 STALLED 3509ms posted=0x0 ctl(ready=0x0 done=0 status=0 gate(waits=0 spins=0) first_claim(cell=39 len=20480 seq=149751))  p0l0:[149751c1205999/149751=0xbe03bdf7.149751c1206000/149751=0x3e29bdc7.149751c1206001/149751=0xbc913c87.149751c1206002/149751=0xc10a3fae.149751c1206003/149751=0xbd703e44.149751c1206004/149751=0xbf2a3f7b.149751c1206005/149751=0xbcc4bc1d.149751c1206006/149751=0xbd973df2. B[3372/3372.3372/3372.3372/3371!3372/3371!3371/3371.3371/3371.3371/3371.3371/3371.] p0l1:[0c0/0=0000000000.0c0/0=0000000000.0c0/0=0000000000.0c0/0=0000000000.0c0/0=0000000000.0c0/0=0000000000.0c0/0=0000000000.0c0/0=0000000000. B[2442/2442.2442/2442.2442/2441!2442/2441!2441/2441.2441/2441.2441/2441.2441/2441.] p1l0:[149751c1205999/149751=0xbd01bb9e.149751c1206000/149751=0xbc37bcfb.149751c1206001/149751=0xbccf3d49.149751c1206002/149751=0x3c8fbce3.149751c1206003/149751=0x3f9ebe2c.149751c1206004/149751=0xbf58c00c.149751c1206005/149751=0x3e683ec1.149751c1206006/149751=0x3f75beb1. B[3000/3000.3000/3000.3000/2999!3000/2999!2999/2999.2999/2999.2999/2999.2999/2999.] p1l1:[0c0/0=0000000000.0c0/0=0000000000.0c0/0=0000000000.0c0/0=0000000000.0c0/0=0000000000.0c0/0=0000000000.0c0/0=0000000000.0c0/0=0000000000. B[2419/2418!2419/2418!2418/2418.2418/2418.2418/2418.2418/2418.2418/2418.2418/2418.] p2l0:[149751c1205999/149751=0x3d3b3bf9.149751c1206000/149751=0x3e12be18.149751c1206001/149751=0xbd883bd1.149751c1206002/149751=0x3c95bd0e.149751c1206003/149751=0xbeebbdf8.149751c1206004/149751=0x40b33f00.149751c1206005/149751=0x3c3f3cef.149751c1206006/149751=0xbd0f3b39. B[2511/2511!2511/2511!2511/2511.2511/2511.2511/2511.2511/2511.2511/2511.2511/2511.] p2l1:[0c0/0=0000000000.0c0/0=0000000000.0c0/0=0000000000.0c0/0=0000000000.0c0/0=0000000000.0c0/0=0000000000.0c0/0=0000000000.0c0/0=0000000000. B[2418/2418!2418/2418!2418/2418.2418/2418.2418/2418.2418/2418.2418/2418.2418/2418.]
2026-09-22 05:24:38.632 INFO  allreduce: rank 3 seq 1206379 bulk RS seg 1/5 tx 129278/129282 STALLED  p0:4/4 p1:4/4 p2:4/4
2026-09-22 05:24:38.751 ERROR bus lane to rank 2 lane 1 failed: wc status=12 (transport retry counter exceeded) opcode=52 vendor_err=129
2026-09-22 05:24:38.751 ERROR bus graph era failed: lane failed: wc status=12 (transport retry counter exceeded) opcode=52 vendor_err=129
2026-09-22 05:24:38.751 ERROR bus lane to rank 2 lane 0 failed: wc status=12 (transport retry counter exceeded) opcode=52 vendor_err=129
BKFIN rank=3 phase=0 seg=0 arrived=8/12 my_base=12 my_count=4 t_ms=9168667 poison=1 masks: k0=3 k1=3 k2=3 k3=3
BKVB r=3 v=0 base=26970 slots=8
BKVB r=3 v=1 base=19530 slots=8
BKVB r=3 v=2 base=23994 slots=8
BKVB r=3 v=3 base=19344 slots=8
BKVB r=3 v=4 base=20088 slots=8
BKVB r=3 v=5 base=19344 slots=8
BKVD r=3 v=0 d=3372,3372,3372,3372,3371,3371,3371,3371 a=3372,3372,3372,3372,3371,3371,3371,3371
BKVD r=3 v=1 d=2442,2442,2442,2442,2441,2441,2441,2441 a=2442,2442,2442,2442,2441,2441,2441,2441
BKVD r=3 v=2 d=3000,3000,3000,3000,2999,2999,2999,2999 a=3000,3000,3000,3000,2999,2999,2999,2999
BKVD r=3 v=3 d=2419,2419,2418,2418,2418,2418,2418,2418 a=2419,2419,2418,2418,2418,2418,2418,2418
BKVD r=3 v=4 d=2511,2511,2511,2511,2511,2511,2511,2511 a=2511,2511,2511,2511,2511,2511,2511,2511
BKVD r=3 v=5 d=2418,2418,2418,2418,2418,2418,2418,2418 a=2418,2418,2418,2418,2418,2418,2418,2418
BKSR r=3 v=0 sm=0,0,3372,3372,0,0,0,0 sa=0,0,3371,3371,0,0,0,0
BKSR r=3 v=1 sm=0,0,2442,2442,0,0,0,0 sa=0,0,2441,2441,0,0,0,0
BKSR r=3 v=2 sm=0,0,3000,3000,0,0,0,0 sa=0,0,2999,2999,0,0,0,0
BKSR r=3 v=3 sm=2419,2419,0,0,0,0,0,0 sa=2418,2418,0,0,0,0,0,0
BKSR r=3 v=4 sm=0,0,0,0,0,0,0,0 sa=0,0,0,0,0,0,0,0
BKSR r=3 v=5 sm=0,0,0,0,0,0,0,0 sa=0,0,0,0,0,0,0,0
BKCL r=3 i=0 c=2 seq=3372 j=26970 b=26970 k=0 acc=1
BKCL r=3 i=1 c=10 seq=2442 j=19530 b=19530 k=1 acc=1
BKCL r=3 i=2 c=3 seq=3372 j=26971 b=26970 k=2 acc=1
BKCL r=3 i=3 c=11 seq=2442 j=19531 b=19530 k=3 acc=1
BKCL r=3 i=4 c=18 seq=3000 j=23994 b=23994 k=0 acc=1
BKCL r=3 i=5 c=24 seq=2419 j=19344 b=19344 k=1 acc=1
BKCL r=3 i=6 c=19 seq=3000 j=23995 b=23994 k=2 acc=1
BKCL r=3 i=7 c=25 seq=2419 j=19345 b=19344 k=3 acc=1
2026-09-22 05:24:38.823 INFO  rank 3: graph engine sampling summary — 0 sampled decode steps, 0 served by the exact gather fallback (0.0%), 128 candidates per rank
2026-09-22 05:24:40.362 ERROR serve: boundary reduce (boundary bulk): bus lane to rank 2 lane 1 failed: wc status=12 (transport retry counter exceeded) opcode=52 vendor_err=129
