2026-09-22 03:18:04.978 INFO  dgpp-serve 0.1.0+ga3ed8994a34c (git a3ed8994a34c)
2026-09-22 03:18:04.978 INFO  config /tmp/bus4/deployments/2d0321ed68f3c539/cluster.json: model nvidia/GLM-4.7-NVFP4, world 4, rank 1, http :18080, fabric :29970, journal :29971
2026-09-22 03:18:04.978 INFO  model nvidia/GLM-4.7-NVFP4 -> /home/stephen/.cache/huggingface/hub/models--nvidia--GLM-4.7-NVFP4/snapshots/47fa7dc885a174b67af8eb53d3cd4f9c72f0fbf7
2026-09-22 03:18:04.979 INFO  journal: connected to rank 0 at 192.168.88.11:29971 (120000 attempt window)
2026-09-22 03:18:05.017 INFO  rank 1: settings from rank 0: model=nvidia/GLM-4.7-NVFP4 world=4 fabric=29970 journal=29971 conc=4 kv=262144 kvdt=bf16 ngt=resident dw=checkpoint bfw=bf12+bf16 fp8head=gemv pf=bounded emsh=replicated maxtok=256 queue=8 eos=1 graph=1 compact=0 mtp=1 mtpd=1 mss=0 msrow=8 msbase=28 mslam=0 msmin=1 msad=1 batchmin=2 cand=128 pcgib=1.5 adm=full win=256 pfbudget=0 pfidle=0 pace=-1 inflight=-1 reasoning_in_content=0 rs=off
2026-09-22 03:18:05.017 INFO  config: model=nvidia/GLM-4.7-NVFP4 world=4 fabric=29970 journal=29971 conc=4 kv=262144 kvdt=bf16 ngt=resident dw=checkpoint bfw=bf12+bf16 fp8head=gemv pf=bounded emsh=replicated maxtok=256 queue=8 eos=1 graph=1 compact=0 mtp=1 mtpd=1 mss=0 msrow=8 msbase=28 mslam=0 msmin=1 msad=1 batchmin=2 cand=128 pcgib=1.5 adm=full win=256 pfbudget=0 pfidle=0 pace=-1 inflight=-1 reasoning_in_content=0 rs=off (digest 332da49f875e276c)
2026-09-22 03:18:05.138 INFO  serve: model family glm4_moe (/home/stephen/.cache/huggingface/hub/models--nvidia--GLM-4.7-NVFP4/snapshots/47fa7dc885a174b67af8eb53d3cd4f9c72f0fbf7)
2026-09-22 03:18:05.138 INFO  serve: decode rows 8 (4 slot(s) x 2 row(s) per request, floor 8, the glm4_moe family's cap 32)
2026-09-22 03:18:05.147 WARN  generation config /home/stephen/.cache/huggingface/hub/models--nvidia--GLM-4.7-NVFP4/snapshots/47fa7dc885a174b67af8eb53d3cd4f9c72f0fbf7/generation_config.json omits top_p, top_k, min_p, repetition_penalty; using greedy-safe/neutral fallbacks for those fields
2026-09-22 03:18:05.147 INFO  generation defaults: temperature=1 top_p=1 top_k=0 min_p=0 repetition_penalty=1
2026-09-22 03:18:05.147 INFO  serve: sampling defaults temperature 1 top_p 1 top_k 0 min_p 0 repetition_penalty 1 (from generation_config.json; overrides: none)
2026-09-22 03:18:05.147 INFO  serve: request context limit 262144 tokens (the 262144-token K/V pool from engine.kv_capacity 262144; this family states no positional ceiling of its own)
2026-09-22 03:18:05.147 INFO  rank 1: prefix cache plan — 1.5 GiB budget, 4096 slots of 0.010 MiB, 0.039 GiB allocated; cached K/V blocks share the 262144-token pool
2026-09-22 03:18:05.293 INFO  tokenizer: loaded vocab 151329 merges 318088 added 36 (revision 0x1298f37cacbfb539; glm pattern, no normalizer, ignore_merges true)
2026-09-22 03:18:05.302 INFO  serve: grammar vocabulary built (151552 ids, tool markers present, call-turn EOS 151338)
2026-09-22 03:18:05.399 INFO  serve: JSON grammar tables built in 0.10 s
2026-09-22 03:18:05.631 INFO  bus: globaltimer offset 8021769407 ns (+-2 us)
2026-09-22 03:18:05.641 INFO  verbs: device roceP2p1s0f0 port 1 gid_index 3
2026-09-22 03:18:05.651 INFO  verbs: device rocep1s0f0 port 1 gid_index 3
2026-09-22 03:18:06.746 INFO  bus: rank 1 up — 3 peer(s) x 2 lane(s), lat 8x81920B, bulk 8x262144B, bulk pace 28.3 Gb/s per QP, window 4 per lane
2026-09-22 03:18:06.746 INFO  rank 1: boundary reducer host-driven
2026-09-22 03:18:06.858 INFO  rank 1: process memory locked (mlockall MCL_CURRENT, 14512 MiB)
2026-09-22 03:18:06.858 INFO  rank 1: resident image cache at /home/stephen/.cache/dgpp/resident
2026-09-22 03:18:06.859 INFO  bus engine: rank 1 pinned to cpu 19
2026-09-22 03:18:06.933 INFO  rank 1: memory plan for a 202752-token context — model weights (resident) 52.79 GiB; loader staging (pinned host, freed when the last layer is resident) 1.81 GiB (1.81 GiB pinned); bf16 decode packing (12-bit companions) 4.89 GiB; gemm workspace (at least) 0.06 GiB; kv cache pool (K/V bf16, the draft layer's included) 23.25 GiB; activations (session core, residual, block io, route staging) 0.38 GiB (0.01 GiB pinned); layer objects (attention, dense MLP) 0.11 GiB; moe scratch (routed slots, shared expert, graph tables) 0.62 GiB (0.00 GiB pinned); draft block (gathered hidden, the fused input, its residual) 0.08 GiB; prefix cache 0.04 GiB; engine 0.07 GiB
2026-09-22 03:18:06.933 INFO  rank 1: memory plan total 84.10 GiB (82.17 GiB device + 1.93 GiB pinned) + 4.00 GiB headroom against 116.77 GiB free (device free 108.00 GiB of 121.69 GiB, host available 116.77 GiB)
2026-09-22 03:18:06.933 INFO  memory ledger: rank 1 after the plan check — rss 1.14 GiB (anon 0.41, shmem 0.09, file 0.64; locked 14.17); device free 108.00 GiB, node available 116.77 GiB
2026-09-22 03:18:06.933 INFO  memory ledger: rank 1 after the bus — rss 1.14 GiB (anon 0.41, shmem 0.09, file 0.64; locked 14.17); device free 108.00 GiB, node available 116.77 GiB
2026-09-22 03:18:07.405 INFO  glm4 loader: rank 1 resident footprint 52.8 GiB; device free 107.9 of 121.7 GiB, host available 116.7 GiB
2026-09-22 03:18:08.307 INFO  glm4 loader: rank 1 resident image /home/stephen/.cache/dgpp/resident/aace46342d28f8c8.img — 93/93 layers present, direct I/O
2026-09-22 03:18:08.321 INFO  l2 prefetch: on, window budget 12 MiB, boundary rate light, layer rate light
2026-09-22 03:18:10.757 INFO  memory ledger: rank 1 after the model — rss 4.88 GiB (anon 0.49, shmem 1.91, file 2.48; locked 14.17); device free 78.32 GiB, node available 88.92 GiB
2026-09-22 03:18:10.757 INFO  rank 1: model constructed in 3.8s (resident, 4 request slots, 262144-token pool in bf16, 2048-row forwards)
2026-09-22 03:18:10.757 INFO  rank 1: prefix cache on — 4096 snapshot slot(s) of 0.0 MiB (1.50 GiB asked)
2026-09-22 03:18:10.760 INFO  rank 1: graph engine samples on the device — 128 candidates per rank (8 rows x 4 ranks in a 81920-byte latency slot; the planned width is 128); constrained decoding available
2026-09-22 03:18:10.818 INFO  memory ledger: rank 1 after the graph engine — rss 4.88 GiB (anon 0.49, shmem 1.91, file 2.48; locked 14.17); device free 78.28 GiB, node available 88.87 GiB
2026-09-22 03:18:10.849 INFO  allreduce: device clock rate 2418000 kHz (stamps conversion)
2026-09-22 03:18:10.849 INFO  allreduce: rank 1 seq 1 launched (3 peers)
2026-09-22 03:18:10.849 INFO  allreduce: rank 1 seq 1 ready after 24.4us
2026-09-22 03:18:11.356 INFO  hunt qp: rank 1 seq 1  p0l0[RTS sq_psn=4672 rq_psn=4672 ack_timeout=14 retry_cnt=7 rnr_retry=7 min_rnr=12 sq_draining=0] p0l1[RTS sq_psn=4660 rq_psn=4660 ack_timeout=14 retry_cnt=7 rnr_retry=7 min_rnr=12 sq_draining=0] p2l0[RTS sq_psn=4672 rq_psn=4672 ack_timeout=14 retry_cnt=7 rnr_retry=7 min_rnr=12 sq_draining=0] p2l1[RTS sq_psn=4660 rq_psn=4660 ack_timeout=14 retry_cnt=7 rnr_retry=7 min_rnr=12 sq_draining=0] p3l0[RTS sq_psn=4671 rq_psn=4660 ack_timeout=14 retry_cnt=7 rnr_retry=7 min_rnr=12 sq_draining=0] p3l1[RTS sq_psn=4660 rq_psn=4660 ack_timeout=14 retry_cnt=7 rnr_retry=7 min_rnr=12 sq_draining=0]
2026-09-22 03:18:11.356 INFO  allreduce: rank 1 seq 1 STALLED 507ms posted=0x7 ctl(ready=0x7 done=0 status=0 gate(waits=0 spins=0) first_claim(cell=0 len=40960 seq=1))  p0l0:[1c1/1=0x39e23b39.0c0/0=0000000000.0c0/0=0000000000.0c0/0=0000000000.0c0/0=0000000000.0c0/0=0000000000.0c0/0=0000000000.0c0/0=0000000000. B[0/0.0/0.0/0.0/0.0/0.0/0.0/0.0/0.] p0l1:[0c0/0=0000000000.0c0/0=0000000000.0c0/0=0000000000.0c0/0=0000000000.0c0/0=0000000000.0c0/0=0000000000.0c0/0=0000000000.0c0/0=0000000000. B[0/0.0/0.0/0.0/0.0/0.0/0.0/0.0/0.] p2l0:[1c1/1=0x39b33aa4.0c0/0=0000000000.0c0/0=0000000000.0c0/0=0000000000.0c0/0=0000000000.0c0/0=0000000000.0c0/0=0000000000.0c0/0=0000000000. B[0/0.0/0.0/0.0/0.0/0.0/0.0/0.0/0.] p2l1:[0c0/0=0000000000.0c0/0=0000000000.0c0/0=0000000000.0c0/0=0000000000.0c0/0=0000000000.0c0/0=0000000000.0c0/0=0000000000.0c0/0=0000000000. B[0/0.0/0.0/0.0/0.0/0.0/0.0/0.0/0.] p3l0:[0c0/0=0000000000!0c0/0=0000000000.0c0/0=0000000000.0c0/0=0000000000.0c0/0=0000000000.0c0/0=0000000000.0c0/0=0000000000.0c0/0=0000000000. B[0/0.0/0.0/0.0/0.0/0.0/0.0/0.0/0.] p3l1:[0c0/0=0000000000.0c0/0=0000000000.0c0/0=0000000000.0c0/0=0000000000.0c0/0=0000000000.0c0/0=0000000000.0c0/0=0000000000.0c0/0=0000000000. B[0/0.0/0.0/0.0/0.0/0.0/0.0/0.0/0.]
2026-09-22 03:18:11.356 INFO  kernel claim: rank 1 seq 1 rec0 peer 0 lane 0 slot 0 door(seq=1 len=40960 ctl=1 hash=0x2ddbb8e98ce25800) pay(w0=0x39e23b39 w1=0x3a88b9e9 w2=0xb85d3a92 w3=0xba583a23 w4=0x3b143aba w5=0x3a503a41 w6=0x3893ba51 w7=0x399739b3) folded16=0x7f90c17edd5ffca8
2026-09-22 03:18:11.356 INFO  kernel claim: rank 1 seq 1 rec1 peer 2 lane 0 slot 0 door(seq=1 len=40960 ctl=1 hash=0x94603864c2980c00) pay(w0=0x39b33aa4 w1=0xba08ba17 w2=0xbac53a4d w3=0xba8c38a3 w4=0x3a0c3a4e w5=0xbb0bbad9 w6=0x3b033ad0 w7=0x3b213a8e) folded16=0x5f50ab84fdf2854e
2026-09-22 03:18:11.487 INFO  allreduce: rank 1 seq 1 done status=0 after 637985.8us
2026-09-22 03:18:11.517 INFO  allreduce: rank 1 seq 2 launched (3 peers)
2026-09-22 03:18:11.517 INFO  allreduce: rank 1 seq 2 ready after 12.0us
2026-09-22 03:18:11.517 INFO  allreduce: rank 1 seq 2 done status=0 after 523.5us
2026-09-22 03:18:11.540 INFO  allreduce: rank 1 seq 3 launched (3 peers)
2026-09-22 03:18:11.540 INFO  allreduce: rank 1 seq 3 ready after 24.8us
2026-09-22 03:18:11.541 INFO  allreduce: rank 1 seq 3 done status=0 after 1227.1us
2026-09-22 03:18:11.542 INFO  allreduce: rank 1 seq 4 launched (3 peers)
2026-09-22 03:18:11.542 INFO  allreduce: rank 1 seq 4 ready after 18.3us
2026-09-22 03:18:11.542 INFO  allreduce: rank 1 seq 4 done status=0 after 62.6us
2026-09-22 03:18:11.555 INFO  allreduce: rank 1 seq 5 launched (3 peers)
2026-09-22 03:18:11.555 INFO  allreduce: rank 1 seq 5 ready after 24.7us
2026-09-22 03:18:11.563 INFO  allreduce: rank 1 seq 5 done status=0 after 8725.5us
2026-09-22 03:18:11.564 INFO  allreduce: rank 1 seq 6 launched (3 peers)
2026-09-22 03:18:11.564 INFO  allreduce: rank 1 seq 6 ready after 18.0us
2026-09-22 03:18:11.564 INFO  allreduce: rank 1 seq 6 done status=0 after 138.3us
2026-09-22 03:18:11.664 INFO  allreduce: rank 1 seq 7 launched (3 peers)
2026-09-22 03:18:11.664 INFO  allreduce: rank 1 seq 7 ready after 22.2us
2026-09-22 03:18:11.722 INFO  allreduce: rank 1 seq 7 done status=0 after 57646.6us
2026-09-22 03:18:11.723 INFO  allreduce: rank 1 seq 8 launched (3 peers)
2026-09-22 03:18:11.723 INFO  allreduce: rank 1 seq 8 ready after 21.6us
2026-09-22 03:18:11.723 INFO  allreduce: rank 1 seq 8 done status=0 after 343.0us
2026-09-22 03:18:11.810 INFO  allreduce: rank 1 seq 9 launched (3 peers)
2026-09-22 03:18:11.810 INFO  allreduce: rank 1 seq 9 ready after 24.7us
2026-09-22 03:18:11.858 INFO  allreduce: rank 1 seq 9 done status=0 after 47529.4us
2026-09-22 03:18:11.858 INFO  allreduce: rank 1 seq 10 launched (3 peers)
2026-09-22 03:18:11.858 INFO  allreduce: rank 1 seq 10 ready after 21.0us
2026-09-22 03:18:11.859 INFO  allreduce: rank 1 seq 10 done status=0 after 418.2us
2026-09-22 03:18:11.937 INFO  allreduce: rank 1 seq 11 launched (3 peers)
2026-09-22 03:18:11.937 INFO  allreduce: rank 1 seq 11 ready after 26.3us
2026-09-22 03:18:11.993 INFO  allreduce: rank 1 seq 11 done status=0 after 55491.1us
2026-09-22 03:18:11.993 INFO  allreduce: rank 1 seq 12 launched (3 peers)
2026-09-22 03:18:11.993 INFO  allreduce: rank 1 seq 12 ready after 20.7us
2026-09-22 03:18:11.994 INFO  allreduce: rank 1 seq 12 done status=0 after 458.5us
2026-09-22 03:18:12.072 INFO  allreduce: rank 1 seq 13 launched (3 peers)
2026-09-22 03:18:12.073 INFO  allreduce: rank 1 seq 13 ready after 24.0us
2026-09-22 03:18:12.131 INFO  allreduce: rank 1 seq 13 done status=0 after 58976.8us
2026-09-22 03:18:12.132 INFO  allreduce: rank 1 seq 14 launched (3 peers)
2026-09-22 03:18:12.132 INFO  allreduce: rank 1 seq 14 ready after 21.1us
2026-09-22 03:18:12.132 INFO  allreduce: rank 1 seq 14 done status=0 after 284.9us
2026-09-22 03:18:12.217 INFO  allreduce: rank 1 seq 15 launched (3 peers)
2026-09-22 03:18:12.217 INFO  allreduce: rank 1 seq 15 ready after 21.5us
2026-09-22 03:18:12.267 INFO  allreduce: rank 1 seq 15 done status=0 after 50356.6us
2026-09-22 03:18:12.268 INFO  allreduce: rank 1 seq 16 launched (3 peers)
2026-09-22 03:18:12.268 INFO  allreduce: rank 1 seq 16 ready after 18.9us
2026-09-22 03:18:12.268 INFO  allreduce: rank 1 seq 16 done status=0 after 523.4us
2026-09-22 03:18:25.723 INFO  rank 1 bf12: 374 decode matrices packed (6.36 GiB of bf16 -> 4.78 GiB, 521774 escapes, widest row 9, 0 rows kept raw; 0 matrices kept bf16) in 1.8 s
2026-09-22 03:18:25.728 INFO  bus graph era: variant 0 recorded with 188 collective node(s)
2026-09-22 03:18:25.728 INFO  rank 1: graph variant 0 shape: 2164 nodes, 2350 edges: kernel 2164 empty 0 memcpy 0 memset 0 host 0 event 0 other 0; max in-degree 2
2026-09-22 03:18:25.733 INFO  rank 1: graph variant 0 instantiated — 14.0 MiB of device memory (20.6 GiB free)
2026-09-22 03:18:25.735 INFO  bus graph era: variant 1 recorded with 188 collective node(s)
2026-09-22 03:18:25.735 INFO  rank 1: graph variant 1 shape: 2164 nodes, 2350 edges: kernel 2164 empty 0 memcpy 0 memset 0 host 0 event 0 other 0; max in-degree 2
2026-09-22 03:18:25.745 INFO  rank 1: graph variant 1 instantiated — 19.7 MiB of device memory (20.6 GiB free)
2026-09-22 03:18:25.745 INFO  rank 1: serving scalar graph variants 0/1 captured for request slot 0 (2 rows, MTP)
2026-09-22 03:18:25.747 INFO  bus graph era: variant 8 recorded with 188 collective node(s)
2026-09-22 03:18:25.747 INFO  rank 1: graph variant 8 shape: 2165 nodes, 2351 edges: kernel 2165 empty 0 memcpy 0 memset 0 host 0 event 0 other 0; max in-degree 2
2026-09-22 03:18:25.755 INFO  rank 1: graph variant 8 instantiated — 30.6 MiB of device memory (20.6 GiB free)
2026-09-22 03:18:25.757 INFO  bus graph era: variant 9 recorded with 188 collective node(s)
2026-09-22 03:18:25.757 INFO  rank 1: graph variant 9 shape: 2165 nodes, 2351 edges: kernel 2165 empty 0 memcpy 0 memset 0 host 0 event 0 other 0; max in-degree 2
2026-09-22 03:18:25.766 INFO  rank 1: graph variant 9 instantiated — 30.3 MiB of device memory (20.5 GiB free)
2026-09-22 03:18:25.766 INFO  rank 1: serving row-batched graph variants 8/9 captured for 2 slots x 2 rows = 4 fixed rows, MTP (a batch is selected at 2+ live requests, the smallest that covers the live slots)
2026-09-22 03:18:25.768 INFO  bus graph era: variant 10 recorded with 188 collective node(s)
2026-09-22 03:18:25.768 INFO  rank 1: graph variant 10 shape: 2175 nodes, 2361 edges: kernel 2175 empty 0 memcpy 0 memset 0 host 0 event 0 other 0; max in-degree 2
2026-09-22 03:18:25.776 INFO  rank 1: graph variant 10 instantiated — 29.7 MiB of device memory (20.5 GiB free)
2026-09-22 03:18:25.778 INFO  bus graph era: variant 11 recorded with 188 collective node(s)
2026-09-22 03:18:25.778 INFO  rank 1: graph variant 11 shape: 2175 nodes, 2361 edges: kernel 2175 empty 0 memcpy 0 memset 0 host 0 event 0 other 0; max in-degree 2
2026-09-22 03:18:25.787 INFO  rank 1: graph variant 11 instantiated — 30.1 MiB of device memory (20.5 GiB free)
2026-09-22 03:18:25.787 INFO  rank 1: serving row-batched graph variants 10/11 captured for 3 slots x 2 rows = 6 fixed rows, MTP (a batch is selected at 2+ live requests, the smallest that covers the live slots)
2026-09-22 03:18:25.788 INFO  bus graph era: variant 12 recorded with 188 collective node(s)
2026-09-22 03:18:25.789 INFO  rank 1: graph variant 12 shape: 2176 nodes, 2362 edges: kernel 2176 empty 0 memcpy 0 memset 0 host 0 event 0 other 0; max in-degree 2
2026-09-22 03:18:25.797 INFO  rank 1: graph variant 12 instantiated — 30.1 MiB of device memory (20.5 GiB free)
2026-09-22 03:18:25.798 INFO  bus graph era: variant 13 recorded with 188 collective node(s)
2026-09-22 03:18:25.799 INFO  rank 1: graph variant 13 shape: 2176 nodes, 2362 edges: kernel 2176 empty 0 memcpy 0 memset 0 host 0 event 0 other 0; max in-degree 2
2026-09-22 03:18:25.807 INFO  rank 1: graph variant 13 instantiated — 32.3 MiB of device memory (20.4 GiB free)
2026-09-22 03:18:25.807 INFO  rank 1: serving row-batched graph variants 12/13 captured for 4 slots x 2 rows = 8 fixed rows, MTP (a batch is selected at 2+ live requests, the smallest that covers the live slots)
2026-09-22 03:18:25.904 INFO  bus graph era: variant 2 recorded with 188 collective node(s)
2026-09-22 03:18:25.904 INFO  rank 1: graph variant 2 shape: 2164 nodes, 2350 edges: kernel 2164 empty 0 memcpy 0 memset 0 host 0 event 0 other 0; max in-degree 2
2026-09-22 03:18:25.912 INFO  rank 1: graph variant 2 instantiated — 27.6 MiB of device memory (20.4 GiB free)
2026-09-22 03:18:25.914 INFO  bus graph era: variant 3 recorded with 188 collective node(s)
2026-09-22 03:18:25.914 INFO  rank 1: graph variant 3 shape: 2164 nodes, 2350 edges: kernel 2164 empty 0 memcpy 0 memset 0 host 0 event 0 other 0; max in-degree 2
2026-09-22 03:18:25.923 INFO  rank 1: graph variant 3 instantiated — 30.6 MiB of device memory (20.4 GiB free)
2026-09-22 03:18:25.923 INFO  rank 1: serving scalar graph variants 2/3 captured for request slot 1 (2 rows, MTP)
2026-09-22 03:18:26.020 INFO  bus graph era: variant 4 recorded with 188 collective node(s)
2026-09-22 03:18:26.021 INFO  rank 1: graph variant 4 shape: 2164 nodes, 2350 edges: kernel 2164 empty 0 memcpy 0 memset 0 host 0 event 0 other 0; max in-degree 2
2026-09-22 03:18:26.029 INFO  rank 1: graph variant 4 instantiated — 31.4 MiB of device memory (20.3 GiB free)
2026-09-22 03:18:26.031 INFO  bus graph era: variant 5 recorded with 188 collective node(s)
2026-09-22 03:18:26.031 INFO  rank 1: graph variant 5 shape: 2164 nodes, 2350 edges: kernel 2164 empty 0 memcpy 0 memset 0 host 0 event 0 other 0; max in-degree 2
2026-09-22 03:18:26.040 INFO  rank 1: graph variant 5 instantiated — 30.3 MiB of device memory (20.3 GiB free)
2026-09-22 03:18:26.040 INFO  rank 1: serving scalar graph variants 4/5 captured for request slot 2 (2 rows, MTP)
2026-09-22 03:18:26.137 INFO  bus graph era: variant 6 recorded with 188 collective node(s)
2026-09-22 03:18:26.137 INFO  rank 1: graph variant 6 shape: 2164 nodes, 2350 edges: kernel 2164 empty 0 memcpy 0 memset 0 host 0 event 0 other 0; max in-degree 2
2026-09-22 03:18:26.145 INFO  rank 1: graph variant 6 instantiated — 28.4 MiB of device memory (20.3 GiB free)
2026-09-22 03:18:26.147 INFO  bus graph era: variant 7 recorded with 188 collective node(s)
2026-09-22 03:18:26.147 INFO  rank 1: graph variant 7 shape: 2164 nodes, 2350 edges: kernel 2164 empty 0 memcpy 0 memset 0 host 0 event 0 other 0; max in-degree 2
2026-09-22 03:18:26.156 INFO  rank 1: graph variant 7 instantiated — 30.2 MiB of device memory (20.2 GiB free)
2026-09-22 03:18:26.156 INFO  rank 1: serving scalar graph variants 6/7 captured for request slot 3 (2 rows, MTP)
2026-09-22 03:18:26.156 INFO  rank 1: warm capture complete — 4 scalar variants and the row batches for 2 slots, 3 slots, 4 slots recorded before the first request
2026-09-22 03:18:26.156 INFO  memory ledger: rank 1 after the warm capture — rss 5.12 GiB (anon 0.71, shmem 1.92, file 2.48; locked 14.16); device free 20.24 GiB, node available 30.84 GiB
2026-09-22 03:18:26.156 INFO  rank 1: graph variants warm-captured in 15.34s
2026-09-22 03:18:26.156 INFO  rank 1: following rank 0's journal (admission full, window 256)
2026-09-22 03:18:28.837 INFO  sched: request 'chatcmpl-e0d665f0703c7bc9' prefix cache miss — 2 cut(s), the cache is empty
2026-09-22 03:18:28.837 INFO  sched: request 'chatcmpl-e0d665f0703c7bc9' admitted to slot 0 (reserve 2 blocks; pool 3/4096 blocks in use) — first token 2
2026-09-22 03:18:30.720 INFO  sched: request 'chatcmpl-e0d665f0703c7bc9' retired (steps): 64 tok in 1.9 s — prefill 55 tok (0 cached) in 746 ms; decode 63 tok / 35 passes in 1.1 s: 55.4 tok/s, 18.1 ms/tok, 33 ms/pass, 1.80 tok/pass, accept p1 80 %
2026-09-22 03:18:31.138 INFO  sched: request 'chatcmpl-e0d665f0703c7bca' prefix cache miss — 2 cut(s) probed against 2 entries; the nearest entry (position 118) shares the first 5 of the prompt's 30 tokens (the prompt differs from it from that token on)
2026-09-22 03:18:31.138 INFO  sched: request 'chatcmpl-e0d665f0703c7bca' admitted to slot 0 (reserve 5 blocks; pool 9/4096 blocks in use) — first token 785
2026-09-22 03:18:36.364 INFO  stats: rank 1 | 10.0 s | decode 25.6 tok/s, 27.1 ms/tok, 51.8 ms/step (134 steps / 256 tok, 69 % of wall) | mtp 1.91 tok/step/req, accept p1 90 % | prefill 2 prompts / 85 tok, 8 tok/s, 13.43 ms/tok, 571 ms avg (11 % of wall), 0 tok cached (0/2 hits) | live 1, queued 0 | pool 10/4096 blocks (0 %) | prefix cache 3/4096 entries
2026-09-22 03:18:38.281 INFO  sched: request 'chatcmpl-e0d665f0703c7bca' retired (steps): 256 tok in 7.1 s — prefill 30 tok (0 cached) in 395 ms; decode 255 tok / 135 passes in 6.7 s: 37.8 tok/s, 26.5 ms/tok, 50 ms/pass, 1.89 tok/pass, accept p1 89 %
2026-09-22 03:18:38.382 INFO  sched: request 'chatcmpl-e0d665f0703c7bcb' admitted to slot 0 (reserve 5 blocks; pool 14/4096 blocks in use) — first token 785
2026-09-22 03:18:45.520 INFO  sched: request 'chatcmpl-e0d665f0703c7bcb' retired (steps): 256 tok in 7.1 s — prefill 30 tok (28 cached) in 90 ms; decode 255 tok / 135 passes in 7.0 s: 36.2 tok/s, 27.6 ms/tok, 52 ms/pass, 1.89 tok/pass, accept p1 89 %
2026-09-22 03:18:45.626 INFO  sched: request 'chatcmpl-e0d665f0703c7bcc' admitted to slot 0 (reserve 5 blocks; pool 14/4096 blocks in use) — first token 785
2026-09-22 03:18:46.376 INFO  stats: rank 1 | 10.0 s | decode 34.7 tok/s, 27.6 ms/tok, 51.7 ms/step (185 steps / 347 tok, 96 % of wall) | mtp 1.88 tok/step/req, accept p1 86 % | prefill 2 prompts / 4 tok, 0 tok/s, 45.01 ms/tok, 90 ms avg (2 % of wall), 56 tok cached (2/2 hits) | live 1, queued 0 | pool 15/4096 blocks (0 %) | prefix cache 4/4096 entries
2026-09-22 03:18:52.773 INFO  sched: request 'chatcmpl-e0d665f0703c7bcc' retired (steps): 256 tok in 7.1 s — prefill 30 tok (28 cached) in 90 ms; decode 255 tok / 135 passes in 7.1 s: 36.1 tok/s, 27.7 ms/tok, 52 ms/pass, 1.89 tok/pass, accept p1 89 %
2026-09-22 03:18:53.194 INFO  sched: request 'chatcmpl-e0d665f0703c7bcd' prefix cache miss — 2 cut(s) probed against 4 entries; the nearest entry (position 285) shares the first 11 of the prompt's 29 tokens (the prompt differs from it from that token on)
2026-09-22 03:18:53.194 INFO  sched: request 'chatcmpl-e0d665f0703c7bcd' admitted to slot 0 (reserve 5 blocks; pool 15/4096 blocks in use) — first token 785
2026-09-22 03:18:53.643 INFO  sched: request 'chatcmpl-e0d665f0703c7bce' prefix cache miss — 2 cut(s) probed against 5 entries; the nearest entry (position 285) shares the first 11 of the prompt's 29 tokens (the prompt differs from it from that token on)
2026-09-22 03:18:53.643 INFO  sched: request 'chatcmpl-e0d665f0703c7bce' admitted to slot 1 (reserve 5 blocks; pool 22/4096 blocks in use) — first token 785
2026-09-22 03:18:56.428 INFO  stats: rank 1 | 10.1 s | decode 36.9 tok/s, 24.3 ms/tok, 56.1 ms/step (161 steps / 371 tok, 90 % of wall) | mtp 1.85 tok/step/req, accept p1 84 % | prefill 2 prompts / 58 tok, 6 tok/s, 13.58 ms/tok, 394 ms avg (8 % of wall), 0 tok cached (0/2 hits) | live 2, queued 0 | pool 23/4096 blocks (1 %) | prefix cache 6/4096 entries
2026-09-22 03:19:03.829 INFO  sched: request 'chatcmpl-e0d665f0703c7bce' retired (steps): 256 tok in 10.2 s — prefill 29 tok (0 cached) in 393 ms; decode 255 tok / 142 passes in 9.8 s: 26.0 tok/s, 38.4 ms/tok, 69 ms/pass, 1.80 tok/pass, accept p1 80 %
2026-09-22 03:19:03.830 INFO  sched: request 'chatcmpl-e0d665f0703c7bcd' retired (steps): 256 tok in 10.6 s — prefill 29 tok (0 cached) in 395 ms; decode 255 tok / 143 passes in 10.2 s: 24.9 tok/s, 40.2 ms/tok, 72 ms/pass, 1.78 tok/pass, accept p1 78 %
2026-09-22 03:19:03.948 INFO  sched: request 'chatcmpl-e0d665f0703c7bcf' admitted to slot 0 (reserve 5 blocks; pool 26/4096 blocks in use) — first token 785
2026-09-22 03:19:04.093 INFO  sched: request 'chatcmpl-e0d665f0703c7bd0' admitted to slot 1 (reserve 5 blocks; pool 32/4096 blocks in use) — first token 785
2026-09-22 03:19:06.467 INFO  stats: rank 1 | 10.0 s | decode 48.8 tok/s, 19.6 ms/tok, 70.0 ms/step (137 steps / 490 tok, 96 % of wall) | mtp 1.79 tok/step/req, accept p1 79 % | prefill 2 prompts / 4 tok, 0 tok/s, 44.89 ms/tok, 90 ms avg (2 % of wall), 54 tok cached (2/2 hits) | live 2, queued 0 | pool 33/4096 blocks (1 %) | prefix cache 8/4096 entries
2026-09-22 03:19:14.238 INFO  sched: request 'chatcmpl-e0d665f0703c7bcf' retired (steps): 256 tok in 10.3 s — prefill 29 tok (27 cached) in 91 ms; decode 255 tok / 142 passes in 10.2 s: 25.0 tok/s, 40.0 ms/tok, 72 ms/pass, 1.80 tok/pass, accept p1 80 %
2026-09-22 03:19:14.347 INFO  sched: request 'chatcmpl-e0d665f0703c7bd0' retired (steps): 256 tok in 10.3 s — prefill 29 tok (27 cached) in 89 ms; decode 255 tok / 143 passes in 10.2 s: 25.1 tok/s, 39.9 ms/tok, 71 ms/pass, 1.78 tok/pass, accept p1 78 %
2026-09-22 03:19:14.459 INFO  sched: request 'chatcmpl-e0d665f0703c7bd1' admitted to slot 0 (reserve 5 blocks; pool 26/4096 blocks in use) — first token 785
2026-09-22 03:19:14.606 INFO  sched: request 'chatcmpl-e0d665f0703c7bd2' admitted to slot 1 (reserve 5 blocks; pool 32/4096 blocks in use) — first token 785
2026-09-22 03:19:16.533 INFO  stats: rank 1 | 10.1 s | decode 48.7 tok/s, 19.6 ms/tok, 69.7 ms/step (138 steps / 490 tok, 96 % of wall) | mtp 1.79 tok/step/req, accept p1 79 % | prefill 2 prompts / 4 tok, 0 tok/s, 44.91 ms/tok, 90 ms avg (2 % of wall), 54 tok cached (2/2 hits) | live 2, queued 0 | pool 33/4096 blocks (1 %) | prefix cache 8/4096 entries
2026-09-22 03:19:24.832 INFO  sched: request 'chatcmpl-e0d665f0703c7bd2' retired (steps): 256 tok in 10.2 s — prefill 29 tok (27 cached) in 90 ms; decode 255 tok / 142 passes in 10.1 s: 25.2 tok/s, 39.8 ms/tok, 71 ms/pass, 1.80 tok/pass, accept p1 80 %
2026-09-22 03:19:24.833 INFO  sched: request 'chatcmpl-e0d665f0703c7bd1' retired (steps): 256 tok in 10.4 s — prefill 29 tok (27 cached) in 90 ms; decode 255 tok / 143 passes in 10.3 s: 24.8 tok/s, 40.3 ms/tok, 72 ms/pass, 1.78 tok/pass, accept p1 78 %
2026-09-22 03:19:25.236 INFO  sched: request 'chatcmpl-e0d665f0703c7bd3' prefix cache miss — 2 cut(s) probed against 8 entries; the nearest entry (position 285) shares the first 3 of the prompt's 24 tokens (the prompt differs from it from that token on)
2026-09-22 03:19:25.236 INFO  sched: request 'chatcmpl-e0d665f0703c7bd3' admitted to slot 0 (reserve 5 blocks; pool 27/4096 blocks in use) — first token 785
2026-09-22 03:19:25.673 INFO  sched: request 'chatcmpl-e0d665f0703c7bd4' prefix cache miss — 2 cut(s) probed against 9 entries; the nearest entry (position 22) shares the first 5 of the prompt's 25 tokens (the prompt differs from it from that token on)
2026-09-22 03:19:25.673 INFO  sched: request 'chatcmpl-e0d665f0703c7bd4' admitted to slot 1 (reserve 5 blocks; pool 34/4096 blocks in use) — first token 785
2026-09-22 03:19:26.130 INFO  sched: request 'chatcmpl-e0d665f0703c7bd5' prefix cache miss — 2 cut(s) probed against 10 entries; the nearest entry (position 23) shares the first 5 of the prompt's 25 tokens (the prompt differs from it from that token on)
2026-09-22 03:19:26.130 INFO  sched: request 'chatcmpl-e0d665f0703c7bd5' admitted to slot 2 (reserve 5 blocks; pool 41/4096 blocks in use) — first token 785
2026-09-22 03:19:26.615 INFO  sched: request 'chatcmpl-e0d665f0703c7bd6' prefix cache miss — 2 cut(s) probed against 11 entries; the nearest entry (position 285) shares the first 11 of the prompt's 28 tokens (the prompt differs from it from that token on)
2026-09-22 03:19:26.615 INFO  sched: request 'chatcmpl-e0d665f0703c7bd6' admitted to slot 3 (reserve 5 blocks; pool 48/4096 blocks in use) — first token 785
2026-09-22 03:19:26.721 INFO  stats: rank 1 | 10.2 s | decode 42.9 tok/s, 19.3 ms/tok, 70.7 ms/step (119 steps / 437 tok, 83 % of wall) | mtp 1.82 tok/step/req, accept p1 80 % | prefill 4 prompts / 102 tok, 10 tok/s, 15.04 ms/tok, 383 ms avg (15 % of wall), 0 tok cached (0/4 hits) | live 4, queued 0 | pool 49/4096 blocks (1 %) | prefix cache 12/4096 entries
2026-09-22 03:19:36.733 INFO  stats: rank 1 | 10.0 s | decode 68.3 tok/s, 14.3 ms/tok, 103.9 ms/step (94 steps / 684 tok, 98 % of wall) | mtp 1.82 tok/step/req, accept p1 82 % | prefill 0 prompts / 0 tok, 0 tok cached (0/0 hits) | live 4, queued 0 | pool 49/4096 blocks (1 %) | prefix cache 12/4096 entries
2026-09-22 03:19:41.152 INFO  sched: request 'chatcmpl-e0d665f0703c7bd4' retired (steps): 256 tok in 15.5 s — prefill 25 tok (0 cached) in 382 ms; decode 255 tok / 138 passes in 15.1 s: 16.9 tok/s, 59.2 ms/tok, 109 ms/pass, 1.85 tok/pass, accept p1 85 %
2026-09-22 03:19:41.480 INFO  sched: request 'chatcmpl-e0d665f0703c7bd3' retired (steps): 256 tok in 16.2 s — prefill 24 tok (0 cached) in 376 ms; decode 255 tok / 142 passes in 15.9 s: 16.1 tok/s, 62.2 ms/tok, 112 ms/pass, 1.80 tok/pass, accept p1 80 %
2026-09-22 03:19:41.778 INFO  sched: request 'chatcmpl-e0d665f0703c7bd5' retired (steps): 256 tok in 15.6 s — prefill 25 tok (0 cached) in 383 ms; decode 255 tok / 143 passes in 15.3 s: 16.7 tok/s, 59.9 ms/tok, 107 ms/pass, 1.78 tok/pass, accept p1 79 %
2026-09-22 03:19:41.789 INFO  sched: request 'chatcmpl-e0d665f0703c7bd6' retired (steps): 256 tok in 15.2 s — prefill 28 tok (0 cached) in 393 ms; decode 255 tok / 142 passes in 14.8 s: 17.3 tok/s, 58.0 ms/tok, 104 ms/pass, 1.80 tok/pass, accept p1 80 %
2026-09-22 03:19:41.891 INFO  sched: request 'chatcmpl-e0d665f0703c7bd7' admitted to slot 0 (reserve 5 blocks; pool 50/4096 blocks in use) — first token 785
2026-09-22 03:19:42.039 INFO  sched: request 'chatcmpl-e0d665f0703c7bd8' admitted to slot 1 (reserve 5 blocks; pool 56/4096 blocks in use) — first token 785
2026-09-22 03:19:42.204 INFO  sched: request 'chatcmpl-e0d665f0703c7bd9' admitted to slot 2 (reserve 5 blocks; pool 62/4096 blocks in use) — first token 785
2026-09-22 03:19:42.392 INFO  sched: request 'chatcmpl-e0d665f0703c7bda' admitted to slot 3 (reserve 5 blocks; pool 68/4096 blocks in use) — first token 785
2026-09-22 03:19:46.770 INFO  stats: rank 1 | 10.0 s | decode 63.3 tok/s, 14.8 ms/tok, 103.4 ms/step (91 steps / 635 tok, 94 % of wall) | mtp 1.82 tok/step/req, accept p1 81 % | prefill 4 prompts / 8 tok, 1 tok/s, 45.98 ms/tok, 92 ms avg (4 % of wall), 94 tok cached (4/4 hits) | live 4, queued 0 | pool 69/4096 blocks (2 %) | prefix cache 16/4096 entries
2026-09-22 03:19:56.837 INFO  stats: rank 1 | 10.1 s | decode 66.9 tok/s, 14.6 ms/tok, 104.8 ms/step (94 steps / 673 tok, 98 % of wall) | mtp 1.79 tok/step/req, accept p1 79 % | prefill 0 prompts / 0 tok, 0 tok cached (0/0 hits) | live 4, queued 0 | pool 69/4096 blocks (2 %) | prefix cache 16/4096 entries
2026-09-22 03:19:57.058 INFO  sched: request 'chatcmpl-e0d665f0703c7bd9' retired (steps): 256 tok in 14.9 s — prefill 25 tok (23 cached) in 92 ms; decode 255 tok / 138 passes in 14.8 s: 17.3 tok/s, 57.9 ms/tok, 107 ms/pass, 1.85 tok/pass, accept p1 85 %
2026-09-22 03:19:57.278 INFO  sched: request 'chatcmpl-e0d665f0703c7bd7' retired (steps): 256 tok in 15.4 s — prefill 28 tok (26 cached) in 90 ms; decode 255 tok / 142 passes in 15.3 s: 16.7 tok/s, 60.0 ms/tok, 108 ms/pass, 1.80 tok/pass, accept p1 80 %
2026-09-22 03:19:57.479 INFO  sched: request 'chatcmpl-e0d665f0703c7bd8' retired (steps): 256 tok in 15.4 s — prefill 25 tok (23 cached) in 92 ms; decode 255 tok / 143 passes in 15.3 s: 16.6 tok/s, 60.2 ms/tok, 107 ms/pass, 1.78 tok/pass, accept p1 79 %
2026-09-22 03:19:57.538 INFO  sched: request 'chatcmpl-e0d665f0703c7bda' retired (steps): 256 tok in 15.1 s — prefill 24 tok (22 cached) in 94 ms; decode 255 tok / 142 passes in 15.1 s: 16.9 tok/s, 59.0 ms/tok, 106 ms/pass, 1.80 tok/pass, accept p1 80 %
2026-09-22 03:19:57.646 INFO  sched: request 'chatcmpl-e0d665f0703c7bdb' admitted to slot 0 (reserve 5 blocks; pool 50/4096 blocks in use) — first token 785
2026-09-22 03:19:57.795 INFO  sched: request 'chatcmpl-e0d665f0703c7bdc' admitted to slot 1 (reserve 5 blocks; pool 56/4096 blocks in use) — first token 785
2026-09-22 03:19:57.961 INFO  sched: request 'chatcmpl-e0d665f0703c7bdd' admitted to slot 2 (reserve 5 blocks; pool 62/4096 blocks in use) — first token 785
2026-09-22 03:19:58.148 INFO  sched: request 'chatcmpl-e0d665f0703c7bde' admitted to slot 3 (reserve 5 blocks; pool 68/4096 blocks in use) — first token 785
2026-09-22 03:20:06.917 INFO  stats: rank 1 | 10.1 s | decode 63.8 tok/s, 14.7 ms/tok, 103.1 ms/step (92 steps / 643 tok, 94 % of wall) | mtp 1.82 tok/step/req, accept p1 82 % | prefill 4 prompts / 8 tok, 1 tok/s, 46.13 ms/tok, 92 ms avg (4 % of wall), 94 tok cached (4/4 hits) | live 4, queued 0 | pool 69/4096 blocks (2 %) | prefix cache 16/4096 entries
2026-09-22 03:20:12.725 INFO  sched: request 'chatcmpl-e0d665f0703c7bdc' retired (steps): 256 tok in 14.9 s — prefill 25 tok (23 cached) in 93 ms; decode 255 tok / 138 passes in 14.8 s: 17.2 tok/s, 58.2 ms/tok, 108 ms/pass, 1.85 tok/pass, accept p1 85 %
2026-09-22 03:20:13.044 INFO  sched: request 'chatcmpl-e0d665f0703c7bdb' retired (steps): 256 tok in 15.4 s — prefill 24 tok (22 cached) in 91 ms; decode 255 tok / 142 passes in 15.3 s: 16.7 tok/s, 60.0 ms/tok, 108 ms/pass, 1.80 tok/pass, accept p1 80 %
2026-09-22 03:20:13.249 INFO  sched: request 'chatcmpl-e0d665f0703c7bdd' retired (steps): 256 tok in 15.3 s — prefill 28 tok (26 cached) in 91 ms; decode 255 tok / 142 passes in 15.2 s: 16.8 tok/s, 59.6 ms/tok, 107 ms/pass, 1.80 tok/pass, accept p1 80 %
2026-09-22 03:20:13.363 INFO  sched: request 'chatcmpl-e0d665f0703c7bde' retired (steps): 256 tok in 15.2 s — prefill 25 tok (23 cached) in 94 ms; decode 255 tok / 143 passes in 15.1 s: 16.9 tok/s, 59.3 ms/tok, 106 ms/pass, 1.78 tok/pass, accept p1 79 %
2026-09-22 03:20:13.808 INFO  sched: request 'chatcmpl-e0d665f0703c7bdf' prefix cache miss — 2 cut(s) probed against 16 entries; the nearest entry (position 285) shares the first 5 of the prompt's 44 tokens (the prompt differs from it from that token on)
2026-09-22 03:20:13.808 INFO  sched: request 'chatcmpl-e0d665f0703c7bdf' admitted to slot 0 (reserve 5 blocks; pool 51/4096 blocks in use) — first token 8419
2026-09-22 03:20:16.953 INFO  stats: rank 1 | 10.0 s | decode 52.2 tok/s, 17.9 ms/tok, 78.9 ms/step (119 steps / 524 tok, 94 % of wall) | mtp 1.81 tok/step/req, accept p1 82 % | prefill 1 prompt / 44 tok, 4 tok/s, 9.73 ms/tok, 428 ms avg (4 % of wall), 0 tok cached (0/1 hit) | live 1, queued 0 | pool 52/4096 blocks (1 %) | prefix cache 17/4096 entries
2026-09-22 03:20:21.121 INFO  sched: request 'chatcmpl-e0d665f0703c7bdf' retired (steps): 256 tok in 7.3 s — prefill 44 tok (0 cached) in 428 ms; decode 255 tok / 134 passes in 6.9 s: 37.0 tok/s, 27.0 ms/tok, 51 ms/pass, 1.90 tok/pass, accept p1 90 %
2026-09-22 03:20:21.230 INFO  sched: request 'chatcmpl-e0d665f0703c7be0' admitted to slot 0 (reserve 5 blocks; pool 56/4096 blocks in use) — first token 8419
2026-09-22 03:20:26.954 INFO  stats: rank 1 | 10.0 s | decode 34.5 tok/s, 28.1 ms/tok, 53.6 ms/step (181 steps / 345 tok, 97 % of wall) | mtp 1.91 tok/step/req, accept p1 90 % | prefill 1 prompt / 2 tok, 0 tok/s, 46.06 ms/tok, 92 ms avg (1 % of wall), 42 tok cached (1/1 hit) | live 1, queued 0 | pool 57/4096 blocks (1 %) | prefix cache 18/4096 entries
2026-09-22 03:20:28.556 INFO  sched: request 'chatcmpl-e0d665f0703c7be0' retired (steps): 256 tok in 7.3 s — prefill 44 tok (42 cached) in 92 ms; decode 255 tok / 134 passes in 7.2 s: 35.2 tok/s, 28.4 ms/tok, 54 ms/pass, 1.90 tok/pass, accept p1 90 %
2026-09-22 03:20:28.664 INFO  sched: request 'chatcmpl-e0d665f0703c7be1' admitted to slot 0 (reserve 5 blocks; pool 56/4096 blocks in use) — first token 8419
2026-09-22 03:20:35.982 INFO  sched: request 'chatcmpl-e0d665f0703c7be1' retired (steps): 256 tok in 7.3 s — prefill 44 tok (42 cached) in 92 ms; decode 255 tok / 134 passes in 7.2 s: 35.3 tok/s, 28.3 ms/tok, 54 ms/pass, 1.90 tok/pass, accept p1 90 %
2026-09-22 03:20:36.441 INFO  sched: request 'chatcmpl-e0d665f0703c7be2' prefix cache miss — 2 cut(s) probed against 18 entries; the nearest entry (position 299) shares the first 8 of the prompt's 44 tokens (the prompt differs from it from that token on)
2026-09-22 03:20:36.441 INFO  sched: request 'chatcmpl-e0d665f0703c7be2' admitted to slot 0 (reserve 5 blocks; pool 57/4096 blocks in use) — first token 8419
2026-09-22 03:20:36.915 INFO  sched: request 'chatcmpl-e0d665f0703c7be3' prefix cache miss — 2 cut(s) probed against 19 entries; the nearest entry (position 299) shares the first 7 of the prompt's 40 tokens (the prompt differs from it from that token on)
2026-09-22 03:20:36.915 INFO  sched: request 'chatcmpl-e0d665f0703c7be3' admitted to slot 1 (reserve 5 blocks; pool 64/4096 blocks in use) — first token 8419
2026-09-22 03:20:36.986 INFO  stats: rank 1 | 10.0 s | decode 32.0 tok/s, 27.6 ms/tok, 53.7 ms/step (165 steps / 321 tok, 88 % of wall) | mtp 1.93 tok/step/req, accept p1 92 % | prefill 3 prompts / 86 tok, 9 tok/s, 10.97 ms/tok, 315 ms avg (9 % of wall), 42 tok cached (1/3 hits) | live 2, queued 0 | pool 65/4096 blocks (2 %) | prefix cache 20/4096 entries
2026-09-22 03:20:46.582 INFO  sched: request 'chatcmpl-e0d665f0703c7be2' retired (steps): 256 tok in 10.1 s — prefill 44 tok (0 cached) in 433 ms; decode 255 tok / 131 passes in 9.7 s: 26.3 tok/s, 38.1 ms/tok, 74 ms/pass, 1.95 tok/pass, accept p1 95 %
2026-09-22 03:20:46.748 INFO  sched: request 'chatcmpl-e0d665f0703c7be3' retired (steps): 256 tok in 9.8 s — prefill 40 tok (0 cached) in 419 ms; decode 255 tok / 133 passes in 9.4 s: 27.1 tok/s, 36.9 ms/tok, 71 ms/pass, 1.92 tok/pass, accept p1 92 %
2026-09-22 03:20:46.861 INFO  sched: request 'chatcmpl-e0d665f0703c7be4' admitted to slot 0 (reserve 5 blocks; pool 68/4096 blocks in use) — first token 8419
2026-09-22 03:20:47.009 INFO  sched: request 'chatcmpl-e0d665f0703c7be5' admitted to slot 1 (reserve 5 blocks; pool 74/4096 blocks in use) — first token 8419
2026-09-22 03:20:47.080 INFO  stats: rank 1 | 10.1 s | decode 50.7 tok/s, 18.9 ms/tok, 72.3 ms/step (134 steps / 512 tok, 96 % of wall) | mtp 1.94 tok/step/req, accept p1 94 % | prefill 2 prompts / 4 tok, 0 tok/s, 46.13 ms/tok, 92 ms avg (2 % of wall), 80 tok cached (2/2 hits) | live 2, queued 0 | pool 75/4096 blocks (2 %) | prefix cache 22/4096 entries
2026-09-22 03:20:56.732 INFO  sched: request 'chatcmpl-e0d665f0703c7be5' retired (steps): 256 tok in 9.7 s — prefill 44 tok (42 cached) in 93 ms; decode 255 tok / 131 passes in 9.6 s: 26.5 tok/s, 37.8 ms/tok, 74 ms/pass, 1.95 tok/pass, accept p1 95 %
2026-09-22 03:20:56.788 INFO  sched: request 'chatcmpl-e0d665f0703c7be4' retired (steps): 256 tok in 9.9 s — prefill 40 tok (38 cached) in 91 ms; decode 255 tok / 133 passes in 9.8 s: 25.9 tok/s, 38.6 ms/tok, 74 ms/pass, 1.92 tok/pass, accept p1 92 %
2026-09-22 03:20:56.902 INFO  sched: request 'chatcmpl-e0d665f0703c7be6' admitted to slot 0 (reserve 5 blocks; pool 68/4096 blocks in use) — first token 8419
2026-09-22 03:20:57.049 INFO  sched: request 'chatcmpl-e0d665f0703c7be7' admitted to slot 1 (reserve 5 blocks; pool 74/4096 blocks in use) — first token 8419
2026-09-22 03:20:57.119 INFO  stats: rank 1 | 10.0 s | decode 51.0 tok/s, 18.8 ms/tok, 72.4 ms/step (133 steps / 512 tok, 96 % of wall) | mtp 1.94 tok/step/req, accept p1 94 % | prefill 2 prompts / 4 tok, 0 tok/s, 46.04 ms/tok, 92 ms avg (2 % of wall), 80 tok cached (2/2 hits) | live 2, queued 0 | pool 75/4096 blocks (2 %) | prefix cache 22/4096 entries
2026-09-22 03:21:06.757 INFO  sched: request 'chatcmpl-e0d665f0703c7be7' retired (steps): 256 tok in 9.7 s — prefill 44 tok (42 cached) in 92 ms; decode 255 tok / 131 passes in 9.6 s: 26.5 tok/s, 37.7 ms/tok, 73 ms/pass, 1.95 tok/pass, accept p1 95 %
2026-09-22 03:21:06.812 INFO  sched: request 'chatcmpl-e0d665f0703c7be6' retired (steps): 256 tok in 9.9 s — prefill 40 tok (38 cached) in 92 ms; decode 255 tok / 133 passes in 9.8 s: 26.0 tok/s, 38.5 ms/tok, 74 ms/pass, 1.92 tok/pass, accept p1 92 %
2026-09-22 03:21:07.225 INFO  sched: request 'chatcmpl-e0d665f0703c7be8' prefix cache miss — 2 cut(s) probed against 22 entries; the nearest entry (position 299) shares the first 3 of the prompt's 26 tokens (the prompt differs from it from that token on)
2026-09-22 03:21:07.225 INFO  sched: request 'chatcmpl-e0d665f0703c7be8' admitted to slot 0 (reserve 5 blocks; pool 69/4096 blocks in use) — first token 8419
2026-09-22 03:21:07.278 INFO  stats: rank 1 | 10.2 s | decode 49.9 tok/s, 18.8 ms/tok, 72.3 ms/step (132 steps / 507 tok, 94 % of wall) | mtp 1.94 tok/step/req, accept p1 94 % | prefill 1 prompt / 26 tok, 3 tok/s, 14.86 ms/tok, 386 ms avg (4 % of wall), 0 tok cached (0/1 hit) | live 1, queued 3 | pool 70/4096 blocks (2 %) | prefix cache 23/4096 entries
2026-09-22 03:21:07.696 INFO  sched: request 'chatcmpl-e0d665f0703c7be9' prefix cache miss — 2 cut(s) probed against 23 entries; the nearest entry (position 295) shares the first 8 of the prompt's 38 tokens (the prompt differs from it from that token on)
2026-09-22 03:21:07.696 INFO  sched: request 'chatcmpl-e0d665f0703c7be9' admitted to slot 1 (reserve 5 blocks; pool 76/4096 blocks in use) — first token 8419
2026-09-22 03:21:08.158 INFO  sched: request 'chatcmpl-e0d665f0703c7bea' prefix cache miss — 2 cut(s) probed against 24 entries; the nearest entry (position 24) shares the first 5 of the prompt's 27 tokens (the prompt differs from it from that token on)
2026-09-22 03:21:08.158 INFO  sched: request 'chatcmpl-e0d665f0703c7bea' admitted to slot 2 (reserve 5 blocks; pool 83/4096 blocks in use) — first token 8419
2026-09-22 03:21:08.630 INFO  sched: request 'chatcmpl-e0d665f0703c7beb' prefix cache miss — 2 cut(s) probed against 25 entries; the nearest entry (position 25) shares the first 5 of the prompt's 26 tokens (the prompt differs from it from that token on)
2026-09-22 03:21:08.630 INFO  sched: request 'chatcmpl-e0d665f0703c7beb' admitted to slot 3 (reserve 5 blocks; pool 90/4096 blocks in use) — first token 8419
2026-09-22 03:21:17.290 INFO  stats: rank 1 | 10.0 s | decode 61.9 tok/s, 13.9 ms/tok, 105.3 ms/step (82 steps / 620 tok, 86 % of wall) | mtp 1.91 tok/step/req, accept p1 90 % | prefill 3 prompts / 91 tok, 9 tok/s, 13.04 ms/tok, 396 ms avg (12 % of wall), 0 tok cached (0/3 hits) | live 4, queued 0 | pool 91/4096 blocks (2 %) | prefix cache 26/4096 entries
2026-09-22 03:21:22.410 INFO  sched: request 'chatcmpl-e0d665f0703c7be9' retired (steps): 256 tok in 14.7 s — prefill 38 tok (0 cached) in 416 ms; decode 255 tok / 128 passes in 14.3 s: 17.8 tok/s, 56.1 ms/tok, 112 ms/pass, 1.99 tok/pass, accept p1 99 %
2026-09-22 03:21:23.179 INFO  sched: request 'chatcmpl-e0d665f0703c7bea' retired (steps): 256 tok in 15.0 s — prefill 27 tok (0 cached) in 388 ms; decode 255 tok / 134 passes in 14.6 s: 17.4 tok/s, 57.4 ms/tok, 109 ms/pass, 1.90 tok/pass, accept p1 90 %
2026-09-22 03:21:23.179 INFO  sched: request 'chatcmpl-e0d665f0703c7beb' retired (steps): 256 tok in 14.5 s — prefill 26 tok (0 cached) in 382 ms; decode 255 tok / 133 passes in 14.2 s: 18.0 tok/s, 55.6 ms/tok, 107 ms/pass, 1.92 tok/pass, accept p1 92 %
2026-09-22 03:21:23.347 INFO  sched: request 'chatcmpl-e0d665f0703c7be8' retired (steps): 256 tok in 16.1 s — prefill 26 tok (0 cached) in 386 ms; decode 255 tok / 139 passes in 15.7 s: 16.2 tok/s, 61.7 ms/tok, 113 ms/pass, 1.83 tok/pass, accept p1 84 %
2026-09-22 03:21:23.467 INFO  sched: request 'chatcmpl-e0d665f0703c7bec' admitted to slot 0 (reserve 5 blocks; pool 92/4096 blocks in use) — first token 8419
2026-09-22 03:21:23.612 INFO  sched: request 'chatcmpl-e0d665f0703c7bed' admitted to slot 1 (reserve 5 blocks; pool 98/4096 blocks in use) — first token 8419
2026-09-22 03:21:23.778 INFO  sched: request 'chatcmpl-e0d665f0703c7bee' admitted to slot 2 (reserve 5 blocks; pool 104/4096 blocks in use) — first token 8419
2026-09-22 03:21:23.961 INFO  sched: request 'chatcmpl-e0d665f0703c7bef' admitted to slot 3 (reserve 5 blocks; pool 110/4096 blocks in use) — first token 8419
2026-09-22 03:21:27.327 INFO  stats: rank 1 | 10.0 s | decode 65.0 tok/s, 14.5 ms/tok, 103.6 ms/step (91 steps / 652 tok, 94 % of wall) | mtp 1.91 tok/step/req, accept p1 90 % | prefill 4 prompts / 8 tok, 1 tok/s, 46.34 ms/tok, 93 ms avg (4 % of wall), 109 tok cached (4/4 hits) | live 4, queued 0 | pool 111/4096 blocks (3 %) | prefix cache 30/4096 entries
2026-09-22 03:21:37.428 INFO  stats: rank 1 | 10.1 s | decode 69.7 tok/s, 14.0 ms/tok, 108.7 ms/step (91 steps / 704 tok, 98 % of wall) | mtp 1.93 tok/step/req, accept p1 93 % | prefill 0 prompts / 0 tok, 0 tok cached (0/0 hits) | live 4, queued 0 | pool 111/4096 blocks (3 %) | prefix cache 30/4096 entries
2026-09-22 03:21:38.004 INFO  sched: request 'chatcmpl-e0d665f0703c7bef' retired (steps): 256 tok in 14.0 s — prefill 38 tok (36 cached) in 95 ms; decode 255 tok / 128 passes in 13.9 s: 18.3 tok/s, 54.7 ms/tok, 109 ms/pass, 1.99 tok/pass, accept p1 99 %
2026-09-22 03:21:38.290 INFO  sched: request 'chatcmpl-e0d665f0703c7bec' retired (steps): 256 tok in 14.8 s — prefill 27 tok (25 cached) in 93 ms; decode 255 tok / 134 passes in 14.7 s: 17.3 tok/s, 57.8 ms/tok, 110 ms/pass, 1.90 tok/pass, accept p1 90 %
2026-09-22 03:21:38.382 INFO  sched: request 'chatcmpl-e0d665f0703c7bee' retired (steps): 256 tok in 14.6 s — prefill 26 tok (24 cached) in 94 ms; decode 255 tok / 133 passes in 14.5 s: 17.6 tok/s, 56.9 ms/tok, 109 ms/pass, 1.92 tok/pass, accept p1 92 %
2026-09-22 03:21:38.659 INFO  sched: request 'chatcmpl-e0d665f0703c7bed' retired (steps): 256 tok in 15.0 s — prefill 26 tok (24 cached) in 89 ms; decode 255 tok / 139 passes in 15.0 s: 17.0 tok/s, 58.7 ms/tok, 108 ms/pass, 1.83 tok/pass, accept p1 84 %
2026-09-22 03:21:38.762 INFO  sched: request 'chatcmpl-e0d665f0703c7bf0' admitted to slot 0 (reserve 5 blocks; pool 92/4096 blocks in use) — first token 8419
2026-09-22 03:21:38.907 INFO  sched: request 'chatcmpl-e0d665f0703c7bf1' admitted to slot 1 (reserve 5 blocks; pool 98/4096 blocks in use) — first token 8419
2026-09-22 03:21:39.074 INFO  sched: request 'chatcmpl-e0d665f0703c7bf2' admitted to slot 2 (reserve 5 blocks; pool 104/4096 blocks in use) — first token 8419
2026-09-22 03:21:39.258 INFO  sched: request 'chatcmpl-e0d665f0703c7bf3' admitted to slot 3 (reserve 5 blocks; pool 110/4096 blocks in use) — first token 8419
2026-09-22 03:21:47.479 INFO  stats: rank 1 | 10.1 s | decode 65.7 tok/s, 14.3 ms/tok, 101.6 ms/step (93 steps / 660 tok, 94 % of wall) | mtp 1.91 tok/step/req, accept p1 90 % | prefill 4 prompts / 8 tok, 1 tok/s, 46.40 ms/tok, 93 ms avg (4 % of wall), 109 tok cached (4/4 hits) | live 4, queued 0 | pool 111/4096 blocks (3 %) | prefix cache 30/4096 entries
2026-09-22 03:21:53.307 INFO  sched: request 'chatcmpl-e0d665f0703c7bf3' retired (steps): 256 tok in 14.0 s — prefill 38 tok (36 cached) in 96 ms; decode 255 tok / 128 passes in 14.0 s: 18.3 tok/s, 54.7 ms/tok, 109 ms/pass, 1.99 tok/pass, accept p1 99 %
2026-09-22 03:21:53.493 INFO  sched: request 'chatcmpl-e0d665f0703c7bf0' retired (steps): 256 tok in 14.7 s — prefill 26 tok (24 cached) in 92 ms; decode 255 tok / 133 passes in 14.6 s: 17.4 tok/s, 57.4 ms/tok, 110 ms/pass, 1.92 tok/pass, accept p1 92 %
2026-09-22 03:21:53.771 INFO  sched: request 'chatcmpl-e0d665f0703c7bf2' retired (steps): 256 tok in 14.7 s — prefill 27 tok (25 cached) in 92 ms; decode 255 tok / 134 passes in 14.6 s: 17.5 tok/s, 57.3 ms/tok, 109 ms/pass, 1.90 tok/pass, accept p1 90 %
2026-09-22 03:21:53.992 INFO  sched: request 'chatcmpl-e0d665f0703c7bf1' retired (steps): 256 tok in 15.1 s — prefill 26 tok (24 cached) in 92 ms; decode 255 tok / 139 passes in 15.0 s: 17.0 tok/s, 58.8 ms/tok, 108 ms/pass, 1.83 tok/pass, accept p1 84 %
2026-09-22 03:21:54.449 INFO  sched: request 'chatcmpl-e0d665f0703c7bf4' prefix cache miss — 2 cut(s) probed against 30 entries; the nearest entry (position 299) shares the first 3 of the prompt's 39 tokens (the prompt differs from it from that token on)
2026-09-22 03:21:54.449 INFO  sched: request 'chatcmpl-e0d665f0703c7bf4' admitted to slot 0 (reserve 5 blocks; pool 93/4096 blocks in use) — first token 73022
2026-09-22 03:21:57.505 INFO  stats: rank 1 | 10.0 s | decode 54.5 tok/s, 17.2 ms/tok, 80.1 ms/step (117 steps / 546 tok, 93 % of wall) | mtp 1.95 tok/step/req, accept p1 95 % | prefill 1 prompt / 39 tok, 4 tok/s, 10.78 ms/tok, 420 ms avg (4 % of wall), 0 tok cached (0/1 hit) | live 1, queued 0 | pool 94/4096 blocks (2 %) | prefix cache 31/4096 entries
2026-09-22 03:22:01.463 INFO  sched: request 'chatcmpl-e0d665f0703c7bf4' retired (steps): 256 tok in 7.0 s — prefill 39 tok (0 cached) in 420 ms; decode 255 tok / 128 passes in 6.6 s: 38.7 tok/s, 25.9 ms/tok, 52 ms/pass, 1.99 tok/pass, accept p1 100 %
2026-09-22 03:22:01.577 INFO  sched: request 'chatcmpl-e0d665f0703c7bf5' admitted to slot 0 (reserve 5 blocks; pool 98/4096 blocks in use) — first token 73022
2026-09-22 03:22:07.559 INFO  stats: rank 1 | 10.1 s | decode 36.0 tok/s, 26.9 ms/tok, 53.9 ms/step (181 steps / 362 tok, 97 % of wall) | mtp 2.00 tok/step/req, accept p1 100 % | prefill 1 prompt / 2 tok, 0 tok/s, 46.26 ms/tok, 93 ms avg (1 % of wall), 37 tok cached (1/1 hit) | live 1, queued 0 | pool 99/4096 blocks (2 %) | prefix cache 32/4096 entries
2026-09-22 03:22:08.608 INFO  sched: request 'chatcmpl-e0d665f0703c7bf5' retired (steps): 256 tok in 7.0 s — prefill 39 tok (37 cached) in 93 ms; decode 255 tok / 128 passes in 6.9 s: 36.7 tok/s, 27.2 ms/tok, 54 ms/pass, 1.99 tok/pass, accept p1 100 %
2026-09-22 03:22:08.707 INFO  sched: request 'chatcmpl-e0d665f0703c7bf6' admitted to slot 0 (reserve 5 blocks; pool 98/4096 blocks in use) — first token 73022
2026-09-22 03:22:15.742 INFO  sched: request 'chatcmpl-e0d665f0703c7bf6' retired (steps): 256 tok in 7.0 s — prefill 39 tok (37 cached) in 93 ms; decode 255 tok / 128 passes in 6.9 s: 36.7 tok/s, 27.2 ms/tok, 54 ms/pass, 1.99 tok/pass, accept p1 100 %
2026-09-22 03:22:16.187 INFO  sched: request 'chatcmpl-e0d665f0703c7bf7' prefix cache miss — 2 cut(s) probed against 32 entries; the nearest entry (position 293) shares the first 16 of the prompt's 39 tokens (the prompt differs from it from that token on)
2026-09-22 03:22:16.187 INFO  sched: request 'chatcmpl-e0d665f0703c7bf7' admitted to slot 0 (reserve 5 blocks; pool 99/4096 blocks in use) — first token 73022
2026-09-22 03:22:16.659 INFO  sched: request 'chatcmpl-e0d665f0703c7bf8' prefix cache miss — 2 cut(s) probed against 33 entries; the nearest entry (position 293) shares the first 16 of the prompt's 40 tokens (the prompt differs from it from that token on)
2026-09-22 03:22:16.659 INFO  sched: request 'chatcmpl-e0d665f0703c7bf8' admitted to slot 1 (reserve 5 blocks; pool 106/4096 blocks in use) — first token 73022
2026-09-22 03:22:17.600 INFO  stats: rank 1 | 10.0 s | decode 34.8 tok/s, 25.5 ms/tok, 55.3 ms/step (161 steps / 349 tok, 89 % of wall) | mtp 2.01 tok/step/req, accept p1 100 % | prefill 3 prompts / 81 tok, 8 tok/s, 11.46 ms/tok, 309 ms avg (9 % of wall), 37 tok cached (1/3 hits) | live 2, queued 0 | pool 106/4096 blocks (3 %) | prefix cache 34/4096 entries
2026-09-22 03:22:26.250 INFO  sched: request 'chatcmpl-e0d665f0703c7bf7' retired (steps): 256 tok in 10.1 s — prefill 39 tok (0 cached) in 419 ms; decode 255 tok / 128 passes in 9.6 s: 26.4 tok/s, 37.8 ms/tok, 75 ms/pass, 1.99 tok/pass, accept p1 100 %
2026-09-22 03:22:26.307 INFO  sched: request 'chatcmpl-e0d665f0703c7bf8' retired (steps): 256 tok in 9.6 s — prefill 40 tok (0 cached) in 417 ms; decode 255 tok / 128 passes in 9.2 s: 27.6 tok/s, 36.2 ms/tok, 72 ms/pass, 1.99 tok/pass, accept p1 100 %
2026-09-22 03:22:26.426 INFO  sched: request 'chatcmpl-e0d665f0703c7bf9' admitted to slot 0 (reserve 5 blocks; pool 110/4096 blocks in use) — first token 73022
2026-09-22 03:22:26.574 INFO  sched: request 'chatcmpl-e0d665f0703c7bfa' admitted to slot 1 (reserve 5 blocks; pool 116/4096 blocks in use) — first token 73022
2026-09-22 03:22:27.601 INFO  stats: rank 1 | 10.0 s | decode 51.6 tok/s, 18.6 ms/tok, 73.8 ms/step (130 steps / 516 tok, 96 % of wall) | mtp 2.00 tok/step/req, accept p1 100 % | prefill 2 prompts / 4 tok, 0 tok/s, 46.00 ms/tok, 92 ms avg (2 % of wall), 75 tok cached (2/2 hits) | live 2, queued 0 | pool 117/4096 blocks (3 %) | prefix cache 36/4096 entries
2026-09-22 03:22:36.144 INFO  sched: request 'chatcmpl-e0d665f0703c7bf9' retired (steps): 256 tok in 9.7 s — prefill 40 tok (38 cached) in 92 ms; decode 255 tok / 128 passes in 9.6 s: 26.5 tok/s, 37.7 ms/tok, 75 ms/pass, 1.99 tok/pass, accept p1 100 %
2026-09-22 03:22:36.202 INFO  sched: request 'chatcmpl-e0d665f0703c7bfa' retired (steps): 256 tok in 9.6 s — prefill 39 tok (37 cached) in 92 ms; decode 255 tok / 128 passes in 9.5 s: 26.7 tok/s, 37.4 ms/tok, 75 ms/pass, 1.99 tok/pass, accept p1 100 %
2026-09-22 03:22:36.316 INFO  sched: request 'chatcmpl-e0d665f0703c7bfb' admitted to slot 0 (reserve 5 blocks; pool 110/4096 blocks in use) — first token 73022
2026-09-22 03:22:36.463 INFO  sched: request 'chatcmpl-e0d665f0703c7bfc' admitted to slot 1 (reserve 5 blocks; pool 116/4096 blocks in use) — first token 73022
2026-09-22 03:22:37.636 INFO  stats: rank 1 | 10.0 s | decode 51.8 tok/s, 18.5 ms/tok, 73.6 ms/step (131 steps / 520 tok, 96 % of wall) | mtp 2.00 tok/step/req, accept p1 100 % | prefill 2 prompts / 4 tok, 0 tok/s, 45.58 ms/tok, 91 ms avg (2 % of wall), 75 tok cached (2/2 hits) | live 2, queued 0 | pool 117/4096 blocks (3 %) | prefix cache 36/4096 entries
2026-09-22 03:22:46.034 INFO  sched: request 'chatcmpl-e0d665f0703c7bfb' retired (steps): 256 tok in 9.7 s — prefill 40 tok (38 cached) in 92 ms; decode 255 tok / 128 passes in 9.6 s: 26.5 tok/s, 37.7 ms/tok, 75 ms/pass, 1.99 tok/pass, accept p1 100 %
2026-09-22 03:22:46.090 INFO  sched: request 'chatcmpl-e0d665f0703c7bfc' retired (steps): 256 tok in 9.6 s — prefill 39 tok (37 cached) in 90 ms; decode 255 tok / 128 passes in 9.5 s: 26.7 tok/s, 37.4 ms/tok, 75 ms/pass, 1.99 tok/pass, accept p1 100 %
2026-09-22 03:22:46.514 INFO  sched: request 'chatcmpl-e0d665f0703c7bfd' prefix cache miss — 2 cut(s) probed against 36 entries; the nearest entry (position 299) shares the first 3 of the prompt's 26 tokens (the prompt differs from it from that token on)
2026-09-22 03:22:46.514 INFO  sched: request 'chatcmpl-e0d665f0703c7bfd' admitted to slot 0 (reserve 5 blocks; pool 111/4096 blocks in use) — first token 73022
2026-09-22 03:22:46.963 INFO  sched: request 'chatcmpl-e0d665f0703c7bfe' prefix cache miss — 2 cut(s) probed against 37 entries; the nearest entry (position 24) shares the first 7 of the prompt's 29 tokens (the prompt differs from it from that token on)
2026-09-22 03:22:46.963 INFO  sched: request 'chatcmpl-e0d665f0703c7bfe' admitted to slot 1 (reserve 5 blocks; pool 118/4096 blocks in use) — first token 73022
2026-09-22 03:22:47.452 INFO  sched: request 'chatcmpl-e0d665f0703c7bff' prefix cache miss — 2 cut(s) probed against 38 entries; the nearest entry (position 294) shares the first 16 of the prompt's 38 tokens (the prompt differs from it from that token on)
2026-09-22 03:22:47.452 INFO  sched: request 'chatcmpl-e0d665f0703c7bff' admitted to slot 2 (reserve 5 blocks; pool 125/4096 blocks in use) — first token 73022
2026-09-22 03:22:47.932 INFO  sched: request 'chatcmpl-e0d665f0703c7c00' prefix cache miss — 2 cut(s) probed against 39 entries; the nearest entry (position 27) shares the first 7 of the prompt's 27 tokens (the prompt differs from it from that token on)
2026-09-22 03:22:47.932 INFO  sched: request 'chatcmpl-e0d665f0703c7c00' admitted to slot 3 (reserve 5 blocks; pool 132/4096 blocks in use) — first token 73022
2026-09-22 03:22:48.034 INFO  stats: rank 1 | 10.4 s | decode 45.0 tok/s, 18.4 ms/tok, 74.1 ms/step (116 steps / 468 tok, 83 % of wall) | mtp 2.01 tok/step/req, accept p1 100 % | prefill 4 prompts / 120 tok, 12 tok/s, 13.24 ms/tok, 397 ms avg (15 % of wall), 0 tok cached (0/4 hits) | live 4, queued 0 | pool 133/4096 blocks (3 %) | prefix cache 40/4096 entries
2026-09-22 03:22:58.112 INFO  stats: rank 1 | 10.1 s | decode 71.8 tok/s, 13.6 ms/tok, 108.5 ms/step (91 steps / 724 tok, 98 % of wall) | mtp 1.99 tok/step/req, accept p1 99 % | prefill 0 prompts / 0 tok, 0 tok cached (0/0 hits) | live 4, queued 0 | pool 133/4096 blocks (3 %) | prefix cache 40/4096 entries
2026-09-22 03:23:01.917 INFO  sched: request 'chatcmpl-e0d665f0703c7bfe' retired (steps): 256 tok in 15.0 s — prefill 29 tok (0 cached) in 395 ms; decode 255 tok / 128 passes in 14.6 s: 17.5 tok/s, 57.1 ms/tok, 114 ms/pass, 1.99 tok/pass, accept p1 100 %
2026-09-22 03:23:02.030 INFO  sched: request 'chatcmpl-e0d665f0703c7bff' retired (steps): 256 tok in 14.6 s — prefill 38 tok (0 cached) in 417 ms; decode 255 tok / 128 passes in 14.2 s: 18.0 tok/s, 55.5 ms/tok, 111 ms/pass, 1.99 tok/pass, accept p1 100 %
2026-09-22 03:23:02.136 INFO  sched: request 'chatcmpl-e0d665f0703c7c00' retired (steps): 256 tok in 14.2 s — prefill 27 tok (0 cached) in 390 ms; decode 255 tok / 128 passes in 13.8 s: 18.5 tok/s, 54.2 ms/tok, 108 ms/pass, 1.99 tok/pass, accept p1 100 %
2026-09-22 03:23:02.136 INFO  sched: request 'chatcmpl-e0d665f0703c7bfd' retired (steps): 256 tok in 15.6 s — prefill 26 tok (0 cached) in 387 ms; decode 255 tok / 131 passes in 15.2 s: 16.7 tok/s, 59.7 ms/tok, 116 ms/pass, 1.95 tok/pass, accept p1 95 %
2026-09-22 03:23:02.256 INFO  sched: request 'chatcmpl-e0d665f0703c7c01' admitted to slot 0 (reserve 5 blocks; pool 134/4096 blocks in use) — first token 73022
2026-09-22 03:23:02.404 INFO  sched: request 'chatcmpl-e0d665f0703c7c02' admitted to slot 1 (reserve 5 blocks; pool 140/4096 blocks in use) — first token 73022
2026-09-22 03:23:02.569 INFO  sched: request 'chatcmpl-e0d665f0703c7c03' admitted to slot 2 (reserve 5 blocks; pool 146/4096 blocks in use) — first token 73022
2026-09-22 03:23:02.751 INFO  sched: request 'chatcmpl-e0d665f0703c7c04' admitted to slot 3 (reserve 5 blocks; pool 152/4096 blocks in use) — first token 73022
2026-09-22 03:23:08.217 INFO  stats: rank 1 | 10.1 s | decode 68.3 tok/s, 13.8 ms/tok, 106.7 ms/step (89 steps / 690 tok, 94 % of wall) | mtp 1.99 tok/step/req, accept p1 99 % | prefill 4 prompts / 8 tok, 1 tok/s, 46.35 ms/tok, 93 ms avg (4 % of wall), 112 tok cached (4/4 hits) | live 4, queued 0 | pool 153/4096 blocks (4 %) | prefix cache 44/4096 entries
2026-09-22 03:23:16.568 INFO  sched: request 'chatcmpl-e0d665f0703c7c01' retired (steps): 256 tok in 14.3 s — prefill 38 tok (36 cached) in 93 ms; decode 255 tok / 128 passes in 14.2 s: 17.9 tok/s, 55.8 ms/tok, 111 ms/pass, 1.99 tok/pass, accept p1 100 %
2026-09-22 03:23:16.787 INFO  sched: request 'chatcmpl-e0d665f0703c7c03' retired (steps): 256 tok in 14.2 s — prefill 29 tok (27 cached) in 92 ms; decode 255 tok / 128 passes in 14.1 s: 18.1 tok/s, 55.4 ms/tok, 110 ms/pass, 1.99 tok/pass, accept p1 100 %
2026-09-22 03:23:16.890 INFO  sched: request 'chatcmpl-e0d665f0703c7c04' retired (steps): 256 tok in 14.1 s — prefill 27 tok (25 cached) in 94 ms; decode 255 tok / 128 passes in 14.0 s: 18.2 tok/s, 55.1 ms/tok, 110 ms/pass, 1.99 tok/pass, accept p1 100 %
2026-09-22 03:23:16.946 INFO  sched: request 'chatcmpl-e0d665f0703c7c02' retired (steps): 256 tok in 14.5 s — prefill 26 tok (24 cached) in 92 ms; decode 255 tok / 131 passes in 14.5 s: 17.6 tok/s, 56.7 ms/tok, 110 ms/pass, 1.95 tok/pass, accept p1 95 %
2026-09-22 03:23:17.050 INFO  sched: request 'chatcmpl-e0d665f0703c7c05' admitted to slot 0 (reserve 5 blocks; pool 134/4096 blocks in use) — first token 73022
2026-09-22 03:23:17.197 INFO  sched: request 'chatcmpl-e0d665f0703c7c06' admitted to slot 1 (reserve 5 blocks; pool 140/4096 blocks in use) — first token 73022
2026-09-22 03:23:17.363 INFO  sched: request 'chatcmpl-e0d665f0703c7c07' admitted to slot 2 (reserve 5 blocks; pool 146/4096 blocks in use) — first token 73022
2026-09-22 03:23:17.546 INFO  sched: request 'chatcmpl-e0d665f0703c7c08' admitted to slot 3 (reserve 5 blocks; pool 152/4096 blocks in use) — first token 73022
2026-09-22 03:23:18.282 INFO  stats: rank 1 | 10.1 s | decode 67.8 tok/s, 13.9 ms/tok, 106.4 ms/step (89 steps / 682 tok, 94 % of wall) | mtp 1.99 tok/step/req, accept p1 99 % | prefill 4 prompts / 8 tok, 1 tok/s, 46.35 ms/tok, 93 ms avg (4 % of wall), 112 tok cached (4/4 hits) | live 4, queued 0 | pool 153/4096 blocks (4 %) | prefix cache 44/4096 entries
2026-09-22 03:23:28.368 INFO  stats: rank 1 | 10.1 s | decode 71.8 tok/s, 13.6 ms/tok, 108.6 ms/step (91 steps / 724 tok, 98 % of wall) | mtp 1.99 tok/step/req, accept p1 99 % | prefill 0 prompts / 0 tok, 0 tok cached (0/0 hits) | live 4, queued 0 | pool 153/4096 blocks (4 %) | prefix cache 44/4096 entries
2026-09-22 03:23:31.399 INFO  sched: request 'chatcmpl-e0d665f0703c7c05' retired (steps): 256 tok in 14.3 s — prefill 38 tok (36 cached) in 93 ms; decode 255 tok / 128 passes in 14.3 s: 17.9 tok/s, 55.9 ms/tok, 111 ms/pass, 1.99 tok/pass, accept p1 100 %
2026-09-22 03:23:31.510 INFO  sched: request 'chatcmpl-e0d665f0703c7c06' retired (steps): 256 tok in 14.3 s — prefill 27 tok (25 cached) in 91 ms; decode 255 tok / 128 passes in 14.2 s: 17.9 tok/s, 55.8 ms/tok, 111 ms/pass, 1.99 tok/pass, accept p1 100 %
2026-09-22 03:23:31.620 INFO  sched: request 'chatcmpl-e0d665f0703c7c07' retired (steps): 256 tok in 14.3 s — prefill 29 tok (27 cached) in 92 ms; decode 255 tok / 128 passes in 14.2 s: 18.0 tok/s, 55.5 ms/tok, 111 ms/pass, 1.99 tok/pass, accept p1 100 %
2026-09-22 03:23:31.840 INFO  sched: request 'chatcmpl-e0d665f0703c7c08' retired (steps): 256 tok in 14.3 s — prefill 26 tok (24 cached) in 95 ms; decode 255 tok / 131 passes in 14.2 s: 18.0 tok/s, 55.7 ms/tok, 108 ms/pass, 1.95 tok/pass, accept p1 95 %
2026-09-22 03:23:32.328 INFO  sched: request 'chatcmpl-e0d665f0703c7c09' prefix cache miss — 2 cut(s) probed against 44 entries; the nearest entry (position 299) shares the first 3 of the prompt's 61 tokens (the prompt differs from it from that token on)
2026-09-22 03:23:32.328 INFO  sched: request 'chatcmpl-e0d665f0703c7c09' admitted to slot 0 (reserve 5 blocks; pool 135/4096 blocks in use) — first token 14364
2026-09-22 03:23:38.381 INFO  stats: rank 1 | 10.0 s | decode 44.4 tok/s, 21.0 ms/tok, 64.4 ms/step (145 steps / 445 tok, 93 % of wall) | mtp 1.94 tok/step/req, accept p1 96 % | prefill 1 prompt / 61 tok, 6 tok/s, 7.39 ms/tok, 451 ms avg (5 % of wall), 0 tok cached (0/1 hit) | live 1, queued 0 | pool 136/4096 blocks (3 %) | prefix cache 45/4096 entries
2026-09-22 03:23:39.483 INFO  sched: request 'chatcmpl-e0d665f0703c7c09' retired (steps): 256 tok in 7.2 s — prefill 61 tok (0 cached) in 451 ms; decode 255 tok / 132 passes in 6.7 s: 38.0 tok/s, 26.3 ms/tok, 51 ms/pass, 1.93 tok/pass, accept p1 94 %
2026-09-22 03:23:39.603 INFO  sched: request 'chatcmpl-e0d665f0703c7c0a' admitted to slot 0 (reserve 5 blocks; pool 140/4096 blocks in use) — first token 14364
2026-09-22 03:23:46.776 INFO  sched: request 'chatcmpl-e0d665f0703c7c0a' retired (steps): 256 tok in 7.2 s — prefill 61 tok (59 cached) in 93 ms; decode 255 tok / 132 passes in 7.1 s: 36.0 tok/s, 27.8 ms/tok, 54 ms/pass, 1.93 tok/pass, accept p1 94 %
2026-09-22 03:23:46.896 INFO  sched: request 'chatcmpl-e0d665f0703c7c0b' admitted to slot 0 (reserve 5 blocks; pool 140/4096 blocks in use) — first token 14364
2026-09-22 03:23:48.411 INFO  stats: rank 1 | 10.0 s | decode 34.8 tok/s, 27.5 ms/tok, 53.4 ms/step (180 steps / 349 tok, 96 % of wall) | mtp 1.94 tok/step/req, accept p1 94 % | prefill 2 prompts / 4 tok, 0 tok/s, 46.64 ms/tok, 93 ms avg (2 % of wall), 118 tok cached (2/2 hits) | live 1, queued 0 | pool 141/4096 blocks (3 %) | prefix cache 46/4096 entries
2026-09-22 03:23:54.036 INFO  sched: request 'chatcmpl-e0d665f0703c7c0b' retired (steps): 256 tok in 7.1 s — prefill 61 tok (59 cached) in 93 ms; decode 255 tok / 132 passes in 7.0 s: 36.2 tok/s, 27.6 ms/tok, 53 ms/pass, 1.93 tok/pass, accept p1 94 %
2026-09-22 03:23:54.535 INFO  sched: request 'chatcmpl-e0d665f0703c7c0c' prefix cache miss — 2 cut(s) probed against 46 entries; the nearest entry (position 315) shares the first 3 of the prompt's 47 tokens (the prompt differs from it from that token on)
2026-09-22 03:23:54.535 INFO  sched: request 'chatcmpl-e0d665f0703c7c0c' admitted to slot 0 (reserve 5 blocks; pool 141/4096 blocks in use) — first token 14364
2026-09-22 03:23:55.032 INFO  sched: request 'chatcmpl-e0d665f0703c7c0d' prefix cache miss — 2 cut(s) probed against 47 entries; the nearest entry (position 315) shares the first 4 of the prompt's 54 tokens (the prompt differs from it from that token on)
2026-09-22 03:23:55.032 INFO  sched: request 'chatcmpl-e0d665f0703c7c0d' admitted to slot 1 (reserve 5 blocks; pool 148/4096 blocks in use) — first token 8419
2026-09-22 03:23:58.418 INFO  stats: rank 1 | 10.0 s | decode 38.0 tok/s, 23.4 ms/tok, 58.9 ms/step (151 steps / 380 tok, 89 % of wall) | mtp 1.93 tok/step/req, accept p1 92 % | prefill 2 prompts / 101 tok, 10 tok/s, 8.76 ms/tok, 442 ms avg (9 % of wall), 0 tok cached (0/2 hits) | live 2, queued 0 | pool 149/4096 blocks (4 %) | prefix cache 48/4096 entries
2026-09-22 03:24:04.736 INFO  sched: request 'chatcmpl-e0d665f0703c7c0d' retired (steps): 256 tok in 9.7 s — prefill 54 tok (0 cached) in 443 ms; decode 255 tok / 130 passes in 9.3 s: 27.5 tok/s, 36.3 ms/tok, 71 ms/pass, 1.96 tok/pass, accept p1 96 %
2026-09-22 03:24:04.904 INFO  sched: request 'chatcmpl-e0d665f0703c7c0c' retired (steps): 256 tok in 10.4 s — prefill 47 tok (0 cached) in 441 ms; decode 255 tok / 134 passes in 9.9 s: 25.7 tok/s, 38.9 ms/tok, 74 ms/pass, 1.90 tok/pass, accept p1 91 %
2026-09-22 03:24:05.007 INFO  sched: request 'chatcmpl-e0d665f0703c7c0e' admitted to slot 0 (reserve 5 blocks; pool 152/4096 blocks in use) — first token 8419
2026-09-22 03:24:05.153 INFO  sched: request 'chatcmpl-e0d665f0703c7c0f' admitted to slot 1 (reserve 5 blocks; pool 158/4096 blocks in use) — first token 14364
2026-09-22 03:24:08.491 INFO  stats: rank 1 | 10.1 s | decode 50.4 tok/s, 19.1 ms/tok, 72.8 ms/step (133 steps / 508 tok, 96 % of wall) | mtp 1.94 tok/step/req, accept p1 94 % | prefill 2 prompts / 4 tok, 0 tok/s, 45.96 ms/tok, 92 ms avg (2 % of wall), 97 tok cached (2/2 hits) | live 2, queued 0 | pool 159/4096 blocks (4 %) | prefix cache 50/4096 entries
2026-09-22 03:24:14.833 INFO  sched: request 'chatcmpl-e0d665f0703c7c0e' retired (steps): 256 tok in 9.8 s — prefill 54 tok (52 cached) in 92 ms; decode 255 tok / 130 passes in 9.7 s: 26.2 tok/s, 38.2 ms/tok, 75 ms/pass, 1.96 tok/pass, accept p1 96 %
2026-09-22 03:24:15.111 INFO  sched: request 'chatcmpl-e0d665f0703c7c0f' retired (steps): 256 tok in 10.0 s — prefill 47 tok (45 cached) in 92 ms; decode 255 tok / 134 passes in 9.9 s: 25.8 tok/s, 38.7 ms/tok, 74 ms/pass, 1.90 tok/pass, accept p1 91 %
2026-09-22 03:24:15.236 INFO  sched: request 'chatcmpl-e0d665f0703c7c10' admitted to slot 0 (reserve 5 blocks; pool 152/4096 blocks in use) — first token 8419
2026-09-22 03:24:15.381 INFO  sched: request 'chatcmpl-e0d665f0703c7c11' admitted to slot 1 (reserve 5 blocks; pool 158/4096 blocks in use) — first token 14364
2026-09-22 03:24:18.555 INFO  stats: rank 1 | 10.1 s | decode 50.1 tok/s, 19.1 ms/tok, 72.5 ms/step (133 steps / 504 tok, 96 % of wall) | mtp 1.94 tok/step/req, accept p1 93 % | prefill 2 prompts / 4 tok, 0 tok/s, 45.99 ms/tok, 92 ms avg (2 % of wall), 97 tok cached (2/2 hits) | live 2, queued 0 | pool 159/4096 blocks (4 %) | prefix cache 50/4096 entries
2026-09-22 03:24:25.034 INFO  sched: request 'chatcmpl-e0d665f0703c7c10' retired (steps): 256 tok in 9.8 s — prefill 54 tok (52 cached) in 93 ms; decode 255 tok / 130 passes in 9.7 s: 26.3 tok/s, 38.1 ms/tok, 75 ms/pass, 1.96 tok/pass, accept p1 96 %
2026-09-22 03:24:25.312 INFO  sched: request 'chatcmpl-e0d665f0703c7c11' retired (steps): 256 tok in 9.9 s — prefill 47 tok (45 cached) in 91 ms; decode 255 tok / 134 passes in 9.8 s: 25.9 tok/s, 38.6 ms/tok, 73 ms/pass, 1.90 tok/pass, accept p1 91 %
2026-09-22 03:24:25.778 INFO  sched: request 'chatcmpl-e0d665f0703c7c12' prefix cache miss — 2 cut(s) probed against 50 entries; the nearest entry (position 315) shares the first 4 of the prompt's 47 tokens (the prompt differs from it from that token on)
2026-09-22 03:24:25.778 INFO  sched: request 'chatcmpl-e0d665f0703c7c12' admitted to slot 0 (reserve 5 blocks; pool 153/4096 blocks in use) — first token 14364
2026-09-22 03:24:26.221 INFO  sched: request 'chatcmpl-e0d665f0703c7c13' prefix cache miss — 2 cut(s) probed against 51 entries; the nearest entry (position 315) shares the first 3 of the prompt's 28 tokens (the prompt differs from it from that token on)
2026-09-22 03:24:26.221 INFO  sched: request 'chatcmpl-e0d665f0703c7c13' admitted to slot 1 (reserve 5 blocks; pool 160/4096 blocks in use) — first token 14364
2026-09-22 03:24:26.697 INFO  sched: request 'chatcmpl-e0d665f0703c7c14' prefix cache miss — 2 cut(s) probed against 52 entries; the nearest entry (position 26) shares the first 7 of the prompt's 32 tokens (the prompt differs from it from that token on)
2026-09-22 03:24:26.697 INFO  sched: request 'chatcmpl-e0d665f0703c7c14' admitted to slot 2 (reserve 5 blocks; pool 167/4096 blocks in use) — first token 14364
2026-09-22 03:24:27.188 INFO  sched: request 'chatcmpl-e0d665f0703c7c15' prefix cache miss — 2 cut(s) probed against 53 entries; the nearest entry (position 30) shares the first 8 of the prompt's 30 tokens (the prompt differs from it from that token on)
2026-09-22 03:24:27.188 INFO  sched: request 'chatcmpl-e0d665f0703c7c15' admitted to slot 3 (reserve 5 blocks; pool 174/4096 blocks in use) — first token 14364
2026-09-22 03:24:28.577 INFO  stats: rank 1 | 10.0 s | decode 46.0 tok/s, 17.8 ms/tok, 76.5 ms/step (107 steps / 461 tok, 82 % of wall) | mtp 1.96 tok/step/req, accept p1 95 % | prefill 4 prompts / 137 tok, 14 tok/s, 11.90 ms/tok, 407 ms avg (16 % of wall), 0 tok cached (0/4 hits) | live 4, queued 0 | pool 175/4096 blocks (4 %) | prefix cache 54/4096 entries
2026-09-22 03:24:38.642 INFO  stats: rank 1 | 10.1 s | decode 70.0 tok/s, 14.0 ms/tok, 108.4 ms/step (91 steps / 705 tok, 98 % of wall) | mtp 1.94 tok/step/req, accept p1 94 % | prefill 0 prompts / 0 tok, 0 tok cached (0/0 hits) | live 4, queued 0 | pool 175/4096 blocks (4 %) | prefix cache 54/4096 entries
2026-09-22 03:24:41.247 INFO  sched: request 'chatcmpl-e0d665f0703c7c12' retired (steps): 256 tok in 15.5 s — prefill 47 tok (0 cached) in 440 ms; decode 255 tok / 130 passes in 15.0 s: 17.0 tok/s, 58.9 ms/tok, 116 ms/pass, 1.96 tok/pass, accept p1 97 %
2026-09-22 03:24:41.472 INFO  sched: request 'chatcmpl-e0d665f0703c7c14' retired (steps): 256 tok in 14.8 s — prefill 32 tok (0 cached) in 403 ms; decode 255 tok / 130 passes in 14.4 s: 17.7 tok/s, 56.4 ms/tok, 111 ms/pass, 1.96 tok/pass, accept p1 96 %
2026-09-22 03:24:41.672 INFO  sched: request 'chatcmpl-e0d665f0703c7c13' retired (steps): 256 tok in 15.5 s — prefill 28 tok (0 cached) in 387 ms; decode 255 tok / 133 passes in 15.1 s: 16.9 tok/s, 59.1 ms/tok, 113 ms/pass, 1.92 tok/pass, accept p1 92 %
2026-09-22 03:24:41.784 INFO  sched: request 'chatcmpl-e0d665f0703c7c15' retired (steps): 256 tok in 14.6 s — prefill 30 tok (0 cached) in 400 ms; decode 255 tok / 133 passes in 14.2 s: 18.0 tok/s, 55.7 ms/tok, 107 ms/pass, 1.92 tok/pass, accept p1 92 %
2026-09-22 03:24:41.910 INFO  sched: request 'chatcmpl-e0d665f0703c7c16' admitted to slot 0 (reserve 5 blocks; pool 176/4096 blocks in use) — first token 14364
2026-09-22 03:24:42.055 INFO  sched: request 'chatcmpl-e0d665f0703c7c17' admitted to slot 1 (reserve 5 blocks; pool 182/4096 blocks in use) — first token 14364
2026-09-22 03:24:42.222 INFO  sched: request 'chatcmpl-e0d665f0703c7c18' admitted to slot 2 (reserve 5 blocks; pool 188/4096 blocks in use) — first token 14364
2026-09-22 03:24:42.404 INFO  sched: request 'chatcmpl-e0d665f0703c7c19' admitted to slot 3 (reserve 5 blocks; pool 194/4096 blocks in use) — first token 14364
2026-09-22 03:24:48.643 INFO  stats: rank 1 | 10.0 s | decode 65.6 tok/s, 14.3 ms/tok, 105.5 ms/step (89 steps / 656 tok, 94 % of wall) | mtp 1.94 tok/step/req, accept p1 94 % | prefill 4 prompts / 8 tok, 1 tok/s, 46.09 ms/tok, 92 ms avg (4 % of wall), 129 tok cached (4/4 hits) | live 4, queued 0 | pool 195/4096 blocks (5 %) | prefix cache 58/4096 entries
2026-09-22 03:24:56.489 INFO  sched: request 'chatcmpl-e0d665f0703c7c16' retired (steps): 256 tok in 14.6 s — prefill 47 tok (45 cached) in 94 ms; decode 255 tok / 130 passes in 14.5 s: 17.6 tok/s, 56.8 ms/tok, 111 ms/pass, 1.96 tok/pass, accept p1 97 %
2026-09-22 03:24:56.714 INFO  sched: request 'chatcmpl-e0d665f0703c7c18' retired (steps): 256 tok in 14.5 s — prefill 32 tok (30 cached) in 94 ms; decode 255 tok / 130 passes in 14.4 s: 17.7 tok/s, 56.5 ms/tok, 111 ms/pass, 1.96 tok/pass, accept p1 96 %
2026-09-22 03:24:56.913 INFO  sched: request 'chatcmpl-e0d665f0703c7c17' retired (steps): 256 tok in 14.9 s — prefill 28 tok (26 cached) in 88 ms; decode 255 tok / 133 passes in 14.8 s: 17.3 tok/s, 57.9 ms/tok, 111 ms/pass, 1.92 tok/pass, accept p1 92 %
2026-09-22 03:24:57.024 INFO  sched: request 'chatcmpl-e0d665f0703c7c19' retired (steps): 256 tok in 14.6 s — prefill 30 tok (28 cached) in 92 ms; decode 255 tok / 133 passes in 14.5 s: 17.6 tok/s, 57.0 ms/tok, 109 ms/pass, 1.92 tok/pass, accept p1 92 %
2026-09-22 03:24:57.138 INFO  sched: request 'chatcmpl-e0d665f0703c7c1a' admitted to slot 0 (reserve 5 blocks; pool 176/4096 blocks in use) — first token 14364
2026-09-22 03:24:57.286 INFO  sched: request 'chatcmpl-e0d665f0703c7c1b' admitted to slot 1 (reserve 5 blocks; pool 182/4096 blocks in use) — first token 14364
2026-09-22 03:24:57.453 INFO  sched: request 'chatcmpl-e0d665f0703c7c1c' admitted to slot 2 (reserve 5 blocks; pool 188/4096 blocks in use) — first token 14364
2026-09-22 03:24:57.636 INFO  sched: request 'chatcmpl-e0d665f0703c7c1d' admitted to slot 3 (reserve 5 blocks; pool 194/4096 blocks in use) — first token 14364
2026-09-22 03:24:58.701 INFO  stats: rank 1 | 10.1 s | decode 65.9 tok/s, 14.3 ms/tok, 106.2 ms/step (89 steps / 663 tok, 94 % of wall) | mtp 1.96 tok/step/req, accept p1 96 % | prefill 4 prompts / 8 tok, 1 tok/s, 46.51 ms/tok, 93 ms avg (4 % of wall), 129 tok cached (4/4 hits) | live 4, queued 0 | pool 194/4096 blocks (5 %) | prefix cache 58/4096 entries
2026-09-22 03:25:08.802 INFO  stats: rank 1 | 10.1 s | decode 69.8 tok/s, 14.0 ms/tok, 108.7 ms/step (91 steps / 705 tok, 98 % of wall) | mtp 1.94 tok/step/req, accept p1 94 % | prefill 0 prompts / 0 tok, 0 tok cached (0/0 hits) | live 4, queued 0 | pool 195/4096 blocks (5 %) | prefix cache 58/4096 entries
2026-09-22 03:25:11.845 INFO  sched: request 'chatcmpl-e0d665f0703c7c1b' retired (steps): 256 tok in 14.6 s — prefill 32 tok (30 cached) in 93 ms; decode 255 tok / 130 passes in 14.5 s: 17.6 tok/s, 56.7 ms/tok, 111 ms/pass, 1.96 tok/pass, accept p1 96 %
2026-09-22 03:25:12.059 INFO  sched: request 'chatcmpl-e0d665f0703c7c1d' retired (steps): 256 tok in 14.4 s — prefill 47 tok (45 cached) in 93 ms; decode 255 tok / 130 passes in 14.3 s: 17.8 tok/s, 56.2 ms/tok, 110 ms/pass, 1.96 tok/pass, accept p1 97 %
2026-09-22 03:25:12.059 INFO  sched: request 'chatcmpl-e0d665f0703c7c1a' retired (steps): 256 tok in 14.9 s — prefill 28 tok (26 cached) in 92 ms; decode 255 tok / 133 passes in 14.8 s: 17.2 tok/s, 58.2 ms/tok, 111 ms/pass, 1.92 tok/pass, accept p1 92 %
2026-09-22 03:25:12.172 INFO  sched: request 'chatcmpl-e0d665f0703c7c1c' retired (steps): 256 tok in 14.7 s — prefill 30 tok (28 cached) in 94 ms; decode 255 tok / 133 passes in 14.6 s: 17.4 tok/s, 57.4 ms/tok, 110 ms/pass, 1.92 tok/pass, accept p1 92 %
2026-09-22 03:25:12.624 INFO  sched: request 'chatcmpl-e0d665f0703c7c1e' prefix cache miss — 2 cut(s) probed against 58 entries; the nearest entry (position 287) shares the first 5 of the prompt's 33 tokens (the prompt differs from it from that token on)
2026-09-22 03:25:12.624 INFO  sched: request 'chatcmpl-e0d665f0703c7c1e' admitted to slot 0 (reserve 5 blocks; pool 177/4096 blocks in use) — first token 79638
2026-09-22 03:25:18.814 INFO  stats: rank 1 | 10.0 s | decode 43.0 tok/s, 21.7 ms/tok, 64.1 ms/step (146 steps / 431 tok, 94 % of wall) | mtp 1.87 tok/step/req, accept p1 87 % | prefill 1 prompt / 33 tok, 3 tok/s, 12.72 ms/tok, 420 ms avg (4 % of wall), 0 tok cached (0/1 hit) | live 1, queued 0 | pool 178/4096 blocks (4 %) | prefix cache 59/4096 entries
2026-09-22 03:25:20.486 INFO  sched: request 'chatcmpl-e0d665f0703c7c1e' retired (steps): 256 tok in 7.9 s — prefill 33 tok (0 cached) in 420 ms; decode 255 tok / 146 passes in 7.4 s: 34.3 tok/s, 29.2 ms/tok, 51 ms/pass, 1.75 tok/pass, accept p1 75 %
2026-09-22 03:25:20.606 INFO  sched: request 'chatcmpl-e0d665f0703c7c1f' admitted to slot 0 (reserve 5 blocks; pool 182/4096 blocks in use) — first token 79638
2026-09-22 03:25:28.473 INFO  sched: request 'chatcmpl-e0d665f0703c7c1f' retired (steps): 256 tok in 7.9 s — prefill 33 tok (31 cached) in 93 ms; decode 255 tok / 146 passes in 7.8 s: 32.8 tok/s, 30.5 ms/tok, 53 ms/pass, 1.75 tok/pass, accept p1 75 %
2026-09-22 03:25:28.580 INFO  sched: request 'chatcmpl-e0d665f0703c7c20' admitted to slot 0 (reserve 5 blocks; pool 182/4096 blocks in use) — first token 79638
2026-09-22 03:25:28.856 INFO  stats: rank 1 | 10.0 s | decode 31.8 tok/s, 30.2 ms/tok, 52.9 ms/step (182 steps / 319 tok, 96 % of wall) | mtp 1.75 tok/step/req, accept p1 75 % | prefill 2 prompts / 4 tok, 0 tok/s, 46.20 ms/tok, 92 ms avg (2 % of wall), 62 tok cached (2/2 hits) | live 1, queued 0 | pool 183/4096 blocks (4 %) | prefix cache 60/4096 entries
2026-09-22 03:25:36.473 INFO  sched: request 'chatcmpl-e0d665f0703c7c20' retired (steps): 256 tok in 7.9 s — prefill 33 tok (31 cached) in 92 ms; decode 255 tok / 146 passes in 7.8 s: 32.7 tok/s, 30.6 ms/tok, 53 ms/pass, 1.75 tok/pass, accept p1 75 %
2026-09-22 03:25:36.927 INFO  sched: request 'chatcmpl-e0d665f0703c7c21' prefix cache miss — 2 cut(s) probed against 60 entries; the nearest entry (position 287) shares the first 12 of the prompt's 33 tokens (the prompt differs from it from that token on)
2026-09-22 03:25:36.927 INFO  sched: request 'chatcmpl-e0d665f0703c7c21' admitted to slot 0 (reserve 5 blocks; pool 183/4096 blocks in use) — first token 25258
2026-09-22 03:25:37.390 INFO  sched: request 'chatcmpl-e0d665f0703c7c22' prefix cache miss — 2 cut(s) probed against 61 entries; the nearest entry (position 287) shares the first 13 of the prompt's 34 tokens (the prompt differs from it from that token on)
2026-09-22 03:25:37.390 INFO  sched: request 'chatcmpl-e0d665f0703c7c22' admitted to slot 1 (reserve 5 blocks; pool 190/4096 blocks in use) — first token 32
2026-09-22 03:25:38.922 INFO  stats: rank 1 | 10.1 s | decode 32.4 tok/s, 27.7 ms/tok, 55.3 ms/step (163 steps / 326 tok, 90 % of wall) | mtp 1.77 tok/step/req, accept p1 77 % | prefill 2 prompts / 67 tok, 7 tok/s, 12.33 ms/tok, 413 ms avg (8 % of wall), 0 tok cached (0/2 hits) | live 2, queued 0 | pool 191/4096 blocks (5 %) | prefix cache 62/4096 entries
2026-09-22 03:25:47.473 INFO  sched: request 'chatcmpl-e0d665f0703c7c21' retired (steps): 256 tok in 10.5 s — prefill 33 tok (0 cached) in 417 ms; decode 255 tok / 139 passes in 10.1 s: 25.2 tok/s, 39.7 ms/tok, 73 ms/pass, 1.83 tok/pass, accept p1 83 %
2026-09-22 03:25:48.022 INFO  sched: request 'chatcmpl-e0d665f0703c7c22' retired (steps): 256 tok in 10.6 s — prefill 34 tok (0 cached) in 409 ms; decode 255 tok / 148 passes in 10.2 s: 24.9 tok/s, 40.1 ms/tok, 69 ms/pass, 1.72 tok/pass, accept p1 72 %
2026-09-22 03:25:48.147 INFO  sched: request 'chatcmpl-e0d665f0703c7c23' admitted to slot 0 (reserve 5 blocks; pool 194/4096 blocks in use) — first token 25258
2026-09-22 03:25:48.296 INFO  sched: request 'chatcmpl-e0d665f0703c7c24' admitted to slot 1 (reserve 5 blocks; pool 200/4096 blocks in use) — first token 32
2026-09-22 03:25:48.957 INFO  stats: rank 1 | 10.0 s | decode 46.8 tok/s, 20.5 ms/tok, 70.2 ms/step (137 steps / 470 tok, 96 % of wall) | mtp 1.79 tok/step/req, accept p1 78 % | prefill 2 prompts / 4 tok, 0 tok/s, 46.27 ms/tok, 93 ms avg (2 % of wall), 63 tok cached (2/2 hits) | live 2, queued 0 | pool 201/4096 blocks (5 %) | prefix cache 64/4096 entries
2026-09-22 03:25:58.390 INFO  sched: request 'chatcmpl-e0d665f0703c7c23' retired (steps): 256 tok in 10.2 s — prefill 33 tok (31 cached) in 94 ms; decode 255 tok / 139 passes in 10.1 s: 25.1 tok/s, 39.8 ms/tok, 73 ms/pass, 1.83 tok/pass, accept p1 83 %
2026-09-22 03:25:58.936 INFO  sched: request 'chatcmpl-e0d665f0703c7c24' retired (steps): 256 tok in 10.6 s — prefill 34 tok (32 cached) in 91 ms; decode 255 tok / 148 passes in 10.5 s: 24.2 tok/s, 41.4 ms/tok, 71 ms/pass, 1.72 tok/pass, accept p1 72 %
2026-09-22 03:25:59.053 INFO  sched: request 'chatcmpl-e0d665f0703c7c25' admitted to slot 0 (reserve 5 blocks; pool 194/4096 blocks in use) — first token 25258
2026-09-22 03:25:59.107 INFO  stats: rank 1 | 10.2 s | decode 47.0 tok/s, 20.6 ms/tok, 70.2 ms/step (140 steps / 477 tok, 97 % of wall) | mtp 1.77 tok/step/req, accept p1 77 % | prefill 1 prompt / 2 tok, 0 tok/s, 47.39 ms/tok, 95 ms avg (1 % of wall), 31 tok cached (1/1 hit) | live 1, queued 1 | pool 195/4096 blocks (5 %) | prefix cache 64/4096 entries
2026-09-22 03:25:59.198 INFO  sched: request 'chatcmpl-e0d665f0703c7c26' admitted to slot 1 (reserve 5 blocks; pool 200/4096 blocks in use) — first token 32
2026-09-22 03:26:09.130 INFO  stats: rank 1 | 10.0 s | decode 48.2 tok/s, 20.1 ms/tok, 71.5 ms/step (136 steps / 483 tok, 97 % of wall) | mtp 1.78 tok/step/req, accept p1 77 % | prefill 1 prompt / 2 tok, 0 tok/s, 44.29 ms/tok, 89 ms avg (1 % of wall), 32 tok cached (1/1 hit) | live 2, queued 0 | pool 201/4096 blocks (5 %) | prefix cache 64/4096 entries
2026-09-22 03:26:09.275 INFO  sched: request 'chatcmpl-e0d665f0703c7c25' retired (steps): 256 tok in 10.2 s — prefill 33 tok (31 cached) in 95 ms; decode 255 tok / 139 passes in 10.1 s: 25.2 tok/s, 39.7 ms/tok, 73 ms/pass, 1.83 tok/pass, accept p1 83 %
2026-09-22 03:26:09.823 INFO  sched: request 'chatcmpl-e0d665f0703c7c26' retired (steps): 256 tok in 10.6 s — prefill 34 tok (32 cached) in 89 ms; decode 255 tok / 148 passes in 10.5 s: 24.2 tok/s, 41.3 ms/tok, 71 ms/pass, 1.72 tok/pass, accept p1 72 %
2026-09-22 03:26:10.242 INFO  sched: request 'chatcmpl-e0d665f0703c7c27' prefix cache miss — 2 cut(s) probed against 64 entries; the nearest entry (position 289) shares the first 5 of the prompt's 24 tokens (the prompt differs from it from that token on)
2026-09-22 03:26:10.242 INFO  sched: request 'chatcmpl-e0d665f0703c7c27' admitted to slot 0 (reserve 5 blocks; pool 195/4096 blocks in use) — first token 14364
2026-09-22 03:26:10.676 INFO  sched: request 'chatcmpl-e0d665f0703c7c28' prefix cache miss — 2 cut(s) probed against 65 entries; the nearest entry (position 289) shares the first 5 of the prompt's 24 tokens (the prompt differs from it from that token on)
2026-09-22 03:26:10.676 INFO  sched: request 'chatcmpl-e0d665f0703c7c28' admitted to slot 1 (reserve 5 blocks; pool 202/4096 blocks in use) — first token 14364
2026-09-22 03:26:11.169 INFO  sched: request 'chatcmpl-e0d665f0703c7c29' prefix cache miss — 2 cut(s) probed against 66 entries; the nearest entry (position 289) shares the first 12 of the prompt's 33 tokens (the prompt differs from it from that token on)
2026-09-22 03:26:11.169 INFO  sched: request 'chatcmpl-e0d665f0703c7c29' admitted to slot 2 (reserve 5 blocks; pool 209/4096 blocks in use) — first token 19
2026-09-22 03:26:11.641 INFO  sched: request 'chatcmpl-e0d665f0703c7c2a' prefix cache miss — 2 cut(s) probed against 67 entries; the nearest entry (position 289) shares the first 5 of the prompt's 24 tokens (the prompt differs from it from that token on)
2026-09-22 03:26:11.641 INFO  sched: request 'chatcmpl-e0d665f0703c7c2a' admitted to slot 3 (reserve 5 blocks; pool 216/4096 blocks in use) — first token 14364
2026-09-22 03:26:19.146 INFO  stats: rank 1 | 10.0 s | decode 54.7 tok/s, 15.0 ms/tok, 96.9 ms/step (85 steps / 548 tok, 82 % of wall) | mtp 1.83 tok/step/req, accept p1 81 % | prefill 4 prompts / 105 tok, 10 tok/s, 14.80 ms/tok, 389 ms avg (16 % of wall), 0 tok cached (0/4 hits) | live 4, queued 0 | pool 217/4096 blocks (5 %) | prefix cache 68/4096 entries
2026-09-22 03:26:26.224 INFO  sched: request 'chatcmpl-e0d665f0703c7c27' retired (steps): 256 tok in 16.0 s — prefill 24 tok (0 cached) in 382 ms; decode 255 tok / 138 passes in 15.6 s: 16.3 tok/s, 61.2 ms/tok, 113 ms/pass, 1.85 tok/pass, accept p1 86 %
2026-09-22 03:26:26.758 INFO  sched: request 'chatcmpl-e0d665f0703c7c28' retired (steps): 256 tok in 16.1 s — prefill 24 tok (0 cached) in 376 ms; decode 255 tok / 142 passes in 15.7 s: 16.2 tok/s, 61.6 ms/tok, 111 ms/pass, 1.80 tok/pass, accept p1 80 %
2026-09-22 03:26:26.862 INFO  sched: request 'chatcmpl-e0d665f0703c7c2a' retired (steps): 256 tok in 15.2 s — prefill 24 tok (0 cached) in 378 ms; decode 255 tok / 141 passes in 14.8 s: 17.2 tok/s, 58.2 ms/tok, 105 ms/pass, 1.81 tok/pass, accept p1 82 %
2026-09-22 03:26:26.918 INFO  sched: request 'chatcmpl-e0d665f0703c7c29' retired (steps): 256 tok in 15.7 s — prefill 33 tok (0 cached) in 418 ms; decode 255 tok / 143 passes in 15.3 s: 16.6 tok/s, 60.1 ms/tok, 107 ms/pass, 1.78 tok/pass, accept p1 79 %
2026-09-22 03:26:27.022 INFO  sched: request 'chatcmpl-e0d665f0703c7c2b' admitted to slot 0 (reserve 5 blocks; pool 218/4096 blocks in use) — first token 19
2026-09-22 03:26:27.170 INFO  sched: request 'chatcmpl-e0d665f0703c7c2c' admitted to slot 1 (reserve 5 blocks; pool 224/4096 blocks in use) — first token 14364
2026-09-22 03:26:27.339 INFO  sched: request 'chatcmpl-e0d665f0703c7c2d' admitted to slot 2 (reserve 5 blocks; pool 230/4096 blocks in use) — first token 14364
2026-09-22 03:26:27.524 INFO  sched: request 'chatcmpl-e0d665f0703c7c2e' admitted to slot 3 (reserve 5 blocks; pool 236/4096 blocks in use) — first token 14364
2026-09-22 03:26:29.237 INFO  stats: rank 1 | 10.1 s | decode 62.7 tok/s, 15.0 ms/tok, 104.3 ms/step (91 steps / 633 tok, 94 % of wall) | mtp 1.82 tok/step/req, accept p1 82 % | prefill 4 prompts / 8 tok, 1 tok/s, 46.19 ms/tok, 92 ms avg (4 % of wall), 97 tok cached (4/4 hits) | live 4, queued 0 | pool 237/4096 blocks (6 %) | prefix cache 72/4096 entries
2026-09-22 03:26:39.284 INFO  stats: rank 1 | 10.0 s | decode 67.2 tok/s, 14.6 ms/tok, 105.8 ms/step (93 steps / 675 tok, 98 % of wall) | mtp 1.81 tok/step/req, accept p1 81 % | prefill 0 prompts / 0 tok, 0 tok cached (0/0 hits) | live 4, queued 0 | pool 237/4096 blocks (6 %) | prefix cache 72/4096 entries
2026-09-22 03:26:42.226 INFO  sched: request 'chatcmpl-e0d665f0703c7c2c' retired (steps): 256 tok in 15.1 s — prefill 24 tok (22 cached) in 92 ms; decode 255 tok / 138 passes in 15.0 s: 17.0 tok/s, 58.7 ms/tok, 108 ms/pass, 1.85 tok/pass, accept p1 86 %
2026-09-22 03:26:42.664 INFO  sched: request 'chatcmpl-e0d665f0703c7c2d' retired (steps): 256 tok in 15.3 s — prefill 24 tok (22 cached) in 92 ms; decode 255 tok / 141 passes in 15.2 s: 16.7 tok/s, 59.7 ms/tok, 108 ms/pass, 1.81 tok/pass, accept p1 82 %
2026-09-22 03:26:42.664 INFO  sched: request 'chatcmpl-e0d665f0703c7c2b' retired (steps): 256 tok in 15.6 s — prefill 33 tok (31 cached) in 93 ms; decode 255 tok / 143 passes in 15.5 s: 16.4 tok/s, 61.0 ms/tok, 109 ms/pass, 1.78 tok/pass, accept p1 79 %
2026-09-22 03:26:42.777 INFO  sched: request 'chatcmpl-e0d665f0703c7c2e' retired (steps): 256 tok in 15.3 s — prefill 24 tok (22 cached) in 93 ms; decode 255 tok / 142 passes in 15.2 s: 16.8 tok/s, 59.5 ms/tok, 107 ms/pass, 1.80 tok/pass, accept p1 80 %
2026-09-22 03:26:42.886 INFO  sched: request 'chatcmpl-e0d665f0703c7c2f' admitted to slot 0 (reserve 5 blocks; pool 218/4096 blocks in use) — first token 19
2026-09-22 03:26:43.034 INFO  sched: request 'chatcmpl-e0d665f0703c7c30' admitted to slot 1 (reserve 5 blocks; pool 224/4096 blocks in use) — first token 14364
2026-09-22 03:26:43.204 INFO  sched: request 'chatcmpl-e0d665f0703c7c31' admitted to slot 2 (reserve 5 blocks; pool 230/4096 blocks in use) — first token 14364
2026-09-22 03:26:43.395 INFO  sched: request 'chatcmpl-e0d665f0703c7c32' admitted to slot 3 (reserve 5 blocks; pool 236/4096 blocks in use) — first token 14364
2026-09-22 03:26:49.314 INFO  stats: rank 1 | 10.0 s | decode 63.3 tok/s, 14.8 ms/tok, 103.6 ms/step (91 steps / 635 tok, 94 % of wall) | mtp 1.82 tok/step/req, accept p1 82 % | prefill 4 prompts / 8 tok, 1 tok/s, 46.45 ms/tok, 93 ms avg (4 % of wall), 97 tok cached (4/4 hits) | live 4, queued 0 | pool 237/4096 blocks (6 %) | prefix cache 72/4096 entries
2026-09-22 03:26:58.340 INFO  sched: request 'chatcmpl-e0d665f0703c7c32' retired (steps): 256 tok in 14.9 s — prefill 24 tok (22 cached) in 96 ms; decode 255 tok / 138 passes in 14.8 s: 17.2 tok/s, 58.2 ms/tok, 108 ms/pass, 1.85 tok/pass, accept p1 86 %
2026-09-22 03:26:58.431 INFO  sched: request 'chatcmpl-e0d665f0703c7c30' retired (steps): 256 tok in 15.4 s — prefill 24 tok (22 cached) in 91 ms; decode 255 tok / 141 passes in 15.3 s: 16.7 tok/s, 60.0 ms/tok, 109 ms/pass, 1.81 tok/pass, accept p1 82 %
2026-09-22 03:26:58.528 INFO  sched: request 'chatcmpl-e0d665f0703c7c2f' retired (steps): 256 tok in 15.6 s — prefill 33 tok (31 cached) in 93 ms; decode 255 tok / 143 passes in 15.5 s: 16.4 tok/s, 61.0 ms/tok, 109 ms/pass, 1.78 tok/pass, accept p1 79 %
2026-09-22 03:26:58.585 INFO  sched: request 'chatcmpl-e0d665f0703c7c31' retired (steps): 256 tok in 15.4 s — prefill 24 tok (22 cached) in 92 ms; decode 255 tok / 142 passes in 15.3 s: 16.7 tok/s, 60.0 ms/tok, 108 ms/pass, 1.80 tok/pass, accept p1 80 %
2026-09-22 03:26:59.576 INFO  sched: request 'chatcmpl-e0d665f0703c7c33' prefix cache miss — 2 cut(s) probed against 72 entries; the nearest entry (position 315) shares the first 3 of the prompt's 518 tokens (the prompt differs from it from that token on)
2026-09-22 03:26:59.576 INFO  sched: request 'chatcmpl-e0d665f0703c7c33' admitted to slot 0 (reserve 9 blocks; pool 223/4096 blocks in use) — first token 1986
2026-09-22 03:26:59.577 INFO  sched: request 'chatcmpl-e0d665f0703c7c33' retired (steps): 1 tok in 0.0 s — prefill 518 tok (0 cached) in 849 ms; decode 0 tok / 0 passes in 0.0 s
2026-09-22 03:26:59.577 INFO  stats: rank 1 | 10.3 s | decode 59.2 tok/s, 14.9 ms/tok, 105.4 ms/step (86 steps / 608 tok, 88 % of wall) | mtp 1.80 tok/step/req, accept p1 80 % | prefill 1 prompt / 518 tok, 50 tok/s, 1.64 ms/tok, 849 ms avg (8 % of wall), 0 tok cached (0/1 hit) | live 0, queued 0 | pool 223/4096 blocks (5 %) | prefix cache 74/4096 entries
2026-09-22 03:27:02.348 INFO  sched: request 'chatcmpl-e0d665f0703c7c34' prefix cache miss — 3 cut(s) probed against 74 entries; the nearest entry (position 518) shares the first 10 of the prompt's 2093 tokens (the prompt differs from it from that token on)
2026-09-22 03:27:02.348 INFO  sched: request 'chatcmpl-e0d665f0703c7c34' admitted to slot 0 (reserve 33 blocks; pool 257/4096 blocks in use) — first token 1986
2026-09-22 03:27:02.349 INFO  sched: request 'chatcmpl-e0d665f0703c7c34' retired (steps): 1 tok in 0.0 s — prefill 2093 tok (0 cached) in 2755 ms; decode 0 tok / 0 passes in 0.0 s
2026-09-22 03:27:05.167 INFO  sched: request 'chatcmpl-e0d665f0703c7c35' prefix cache miss — 3 cut(s) probed against 76 entries; the nearest entry (position 2093) shares the first 14 of the prompt's 2118 tokens (the prompt differs from it from that token on)
2026-09-22 03:27:05.167 INFO  sched: request 'chatcmpl-e0d665f0703c7c35' admitted to slot 0 (reserve 34 blocks; pool 292/4096 blocks in use) — first token 1986
2026-09-22 03:27:05.168 INFO  sched: request 'chatcmpl-e0d665f0703c7c35' retired (steps): 1 tok in 0.0 s — prefill 2118 tok (0 cached) in 2807 ms; decode 0 tok / 0 passes in 0.0 s
2026-09-22 03:27:07.955 INFO  sched: request 'chatcmpl-e0d665f0703c7c36' prefix cache miss — 3 cut(s) probed against 78 entries; the nearest entry (position 2118) shares the first 14 of the prompt's 2094 tokens (the prompt differs from it from that token on)
2026-09-22 03:27:07.955 INFO  sched: request 'chatcmpl-e0d665f0703c7c36' admitted to slot 0 (reserve 33 blocks; pool 326/4096 blocks in use) — first token 1986
2026-09-22 03:27:07.957 INFO  sched: request 'chatcmpl-e0d665f0703c7c36' retired (steps): 1 tok in 0.0 s — prefill 2094 tok (0 cached) in 2776 ms; decode 0 tok / 0 passes in 0.0 s
2026-09-22 03:27:15.094 INFO  hunt qp: rank 1 seq 1207339  p0l0[RTS sq_psn=15964952 rq_psn=15964952 ack_timeout=14 retry_cnt=7 rnr_retry=7 min_rnr=12 sq_draining=0] p0l1[RTS sq_psn=4660 rq_psn=4660 ack_timeout=14 retry_cnt=7 rnr_retry=7 min_rnr=12 sq_draining=0] p2l0[RTS sq_psn=15964952 rq_psn=15964952 ack_timeout=14 retry_cnt=7 rnr_retry=7 min_rnr=12 sq_draining=0] p2l1[RTS sq_psn=4660 rq_psn=4660 ack_timeout=14 retry_cnt=7 rnr_retry=7 min_rnr=12 sq_draining=0] p3l0[RTS sq_psn=15964952 rq_psn=15964952 ack_timeout=14 retry_cnt=7 rnr_retry=7 min_rnr=12 sq_draining=0] p3l1[RTS sq_psn=4660 rq_psn=4660 ack_timeout=14 retry_cnt=7 rnr_retry=7 min_rnr=12 sq_draining=0]
2026-09-22 03:27:15.094 INFO  allreduce: rank 1 seq 1207339 STALLED 502ms posted=0x0 ctl(ready=0x0 done=0 status=0 gate(waits=0 spins=0) first_claim(cell=3 len=20480 seq=149869))  p0l0:[149869c1206943/149869=0xbd703e44.149869c1206944/149869=0xbf2a3f7b.149869c1206945/149869=0xbcc4bc1d.149869c1206946/149869=0xbd973df2.149868c1206939/149868=0xbe03bdf7.149868c1206940/149868=0x3e29bdc7.149868c1206941/149868=0xbc913c87.149868c1206942/149868=0xc10a3fae. B[3957/3956!3957/3956!3956/3956.3956/3956.3956/3956.3956/3956.3956/3956.3956/3956.] p0l1:[0c0/0=0000000000.0c0/0=0000000000.0c0/0=0000000000.0c0/0=0000000000.0c0/0=0000000000.0c0/0=0000000000.0c0/0=0000000000.0c0/0=0000000000. B[2492/2492.2492/2492.2492/2491!2492/2491!2491/2491.2491/2491.2491/2491.2491/2491.] p2l0:[149869c1206943/149869=0xbeebbdf8.149869c1206944/149869=0x40b33f00.149869c1206945/149869=0x3c3f3cef.149869c1206946/149869=0xbd0f3b39.149868c1206939/149868=0x3d3b3bf9.149868c1206940/149868=0x3e12be18.149868c1206941/149868=0xbd883bd1.149868c1206942/149868=0x3c95bd0e. B[3096/3096.3096/3096.3096/3096.3096/3096.3096/3096.3096/3096.3095/3095!3095/3095!] p2l1:[0c0/0=0000000000.0c0/0=0000000000.0c0/0=0000000000.0c0/0=0000000000.0c0/0=0000000000.0c0/0=0000000000.0c0/0=0000000000.0c0/0=0000000000. B[2468/2468!2468/2468!2468/2468.2468/2468.2468/2468.2468/2468.2468/2468.2468/2468.] p3l0:[149869c1206943/149869=0x3ed4be83.149869c1206944/149869=0xbe2a3fe4.149869c1206945/149869=0x3c20bd08.149869c1206946/149869=0xbbc9bbe2.149868c1206939/149868=0x3d353d7e.149868c1206940/149868=0x3bdfbc57.149868c1206941/149868=0xbd0c3ce6.149868c1206942/149868=0xbc0a3c8e. B[3050/3050.3050/3050.3050/3049!3050/3049!3049/3049.3049/3049.3049/3049.3049/3049.] p3l1:[0c0/0=0000000000.0c0/0=0000000000.0c0/0=0000000000.0c0/0=0000000000.0c0/0=0000000000.0c0/0=0000000000.0c0/0=0000000000.0c0/0=0000000000. B[2469/2468!2469/2468!2468/2468.2468/2468.2468/2468.2468/2468.2468/2468.2468/2468.]
2026-09-22 03:27:15.094 INFO  allreduce: rank 1 seq 1207339 bulk RS seg 1/5 tx 140234/140238 STALLED  p0:4/4 p2:4/4 p3:4/4
2026-09-22 03:27:15.597 INFO  hunt qp: rank 1 seq 1207339  p0l0[RTS sq_psn=15964952 rq_psn=15964952 ack_timeout=14 retry_cnt=7 rnr_retry=7 min_rnr=12 sq_draining=0] p0l1[RTS sq_psn=4660 rq_psn=4660 ack_timeout=14 retry_cnt=7 rnr_retry=7 min_rnr=12 sq_draining=0] p2l0[RTS sq_psn=15964952 rq_psn=15964952 ack_timeout=14 retry_cnt=7 rnr_retry=7 min_rnr=12 sq_draining=0] p2l1[RTS sq_psn=4660 rq_psn=4660 ack_timeout=14 retry_cnt=7 rnr_retry=7 min_rnr=12 sq_draining=0] p3l0[RTS sq_psn=15964952 rq_psn=15964952 ack_timeout=14 retry_cnt=7 rnr_retry=7 min_rnr=12 sq_draining=0] p3l1[RTS sq_psn=4660 rq_psn=4660 ack_timeout=14 retry_cnt=7 rnr_retry=7 min_rnr=12 sq_draining=0]
2026-09-22 03:27:15.597 INFO  allreduce: rank 1 seq 1207339 STALLED 1005ms posted=0x0 ctl(ready=0x0 done=0 status=0 gate(waits=0 spins=0) first_claim(cell=3 len=20480 seq=149869))  p0l0:[149869c1206943/149869=0xbd703e44.149869c1206944/149869=0xbf2a3f7b.149869c1206945/149869=0xbcc4bc1d.149869c1206946/149869=0xbd973df2.149868c1206939/149868=0xbe03bdf7.149868c1206940/149868=0x3e29bdc7.149868c1206941/149868=0xbc913c87.149868c1206942/149868=0xc10a3fae. B[3957/3956!3957/3956!3956/3956.3956/3956.3956/3956.3956/3956.3956/3956.3956/3956.] p0l1:[0c0/0=0000000000.0c0/0=0000000000.0c0/0=0000000000.0c0/0=0000000000.0c0/0=0000000000.0c0/0=0000000000.0c0/0=0000000000.0c0/0=0000000000. B[2492/2492.2492/2492.2492/2491!2492/2491!2491/2491.2491/2491.2491/2491.2491/2491.] p2l0:[149869c1206943/149869=0xbeebbdf8.149869c1206944/149869=0x40b33f00.149869c1206945/149869=0x3c3f3cef.149869c1206946/149869=0xbd0f3b39.149868c1206939/149868=0x3d3b3bf9.149868c1206940/149868=0x3e12be18.149868c1206941/149868=0xbd883bd1.149868c1206942/149868=0x3c95bd0e. B[3096/3096.3096/3096.3096/3096.3096/3096.3096/3096.3096/3096.3095/3095!3095/3095!] p2l1:[0c0/0=0000000000.0c0/0=0000000000.0c0/0=0000000000.0c0/0=0000000000.0c0/0=0000000000.0c0/0=0000000000.0c0/0=0000000000.0c0/0=0000000000. B[2468/2468!2468/2468!2468/2468.2468/2468.2468/2468.2468/2468.2468/2468.2468/2468.] p3l0:[149869c1206943/149869=0x3ed4be83.149869c1206944/149869=0xbe2a3fe4.149869c1206945/149869=0x3c20bd08.149869c1206946/149869=0xbbc9bbe2.149868c1206939/149868=0x3d353d7e.149868c1206940/149868=0x3bdfbc57.149868c1206941/149868=0xbd0c3ce6.149868c1206942/149868=0xbc0a3c8e. B[3050/3050.3050/3050.3050/3049!3050/3049!3049/3049.3049/3049.3049/3049.3049/3049.] p3l1:[0c0/0=0000000000.0c0/0=0000000000.0c0/0=0000000000.0c0/0=0000000000.0c0/0=0000000000.0c0/0=0000000000.0c0/0=0000000000.0c0/0=0000000000. B[2469/2468!2469/2468!2468/2468.2468/2468.2468/2468.2468/2468.2468/2468.2468/2468.]
2026-09-22 03:27:15.597 INFO  allreduce: rank 1 seq 1207339 bulk RS seg 1/5 tx 140234/140238 STALLED  p0:4/4 p2:4/4 p3:4/4
2026-09-22 03:27:16.096 INFO  hunt qp: rank 1 seq 1207339  p0l0[RTS sq_psn=15964952 rq_psn=15964952 ack_timeout=14 retry_cnt=7 rnr_retry=7 min_rnr=12 sq_draining=0] p0l1[RTS sq_psn=4660 rq_psn=4660 ack_timeout=14 retry_cnt=7 rnr_retry=7 min_rnr=12 sq_draining=0] p2l0[RTS sq_psn=15964952 rq_psn=15964952 ack_timeout=14 retry_cnt=7 rnr_retry=7 min_rnr=12 sq_draining=0] p2l1[RTS sq_psn=4660 rq_psn=4660 ack_timeout=14 retry_cnt=7 rnr_retry=7 min_rnr=12 sq_draining=0] p3l0[RTS sq_psn=15964952 rq_psn=15964952 ack_timeout=14 retry_cnt=7 rnr_retry=7 min_rnr=12 sq_draining=0] p3l1[RTS sq_psn=4660 rq_psn=4660 ack_timeout=14 retry_cnt=7 rnr_retry=7 min_rnr=12 sq_draining=0]
2026-09-22 03:27:16.096 INFO  allreduce: rank 1 seq 1207339 STALLED 1504ms posted=0x0 ctl(ready=0x0 done=0 status=0 gate(waits=0 spins=0) first_claim(cell=3 len=20480 seq=149869))  p0l0:[149869c1206943/149869=0xbd703e44.149869c1206944/149869=0xbf2a3f7b.149869c1206945/149869=0xbcc4bc1d.149869c1206946/149869=0xbd973df2.149868c1206939/149868=0xbe03bdf7.149868c1206940/149868=0x3e29bdc7.149868c1206941/149868=0xbc913c87.149868c1206942/149868=0xc10a3fae. B[3957/3956!3957/3956!3956/3956.3956/3956.3956/3956.3956/3956.3956/3956.3956/3956.] p0l1:[0c0/0=0000000000.0c0/0=0000000000.0c0/0=0000000000.0c0/0=0000000000.0c0/0=0000000000.0c0/0=0000000000.0c0/0=0000000000.0c0/0=0000000000. B[2492/2492.2492/2492.2492/2491!2492/2491!2491/2491.2491/2491.2491/2491.2491/2491.] p2l0:[149869c1206943/149869=0xbeebbdf8.149869c1206944/149869=0x40b33f00.149869c1206945/149869=0x3c3f3cef.149869c1206946/149869=0xbd0f3b39.149868c1206939/149868=0x3d3b3bf9.149868c1206940/149868=0x3e12be18.149868c1206941/149868=0xbd883bd1.149868c1206942/149868=0x3c95bd0e. B[3096/3096.3096/3096.3096/3096.3096/3096.3096/3096.3096/3096.3095/3095!3095/3095!] p2l1:[0c0/0=0000000000.0c0/0=0000000000.0c0/0=0000000000.0c0/0=0000000000.0c0/0=0000000000.0c0/0=0000000000.0c0/0=0000000000.0c0/0=0000000000. B[2468/2468!2468/2468!2468/2468.2468/2468.2468/2468.2468/2468.2468/2468.2468/2468.] p3l0:[149869c1206943/149869=0x3ed4be83.149869c1206944/149869=0xbe2a3fe4.149869c1206945/149869=0x3c20bd08.149869c1206946/149869=0xbbc9bbe2.149868c1206939/149868=0x3d353d7e.149868c1206940/149868=0x3bdfbc57.149868c1206941/149868=0xbd0c3ce6.149868c1206942/149868=0xbc0a3c8e. B[3050/3050.3050/3050.3050/3049!3050/3049!3049/3049.3049/3049.3049/3049.3049/3049.] p3l1:[0c0/0=0000000000.0c0/0=0000000000.0c0/0=0000000000.0c0/0=0000000000.0c0/0=0000000000.0c0/0=0000000000.0c0/0=0000000000.0c0/0=0000000000. B[2469/2468!2469/2468!2468/2468.2468/2468.2468/2468.2468/2468.2468/2468.2468/2468.]
2026-09-22 03:27:16.096 INFO  allreduce: rank 1 seq 1207339 bulk RS seg 1/5 tx 140234/140238 STALLED  p0:4/4 p2:4/4 p3:4/4
2026-09-22 03:27:16.597 INFO  hunt qp: rank 1 seq 1207339  p0l0[RTS sq_psn=15964952 rq_psn=15964952 ack_timeout=14 retry_cnt=7 rnr_retry=7 min_rnr=12 sq_draining=0] p0l1[RTS sq_psn=4660 rq_psn=4660 ack_timeout=14 retry_cnt=7 rnr_retry=7 min_rnr=12 sq_draining=0] p2l0[RTS sq_psn=15964952 rq_psn=15964952 ack_timeout=14 retry_cnt=7 rnr_retry=7 min_rnr=12 sq_draining=0] p2l1[RTS sq_psn=4660 rq_psn=4660 ack_timeout=14 retry_cnt=7 rnr_retry=7 min_rnr=12 sq_draining=0] p3l0[RTS sq_psn=15964952 rq_psn=15964952 ack_timeout=14 retry_cnt=7 rnr_retry=7 min_rnr=12 sq_draining=0] p3l1[RTS sq_psn=4660 rq_psn=4660 ack_timeout=14 retry_cnt=7 rnr_retry=7 min_rnr=12 sq_draining=0]
2026-09-22 03:27:16.597 INFO  allreduce: rank 1 seq 1207339 STALLED 2005ms posted=0x0 ctl(ready=0x0 done=0 status=0 gate(waits=0 spins=0) first_claim(cell=3 len=20480 seq=149869))  p0l0:[149869c1206943/149869=0xbd703e44.149869c1206944/149869=0xbf2a3f7b.149869c1206945/149869=0xbcc4bc1d.149869c1206946/149869=0xbd973df2.149868c1206939/149868=0xbe03bdf7.149868c1206940/149868=0x3e29bdc7.149868c1206941/149868=0xbc913c87.149868c1206942/149868=0xc10a3fae. B[3957/3956!3957/3956!3956/3956.3956/3956.3956/3956.3956/3956.3956/3956.3956/3956.] p0l1:[0c0/0=0000000000.0c0/0=0000000000.0c0/0=0000000000.0c0/0=0000000000.0c0/0=0000000000.0c0/0=0000000000.0c0/0=0000000000.0c0/0=0000000000. B[2492/2492.2492/2492.2492/2491!2492/2491!2491/2491.2491/2491.2491/2491.2491/2491.] p2l0:[149869c1206943/149869=0xbeebbdf8.149869c1206944/149869=0x40b33f00.149869c1206945/149869=0x3c3f3cef.149869c1206946/149869=0xbd0f3b39.149868c1206939/149868=0x3d3b3bf9.149868c1206940/149868=0x3e12be18.149868c1206941/149868=0xbd883bd1.149868c1206942/149868=0x3c95bd0e. B[3096/3096.3096/3096.3096/3096.3096/3096.3096/3096.3096/3096.3095/3095!3095/3095!] p2l1:[0c0/0=0000000000.0c0/0=0000000000.0c0/0=0000000000.0c0/0=0000000000.0c0/0=0000000000.0c0/0=0000000000.0c0/0=0000000000.0c0/0=0000000000. B[2468/2468!2468/2468!2468/2468.2468/2468.2468/2468.2468/2468.2468/2468.2468/2468.] p3l0:[149869c1206943/149869=0x3ed4be83.149869c1206944/149869=0xbe2a3fe4.149869c1206945/149869=0x3c20bd08.149869c1206946/149869=0xbbc9bbe2.149868c1206939/149868=0x3d353d7e.149868c1206940/149868=0x3bdfbc57.149868c1206941/149868=0xbd0c3ce6.149868c1206942/149868=0xbc0a3c8e. B[3050/3050.3050/3050.3050/3049!3050/3049!3049/3049.3049/3049.3049/3049.3049/3049.] p3l1:[0c0/0=0000000000.0c0/0=0000000000.0c0/0=0000000000.0c0/0=0000000000.0c0/0=0000000000.0c0/0=0000000000.0c0/0=0000000000.0c0/0=0000000000. B[2469/2468!2469/2468!2468/2468.2468/2468.2468/2468.2468/2468.2468/2468.2468/2468.]
2026-09-22 03:27:16.597 INFO  allreduce: rank 1 seq 1207339 bulk RS seg 1/5 tx 140234/140238 STALLED  p0:4/4 p2:4/4 p3:4/4
2026-09-22 03:27:17.097 INFO  hunt qp: rank 1 seq 1207339  p0l0[RTS sq_psn=15964952 rq_psn=15964952 ack_timeout=14 retry_cnt=7 rnr_retry=7 min_rnr=12 sq_draining=0] p0l1[RTS sq_psn=4660 rq_psn=4660 ack_timeout=14 retry_cnt=7 rnr_retry=7 min_rnr=12 sq_draining=0] p2l0[RTS sq_psn=15964952 rq_psn=15964952 ack_timeout=14 retry_cnt=7 rnr_retry=7 min_rnr=12 sq_draining=0] p2l1[RTS sq_psn=4660 rq_psn=4660 ack_timeout=14 retry_cnt=7 rnr_retry=7 min_rnr=12 sq_draining=0] p3l0[RTS sq_psn=15964952 rq_psn=15964952 ack_timeout=14 retry_cnt=7 rnr_retry=7 min_rnr=12 sq_draining=0] p3l1[RTS sq_psn=4660 rq_psn=4660 ack_timeout=14 retry_cnt=7 rnr_retry=7 min_rnr=12 sq_draining=0]
2026-09-22 03:27:17.097 INFO  allreduce: rank 1 seq 1207339 STALLED 2505ms posted=0x0 ctl(ready=0x0 done=0 status=0 gate(waits=0 spins=0) first_claim(cell=3 len=20480 seq=149869))  p0l0:[149869c1206943/149869=0xbd703e44.149869c1206944/149869=0xbf2a3f7b.149869c1206945/149869=0xbcc4bc1d.149869c1206946/149869=0xbd973df2.149868c1206939/149868=0xbe03bdf7.149868c1206940/149868=0x3e29bdc7.149868c1206941/149868=0xbc913c87.149868c1206942/149868=0xc10a3fae. B[3957/3956!3957/3956!3956/3956.3956/3956.3956/3956.3956/3956.3956/3956.3956/3956.] p0l1:[0c0/0=0000000000.0c0/0=0000000000.0c0/0=0000000000.0c0/0=0000000000.0c0/0=0000000000.0c0/0=0000000000.0c0/0=0000000000.0c0/0=0000000000. B[2492/2492.2492/2492.2492/2491!2492/2491!2491/2491.2491/2491.2491/2491.2491/2491.] p2l0:[149869c1206943/149869=0xbeebbdf8.149869c1206944/149869=0x40b33f00.149869c1206945/149869=0x3c3f3cef.149869c1206946/149869=0xbd0f3b39.149868c1206939/149868=0x3d3b3bf9.149868c1206940/149868=0x3e12be18.149868c1206941/149868=0xbd883bd1.149868c1206942/149868=0x3c95bd0e. B[3096/3096.3096/3096.3096/3096.3096/3096.3096/3096.3096/3096.3095/3095!3095/3095!] p2l1:[0c0/0=0000000000.0c0/0=0000000000.0c0/0=0000000000.0c0/0=0000000000.0c0/0=0000000000.0c0/0=0000000000.0c0/0=0000000000.0c0/0=0000000000. B[2468/2468!2468/2468!2468/2468.2468/2468.2468/2468.2468/2468.2468/2468.2468/2468.] p3l0:[149869c1206943/149869=0x3ed4be83.149869c1206944/149869=0xbe2a3fe4.149869c1206945/149869=0x3c20bd08.149869c1206946/149869=0xbbc9bbe2.149868c1206939/149868=0x3d353d7e.149868c1206940/149868=0x3bdfbc57.149868c1206941/149868=0xbd0c3ce6.149868c1206942/149868=0xbc0a3c8e. B[3050/3050.3050/3050.3050/3049!3050/3049!3049/3049.3049/3049.3049/3049.3049/3049.] p3l1:[0c0/0=0000000000.0c0/0=0000000000.0c0/0=0000000000.0c0/0=0000000000.0c0/0=0000000000.0c0/0=0000000000.0c0/0=0000000000.0c0/0=0000000000. B[2469/2468!2469/2468!2468/2468.2468/2468.2468/2468.2468/2468.2468/2468.2468/2468.]
2026-09-22 03:27:17.097 INFO  allreduce: rank 1 seq 1207339 bulk RS seg 1/5 tx 140234/140238 STALLED  p0:4/4 p2:4/4 p3:4/4
2026-09-22 03:27:17.596 INFO  hunt qp: rank 1 seq 1207339  p0l0[RTS sq_psn=15964952 rq_psn=15964952 ack_timeout=14 retry_cnt=7 rnr_retry=7 min_rnr=12 sq_draining=0] p0l1[RTS sq_psn=4660 rq_psn=4660 ack_timeout=14 retry_cnt=7 rnr_retry=7 min_rnr=12 sq_draining=0] p2l0[RTS sq_psn=15964952 rq_psn=15964952 ack_timeout=14 retry_cnt=7 rnr_retry=7 min_rnr=12 sq_draining=0] p2l1[RTS sq_psn=4660 rq_psn=4660 ack_timeout=14 retry_cnt=7 rnr_retry=7 min_rnr=12 sq_draining=0] p3l0[RTS sq_psn=15964952 rq_psn=15964952 ack_timeout=14 retry_cnt=7 rnr_retry=7 min_rnr=12 sq_draining=0] p3l1[RTS sq_psn=4660 rq_psn=4660 ack_timeout=14 retry_cnt=7 rnr_retry=7 min_rnr=12 sq_draining=0]
2026-09-22 03:27:17.596 INFO  allreduce: rank 1 seq 1207339 STALLED 3005ms posted=0x0 ctl(ready=0x0 done=0 status=0 gate(waits=0 spins=0) first_claim(cell=3 len=20480 seq=149869))  p0l0:[149869c1206943/149869=0xbd703e44.149869c1206944/149869=0xbf2a3f7b.149869c1206945/149869=0xbcc4bc1d.149869c1206946/149869=0xbd973df2.149868c1206939/149868=0xbe03bdf7.149868c1206940/149868=0x3e29bdc7.149868c1206941/149868=0xbc913c87.149868c1206942/149868=0xc10a3fae. B[3957/3956!3957/3956!3956/3956.3956/3956.3956/3956.3956/3956.3956/3956.3956/3956.] p0l1:[0c0/0=0000000000.0c0/0=0000000000.0c0/0=0000000000.0c0/0=0000000000.0c0/0=0000000000.0c0/0=0000000000.0c0/0=0000000000.0c0/0=0000000000. B[2492/2492.2492/2492.2492/2491!2492/2491!2491/2491.2491/2491.2491/2491.2491/2491.] p2l0:[149869c1206943/149869=0xbeebbdf8.149869c1206944/149869=0x40b33f00.149869c1206945/149869=0x3c3f3cef.149869c1206946/149869=0xbd0f3b39.149868c1206939/149868=0x3d3b3bf9.149868c1206940/149868=0x3e12be18.149868c1206941/149868=0xbd883bd1.149868c1206942/149868=0x3c95bd0e. B[3096/3096.3096/3096.3096/3096.3096/3096.3096/3096.3096/3096.3095/3095!3095/3095!] p2l1:[0c0/0=0000000000.0c0/0=0000000000.0c0/0=0000000000.0c0/0=0000000000.0c0/0=0000000000.0c0/0=0000000000.0c0/0=0000000000.0c0/0=0000000000. B[2468/2468!2468/2468!2468/2468.2468/2468.2468/2468.2468/2468.2468/2468.2468/2468.] p3l0:[149869c1206943/149869=0x3ed4be83.149869c1206944/149869=0xbe2a3fe4.149869c1206945/149869=0x3c20bd08.149869c1206946/149869=0xbbc9bbe2.149868c1206939/149868=0x3d353d7e.149868c1206940/149868=0x3bdfbc57.149868c1206941/149868=0xbd0c3ce6.149868c1206942/149868=0xbc0a3c8e. B[3050/3050.3050/3050.3050/3049!3050/3049!3049/3049.3049/3049.3049/3049.3049/3049.] p3l1:[0c0/0=0000000000.0c0/0=0000000000.0c0/0=0000000000.0c0/0=0000000000.0c0/0=0000000000.0c0/0=0000000000.0c0/0=0000000000.0c0/0=0000000000. B[2469/2468!2469/2468!2468/2468.2468/2468.2468/2468.2468/2468.2468/2468.2468/2468.]
2026-09-22 03:27:17.596 INFO  allreduce: rank 1 seq 1207339 bulk RS seg 1/5 tx 140234/140238 STALLED  p0:4/4 p2:4/4 p3:4/4
2026-09-22 03:27:18.097 INFO  hunt qp: rank 1 seq 1207339  p0l0[RTS sq_psn=15964952 rq_psn=15964952 ack_timeout=14 retry_cnt=7 rnr_retry=7 min_rnr=12 sq_draining=0] p0l1[RTS sq_psn=4660 rq_psn=4660 ack_timeout=14 retry_cnt=7 rnr_retry=7 min_rnr=12 sq_draining=0] p2l0[RTS sq_psn=15964952 rq_psn=15964952 ack_timeout=14 retry_cnt=7 rnr_retry=7 min_rnr=12 sq_draining=0] p2l1[RTS sq_psn=4660 rq_psn=4660 ack_timeout=14 retry_cnt=7 rnr_retry=7 min_rnr=12 sq_draining=0] p3l0[RTS sq_psn=15964952 rq_psn=15964952 ack_timeout=14 retry_cnt=7 rnr_retry=7 min_rnr=12 sq_draining=0] p3l1[RTS sq_psn=4660 rq_psn=4660 ack_timeout=14 retry_cnt=7 rnr_retry=7 min_rnr=12 sq_draining=0]
2026-09-22 03:27:18.097 INFO  allreduce: rank 1 seq 1207339 STALLED 3505ms posted=0x0 ctl(ready=0x0 done=0 status=0 gate(waits=0 spins=0) first_claim(cell=3 len=20480 seq=149869))  p0l0:[149869c1206943/149869=0xbd703e44.149869c1206944/149869=0xbf2a3f7b.149869c1206945/149869=0xbcc4bc1d.149869c1206946/149869=0xbd973df2.149868c1206939/149868=0xbe03bdf7.149868c1206940/149868=0x3e29bdc7.149868c1206941/149868=0xbc913c87.149868c1206942/149868=0xc10a3fae. B[3957/3956!3957/3956!3956/3956.3956/3956.3956/3956.3956/3956.3956/3956.3956/3956.] p0l1:[0c0/0=0000000000.0c0/0=0000000000.0c0/0=0000000000.0c0/0=0000000000.0c0/0=0000000000.0c0/0=0000000000.0c0/0=0000000000.0c0/0=0000000000. B[2492/2492.2492/2492.2492/2491!2492/2491!2491/2491.2491/2491.2491/2491.2491/2491.] p2l0:[149869c1206943/149869=0xbeebbdf8.149869c1206944/149869=0x40b33f00.149869c1206945/149869=0x3c3f3cef.149869c1206946/149869=0xbd0f3b39.149868c1206939/149868=0x3d3b3bf9.149868c1206940/149868=0x3e12be18.149868c1206941/149868=0xbd883bd1.149868c1206942/149868=0x3c95bd0e. B[3096/3096.3096/3096.3096/3096.3096/3096.3096/3096.3096/3096.3095/3095!3095/3095!] p2l1:[0c0/0=0000000000.0c0/0=0000000000.0c0/0=0000000000.0c0/0=0000000000.0c0/0=0000000000.0c0/0=0000000000.0c0/0=0000000000.0c0/0=0000000000. B[2468/2468!2468/2468!2468/2468.2468/2468.2468/2468.2468/2468.2468/2468.2468/2468.] p3l0:[149869c1206943/149869=0x3ed4be83.149869c1206944/149869=0xbe2a3fe4.149869c1206945/149869=0x3c20bd08.149869c1206946/149869=0xbbc9bbe2.149868c1206939/149868=0x3d353d7e.149868c1206940/149868=0x3bdfbc57.149868c1206941/149868=0xbd0c3ce6.149868c1206942/149868=0xbc0a3c8e. B[3050/3050.3050/3050.3050/3049!3050/3049!3049/3049.3049/3049.3049/3049.3049/3049.] p3l1:[0c0/0=0000000000.0c0/0=0000000000.0c0/0=0000000000.0c0/0=0000000000.0c0/0=0000000000.0c0/0=0000000000.0c0/0=0000000000.0c0/0=0000000000. B[2469/2468!2469/2468!2468/2468.2468/2468.2468/2468.2468/2468.2468/2468.2468/2468.]
2026-09-22 03:27:18.097 INFO  allreduce: rank 1 seq 1207339 bulk RS seg 1/5 tx 140234/140238 STALLED  p0:4/4 p2:4/4 p3:4/4
2026-09-22 03:27:18.148 ERROR bus lane to rank 2 lane 1 failed: wc status=12 (transport retry counter exceeded) opcode=52 vendor_err=129
2026-09-22 03:27:18.148 ERROR bus graph era failed: lane failed: wc status=12 (transport retry counter exceeded) opcode=52 vendor_err=129
2026-09-22 03:27:18.148 ERROR bus lane to rank 2 lane 0 failed: wc status=12 (transport retry counter exceeded) opcode=52 vendor_err=129
2026-09-22 03:27:18.230 INFO  rank 1: graph engine sampling summary — 0 sampled decode steps, 0 served by the exact gather fallback (0.0%), 128 candidates per rank
BKFIN rank=1 phase=0 seg=0 arrived=8/12 my_base=4 my_count=4 t_ms=8704135 poison=1 masks: k0=5 k1=5 k2=5 k3=5
BKVB r=1 v=0 base=31648 slots=8
BKVB r=1 v=1 base=19930 slots=8
BKVB r=1 v=2 base=24766 slots=8
BKVB r=1 v=3 base=19744 slots=8
BKVB r=1 v=4 base=24394 slots=8
BKVB r=1 v=5 base=19744 slots=8
BKVD r=1 v=0 d=3957,3957,3956,3956,3956,3956,3956,3956 a=3957,3957,3956,3956,3956,3956,3956,3956
BKVD r=1 v=1 d=2492,2492,2492,2492,2491,2491,2491,2491 a=2492,2492,2492,2492,2491,2491,2491,2491
BKVD r=1 v=2 d=3096,3096,3096,3096,3096,3096,3095,3095 a=3096,3096,3096,3096,3096,3096,3095,3095
BKVD r=1 v=3 d=2468,2468,2468,2468,2468,2468,2468,2468 a=2468,2468,2468,2468,2468,2468,2468,2468
BKVD r=1 v=4 d=3050,3050,3050,3050,3049,3049,3049,3049 a=3050,3050,3050,3050,3049,3049,3049,3049
BKVD r=1 v=5 d=2469,2469,2468,2468,2468,2468,2468,2468 a=2469,2469,2468,2468,2468,2468,2468,2468
BKSR r=1 v=0 sm=3957,3957,0,0,0,0,0,0 sa=3956,3956,0,0,0,0,0,0
BKSR r=1 v=1 sm=0,0,2492,2492,0,0,0,0 sa=0,0,2491,2491,0,0,0,0
BKSR r=1 v=2 sm=0,0,0,0,0,0,0,0 sa=0,0,0,0,0,0,0,0
BKSR r=1 v=3 sm=0,0,0,0,0,0,0,0 sa=0,0,0,0,0,0,0,0
BKSR r=1 v=4 sm=0,0,3050,3050,0,0,0,0 sa=0,0,3049,3049,0,0,0,0
BKSR r=1 v=5 sm=2469,2469,0,0,0,0,0,0 sa=2468,2468,0,0,0,0,0,0
BKCL r=1 i=0 c=34 seq=3050 j=24394 b=24394 k=0 acc=1
BKCL r=1 i=1 c=35 seq=3050 j=24395 b=24394 k=2 acc=1
BKCL r=1 i=2 c=40 seq=2469 j=19744 b=19744 k=1 acc=1
BKCL r=1 i=3 c=41 seq=2469 j=19745 b=19744 k=3 acc=1
BKCL r=1 i=4 c=0 seq=3957 j=31648 b=31648 k=0 acc=1
BKCL r=1 i=5 c=10 seq=2492 j=19930 b=19930 k=1 acc=1
BKCL r=1 i=6 c=1 seq=3957 j=31649 b=31648 k=2 acc=1
BKCL r=1 i=7 c=11 seq=2492 j=19931 b=19930 k=3 acc=1
2026-09-22 03:27:19.632 ERROR serve: boundary reduce (boundary bulk): bus lane to rank 2 lane 1 failed: wc status=12 (transport retry counter exceeded) opcode=52 vendor_err=129
