2026-09-22 03:08:36.658 INFO  dgpp-serve 0.1.0+ga3ed8994a34c (git a3ed8994a34c)
2026-09-22 03:08:36.659 INFO  config /tmp/bus4/deployments/7e34794ed30d81fb/cluster.json: model nvidia/Qwen3.8-Flash-Next-NVFP4, world 2, rank 1, http :18080, fabric :29970, journal :29971
2026-09-22 03:08:36.659 INFO  model nvidia/Qwen3.8-Flash-Next-NVFP4 -> /home/stephen/.cache/huggingface/hub/models--nvidia--Qwen3.8-Flash-Next-NVFP4/snapshots/fc694b54fb0174e0913e6adf86691ef85a4ead47
2026-09-22 03:08:36.659 INFO  journal: connected to rank 0 at 192.168.88.11:29971 (120000 attempt window)
2026-09-22 03:08:36.660 INFO  rank 1: settings from rank 0: model=nvidia/Qwen3.8-Flash-Next-NVFP4 world=2 fabric=29970 journal=29971 conc=4 kv=262144 kvdt=bf16 ngt=mmap dw=fp8 bfw=bf12+bf16 fp8head=mma pf=bounded emsh=replicated maxtok=256 queue=8 eos=1 graph=1 compact=0 mtp=1 mtpd=1 mss=0 msrow=8 msbase=28 mslam=0 msmin=1 msad=1 batchmin=2 cand=128 pcgib=1.5 adm=full win=256 pfbudget=0 pfidle=0 pace=-1 inflight=-1 reasoning_in_content=0 rs=off
2026-09-22 03:08:36.660 INFO  config: model=nvidia/Qwen3.8-Flash-Next-NVFP4 world=2 fabric=29970 journal=29971 conc=4 kv=262144 kvdt=bf16 ngt=mmap dw=fp8 bfw=bf12+bf16 fp8head=mma pf=bounded emsh=replicated maxtok=256 queue=8 eos=1 graph=1 compact=0 mtp=1 mtpd=1 mss=0 msrow=8 msbase=28 mslam=0 msmin=1 msad=1 batchmin=2 cand=128 pcgib=1.5 adm=full win=256 pfbudget=0 pfidle=0 pace=-1 inflight=-1 reasoning_in_content=0 rs=off (digest 4048ccc296c4a0b6)
2026-09-22 03:08:36.777 INFO  serve: model family qwen4_exp (/home/stephen/.cache/huggingface/hub/models--nvidia--Qwen3.8-Flash-Next-NVFP4/snapshots/fc694b54fb0174e0913e6adf86691ef85a4ead47)
2026-09-22 03:08:36.778 INFO  serve: decode rows 8 (4 slot(s) x 2 row(s) per request, floor 8, the qwen4_exp family's cap 64)
2026-09-22 03:08:36.778 WARN  generation config /home/stephen/.cache/huggingface/hub/models--nvidia--Qwen3.8-Flash-Next-NVFP4/snapshots/fc694b54fb0174e0913e6adf86691ef85a4ead47/generation_config.json omits min_p, repetition_penalty; using greedy-safe/neutral fallbacks for those fields
2026-09-22 03:08:36.778 INFO  generation defaults: temperature=1 top_p=0.95 top_k=20 min_p=0 repetition_penalty=1
2026-09-22 03:08:36.778 INFO  serve: sampling defaults temperature 1 top_p 0.95 top_k 20 min_p 0 repetition_penalty 1 (from generation_config.json; overrides: none)
2026-09-22 03:08:36.778 INFO  serve: request context limit 262144 tokens — the lesser of the 262144-token positional ceiling (the checkpoint's own rope) and the 262144-token K/V pool (engine.kv_capacity 262144); one request may reach the limit, the pool is what seats them all
2026-09-22 03:08:36.778 INFO  rank 1: prefix cache plan — 1.5 GiB budget, 27 slots of 55.263 MiB, 1.457 GiB allocated; cached K/V blocks share the 262144-token pool
2026-09-22 03:08:36.890 INFO  tokenizer: loaded vocab 248044 merges 247587 added 33 (revision 0x53952643d9dcd76d; qwen pattern, NFC, ignore_merges false)
2026-09-22 03:08:36.905 INFO  serve: grammar vocabulary built (248320 ids, tool markers present, call-turn EOS 248046)
2026-09-22 03:08:37.101 INFO  serve: JSON grammar tables built in 0.20 s
2026-09-22 03:08:37.313 INFO  bus: globaltimer offset 8053434339 ns (+-2 us)
2026-09-22 03:08:37.323 INFO  verbs: device roceP2p1s0f0 port 1 gid_index 3
2026-09-22 03:08:37.332 INFO  verbs: device rocep1s0f0 port 1 gid_index 3
2026-09-22 03:08:38.382 INFO  bus: rank 1 up — 1 peer(s) x 2 lane(s), lat 8x163840B, bulk 8x262144B, bulk pace 85.0 Gb/s per QP, window 4 per lane
2026-09-22 03:08:38.382 INFO  rank 1: boundary reducer host-driven
2026-09-22 03:08:38.482 INFO  rank 1: process memory locked (mlockall MCL_CURRENT, 14482 MiB)
2026-09-22 03:08:38.482 INFO  rank 1: resident image cache at /home/stephen/.cache/dgpp/resident
2026-09-22 03:08:38.484 INFO  bus engine: rank 1 pinned to cpu 19
2026-09-22 03:08:38.681 INFO  rank 1: memory plan for a 262144-token context — model weights (resident; the n-gram table mmap'ed from the checkpoint) 36.50 GiB; loader staging (pinned host, freed when the last layer is resident) 1.52 GiB (1.52 GiB pinned); gemm workspace (at least) 0.06 GiB; dense fp8 prefill bridge (the largest dense matrix in BF16) 0.03 GiB; n-gram table staging (pinned; the table mmap'ed from the checkpoint) 0.00 GiB (0.00 GiB pinned); request slot state (GDN recurrent/conv, PLE conv, context) 0.22 GiB; spec snapshot rows 0.43 GiB; kv cache pool (K/V bf16, compressed index keys, rings) 3.45 GiB; activations (hyper state, rows, head) 1.02 GiB (0.00 GiB pinned); layer objects (GR sites, GDN, QSA, PLE) 1.80 GiB; moe scratch (routed slots, shared expert, graph tables) 0.45 GiB (0.01 GiB pinned); draft block (hyper-state window, ring snapshot, fusion scratch, mixer) 0.27 GiB (0.00 GiB pinned); vision tower weights (bf16, replicated) 0.84 GiB; vision workspace (patches, attention tiles, staged image rows) 0.29 GiB; prefix cache 1.46 GiB; engine 0.07 GiB
2026-09-22 03:08:38.681 INFO  rank 1: memory plan total 48.41 GiB (45.35 GiB device + 3.06 GiB pinned) + 4.00 GiB headroom against 116.74 GiB free (device free 112.25 GiB of 121.69 GiB, host available 116.74 GiB)
2026-09-22 03:08:38.681 INFO  memory ledger: rank 1 after the plan check — rss 1.09 GiB (anon 0.38, shmem 0.07, file 0.64; locked 14.14); device free 112.25 GiB, node available 116.74 GiB
2026-09-22 03:08:38.681 INFO  memory ledger: rank 1 after the bus — rss 1.09 GiB (anon 0.38, shmem 0.07, file 0.64; locked 14.14); device free 112.25 GiB, node available 116.74 GiB
2026-09-22 03:08:39.662 INFO  qwen loader: rank 1 resident footprint 36.5 GiB; device free 112.0 of 121.7 GiB, host available 116.5 GiB
2026-09-22 03:08:40.472 INFO  qwen loader: rank 1 resident image /home/stephen/.cache/dgpp/resident/7ede2cb4dff12d7f.img — 49/49 layers present, direct I/O
2026-09-22 03:08:40.496 INFO  l2 prefetch: on, window budget 12 MiB, boundary rate light, layer rate light
2026-09-22 03:08:41.861 INFO  qwen loader: rank 1 n-gram table rows [160000374, 320001446) mmap'ed from the checkpoint (50.03 GiB mapped, scale 0.00019931793)
2026-09-22 03:08:46.810 INFO  memory ledger: rank 1 after the model — rss 4.75 GiB (anon 0.65, shmem 1.60, file 2.51; locked 14.13); device free 101.20 GiB, node available 106.63 GiB
2026-09-22 03:08:46.810 INFO  rank 1: model constructed in 8.1s (resident, 4 request slots, 262144-token pool in bf16, 2048-row forwards)
2026-09-22 03:08:46.810 INFO  rank 1: prefix cache on — 27 snapshot slot(s) of 55.3 MiB (1.50 GiB asked)
2026-09-22 03:08:46.860 INFO  rank 1: graph engine samples on the device — 128 candidates per rank (8 rows x 2 ranks in a 163840-byte latency slot; the planned width is 128); constrained decoding available
2026-09-22 03:08:46.861 INFO  memory ledger: rank 1 after the graph engine — rss 4.75 GiB (anon 0.65, shmem 1.60, file 2.51; locked 14.13); device free 99.70 GiB, node available 105.13 GiB
2026-09-22 03:08:47.202 INFO  allreduce: device clock rate 2418000 kHz (stamps conversion)
2026-09-22 03:08:47.202 INFO  allreduce: rank 1 seq 1 launched (1 peers)
2026-09-22 03:08:47.202 INFO  allreduce: rank 1 seq 1 ready after 36.1us
2026-09-22 03:08:47.202 INFO  allreduce: rank 1 seq 1 done status=0 after 62.9us
2026-09-22 03:08:47.220 INFO  allreduce: rank 1 seq 2 launched (1 peers)
2026-09-22 03:08:47.220 INFO  allreduce: rank 1 seq 2 ready after 7.8us
2026-09-22 03:08:47.220 INFO  allreduce: rank 1 seq 2 done status=0 after 252.7us
2026-09-22 03:08:47.221 INFO  allreduce: rank 1 seq 3 launched (1 peers)
2026-09-22 03:08:47.221 INFO  allreduce: rank 1 seq 3 ready after 15.3us
2026-09-22 03:08:47.221 INFO  allreduce: rank 1 seq 3 done status=0 after 53.1us
2026-09-22 03:08:47.221 INFO  allreduce: rank 1 seq 4 launched (1 peers)
2026-09-22 03:08:47.221 INFO  allreduce: rank 1 seq 4 ready after 7.6us
2026-09-22 03:08:47.221 INFO  allreduce: rank 1 seq 4 done status=0 after 90.8us
2026-09-22 03:08:47.221 INFO  allreduce: rank 1 seq 5 launched (1 peers)
2026-09-22 03:08:47.221 INFO  allreduce: rank 1 seq 5 ready after 7.9us
2026-09-22 03:08:47.221 INFO  allreduce: rank 1 seq 5 done status=0 after 24.6us
2026-09-22 03:08:47.222 INFO  allreduce: rank 1 seq 6 launched (1 peers)
2026-09-22 03:08:47.222 INFO  allreduce: rank 1 seq 6 ready after 12.7us
2026-09-22 03:08:47.222 INFO  allreduce: rank 1 seq 6 done status=0 after 32.8us
2026-09-22 03:08:47.333 INFO  allreduce: rank 1 seq 7 launched (1 peers)
2026-09-22 03:08:47.333 INFO  allreduce: rank 1 seq 7 ready after 14.5us
2026-09-22 03:08:47.402 INFO  allreduce: rank 1 seq 7 done status=0 after 68727.6us
2026-09-22 03:08:47.402 INFO  allreduce: rank 1 seq 8 launched (1 peers)
2026-09-22 03:08:47.402 INFO  allreduce: rank 1 seq 8 ready after 7.8us
2026-09-22 03:08:47.402 INFO  allreduce: rank 1 seq 8 done status=0 after 147.1us
2026-09-22 03:08:47.557 INFO  allreduce: rank 1 seq 9 launched (1 peers)
2026-09-22 03:08:47.557 INFO  allreduce: rank 1 seq 9 ready after 13.6us
2026-09-22 03:08:47.626 INFO  allreduce: rank 1 seq 9 done status=0 after 69083.2us
2026-09-22 03:08:47.627 INFO  allreduce: rank 1 seq 10 launched (1 peers)
2026-09-22 03:08:47.627 INFO  allreduce: rank 1 seq 10 ready after 7.8us
2026-09-22 03:08:47.627 INFO  allreduce: rank 1 seq 10 done status=0 after 24.4us
2026-09-22 03:08:47.751 INFO  allreduce: rank 1 seq 11 launched (1 peers)
2026-09-22 03:08:47.751 INFO  allreduce: rank 1 seq 11 ready after 14.2us
2026-09-22 03:08:47.804 INFO  allreduce: rank 1 seq 11 done status=0 after 52903.0us
2026-09-22 03:08:47.804 INFO  allreduce: rank 1 seq 12 launched (1 peers)
2026-09-22 03:08:47.805 INFO  allreduce: rank 1 seq 12 ready after 7.6us
2026-09-22 03:08:47.805 INFO  allreduce: rank 1 seq 12 done status=0 after 24.5us
2026-09-22 03:08:47.937 INFO  allreduce: rank 1 seq 13 launched (1 peers)
2026-09-22 03:08:47.937 INFO  allreduce: rank 1 seq 13 ready after 14.4us
2026-09-22 03:08:47.984 INFO  allreduce: rank 1 seq 13 done status=0 after 46382.8us
2026-09-22 03:08:47.985 INFO  allreduce: rank 1 seq 14 launched (1 peers)
2026-09-22 03:08:47.985 INFO  allreduce: rank 1 seq 14 ready after 9.0us
2026-09-22 03:08:47.985 INFO  allreduce: rank 1 seq 14 done status=0 after 25.9us
2026-09-22 03:08:48.094 INFO  allreduce: rank 1 seq 15 launched (1 peers)
2026-09-22 03:08:48.094 INFO  allreduce: rank 1 seq 15 ready after 14.6us
2026-09-22 03:08:48.161 INFO  allreduce: rank 1 seq 15 done status=0 after 66933.2us
2026-09-22 03:08:48.162 INFO  allreduce: rank 1 seq 16 launched (1 peers)
2026-09-22 03:08:48.162 INFO  allreduce: rank 1 seq 16 ready after 7.6us
2026-09-22 03:08:48.162 INFO  allreduce: rank 1 seq 16 done status=0 after 109.1us
2026-09-22 03:08:56.004 INFO  rank 1 bf12: nothing to pack — engine.dense_weights = fp8 already holds the dense projections and the head as block-FP8
2026-09-22 03:08:56.009 INFO  bus graph era: variant 0 recorded with 102 collective node(s)
2026-09-22 03:08:56.009 INFO  rank 1: graph variant 0 shape: 1659 nodes, 1760 edges: kernel 1658 empty 0 memcpy 0 memset 0 host 1 event 0 other 0; max in-degree 2
2026-09-22 03:08:56.016 INFO  rank 1: graph variant 0 instantiated — 21.1 MiB of device memory (61.7 GiB free)
2026-09-22 03:08:56.017 INFO  bus graph era: variant 1 recorded with 102 collective node(s)
2026-09-22 03:08:56.018 INFO  rank 1: graph variant 1 shape: 1659 nodes, 1760 edges: kernel 1658 empty 0 memcpy 0 memset 0 host 1 event 0 other 0; max in-degree 2
2026-09-22 03:08:56.025 INFO  rank 1: graph variant 1 instantiated — 25.4 MiB of device memory (61.6 GiB free)
2026-09-22 03:08:56.025 INFO  rank 1: serving scalar graph variants 0/1 captured for request slot 0 (2 rows, MTP)
2026-09-22 03:08:56.026 INFO  bus graph era: variant 8 recorded with 102 collective node(s)
2026-09-22 03:08:56.026 INFO  rank 1: graph variant 8 shape: 1663 nodes, 1764 edges: kernel 1662 empty 0 memcpy 0 memset 0 host 1 event 0 other 0; max in-degree 2
2026-09-22 03:08:56.034 INFO  rank 1: graph variant 8 instantiated — 26.7 MiB of device memory (61.6 GiB free)
2026-09-22 03:08:56.036 INFO  bus graph era: variant 9 recorded with 102 collective node(s)
2026-09-22 03:08:56.036 INFO  rank 1: graph variant 9 shape: 1663 nodes, 1764 edges: kernel 1662 empty 0 memcpy 0 memset 0 host 1 event 0 other 0; max in-degree 2
2026-09-22 03:08:56.042 INFO  rank 1: graph variant 9 instantiated — 23.6 MiB of device memory (61.6 GiB free)
2026-09-22 03:08:56.042 INFO  rank 1: serving row-batched graph variants 8/9 captured for 2 slots x 2 rows = 4 fixed rows, MTP (a batch is selected at 2+ live requests, the smallest that covers the live slots)
2026-09-22 03:08:56.046 INFO  bus graph era: variant 10 recorded with 102 collective node(s)
2026-09-22 03:08:56.046 INFO  rank 1: graph variant 10 shape: 1970 nodes, 2071 edges: kernel 1969 empty 0 memcpy 0 memset 0 host 1 event 0 other 0; max in-degree 2
2026-09-22 03:08:56.055 INFO  rank 1: graph variant 10 instantiated — 30.2 MiB of device memory (61.6 GiB free)
2026-09-22 03:08:56.057 INFO  bus graph era: variant 11 recorded with 102 collective node(s)
2026-09-22 03:08:56.057 INFO  rank 1: graph variant 11 shape: 1970 nodes, 2071 edges: kernel 1969 empty 0 memcpy 0 memset 0 host 1 event 0 other 0; max in-degree 2
2026-09-22 03:08:56.064 INFO  rank 1: graph variant 11 instantiated — 29.6 MiB of device memory (61.5 GiB free)
2026-09-22 03:08:56.064 INFO  rank 1: serving row-batched graph variants 10/11 captured for 3 slots x 2 rows = 6 fixed rows, MTP (a batch is selected at 2+ live requests, the smallest that covers the live slots)
2026-09-22 03:08:56.066 INFO  bus graph era: variant 12 recorded with 102 collective node(s)
2026-09-22 03:08:56.066 INFO  rank 1: graph variant 12 shape: 1972 nodes, 2073 edges: kernel 1971 empty 0 memcpy 0 memset 0 host 1 event 0 other 0; max in-degree 2
2026-09-22 03:08:56.074 INFO  rank 1: graph variant 12 instantiated — 27.5 MiB of device memory (61.5 GiB free)
2026-09-22 03:08:56.076 INFO  bus graph era: variant 13 recorded with 102 collective node(s)
2026-09-22 03:08:56.076 INFO  rank 1: graph variant 13 shape: 1972 nodes, 2073 edges: kernel 1971 empty 0 memcpy 0 memset 0 host 1 event 0 other 0; max in-degree 2
2026-09-22 03:08:56.084 INFO  rank 1: graph variant 13 instantiated — 27.6 MiB of device memory (61.5 GiB free)
2026-09-22 03:08:56.084 INFO  rank 1: serving row-batched graph variants 12/13 captured for 4 slots x 2 rows = 8 fixed rows, MTP (a batch is selected at 2+ live requests, the smallest that covers the live slots)
2026-09-22 03:08:56.136 INFO  bus graph era: variant 2 recorded with 102 collective node(s)
2026-09-22 03:08:56.136 INFO  rank 1: graph variant 2 shape: 1659 nodes, 1760 edges: kernel 1658 empty 0 memcpy 0 memset 0 host 1 event 0 other 0; max in-degree 2
2026-09-22 03:08:56.142 INFO  rank 1: graph variant 2 instantiated — 21.9 MiB of device memory (61.4 GiB free)
2026-09-22 03:08:56.144 INFO  bus graph era: variant 3 recorded with 102 collective node(s)
2026-09-22 03:08:56.144 INFO  rank 1: graph variant 3 shape: 1659 nodes, 1760 edges: kernel 1658 empty 0 memcpy 0 memset 0 host 1 event 0 other 0; max in-degree 2
2026-09-22 03:08:56.152 INFO  rank 1: graph variant 3 instantiated — 28.5 MiB of device memory (61.4 GiB free)
2026-09-22 03:08:56.152 INFO  rank 1: serving scalar graph variants 2/3 captured for request slot 1 (2 rows, MTP)
2026-09-22 03:08:56.205 INFO  bus graph era: variant 4 recorded with 102 collective node(s)
2026-09-22 03:08:56.205 INFO  rank 1: graph variant 4 shape: 1659 nodes, 1760 edges: kernel 1658 empty 0 memcpy 0 memset 0 host 1 event 0 other 0; max in-degree 2
2026-09-22 03:08:56.211 INFO  rank 1: graph variant 4 instantiated — 21.9 MiB of device memory (61.4 GiB free)
2026-09-22 03:08:56.213 INFO  bus graph era: variant 5 recorded with 102 collective node(s)
2026-09-22 03:08:56.213 INFO  rank 1: graph variant 5 shape: 1659 nodes, 1760 edges: kernel 1658 empty 0 memcpy 0 memset 0 host 1 event 0 other 0; max in-degree 2
2026-09-22 03:08:56.221 INFO  rank 1: graph variant 5 instantiated — 26.6 MiB of device memory (61.4 GiB free)
2026-09-22 03:08:56.221 INFO  rank 1: serving scalar graph variants 4/5 captured for request slot 2 (2 rows, MTP)
2026-09-22 03:08:56.273 INFO  bus graph era: variant 6 recorded with 102 collective node(s)
2026-09-22 03:08:56.273 INFO  rank 1: graph variant 6 shape: 1659 nodes, 1760 edges: kernel 1658 empty 0 memcpy 0 memset 0 host 1 event 0 other 0; max in-degree 2
2026-09-22 03:08:56.281 INFO  rank 1: graph variant 6 instantiated — 25.5 MiB of device memory (61.3 GiB free)
2026-09-22 03:08:56.282 INFO  bus graph era: variant 7 recorded with 102 collective node(s)
2026-09-22 03:08:56.282 INFO  rank 1: graph variant 7 shape: 1659 nodes, 1760 edges: kernel 1658 empty 0 memcpy 0 memset 0 host 1 event 0 other 0; max in-degree 2
2026-09-22 03:08:56.289 INFO  rank 1: graph variant 7 instantiated — 23.2 MiB of device memory (61.3 GiB free)
2026-09-22 03:08:56.289 INFO  rank 1: serving scalar graph variants 6/7 captured for request slot 3 (2 rows, MTP)
2026-09-22 03:08:56.289 INFO  rank 1: warm capture complete — 4 scalar variants and the row batches for 2 slots, 3 slots, 4 slots recorded before the first request
2026-09-22 03:08:56.289 INFO  memory ledger: rank 1 after the warm capture — rss 5.10 GiB (anon 0.98, shmem 1.61, file 2.51; locked 14.13); device free 61.32 GiB, node available 66.76 GiB
2026-09-22 03:08:56.289 INFO  rank 1: graph variants warm-captured in 9.43s
2026-09-22 03:08:56.289 INFO  rank 1: following rank 0's journal (admission full, window 256)
2026-09-22 03:08:57.337 INFO  sched: request 'chatcmpl-dca327405eb277d4' prefix cache miss — 2 cut(s), the cache is empty
2026-09-22 03:08:57.337 INFO  sched: request 'chatcmpl-dca327405eb277d4' admitted to slot 0 (reserve 2 blocks; pool 3/4096 blocks in use) — first token 2
2026-09-22 03:08:58.254 INFO  sched: request 'chatcmpl-dca327405eb277d4' retired (steps): 64 tok in 0.9 s — prefill 64 tok (0 cached) in 293 ms; decode 63 tok / 34 passes in 0.6 s: 101.0 tok/s, 9.9 ms/tok, 18 ms/pass, 1.85 tok/pass, accept p1 85 %
2026-09-22 03:08:58.468 INFO  sched: request 'chatcmpl-dca327405eb277d5' prefix cache miss — 1 cut(s) probed against 2 entries; the nearest entry (position 124) shares the first 5 of the prompt's 37 tokens (the prompt differs from it from that token on)
2026-09-22 03:08:58.468 INFO  sched: request 'chatcmpl-dca327405eb277d5' admitted to slot 0 (reserve 5 blocks; pool 9/4096 blocks in use) — first token 760
2026-09-22 03:09:02.246 INFO  sched: request 'chatcmpl-dca327405eb277d5' retired (steps): 256 tok in 3.8 s — prefill 37 tok (0 cached) in 186 ms; decode 255 tok / 142 passes in 3.6 s: 71.0 tok/s, 14.1 ms/tok, 25 ms/pass, 1.80 tok/pass, accept p1 80 %
2026-09-22 03:09:02.341 INFO  sched: request 'chatcmpl-dca327405eb277d6' admitted to slot 0 (reserve 5 blocks; pool 14/4096 blocks in use) — first token 760
2026-09-22 03:09:05.980 INFO  sched: request 'chatcmpl-dca327405eb277d6' retired (steps): 256 tok in 3.6 s — prefill 37 tok (28 cached) in 67 ms; decode 255 tok / 142 passes in 3.6 s: 71.4 tok/s, 14.0 ms/tok, 25 ms/pass, 1.80 tok/pass, accept p1 80 %
2026-09-22 03:09:06.076 INFO  sched: request 'chatcmpl-dca327405eb277d7' admitted to slot 0 (reserve 5 blocks; pool 14/4096 blocks in use) — first token 760
2026-09-22 03:09:06.436 INFO  stats: rank 1 | 10.0 s | decode 60.1 tok/s, 14.2 ms/tok, 25.7 ms/step (332 steps / 602 tok, 85 % of wall) | mtp 1.81 tok/step/req, accept p1 80 % | prefill 4 prompts / 119 tok, 12 tok/s, 5.17 ms/tok, 154 ms avg (6 % of wall), 56 tok cached (2/4 hits) | live 1, queued 0 | pool 15/4096 blocks (0 %) | prefix cache 4/27 entries
2026-09-22 03:09:09.741 INFO  sched: request 'chatcmpl-dca327405eb277d7' retired (steps): 256 tok in 3.7 s — prefill 37 tok (28 cached) in 69 ms; decode 255 tok / 142 passes in 3.6 s: 70.9 tok/s, 14.1 ms/tok, 25 ms/pass, 1.80 tok/pass, accept p1 80 %
2026-09-22 03:09:09.979 INFO  sched: request 'chatcmpl-dca327405eb277d8' prefix cache miss — 2 cut(s) probed against 4 entries; the nearest entry (position 292) shares the first 11 of the prompt's 36 tokens (the prompt differs from it from that token on)
2026-09-22 03:09:09.979 INFO  sched: request 'chatcmpl-dca327405eb277d8' admitted to slot 0 (reserve 5 blocks; pool 15/4096 blocks in use) — first token 760
2026-09-22 03:09:10.220 INFO  sched: request 'chatcmpl-dca327405eb277d9' prefix cache miss — 2 cut(s) probed against 5 entries; the nearest entry (position 292) shares the first 11 of the prompt's 36 tokens (the prompt differs from it from that token on)
2026-09-22 03:09:10.220 INFO  sched: request 'chatcmpl-dca327405eb277d9' admitted to slot 1 (reserve 5 blocks; pool 22/4096 blocks in use) — first token 760
2026-09-22 03:09:15.548 INFO  sched: request 'chatcmpl-dca327405eb277d8' retired (steps): 256 tok in 5.6 s — prefill 36 tok (0 cached) in 211 ms; decode 255 tok / 151 passes in 5.4 s: 47.6 tok/s, 21.0 ms/tok, 35 ms/pass, 1.69 tok/pass, accept p1 69 %
2026-09-22 03:09:15.826 INFO  sched: request 'chatcmpl-dca327405eb277d9' retired (steps): 256 tok in 5.6 s — prefill 36 tok (0 cached) in 203 ms; decode 255 tok / 160 passes in 5.4 s: 47.2 tok/s, 21.2 ms/tok, 34 ms/pass, 1.59 tok/pass, accept p1 59 %
2026-09-22 03:09:15.908 INFO  sched: request 'chatcmpl-dca327405eb277da' admitted to slot 0 (reserve 5 blocks; pool 26/4096 blocks in use) — first token 760
2026-09-22 03:09:15.993 INFO  sched: request 'chatcmpl-dca327405eb277db' admitted to slot 1 (reserve 5 blocks; pool 32/4096 blocks in use) — first token 760
2026-09-22 03:09:16.460 INFO  stats: rank 1 | 10.0 s | decode 79.0 tok/s, 11.7 ms/tok, 30.5 ms/step (304 steps / 792 tok, 93 % of wall) | mtp 1.69 tok/step/req, accept p1 68 % | prefill 4 prompts / 88 tok, 9 tok/s, 6.06 ms/tok, 133 ms avg (5 % of wall), 56 tok cached (2/4 hits) | live 2, queued 0 | pool 33/4096 blocks (1 %) | prefix cache 8/27 entries
2026-09-22 03:09:21.050 INFO  sched: request 'chatcmpl-dca327405eb277da' retired (steps): 256 tok in 5.1 s — prefill 36 tok (28 cached) in 60 ms; decode 255 tok / 151 passes in 5.1 s: 50.2 tok/s, 19.9 ms/tok, 34 ms/pass, 1.69 tok/pass, accept p1 69 %
2026-09-22 03:09:21.314 INFO  sched: request 'chatcmpl-dca327405eb277db' retired (steps): 256 tok in 5.3 s — prefill 36 tok (28 cached) in 59 ms; decode 255 tok / 160 passes in 5.3 s: 48.5 tok/s, 20.6 ms/tok, 33 ms/pass, 1.59 tok/pass, accept p1 59 %
2026-09-22 03:09:21.384 INFO  sched: request 'chatcmpl-dca327405eb277dc' admitted to slot 0 (reserve 5 blocks; pool 26/4096 blocks in use) — first token 760
2026-09-22 03:09:21.470 INFO  sched: request 'chatcmpl-dca327405eb277dd' admitted to slot 1 (reserve 5 blocks; pool 32/4096 blocks in use) — first token 760
2026-09-22 03:09:26.462 INFO  stats: rank 1 | 10.0 s | decode 95.1 tok/s, 10.2 ms/tok, 32.9 ms/step (295 steps / 951 tok, 97 % of wall) | mtp 1.64 tok/step/req, accept p1 64 % | prefill 2 prompts / 16 tok, 2 tok/s, 7.41 ms/tok, 59 ms avg (1 % of wall), 56 tok cached (2/2 hits) | live 2, queued 0 | pool 33/4096 blocks (1 %) | prefix cache 8/27 entries
2026-09-22 03:09:26.531 INFO  sched: request 'chatcmpl-dca327405eb277dc' retired (steps): 256 tok in 5.1 s — prefill 36 tok (28 cached) in 60 ms; decode 255 tok / 151 passes in 5.1 s: 50.1 tok/s, 19.9 ms/tok, 34 ms/pass, 1.69 tok/pass, accept p1 69 %
2026-09-22 03:09:26.795 INFO  sched: request 'chatcmpl-dca327405eb277dd' retired (steps): 256 tok in 5.3 s — prefill 36 tok (28 cached) in 59 ms; decode 255 tok / 160 passes in 5.3 s: 48.4 tok/s, 20.7 ms/tok, 33 ms/pass, 1.59 tok/pass, accept p1 59 %
2026-09-22 03:09:27.017 INFO  sched: request 'chatcmpl-dca327405eb277de' prefix cache miss — 2 cut(s) probed against 8 entries; the nearest entry (position 292) shares the first 11 of the prompt's 35 tokens (the prompt differs from it from that token on)
2026-09-22 03:09:27.017 INFO  sched: request 'chatcmpl-dca327405eb277de' admitted to slot 0 (reserve 5 blocks; pool 27/4096 blocks in use) — first token 760
2026-09-22 03:09:27.251 INFO  sched: request 'chatcmpl-dca327405eb277df' prefix cache miss — 2 cut(s) probed against 9 entries; the nearest entry (position 292) shares the first 3 of the prompt's 31 tokens (the prompt differs from it from that token on)
2026-09-22 03:09:27.251 INFO  sched: request 'chatcmpl-dca327405eb277df' admitted to slot 1 (reserve 5 blocks; pool 34/4096 blocks in use) — first token 760
2026-09-22 03:09:27.491 INFO  sched: request 'chatcmpl-dca327405eb277e0' prefix cache miss — 2 cut(s) probed against 10 entries; the nearest entry (position 24) shares the first 5 of the prompt's 32 tokens (the prompt differs from it from that token on)
2026-09-22 03:09:27.491 INFO  sched: request 'chatcmpl-dca327405eb277e0' admitted to slot 2 (reserve 5 blocks; pool 41/4096 blocks in use) — first token 760
2026-09-22 03:09:27.742 INFO  sched: request 'chatcmpl-dca327405eb277e1' prefix cache miss — 2 cut(s) probed against 11 entries; the nearest entry (position 24) shares the first 5 of the prompt's 32 tokens (the prompt differs from it from that token on)
2026-09-22 03:09:27.742 INFO  sched: request 'chatcmpl-dca327405eb277e1' admitted to slot 3 (reserve 5 blocks; pool 48/4096 blocks in use) — first token 760
2026-09-22 03:09:35.419 INFO  sched: request 'chatcmpl-dca327405eb277de' retired (steps): 256 tok in 8.4 s — prefill 35 tok (0 cached) in 211 ms; decode 255 tok / 152 passes in 8.2 s: 31.1 tok/s, 32.1 ms/tok, 54 ms/pass, 1.68 tok/pass, accept p1 68 %
2026-09-22 03:09:35.624 INFO  sched: request 'chatcmpl-dca327405eb277df' retired (steps): 256 tok in 8.4 s — prefill 31 tok (0 cached) in 207 ms; decode 255 tok / 155 passes in 8.2 s: 31.2 tok/s, 32.0 ms/tok, 53 ms/pass, 1.65 tok/pass, accept p1 65 %
2026-09-22 03:09:35.624 INFO  sched: request 'chatcmpl-dca327405eb277e1' retired (steps): 256 tok in 7.9 s — prefill 32 tok (0 cached) in 195 ms; decode 255 tok / 153 passes in 7.7 s: 33.2 tok/s, 30.1 ms/tok, 50 ms/pass, 1.67 tok/pass, accept p1 67 %
2026-09-22 03:09:35.651 INFO  sched: request 'chatcmpl-dca327405eb277e0' retired (steps): 256 tok in 8.2 s — prefill 32 tok (0 cached) in 196 ms; decode 255 tok / 155 passes in 8.0 s: 32.0 tok/s, 31.2 ms/tok, 51 ms/pass, 1.65 tok/pass, accept p1 65 %
2026-09-22 03:09:35.725 INFO  sched: request 'chatcmpl-dca327405eb277e2' admitted to slot 0 (reserve 5 blocks; pool 50/4096 blocks in use) — first token 760
2026-09-22 03:09:35.811 INFO  sched: request 'chatcmpl-dca327405eb277e3' admitted to slot 1 (reserve 5 blocks; pool 56/4096 blocks in use) — first token 760
2026-09-22 03:09:35.905 INFO  sched: request 'chatcmpl-dca327405eb277e4' admitted to slot 2 (reserve 5 blocks; pool 62/4096 blocks in use) — first token 760
2026-09-22 03:09:36.004 INFO  sched: request 'chatcmpl-dca327405eb277e5' admitted to slot 3 (reserve 5 blocks; pool 68/4096 blocks in use) — first token 760
2026-09-22 03:09:36.484 INFO  stats: rank 1 | 10.0 s | decode 112.7 tok/s, 7.8 ms/tok, 48.3 ms/step (182 steps / 1129 tok, 88 % of wall) | mtp 1.67 tok/step/req, accept p1 66 % | prefill 8 prompts / 160 tok, 16 tok/s, 6.50 ms/tok, 130 ms avg (10 % of wall), 100 tok cached (4/8 hits) | live 4, queued 0 | pool 69/4096 blocks (2 %) | prefix cache 16/27 entries
2026-09-22 03:09:43.662 INFO  sched: request 'chatcmpl-dca327405eb277e2' retired (steps): 256 tok in 7.9 s — prefill 35 tok (28 cached) in 58 ms; decode 255 tok / 152 passes in 7.9 s: 32.4 tok/s, 30.9 ms/tok, 52 ms/pass, 1.68 tok/pass, accept p1 68 %
2026-09-22 03:09:43.812 INFO  sched: request 'chatcmpl-dca327405eb277e4' retired (steps): 256 tok in 7.9 s — prefill 32 tok (24 cached) in 60 ms; decode 255 tok / 153 passes in 7.8 s: 32.5 tok/s, 30.8 ms/tok, 51 ms/pass, 1.67 tok/pass, accept p1 67 %
2026-09-22 03:09:43.813 INFO  sched: request 'chatcmpl-dca327405eb277e5' retired (steps): 256 tok in 7.8 s — prefill 31 tok (24 cached) in 55 ms; decode 255 tok / 152 passes in 7.8 s: 32.9 tok/s, 30.4 ms/tok, 51 ms/pass, 1.68 tok/pass, accept p1 68 %
2026-09-22 03:09:43.840 INFO  sched: request 'chatcmpl-dca327405eb277e3' retired (steps): 256 tok in 8.0 s — prefill 32 tok (24 cached) in 58 ms; decode 255 tok / 155 passes in 8.0 s: 32.0 tok/s, 31.3 ms/tok, 51 ms/pass, 1.65 tok/pass, accept p1 65 %
2026-09-22 03:09:43.905 INFO  sched: request 'chatcmpl-dca327405eb277e6' admitted to slot 0 (reserve 5 blocks; pool 60/4096 blocks in use) — first token 760
2026-09-22 03:09:43.989 INFO  sched: request 'chatcmpl-dca327405eb277e7' admitted to slot 1 (reserve 5 blocks; pool 66/4096 blocks in use) — first token 760
2026-09-22 03:09:44.079 INFO  sched: request 'chatcmpl-dca327405eb277e8' admitted to slot 2 (reserve 5 blocks; pool 72/4096 blocks in use) — first token 760
2026-09-22 03:09:44.179 INFO  sched: request 'chatcmpl-dca327405eb277e9' admitted to slot 3 (reserve 5 blocks; pool 78/4096 blocks in use) — first token 760
2026-09-22 03:09:46.517 INFO  stats: rank 1 | 10.0 s | decode 126.1 tok/s, 7.6 ms/tok, 50.3 ms/step (192 steps / 1265 tok, 96 % of wall) | mtp 1.67 tok/step/req, accept p1 67 % | prefill 4 prompts / 30 tok, 3 tok/s, 7.67 ms/tok, 58 ms avg (2 % of wall), 100 tok cached (4/4 hits) | live 4, queued 0 | pool 79/4096 blocks (2 %) | prefix cache 18/27 entries
2026-09-22 03:09:51.699 INFO  sched: request 'chatcmpl-dca327405eb277e7' retired (steps): 256 tok in 7.7 s — prefill 35 tok (28 cached) in 56 ms; decode 255 tok / 148 passes in 7.7 s: 33.3 tok/s, 30.0 ms/tok, 52 ms/pass, 1.72 tok/pass, accept p1 73 %
2026-09-22 03:09:51.699 INFO  sched: request 'chatcmpl-dca327405eb277e6' retired (steps): 256 tok in 7.8 s — prefill 32 tok (24 cached) in 59 ms; decode 255 tok / 149 passes in 7.7 s: 33.0 tok/s, 30.3 ms/tok, 52 ms/pass, 1.71 tok/pass, accept p1 71 %
2026-09-22 03:09:51.926 INFO  sched: request 'chatcmpl-dca327405eb277e8' retired (steps): 256 tok in 7.8 s — prefill 31 tok (24 cached) in 58 ms; decode 255 tok / 152 passes in 7.8 s: 32.7 tok/s, 30.5 ms/tok, 51 ms/pass, 1.68 tok/pass, accept p1 68 %
2026-09-22 03:09:51.979 INFO  sched: request 'chatcmpl-dca327405eb277e9' retired (steps): 256 tok in 7.8 s — prefill 32 tok (24 cached) in 57 ms; decode 255 tok / 153 passes in 7.7 s: 32.9 tok/s, 30.4 ms/tok, 51 ms/pass, 1.67 tok/pass, accept p1 67 %
2026-09-22 03:09:52.254 INFO  sched: request 'chatcmpl-dca327405eb277ea' prefix cache miss — 2 cut(s) probed against 20 entries; the nearest entry (position 292) shares the first 5 of the prompt's 51 tokens (the prompt differs from it from that token on)
2026-09-22 03:09:52.254 INFO  sched: request 'chatcmpl-dca327405eb277ea' admitted to slot 0 (reserve 5 blocks; pool 71/4096 blocks in use) — first token 71093
2026-09-22 03:09:55.940 INFO  sched: request 'chatcmpl-dca327405eb277ea' retired (steps): 256 tok in 3.7 s — prefill 51 tok (0 cached) in 248 ms; decode 255 tok / 134 passes in 3.4 s: 74.2 tok/s, 13.5 ms/tok, 26 ms/pass, 1.90 tok/pass, accept p1 90 %
2026-09-22 03:09:56.023 INFO  sched: request 'chatcmpl-dca327405eb277eb' admitted to slot 0 (reserve 5 blocks; pool 76/4096 blocks in use) — first token 71093
2026-09-22 03:09:56.520 INFO  stats: rank 1 | 10.0 s | decode 99.5 tok/s, 9.6 ms/tok, 36.6 ms/step (260 steps / 995 tok, 95 % of wall) | mtp 1.76 tok/step/req, accept p1 76 % | prefill 2 prompts / 58 tok, 6 tok/s, 5.24 ms/tok, 152 ms avg (3 % of wall), 44 tok cached (1/2 hits) | live 1, queued 0 | pool 77/4096 blocks (2 %) | prefix cache 22/27 entries
2026-09-22 03:09:59.534 INFO  sched: request 'chatcmpl-dca327405eb277eb' retired (steps): 256 tok in 3.5 s — prefill 51 tok (44 cached) in 56 ms; decode 255 tok / 134 passes in 3.5 s: 73.8 tok/s, 13.5 ms/tok, 26 ms/pass, 1.90 tok/pass, accept p1 90 %
2026-09-22 03:09:59.613 INFO  sched: request 'chatcmpl-dca327405eb277ec' admitted to slot 0 (reserve 5 blocks; pool 76/4096 blocks in use) — first token 71093
2026-09-22 03:10:03.129 INFO  sched: request 'chatcmpl-dca327405eb277ec' retired (steps): 256 tok in 3.5 s — prefill 51 tok (44 cached) in 57 ms; decode 255 tok / 134 passes in 3.5 s: 73.7 tok/s, 13.6 ms/tok, 26 ms/pass, 1.90 tok/pass, accept p1 90 %
2026-09-22 03:10:03.378 INFO  sched: request 'chatcmpl-dca327405eb277ed' prefix cache miss — 2 cut(s) probed against 22 entries; the nearest entry (position 304) shares the first 7 of the prompt's 47 tokens (the prompt differs from it from that token on)
2026-09-22 03:10:03.378 INFO  sched: request 'chatcmpl-dca327405eb277ed' admitted to slot 0 (reserve 5 blocks; pool 77/4096 blocks in use) — first token 71093
2026-09-22 03:10:03.638 INFO  sched: request 'chatcmpl-dca327405eb277ee' prefix cache miss — 2 cut(s) probed against 23 entries; the nearest entry (position 304) shares the first 8 of the prompt's 51 tokens (the prompt differs from it from that token on)
2026-09-22 03:10:03.638 INFO  sched: request 'chatcmpl-dca327405eb277ee' admitted to slot 1 (reserve 5 blocks; pool 84/4096 blocks in use) — first token 71093
2026-09-22 03:10:06.527 INFO  stats: rank 1 | 10.0 s | decode 78.6 tok/s, 11.8 ms/tok, 28.1 ms/step (331 steps / 787 tok, 93 % of wall) | mtp 1.91 tok/step/req, accept p1 90 % | prefill 3 prompts / 105 tok, 10 tok/s, 4.99 ms/tok, 175 ms avg (5 % of wall), 44 tok cached (1/3 hits) | live 2, queued 0 | pool 85/4096 blocks (2 %) | prefix cache 24/27 entries
2026-09-22 03:10:08.366 INFO  sched: request 'chatcmpl-dca327405eb277ee' retired (steps): 256 tok in 4.7 s — prefill 51 tok (0 cached) in 235 ms; decode 255 tok / 131 passes in 4.5 s: 56.8 tok/s, 17.6 ms/tok, 34 ms/pass, 1.95 tok/pass, accept p1 95 %
2026-09-22 03:10:08.421 INFO  sched: request 'chatcmpl-dca327405eb277ed' retired (steps): 256 tok in 5.0 s — prefill 47 tok (0 cached) in 232 ms; decode 255 tok / 134 passes in 4.8 s: 53.0 tok/s, 18.9 ms/tok, 36 ms/pass, 1.90 tok/pass, accept p1 90 %
2026-09-22 03:10:08.501 INFO  sched: request 'chatcmpl-dca327405eb277ef' admitted to slot 0 (reserve 5 blocks; pool 88/4096 blocks in use) — first token 71093
2026-09-22 03:10:08.583 INFO  sched: request 'chatcmpl-dca327405eb277f0' admitted to slot 1 (reserve 5 blocks; pool 94/4096 blocks in use) — first token 71093
2026-09-22 03:10:13.068 INFO  sched: request 'chatcmpl-dca327405eb277f0' retired (steps): 256 tok in 4.5 s — prefill 51 tok (44 cached) in 55 ms; decode 255 tok / 131 passes in 4.4 s: 57.6 tok/s, 17.4 ms/tok, 34 ms/pass, 1.95 tok/pass, accept p1 95 %
2026-09-22 03:10:13.121 INFO  sched: request 'chatcmpl-dca327405eb277ef' retired (steps): 256 tok in 4.6 s — prefill 47 tok (40 cached) in 58 ms; decode 255 tok / 134 passes in 4.6 s: 55.9 tok/s, 17.9 ms/tok, 34 ms/pass, 1.90 tok/pass, accept p1 90 %
2026-09-22 03:10:13.196 INFO  sched: request 'chatcmpl-dca327405eb277f1' admitted to slot 0 (reserve 5 blocks; pool 87/4096 blocks in use) — first token 71093
2026-09-22 03:10:13.278 INFO  sched: request 'chatcmpl-dca327405eb277f2' admitted to slot 1 (reserve 5 blocks; pool 93/4096 blocks in use) — first token 71093
2026-09-22 03:10:16.541 INFO  stats: rank 1 | 10.0 s | decode 107.5 tok/s, 8.9 ms/tok, 34.1 ms/step (282 steps / 1076 tok, 96 % of wall) | mtp 1.93 tok/step/req, accept p1 92 % | prefill 4 prompts / 28 tok, 3 tok/s, 8.10 ms/tok, 57 ms avg (2 % of wall), 168 tok cached (4/4 hits) | live 2, queued 0 | pool 94/4096 blocks (2 %) | prefix cache 25/27 entries
2026-09-22 03:10:17.785 INFO  sched: request 'chatcmpl-dca327405eb277f2' retired (steps): 256 tok in 4.5 s — prefill 51 tok (44 cached) in 55 ms; decode 255 tok / 131 passes in 4.5 s: 57.3 tok/s, 17.5 ms/tok, 34 ms/pass, 1.95 tok/pass, accept p1 95 %
2026-09-22 03:10:17.838 INFO  sched: request 'chatcmpl-dca327405eb277f1' retired (steps): 256 tok in 4.6 s — prefill 47 tok (40 cached) in 58 ms; decode 255 tok / 134 passes in 4.6 s: 55.6 tok/s, 18.0 ms/tok, 34 ms/pass, 1.90 tok/pass, accept p1 90 %
2026-09-22 03:10:18.092 INFO  sched: request 'chatcmpl-dca327405eb277f3' prefix cache miss — 2 cut(s) probed against 25 entries; the nearest entry (position 300) shares the first 8 of the prompt's 44 tokens (the prompt differs from it from that token on)
2026-09-22 03:10:18.093 INFO  sched: request 'chatcmpl-dca327405eb277f3' admitted to slot 0 (reserve 5 blocks; pool 88/4096 blocks in use) — first token 71093
2026-09-22 03:10:18.278 INFO  sched: request 'chatcmpl-dca327405eb277f4' prefix cache miss — 1 cut(s) probed against 25 entries; the nearest entry (position 304) shares the first 3 of the prompt's 34 tokens (the prompt differs from it from that token on)
2026-09-22 03:10:18.278 INFO  sched: request 'chatcmpl-dca327405eb277f4' admitted to slot 1 (reserve 5 blocks; pool 93/4096 blocks in use) — first token 71093
2026-09-22 03:10:18.471 INFO  sched: request 'chatcmpl-dca327405eb277f5' prefix cache miss — 1 cut(s) probed against 25 entries; the nearest entry (position 24) shares the first 5 of the prompt's 33 tokens (the prompt differs from it from that token on)
2026-09-22 03:10:18.471 INFO  sched: request 'chatcmpl-dca327405eb277f5' admitted to slot 2 (reserve 5 blocks; pool 94/4096 blocks in use) — first token 71093
2026-09-22 03:10:18.683 INFO  sched: request 'chatcmpl-dca327405eb277f6' prefix cache miss — 1 cut(s) probed against 24 entries; the nearest entry (position 24) shares the first 5 of the prompt's 33 tokens (the prompt differs from it from that token on)
2026-09-22 03:10:18.683 INFO  sched: request 'chatcmpl-dca327405eb277f6' admitted to slot 3 (reserve 5 blocks; pool 95/4096 blocks in use) — first token 71093
2026-09-22 03:10:25.569 INFO  sched: request 'chatcmpl-dca327405eb277f5' retired (steps): 256 tok in 7.1 s — prefill 33 tok (0 cached) in 162 ms; decode 255 tok / 133 passes in 6.9 s: 36.8 tok/s, 27.2 ms/tok, 52 ms/pass, 1.92 tok/pass, accept p1 92 %
2026-09-22 03:10:25.569 INFO  sched: request 'chatcmpl-dca327405eb277f3' retired (steps): 256 tok in 7.5 s — prefill 44 tok (0 cached) in 228 ms; decode 255 tok / 135 passes in 7.2 s: 35.2 tok/s, 28.4 ms/tok, 54 ms/pass, 1.89 tok/pass, accept p1 90 %
2026-09-22 03:10:25.715 INFO  sched: request 'chatcmpl-dca327405eb277f4' retired (steps): 256 tok in 7.4 s — prefill 34 tok (0 cached) in 159 ms; decode 255 tok / 137 passes in 7.3 s: 35.0 tok/s, 28.5 ms/tok, 53 ms/pass, 1.86 tok/pass, accept p1 87 %
2026-09-22 03:10:25.743 INFO  sched: request 'chatcmpl-dca327405eb277f6' retired (steps): 256 tok in 7.1 s — prefill 33 tok (0 cached) in 169 ms; decode 255 tok / 136 passes in 6.9 s: 37.0 tok/s, 27.0 ms/tok, 51 ms/pass, 1.88 tok/pass, accept p1 88 %
2026-09-22 03:10:25.830 INFO  sched: request 'chatcmpl-dca327405eb277f7' admitted to slot 0 (reserve 5 blocks; pool 92/4096 blocks in use) — first token 71093
2026-09-22 03:10:25.922 INFO  sched: request 'chatcmpl-dca327405eb277f8' admitted to slot 1 (reserve 5 blocks; pool 97/4096 blocks in use) — first token 71093
2026-09-22 03:10:26.022 INFO  sched: request 'chatcmpl-dca327405eb277f9' admitted to slot 2 (reserve 5 blocks; pool 102/4096 blocks in use) — first token 71093
2026-09-22 03:10:26.130 INFO  sched: request 'chatcmpl-dca327405eb277fa' admitted to slot 3 (reserve 5 blocks; pool 103/4096 blocks in use) — first token 71093
2026-09-22 03:10:26.584 INFO  stats: rank 1 | 10.0 s | decode 124.7 tok/s, 7.1 ms/tok, 46.9 ms/step (189 steps / 1252 tok, 88 % of wall) | mtp 1.91 tok/step/req, accept p1 90 % | prefill 8 prompts / 180 tok, 18 tok/s, 5.44 ms/tok, 122 ms avg (10 % of wall), 108 tok cached (4/8 hits) | live 4, queued 0 | pool 94/4096 blocks (2 %) | prefix cache 23/27 entries
2026-09-22 03:10:32.987 INFO  sched: request 'chatcmpl-dca327405eb277f8' retired (steps): 256 tok in 7.1 s — prefill 33 tok (24 cached) in 65 ms; decode 255 tok / 132 passes in 7.0 s: 36.4 tok/s, 27.4 ms/tok, 53 ms/pass, 1.93 tok/pass, accept p1 93 %
2026-09-22 03:10:33.090 INFO  sched: request 'chatcmpl-dca327405eb277f7' retired (steps): 256 tok in 7.3 s — prefill 44 tok (36 cached) in 60 ms; decode 255 tok / 135 passes in 7.2 s: 35.4 tok/s, 28.2 ms/tok, 53 ms/pass, 1.89 tok/pass, accept p1 90 %
2026-09-22 03:10:33.283 INFO  sched: request 'chatcmpl-dca327405eb277fa' retired (steps): 256 tok in 7.2 s — prefill 33 tok (24 cached) in 66 ms; decode 255 tok / 136 passes in 7.1 s: 36.0 tok/s, 27.8 ms/tok, 52 ms/pass, 1.88 tok/pass, accept p1 88 %
2026-09-22 03:10:33.353 INFO  sched: request 'chatcmpl-dca327405eb277f9' retired (steps): 256 tok in 7.3 s — prefill 34 tok (24 cached) in 69 ms; decode 255 tok / 139 passes in 7.3 s: 35.1 tok/s, 28.5 ms/tok, 52 ms/pass, 1.83 tok/pass, accept p1 84 %
2026-09-22 03:10:33.417 INFO  sched: request 'chatcmpl-dca327405eb277fb' admitted to slot 0 (reserve 5 blocks; pool 81/4096 blocks in use) — first token 71093
2026-09-22 03:10:33.508 INFO  sched: request 'chatcmpl-dca327405eb277fc' admitted to slot 1 (reserve 5 blocks; pool 87/4096 blocks in use) — first token 71093
2026-09-22 03:10:33.607 INFO  sched: request 'chatcmpl-dca327405eb277fd' admitted to slot 2 (reserve 5 blocks; pool 92/4096 blocks in use) — first token 71093
2026-09-22 03:10:33.713 INFO  sched: request 'chatcmpl-dca327405eb277fe' admitted to slot 3 (reserve 5 blocks; pool 98/4096 blocks in use) — first token 71093
2026-09-22 03:10:36.614 INFO  stats: rank 1 | 10.0 s | decode 137.5 tok/s, 7.0 ms/tok, 50.8 ms/step (190 steps / 1379 tok, 96 % of wall) | mtp 1.87 tok/step/req, accept p1 87 % | prefill 4 prompts / 36 tok, 4 tok/s, 7.08 ms/tok, 64 ms avg (3 % of wall), 108 tok cached (4/4 hits) | live 4, queued 0 | pool 95/4096 blocks (2 %) | prefix cache 23/27 entries
2026-09-22 03:10:40.388 INFO  sched: request 'chatcmpl-dca327405eb277fb' retired (steps): 256 tok in 7.0 s — prefill 44 tok (36 cached) in 59 ms; decode 255 tok / 135 passes in 6.9 s: 36.9 tok/s, 27.1 ms/tok, 51 ms/pass, 1.89 tok/pass, accept p1 90 %
2026-09-22 03:10:40.440 INFO  sched: request 'chatcmpl-dca327405eb277fe' retired (steps): 256 tok in 6.7 s — prefill 33 tok (24 cached) in 64 ms; decode 255 tok / 133 passes in 6.7 s: 38.3 tok/s, 26.1 ms/tok, 50 ms/pass, 1.92 tok/pass, accept p1 92 %
2026-09-22 03:10:40.483 INFO  sched: request 'chatcmpl-dca327405eb277fc' retired (steps): 256 tok in 7.0 s — prefill 33 tok (24 cached) in 65 ms; decode 255 tok / 136 passes in 6.9 s: 36.9 tok/s, 27.1 ms/tok, 51 ms/pass, 1.88 tok/pass, accept p1 88 %
2026-09-22 03:10:40.591 INFO  sched: request 'chatcmpl-dca327405eb277fd' retired (steps): 256 tok in 7.0 s — prefill 34 tok (24 cached) in 68 ms; decode 255 tok / 139 passes in 6.9 s: 36.9 tok/s, 27.1 ms/tok, 50 ms/pass, 1.83 tok/pass, accept p1 84 %
2026-09-22 03:10:40.844 INFO  sched: request 'chatcmpl-dca327405eb277ff' prefix cache miss — 2 cut(s) probed against 23 entries; the nearest entry (position 304) shares the first 3 of the prompt's 48 tokens (the prompt differs from it from that token on)
2026-09-22 03:10:40.844 INFO  sched: request 'chatcmpl-dca327405eb277ff' admitted to slot 0 (reserve 5 blocks; pool 77/4096 blocks in use) — first token 58
2026-09-22 03:10:44.500 INFO  sched: request 'chatcmpl-dca327405eb277ff' retired (steps): 256 tok in 3.7 s — prefill 48 tok (0 cached) in 238 ms; decode 255 tok / 130 passes in 3.4 s: 74.6 tok/s, 13.4 ms/tok, 26 ms/pass, 1.96 tok/pass, accept p1 97 %
2026-09-22 03:10:44.576 INFO  sched: request 'chatcmpl-dca327405eb27800' admitted to slot 0 (reserve 5 blocks; pool 82/4096 blocks in use) — first token 58
2026-09-22 03:10:46.628 INFO  stats: rank 1 | 10.0 s | decode 99.7 tok/s, 9.6 ms/tok, 33.2 ms/step (288 steps / 998 tok, 95 % of wall) | mtp 1.95 tok/step/req, accept p1 95 % | prefill 2 prompts / 56 tok, 6 tok/s, 5.30 ms/tok, 148 ms avg (3 % of wall), 40 tok cached (1/2 hits) | live 1, queued 0 | pool 83/4096 blocks (2 %) | prefix cache 25/27 entries
2026-09-22 03:10:48.003 INFO  sched: request 'chatcmpl-dca327405eb27800' retired (steps): 256 tok in 3.4 s — prefill 48 tok (40 cached) in 59 ms; decode 255 tok / 130 passes in 3.4 s: 75.7 tok/s, 13.2 ms/tok, 26 ms/pass, 1.96 tok/pass, accept p1 97 %
2026-09-22 03:10:48.083 INFO  sched: request 'chatcmpl-dca327405eb27801' admitted to slot 0 (reserve 5 blocks; pool 82/4096 blocks in use) — first token 58
2026-09-22 03:10:51.511 INFO  sched: request 'chatcmpl-dca327405eb27801' retired (steps): 256 tok in 3.4 s — prefill 48 tok (40 cached) in 59 ms; decode 255 tok / 130 passes in 3.4 s: 75.7 tok/s, 13.2 ms/tok, 26 ms/pass, 1.96 tok/pass, accept p1 97 %
2026-09-22 03:10:51.740 INFO  sched: request 'chatcmpl-dca327405eb27802' prefix cache miss — 1 cut(s) probed against 25 entries; the nearest entry (position 300) shares the first 17 of the prompt's 49 tokens (the prompt differs from it from that token on)
2026-09-22 03:10:51.740 INFO  sched: request 'chatcmpl-dca327405eb27802' admitted to slot 0 (reserve 5 blocks; pool 83/4096 blocks in use) — first token 58
2026-09-22 03:10:51.991 INFO  sched: request 'chatcmpl-dca327405eb27803' prefix cache miss — 2 cut(s) probed against 26 entries; the nearest entry (position 300) shares the first 17 of the prompt's 48 tokens (the prompt differs from it from that token on)
2026-09-22 03:10:51.991 INFO  sched: request 'chatcmpl-dca327405eb27803' admitted to slot 1 (reserve 5 blocks; pool 89/4096 blocks in use) — first token 58
2026-09-22 03:10:56.662 INFO  stats: rank 1 | 10.0 s | decode 86.5 tok/s, 10.8 ms/tok, 30.3 ms/step (310 steps / 868 tok, 94 % of wall) | mtp 1.99 tok/step/req, accept p1 98 % | prefill 3 prompts / 105 tok, 10 tok/s, 4.64 ms/tok, 162 ms avg (5 % of wall), 40 tok cached (1/3 hits) | live 2, queued 0 | pool 81/4096 blocks (2 %) | prefix cache 25/27 entries
2026-09-22 03:10:56.702 INFO  sched: request 'chatcmpl-dca327405eb27803' retired (steps): 256 tok in 4.7 s — prefill 48 tok (0 cached) in 225 ms; decode 255 tok / 128 passes in 4.5 s: 56.9 tok/s, 17.6 ms/tok, 35 ms/pass, 1.99 tok/pass, accept p1 100 %
2026-09-22 03:10:56.702 INFO  sched: request 'chatcmpl-dca327405eb27802' retired (steps): 256 tok in 5.0 s — prefill 49 tok (0 cached) in 203 ms; decode 255 tok / 129 passes in 4.8 s: 53.6 tok/s, 18.7 ms/tok, 37 ms/pass, 1.98 tok/pass, accept p1 98 %
2026-09-22 03:10:56.784 INFO  sched: request 'chatcmpl-dca327405eb27804' admitted to slot 0 (reserve 5 blocks; pool 84/4096 blocks in use) — first token 58
2026-09-22 03:10:56.868 INFO  sched: request 'chatcmpl-dca327405eb27805' admitted to slot 1 (reserve 5 blocks; pool 89/4096 blocks in use) — first token 58
2026-09-22 03:11:01.320 INFO  sched: request 'chatcmpl-dca327405eb27805' retired (steps): 256 tok in 4.5 s — prefill 48 tok (40 cached) in 58 ms; decode 255 tok / 128 passes in 4.4 s: 58.0 tok/s, 17.2 ms/tok, 34 ms/pass, 1.99 tok/pass, accept p1 100 %
2026-09-22 03:11:01.320 INFO  sched: request 'chatcmpl-dca327405eb27804' retired (steps): 256 tok in 4.5 s — prefill 49 tok (40 cached) in 66 ms; decode 255 tok / 129 passes in 4.5 s: 57.0 tok/s, 17.5 ms/tok, 35 ms/pass, 1.98 tok/pass, accept p1 98 %
2026-09-22 03:11:01.428 INFO  sched: request 'chatcmpl-dca327405eb27806' admitted to slot 0 (reserve 5 blocks; pool 82/4096 blocks in use) — first token 58
2026-09-22 03:11:01.514 INFO  sched: request 'chatcmpl-dca327405eb27807' admitted to slot 1 (reserve 5 blocks; pool 87/4096 blocks in use) — first token 58
2026-09-22 03:11:05.975 INFO  sched: request 'chatcmpl-dca327405eb27807' retired (steps): 256 tok in 4.5 s — prefill 48 tok (40 cached) in 59 ms; decode 255 tok / 128 passes in 4.4 s: 57.9 tok/s, 17.3 ms/tok, 34 ms/pass, 1.99 tok/pass, accept p1 100 %
2026-09-22 03:11:05.975 INFO  sched: request 'chatcmpl-dca327405eb27806' retired (steps): 256 tok in 4.5 s — prefill 49 tok (40 cached) in 66 ms; decode 255 tok / 129 passes in 4.5 s: 56.9 tok/s, 17.6 ms/tok, 35 ms/pass, 1.98 tok/pass, accept p1 98 %
2026-09-22 03:11:06.226 INFO  sched: request 'chatcmpl-dca327405eb27808' prefix cache miss — 2 cut(s) probed against 25 entries; the nearest entry (position 304) shares the first 17 of the prompt's 47 tokens (the prompt differs from it from that token on)
2026-09-22 03:11:06.226 INFO  sched: request 'chatcmpl-dca327405eb27808' admitted to slot 0 (reserve 5 blocks; pool 83/4096 blocks in use) — first token 58
2026-09-22 03:11:06.464 INFO  sched: request 'chatcmpl-dca327405eb27809' prefix cache miss — 2 cut(s) probed against 25 entries; the nearest entry (position 304) shares the first 3 of the prompt's 35 tokens (the prompt differs from it from that token on)
2026-09-22 03:11:06.464 INFO  sched: request 'chatcmpl-dca327405eb27809' admitted to slot 1 (reserve 5 blocks; pool 89/4096 blocks in use) — first token 58
2026-09-22 03:11:06.681 INFO  sched: request 'chatcmpl-dca327405eb2780a' prefix cache miss — 1 cut(s) probed against 24 entries; the nearest entry (position 28) shares the first 8 of the prompt's 37 tokens (the prompt differs from it from that token on)
2026-09-22 03:11:06.681 INFO  sched: request 'chatcmpl-dca327405eb2780a' admitted to slot 2 (reserve 5 blocks; pool 90/4096 blocks in use) — first token 58
2026-09-22 03:11:06.720 INFO  stats: rank 1 | 10.1 s | decode 103.5 tok/s, 8.6 ms/tok, 34.3 ms/step (262 steps / 1041 tok, 89 % of wall) | mtp 1.99 tok/step/req, accept p1 99 % | prefill 7 prompts / 153 tok, 15 tok/s, 5.75 ms/tok, 126 ms avg (9 % of wall), 160 tok cached (4/7 hits) | live 3, queued 1 | pool 90/4096 blocks (2 %) | prefix cache 25/27 entries
2026-09-22 03:11:06.900 INFO  sched: request 'chatcmpl-dca327405eb2780b' prefix cache miss — 1 cut(s) probed against 24 entries; the nearest entry (position 28) shares the first 8 of the prompt's 34 tokens (the prompt differs from it from that token on)
2026-09-22 03:11:06.900 INFO  sched: request 'chatcmpl-dca327405eb2780b' admitted to slot 3 (reserve 5 blocks; pool 91/4096 blocks in use) — first token 58
2026-09-22 03:11:13.536 INFO  sched: request 'chatcmpl-dca327405eb27808' retired (steps): 256 tok in 7.3 s — prefill 47 tok (0 cached) in 235 ms; decode 255 tok / 128 passes in 7.1 s: 36.0 tok/s, 27.7 ms/tok, 55 ms/pass, 1.99 tok/pass, accept p1 99 %
2026-09-22 03:11:13.588 INFO  sched: request 'chatcmpl-dca327405eb27809' retired (steps): 256 tok in 7.1 s — prefill 35 tok (0 cached) in 211 ms; decode 255 tok / 128 passes in 6.9 s: 36.9 tok/s, 27.1 ms/tok, 54 ms/pass, 1.99 tok/pass, accept p1 100 %
2026-09-22 03:11:13.639 INFO  sched: request 'chatcmpl-dca327405eb2780a' retired (steps): 256 tok in 7.0 s — prefill 37 tok (0 cached) in 185 ms; decode 255 tok / 128 passes in 6.8 s: 37.6 tok/s, 26.6 ms/tok, 53 ms/pass, 1.99 tok/pass, accept p1 100 %
2026-09-22 03:11:13.829 INFO  sched: request 'chatcmpl-dca327405eb2780b' retired (steps): 256 tok in 6.9 s — prefill 34 tok (0 cached) in 177 ms; decode 255 tok / 134 passes in 6.8 s: 37.8 tok/s, 26.5 ms/tok, 50 ms/pass, 1.90 tok/pass, accept p1 90 %
2026-09-22 03:11:13.898 INFO  sched: request 'chatcmpl-dca327405eb2780c' admitted to slot 0 (reserve 5 blocks; pool 88/4096 blocks in use) — first token 58
2026-09-22 03:11:13.979 INFO  sched: request 'chatcmpl-dca327405eb2780d' admitted to slot 1 (reserve 5 blocks; pool 89/4096 blocks in use) — first token 58
2026-09-22 03:11:14.081 INFO  sched: request 'chatcmpl-dca327405eb2780e' admitted to slot 2 (reserve 5 blocks; pool 90/4096 blocks in use) — first token 58
2026-09-22 03:11:14.187 INFO  sched: request 'chatcmpl-dca327405eb2780f' admitted to slot 3 (reserve 5 blocks; pool 95/4096 blocks in use) — first token 58
2026-09-22 03:11:16.769 INFO  stats: rank 1 | 10.0 s | decode 141.9 tok/s, 6.7 ms/tok, 50.6 ms/step (188 steps / 1426 tok, 95 % of wall) | mtp 1.98 tok/step/req, accept p1 97 % | prefill 5 prompts / 67 tok, 7 tok/s, 6.34 ms/tok, 85 ms avg (4 % of wall), 120 tok cached (4/5 hits) | live 4, queued 0 | pool 94/4096 blocks (2 %) | prefix cache 23/27 entries
2026-09-22 03:11:20.576 INFO  sched: request 'chatcmpl-dca327405eb2780c' retired (steps): 256 tok in 6.7 s — prefill 47 tok (40 cached) in 58 ms; decode 255 tok / 128 passes in 6.6 s: 38.5 tok/s, 26.0 ms/tok, 52 ms/pass, 1.99 tok/pass, accept p1 99 %
2026-09-22 03:11:20.629 INFO  sched: request 'chatcmpl-dca327405eb2780d' retired (steps): 256 tok in 6.6 s — prefill 35 tok (28 cached) in 56 ms; decode 255 tok / 128 passes in 6.6 s: 38.7 tok/s, 25.9 ms/tok, 52 ms/pass, 1.99 tok/pass, accept p1 100 %
2026-09-22 03:11:20.724 INFO  sched: request 'chatcmpl-dca327405eb2780f' retired (steps): 256 tok in 6.5 s — prefill 37 tok (28 cached) in 64 ms; decode 255 tok / 128 passes in 6.5 s: 39.4 tok/s, 25.4 ms/tok, 51 ms/pass, 1.99 tok/pass, accept p1 100 %
2026-09-22 03:11:20.858 INFO  sched: request 'chatcmpl-dca327405eb2780e' retired (steps): 256 tok in 6.8 s — prefill 34 tok (24 cached) in 70 ms; decode 255 tok / 134 passes in 6.7 s: 38.0 tok/s, 26.3 ms/tok, 50 ms/pass, 1.90 tok/pass, accept p1 90 %
2026-09-22 03:11:20.920 INFO  sched: request 'chatcmpl-dca327405eb27810' admitted to slot 0 (reserve 5 blocks; pool 76/4096 blocks in use) — first token 58
2026-09-22 03:11:21.015 INFO  sched: request 'chatcmpl-dca327405eb27811' admitted to slot 1 (reserve 5 blocks; pool 82/4096 blocks in use) — first token 58
2026-09-22 03:11:21.104 INFO  sched: request 'chatcmpl-dca327405eb27812' admitted to slot 2 (reserve 5 blocks; pool 87/4096 blocks in use) — first token 58
2026-09-22 03:11:21.210 INFO  sched: request 'chatcmpl-dca327405eb27813' admitted to slot 3 (reserve 5 blocks; pool 94/4096 blocks in use) — first token 58
2026-09-22 03:11:26.819 INFO  stats: rank 1 | 10.1 s | decode 147.8 tok/s, 6.5 ms/tok, 50.0 ms/step (194 steps / 1485 tok, 97 % of wall) | mtp 1.98 tok/step/req, accept p1 98 % | prefill 4 prompts / 33 tok, 3 tok/s, 7.46 ms/tok, 62 ms avg (2 % of wall), 120 tok cached (4/4 hits) | live 4, queued 0 | pool 95/4096 blocks (2 %) | prefix cache 23/27 entries
2026-09-22 03:11:27.686 INFO  sched: request 'chatcmpl-dca327405eb27810' retired (steps): 256 tok in 6.8 s — prefill 47 tok (40 cached) in 57 ms; decode 255 tok / 128 passes in 6.7 s: 38.0 tok/s, 26.3 ms/tok, 52 ms/pass, 1.99 tok/pass, accept p1 99 %
2026-09-22 03:11:27.799 INFO  sched: request 'chatcmpl-dca327405eb27812' retired (steps): 256 tok in 6.7 s — prefill 35 tok (28 cached) in 56 ms; decode 255 tok / 128 passes in 6.6 s: 38.4 tok/s, 26.0 ms/tok, 52 ms/pass, 1.99 tok/pass, accept p1 100 %
2026-09-22 03:11:27.851 INFO  sched: request 'chatcmpl-dca327405eb27813' retired (steps): 256 tok in 6.6 s — prefill 37 tok (28 cached) in 64 ms; decode 255 tok / 128 passes in 6.6 s: 38.8 tok/s, 25.8 ms/tok, 51 ms/pass, 1.99 tok/pass, accept p1 100 %
2026-09-22 03:11:27.972 INFO  sched: request 'chatcmpl-dca327405eb27811' retired (steps): 256 tok in 7.0 s — prefill 34 tok (24 cached) in 69 ms; decode 255 tok / 134 passes in 6.9 s: 37.0 tok/s, 27.0 ms/tok, 51 ms/pass, 1.90 tok/pass, accept p1 91 %
2026-09-22 03:11:28.233 INFO  sched: request 'chatcmpl-dca327405eb27814' prefix cache miss — 1 cut(s) probed against 24 entries; the nearest entry (position 304) shares the first 3 of the prompt's 73 tokens (the prompt differs from it from that token on)
2026-09-22 03:11:28.233 INFO  sched: request 'chatcmpl-dca327405eb27814' admitted to slot 0 (reserve 6 blocks; pool 82/4096 blocks in use) — first token 8160
2026-09-22 03:11:31.944 INFO  sched: request 'chatcmpl-dca327405eb27814' retired (steps): 256 tok in 3.7 s — prefill 73 tok (0 cached) in 239 ms; decode 255 tok / 134 passes in 3.5 s: 73.4 tok/s, 13.6 ms/tok, 26 ms/pass, 1.90 tok/pass, accept p1 90 %
2026-09-22 03:11:32.022 INFO  sched: request 'chatcmpl-dca327405eb27815' admitted to slot 0 (reserve 6 blocks; pool 87/4096 blocks in use) — first token 8160
2026-09-22 03:11:35.556 INFO  sched: request 'chatcmpl-dca327405eb27815' retired (steps): 256 tok in 3.5 s — prefill 73 tok (64 cached) in 67 ms; decode 255 tok / 134 passes in 3.5 s: 73.5 tok/s, 13.6 ms/tok, 26 ms/pass, 1.90 tok/pass, accept p1 90 %
2026-09-22 03:11:35.627 INFO  sched: request 'chatcmpl-dca327405eb27816' admitted to slot 0 (reserve 6 blocks; pool 87/4096 blocks in use) — first token 8160
2026-09-22 03:11:36.832 INFO  stats: rank 1 | 10.0 s | decode 74.9 tok/s, 12.6 ms/tok, 28.1 ms/step (337 steps / 750 tok, 94 % of wall) | mtp 1.92 tok/step/req, accept p1 92 % | prefill 3 prompts / 91 tok, 9 tok/s, 4.08 ms/tok, 124 ms avg (4 % of wall), 128 tok cached (2/3 hits) | live 1, queued 0 | pool 88/4096 blocks (2 %) | prefix cache 26/27 entries
2026-09-22 03:11:39.161 INFO  sched: request 'chatcmpl-dca327405eb27816' retired (steps): 256 tok in 3.5 s — prefill 73 tok (64 cached) in 66 ms; decode 255 tok / 134 passes in 3.5 s: 73.5 tok/s, 13.6 ms/tok, 26 ms/pass, 1.90 tok/pass, accept p1 90 %
2026-09-22 03:11:39.446 INFO  sched: request 'chatcmpl-dca327405eb27817' prefix cache miss — 2 cut(s) probed against 26 entries; the nearest entry (position 328) shares the first 4 of the prompt's 64 tokens (the prompt differs from it from that token on)
2026-09-22 03:11:39.447 INFO  sched: request 'chatcmpl-dca327405eb27817' admitted to slot 0 (reserve 5 blocks; pool 88/4096 blocks in use) — first token 8160
2026-09-22 03:11:39.697 INFO  sched: request 'chatcmpl-dca327405eb27818' prefix cache miss — 1 cut(s) probed against 25 entries; the nearest entry (position 328) shares the first 3 of the prompt's 54 tokens (the prompt differs from it from that token on)
2026-09-22 03:11:39.697 INFO  sched: request 'chatcmpl-dca327405eb27818' admitted to slot 1 (reserve 5 blocks; pool 84/4096 blocks in use) — first token 8160
2026-09-22 03:11:44.453 INFO  sched: request 'chatcmpl-dca327405eb27817' retired (steps): 256 tok in 5.0 s — prefill 64 tok (0 cached) in 264 ms; decode 255 tok / 132 passes in 4.7 s: 53.8 tok/s, 18.6 ms/tok, 36 ms/pass, 1.93 tok/pass, accept p1 93 %
2026-09-22 03:11:44.482 INFO  sched: request 'chatcmpl-dca327405eb27818' retired (steps): 256 tok in 4.8 s — prefill 54 tok (0 cached) in 225 ms; decode 255 tok / 132 passes in 4.6 s: 55.9 tok/s, 17.9 ms/tok, 35 ms/pass, 1.93 tok/pass, accept p1 93 %
2026-09-22 03:11:44.569 INFO  sched: request 'chatcmpl-dca327405eb27819' admitted to slot 0 (reserve 5 blocks; pool 84/4096 blocks in use) — first token 8160
2026-09-22 03:11:44.663 INFO  sched: request 'chatcmpl-dca327405eb2781a' admitted to slot 1 (reserve 5 blocks; pool 84/4096 blocks in use) — first token 8160
2026-09-22 03:11:46.857 INFO  stats: rank 1 | 10.0 s | decode 92.0 tok/s, 10.0 ms/tok, 32.3 ms/step (286 steps / 922 tok, 92 % of wall) | mtp 1.92 tok/step/req, accept p1 91 % | prefill 4 prompts / 136 tok, 14 tok/s, 4.53 ms/tok, 154 ms avg (6 % of wall), 100 tok cached (2/4 hits) | live 2, queued 0 | pool 81/4096 blocks (2 %) | prefix cache 25/27 entries
2026-09-22 03:11:49.227 INFO  sched: request 'chatcmpl-dca327405eb27819' retired (steps): 256 tok in 4.7 s — prefill 64 tok (56 cached) in 60 ms; decode 255 tok / 132 passes in 4.6 s: 55.5 tok/s, 18.0 ms/tok, 35 ms/pass, 1.93 tok/pass, accept p1 93 %
2026-09-22 03:11:49.255 INFO  sched: request 'chatcmpl-dca327405eb2781a' retired (steps): 256 tok in 4.6 s — prefill 54 tok (44 cached) in 68 ms; decode 255 tok / 132 passes in 4.5 s: 56.4 tok/s, 17.7 ms/tok, 34 ms/pass, 1.93 tok/pass, accept p1 93 %
2026-09-22 03:11:49.336 INFO  sched: request 'chatcmpl-dca327405eb2781b' admitted to slot 0 (reserve 5 blocks; pool 74/4096 blocks in use) — first token 8160
2026-09-22 03:11:49.431 INFO  sched: request 'chatcmpl-dca327405eb2781c' admitted to slot 1 (reserve 5 blocks; pool 79/4096 blocks in use) — first token 8160
2026-09-22 03:11:53.981 INFO  sched: request 'chatcmpl-dca327405eb2781b' retired (steps): 256 tok in 4.6 s — prefill 64 tok (56 cached) in 60 ms; decode 255 tok / 132 passes in 4.6 s: 55.6 tok/s, 18.0 ms/tok, 35 ms/pass, 1.93 tok/pass, accept p1 93 %
2026-09-22 03:11:54.010 INFO  sched: request 'chatcmpl-dca327405eb2781c' retired (steps): 256 tok in 4.6 s — prefill 54 tok (44 cached) in 69 ms; decode 255 tok / 132 passes in 4.5 s: 56.5 tok/s, 17.7 ms/tok, 34 ms/pass, 1.93 tok/pass, accept p1 93 %
2026-09-22 03:11:54.256 INFO  sched: request 'chatcmpl-dca327405eb2781d' prefix cache miss — 1 cut(s) probed against 25 entries; the nearest entry (position 328) shares the first 4 of the prompt's 54 tokens (the prompt differs from it from that token on)
2026-09-22 03:11:54.256 INFO  sched: request 'chatcmpl-dca327405eb2781d' admitted to slot 0 (reserve 5 blocks; pool 75/4096 blocks in use) — first token 8160
2026-09-22 03:11:54.488 INFO  sched: request 'chatcmpl-dca327405eb2781e' prefix cache miss — 2 cut(s) probed against 26 entries; the nearest entry (position 328) shares the first 3 of the prompt's 39 tokens (the prompt differs from it from that token on)
2026-09-22 03:11:54.488 INFO  sched: request 'chatcmpl-dca327405eb2781e' admitted to slot 1 (reserve 5 blocks; pool 81/4096 blocks in use) — first token 8160
2026-09-22 03:11:54.730 INFO  sched: request 'chatcmpl-dca327405eb2781f' prefix cache miss — 2 cut(s) probed against 24 entries; the nearest entry (position 32) shares the first 7 of the prompt's 35 tokens (the prompt differs from it from that token on)
2026-09-22 03:11:54.730 INFO  sched: request 'chatcmpl-dca327405eb2781f' admitted to slot 2 (reserve 5 blocks; pool 86/4096 blocks in use) — first token 8160
2026-09-22 03:11:54.954 INFO  sched: request 'chatcmpl-dca327405eb27820' prefix cache miss — 1 cut(s) probed against 23 entries; the nearest entry (position 32) shares the first 8 of the prompt's 37 tokens (the prompt differs from it from that token on)
2026-09-22 03:11:54.954 INFO  sched: request 'chatcmpl-dca327405eb27820' admitted to slot 3 (reserve 5 blocks; pool 87/4096 blocks in use) — first token 13962
2026-09-22 03:11:56.907 INFO  stats: rank 1 | 10.0 s | decode 106.9 tok/s, 8.3 ms/tok, 37.0 ms/step (242 steps / 1074 tok, 89 % of wall) | mtp 1.93 tok/step/req, accept p1 92 % | prefill 6 prompts / 183 tok, 18 tok/s, 5.20 ms/tok, 159 ms avg (9 % of wall), 100 tok cached (2/6 hits) | live 4, queued 0 | pool 87/4096 blocks (2 %) | prefix cache 23/27 entries
2026-09-22 03:12:01.738 INFO  sched: request 'chatcmpl-dca327405eb2781d' retired (steps): 256 tok in 7.5 s — prefill 54 tok (0 cached) in 225 ms; decode 255 tok / 133 passes in 7.3 s: 35.1 tok/s, 28.5 ms/tok, 55 ms/pass, 1.92 tok/pass, accept p1 92 %
2026-09-22 03:12:01.945 INFO  sched: request 'chatcmpl-dca327405eb2781e' retired (steps): 256 tok in 7.5 s — prefill 39 tok (0 cached) in 206 ms; decode 255 tok / 136 passes in 7.3 s: 35.2 tok/s, 28.4 ms/tok, 53 ms/pass, 1.88 tok/pass, accept p1 88 %
2026-09-22 03:12:01.945 INFO  sched: request 'chatcmpl-dca327405eb2781f' retired (steps): 256 tok in 7.2 s — prefill 35 tok (0 cached) in 209 ms; decode 255 tok / 135 passes in 7.0 s: 36.4 tok/s, 27.5 ms/tok, 52 ms/pass, 1.89 tok/pass, accept p1 89 %
2026-09-22 03:12:02.000 INFO  sched: request 'chatcmpl-dca327405eb27820' retired (steps): 256 tok in 7.0 s — prefill 37 tok (0 cached) in 183 ms; decode 255 tok / 136 passes in 6.9 s: 37.2 tok/s, 26.9 ms/tok, 50 ms/pass, 1.88 tok/pass, accept p1 88 %
2026-09-22 03:12:02.097 INFO  sched: request 'chatcmpl-dca327405eb27821' admitted to slot 0 (reserve 5 blocks; pool 88/4096 blocks in use) — first token 8160
2026-09-22 03:12:02.178 INFO  sched: request 'chatcmpl-dca327405eb27822' admitted to slot 1 (reserve 5 blocks; pool 93/4096 blocks in use) — first token 8160
2026-09-22 03:12:02.270 INFO  sched: request 'chatcmpl-dca327405eb27823' admitted to slot 2 (reserve 5 blocks; pool 90/4096 blocks in use) — first token 8160
2026-09-22 03:12:02.375 INFO  sched: request 'chatcmpl-dca327405eb27824' admitted to slot 3 (reserve 5 blocks; pool 95/4096 blocks in use) — first token 13962
2026-09-22 03:12:06.908 INFO  stats: rank 1 | 10.0 s | decode 142.1 tok/s, 6.8 ms/tok, 50.3 ms/step (191 steps / 1421 tok, 96 % of wall) | mtp 1.90 tok/step/req, accept p1 89 % | prefill 4 prompts / 33 tok, 3 tok/s, 7.50 ms/tok, 62 ms avg (2 % of wall), 132 tok cached (4/4 hits) | live 4, queued 0 | pool 95/4096 blocks (2 %) | prefix cache 23/27 entries
2026-09-22 03:12:08.947 INFO  sched: request 'chatcmpl-dca327405eb27821' retired (steps): 256 tok in 6.8 s — prefill 54 tok (44 cached) in 69 ms; decode 255 tok / 133 passes in 6.8 s: 37.6 tok/s, 26.6 ms/tok, 51 ms/pass, 1.92 tok/pass, accept p1 92 %
2026-09-22 03:12:09.147 INFO  sched: request 'chatcmpl-dca327405eb27822' retired (steps): 256 tok in 7.0 s — prefill 39 tok (32 cached) in 56 ms; decode 255 tok / 136 passes in 6.9 s: 36.9 tok/s, 27.1 ms/tok, 51 ms/pass, 1.88 tok/pass, accept p1 88 %
2026-09-22 03:12:09.147 INFO  sched: request 'chatcmpl-dca327405eb27823' retired (steps): 256 tok in 6.9 s — prefill 35 tok (28 cached) in 58 ms; decode 255 tok / 135 passes in 6.8 s: 37.4 tok/s, 26.7 ms/tok, 51 ms/pass, 1.89 tok/pass, accept p1 89 %
2026-09-22 03:12:09.201 INFO  sched: request 'chatcmpl-dca327405eb27824' retired (steps): 256 tok in 6.8 s — prefill 37 tok (28 cached) in 64 ms; decode 255 tok / 136 passes in 6.8 s: 37.7 tok/s, 26.5 ms/tok, 50 ms/pass, 1.88 tok/pass, accept p1 88 %
2026-09-22 03:12:09.287 INFO  sched: request 'chatcmpl-dca327405eb27825' admitted to slot 0 (reserve 5 blocks; pool 76/4096 blocks in use) — first token 8160
2026-09-22 03:12:09.370 INFO  sched: request 'chatcmpl-dca327405eb27826' admitted to slot 1 (reserve 5 blocks; pool 81/4096 blocks in use) — first token 8160
2026-09-22 03:12:09.470 INFO  sched: request 'chatcmpl-dca327405eb27827' admitted to slot 2 (reserve 5 blocks; pool 88/4096 blocks in use) — first token 13962
2026-09-22 03:12:09.567 INFO  sched: request 'chatcmpl-dca327405eb27828' admitted to slot 3 (reserve 5 blocks; pool 93/4096 blocks in use) — first token 8160
2026-09-22 03:12:16.162 INFO  sched: request 'chatcmpl-dca327405eb27825' retired (steps): 256 tok in 6.9 s — prefill 54 tok (44 cached) in 70 ms; decode 255 tok / 133 passes in 6.8 s: 37.5 tok/s, 26.7 ms/tok, 51 ms/pass, 1.92 tok/pass, accept p1 92 %
2026-09-22 03:12:16.313 INFO  sched: request 'chatcmpl-dca327405eb27826' retired (steps): 256 tok in 6.9 s — prefill 35 tok (28 cached) in 56 ms; decode 255 tok / 135 passes in 6.9 s: 37.0 tok/s, 27.0 ms/tok, 51 ms/pass, 1.89 tok/pass, accept p1 89 %
2026-09-22 03:12:16.423 INFO  sched: request 'chatcmpl-dca327405eb27827' retired (steps): 256 tok in 7.0 s — prefill 37 tok (28 cached) in 67 ms; decode 255 tok / 136 passes in 6.9 s: 37.0 tok/s, 27.0 ms/tok, 51 ms/pass, 1.88 tok/pass, accept p1 88 %
2026-09-22 03:12:16.452 INFO  sched: request 'chatcmpl-dca327405eb27828' retired (steps): 256 tok in 6.9 s — prefill 39 tok (32 cached) in 55 ms; decode 255 tok / 136 passes in 6.8 s: 37.3 tok/s, 26.8 ms/tok, 50 ms/pass, 1.88 tok/pass, accept p1 88 %
2026-09-22 03:12:16.711 INFO  sched: request 'chatcmpl-dca327405eb27829' prefix cache miss — 2 cut(s) probed against 23 entries; the nearest entry (position 292) shares the first 5 of the prompt's 40 tokens (the prompt differs from it from that token on)
2026-09-22 03:12:16.711 INFO  sched: request 'chatcmpl-dca327405eb27829' admitted to slot 0 (reserve 5 blocks; pool 77/4096 blocks in use) — first token 77517
2026-09-22 03:12:16.912 INFO  stats: rank 1 | 10.0 s | decode 136.7 tok/s, 6.8 ms/tok, 48.7 ms/step (192 steps / 1368 tok, 93 % of wall) | mtp 1.90 tok/step/req, accept p1 89 % | prefill 5 prompts / 73 tok, 7 tok/s, 6.67 ms/tok, 97 ms avg (5 % of wall), 132 tok cached (4/5 hits) | live 1, queued 0 | pool 78/4096 blocks (2 %) | prefix cache 24/27 entries
2026-09-22 03:12:21.017 INFO  sched: request 'chatcmpl-dca327405eb27829' retired (steps): 256 tok in 4.3 s — prefill 40 tok (0 cached) in 239 ms; decode 255 tok / 155 passes in 4.1 s: 62.7 tok/s, 15.9 ms/tok, 26 ms/pass, 1.65 tok/pass, accept p1 65 %
2026-09-22 03:12:21.098 INFO  sched: request 'chatcmpl-dca327405eb2782a' admitted to slot 0 (reserve 5 blocks; pool 82/4096 blocks in use) — first token 77517
2026-09-22 03:12:25.179 INFO  sched: request 'chatcmpl-dca327405eb2782a' retired (steps): 256 tok in 4.1 s — prefill 40 tok (32 cached) in 60 ms; decode 255 tok / 155 passes in 4.0 s: 63.4 tok/s, 15.8 ms/tok, 26 ms/pass, 1.65 tok/pass, accept p1 65 %
2026-09-22 03:12:25.261 INFO  sched: request 'chatcmpl-dca327405eb2782b' admitted to slot 0 (reserve 5 blocks; pool 82/4096 blocks in use) — first token 77517
2026-09-22 03:12:26.920 INFO  stats: rank 1 | 10.0 s | decode 60.5 tok/s, 16.0 ms/tok, 26.5 ms/step (366 steps / 606 tok, 97 % of wall) | mtp 1.66 tok/step/req, accept p1 65 % | prefill 2 prompts / 16 tok, 2 tok/s, 7.52 ms/tok, 60 ms avg (1 % of wall), 64 tok cached (2/2 hits) | live 1, queued 0 | pool 83/4096 blocks (2 %) | prefix cache 25/27 entries
2026-09-22 03:12:29.348 INFO  sched: request 'chatcmpl-dca327405eb2782b' retired (steps): 256 tok in 4.1 s — prefill 40 tok (32 cached) in 60 ms; decode 255 tok / 155 passes in 4.0 s: 63.3 tok/s, 15.8 ms/tok, 26 ms/pass, 1.65 tok/pass, accept p1 65 %
2026-09-22 03:12:29.574 INFO  sched: request 'chatcmpl-dca327405eb2782c' prefix cache miss — 1 cut(s) probed against 25 entries; the nearest entry (position 292) shares the first 13 of the prompt's 41 tokens (the prompt differs from it from that token on)
2026-09-22 03:12:29.574 INFO  sched: request 'chatcmpl-dca327405eb2782c' admitted to slot 0 (reserve 5 blocks; pool 83/4096 blocks in use) — first token 32
2026-09-22 03:12:29.836 INFO  sched: request 'chatcmpl-dca327405eb2782d' prefix cache miss — 2 cut(s) probed against 26 entries; the nearest entry (position 292) shares the first 12 of the prompt's 40 tokens (the prompt differs from it from that token on)
2026-09-22 03:12:29.836 INFO  sched: request 'chatcmpl-dca327405eb2782d' admitted to slot 1 (reserve 5 blocks; pool 89/4096 blocks in use) — first token 24531
2026-09-22 03:12:35.163 INFO  sched: request 'chatcmpl-dca327405eb2782d' retired (steps): 256 tok in 5.3 s — prefill 40 tok (0 cached) in 224 ms; decode 255 tok / 149 passes in 5.1 s: 50.0 tok/s, 20.0 ms/tok, 34 ms/pass, 1.71 tok/pass, accept p1 71 %
2026-09-22 03:12:35.164 INFO  sched: request 'chatcmpl-dca327405eb2782c' retired (steps): 256 tok in 5.6 s — prefill 41 tok (0 cached) in 194 ms; decode 255 tok / 150 passes in 5.4 s: 47.3 tok/s, 21.2 ms/tok, 36 ms/pass, 1.70 tok/pass, accept p1 70 %
2026-09-22 03:12:35.249 INFO  sched: request 'chatcmpl-dca327405eb2782e' admitted to slot 0 (reserve 5 blocks; pool 84/4096 blocks in use) — first token 32
2026-09-22 03:12:35.335 INFO  sched: request 'chatcmpl-dca327405eb2782f' admitted to slot 1 (reserve 5 blocks; pool 89/4096 blocks in use) — first token 24531
2026-09-22 03:12:36.933 INFO  stats: rank 1 | 10.0 s | decode 82.4 tok/s, 11.2 ms/tok, 32.0 ms/step (290 steps / 825 tok, 93 % of wall) | mtp 1.70 tok/step/req, accept p1 69 % | prefill 4 prompts / 98 tok, 10 tok/s, 5.56 ms/tok, 136 ms avg (5 % of wall), 64 tok cached (2/4 hits) | live 2, queued 0 | pool 81/4096 blocks (2 %) | prefix cache 25/27 entries
2026-09-22 03:12:40.434 INFO  sched: request 'chatcmpl-dca327405eb2782f' retired (steps): 256 tok in 5.1 s — prefill 40 tok (32 cached) in 58 ms; decode 255 tok / 149 passes in 5.0 s: 50.6 tok/s, 19.8 ms/tok, 34 ms/pass, 1.71 tok/pass, accept p1 71 %
2026-09-22 03:12:40.435 INFO  sched: request 'chatcmpl-dca327405eb2782e' retired (steps): 256 tok in 5.2 s — prefill 41 tok (32 cached) in 68 ms; decode 255 tok / 150 passes in 5.1 s: 49.8 tok/s, 20.1 ms/tok, 34 ms/pass, 1.70 tok/pass, accept p1 70 %
2026-09-22 03:12:40.526 INFO  sched: request 'chatcmpl-dca327405eb27830' admitted to slot 0 (reserve 5 blocks; pool 74/4096 blocks in use) — first token 32
2026-09-22 03:12:40.612 INFO  sched: request 'chatcmpl-dca327405eb27831' admitted to slot 1 (reserve 5 blocks; pool 79/4096 blocks in use) — first token 24531
2026-09-22 03:12:45.730 INFO  sched: request 'chatcmpl-dca327405eb27831' retired (steps): 256 tok in 5.1 s — prefill 40 tok (32 cached) in 58 ms; decode 255 tok / 149 passes in 5.1 s: 50.4 tok/s, 19.8 ms/tok, 34 ms/pass, 1.71 tok/pass, accept p1 71 %
2026-09-22 03:12:45.732 INFO  sched: request 'chatcmpl-dca327405eb27830' retired (steps): 256 tok in 5.2 s — prefill 41 tok (32 cached) in 68 ms; decode 255 tok / 150 passes in 5.1 s: 49.6 tok/s, 20.1 ms/tok, 34 ms/pass, 1.70 tok/pass, accept p1 70 %
2026-09-22 03:12:46.012 INFO  sched: request 'chatcmpl-dca327405eb27832' prefix cache miss — 2 cut(s) probed against 25 entries; the nearest entry (position 296) shares the first 12 of the prompt's 40 tokens (the prompt differs from it from that token on)
2026-09-22 03:12:46.012 INFO  sched: request 'chatcmpl-dca327405eb27832' admitted to slot 0 (reserve 5 blocks; pool 75/4096 blocks in use) — first token 623
2026-09-22 03:12:46.246 INFO  sched: request 'chatcmpl-dca327405eb27833' prefix cache miss — 2 cut(s) probed against 25 entries; the nearest entry (position 296) shares the first 5 of the prompt's 31 tokens (the prompt differs from it from that token on)
2026-09-22 03:12:46.246 INFO  sched: request 'chatcmpl-dca327405eb27833' admitted to slot 1 (reserve 5 blocks; pool 81/4096 blocks in use) — first token 30576
2026-09-22 03:12:46.476 INFO  sched: request 'chatcmpl-dca327405eb27834' prefix cache miss — 2 cut(s) probed against 24 entries; the nearest entry (position 296) shares the first 5 of the prompt's 31 tokens (the prompt differs from it from that token on)
2026-09-22 03:12:46.476 INFO  sched: request 'chatcmpl-dca327405eb27834' admitted to slot 2 (reserve 5 blocks; pool 86/4096 blocks in use) — first token 13923
2026-09-22 03:12:46.724 INFO  sched: request 'chatcmpl-dca327405eb27835' prefix cache miss — 2 cut(s) probed against 23 entries; the nearest entry (position 296) shares the first 5 of the prompt's 31 tokens (the prompt differs from it from that token on)
2026-09-22 03:12:46.724 INFO  sched: request 'chatcmpl-dca327405eb27835' admitted to slot 3 (reserve 5 blocks; pool 86/4096 blocks in use) — first token 48218
2026-09-22 03:12:46.979 INFO  stats: rank 1 | 10.0 s | decode 90.5 tok/s, 9.7 ms/tok, 34.1 ms/step (260 steps / 909 tok, 88 % of wall) | mtp 1.72 tok/step/req, accept p1 71 % | prefill 6 prompts / 150 tok, 15 tok/s, 6.32 ms/tok, 158 ms avg (9 % of wall), 64 tok cached (2/6 hits) | live 4, queued 0 | pool 83/4096 blocks (2 %) | prefix cache 23/27 entries
2026-09-22 03:12:54.133 INFO  sched: request 'chatcmpl-dca327405eb27833' retired (steps): 256 tok in 7.9 s — prefill 31 tok (0 cached) in 195 ms; decode 255 tok / 145 passes in 7.7 s: 33.2 tok/s, 30.2 ms/tok, 53 ms/pass, 1.76 tok/pass, accept p1 77 %
2026-09-22 03:12:54.188 INFO  sched: request 'chatcmpl-dca327405eb27835' retired (steps): 256 tok in 7.5 s — prefill 31 tok (0 cached) in 194 ms; decode 255 tok / 144 passes in 7.3 s: 35.1 tok/s, 28.5 ms/tok, 50 ms/pass, 1.77 tok/pass, accept p1 77 %
2026-09-22 03:12:54.319 INFO  sched: request 'chatcmpl-dca327405eb27832' retired (steps): 256 tok in 8.3 s — prefill 40 tok (0 cached) in 237 ms; decode 255 tok / 150 passes in 8.1 s: 31.6 tok/s, 31.6 ms/tok, 54 ms/pass, 1.70 tok/pass, accept p1 71 %
2026-09-22 03:12:54.514 INFO  sched: request 'chatcmpl-dca327405eb27834' retired (steps): 256 tok in 8.0 s — prefill 31 tok (0 cached) in 195 ms; decode 255 tok / 155 passes in 7.8 s: 32.5 tok/s, 30.8 ms/tok, 51 ms/pass, 1.65 tok/pass, accept p1 65 %
2026-09-22 03:12:54.597 INFO  sched: request 'chatcmpl-dca327405eb27836' admitted to slot 0 (reserve 5 blocks; pool 84/4096 blocks in use) — first token 623
2026-09-22 03:12:54.682 INFO  sched: request 'chatcmpl-dca327405eb27837' admitted to slot 1 (reserve 5 blocks; pool 89/4096 blocks in use) — first token 30576
2026-09-22 03:12:54.774 INFO  sched: request 'chatcmpl-dca327405eb27838' admitted to slot 2 (reserve 5 blocks; pool 90/4096 blocks in use) — first token 48218
2026-09-22 03:12:54.871 INFO  sched: request 'chatcmpl-dca327405eb27839' admitted to slot 3 (reserve 5 blocks; pool 91/4096 blocks in use) — first token 13923
2026-09-22 03:12:56.995 INFO  stats: rank 1 | 10.0 s | decode 128.8 tok/s, 7.5 ms/tok, 49.3 ms/step (195 steps / 1290 tok, 96 % of wall) | mtp 1.73 tok/step/req, accept p1 73 % | prefill 4 prompts / 29 tok, 3 tok/s, 7.98 ms/tok, 58 ms avg (2 % of wall), 104 tok cached (4/4 hits) | live 4, queued 0 | pool 91/4096 blocks (2 %) | prefix cache 23/27 entries
2026-09-22 03:13:02.085 INFO  sched: request 'chatcmpl-dca327405eb27837' retired (steps): 256 tok in 7.4 s — prefill 31 tok (24 cached) in 58 ms; decode 255 tok / 145 passes in 7.3 s: 34.7 tok/s, 28.8 ms/tok, 51 ms/pass, 1.76 tok/pass, accept p1 77 %
2026-09-22 03:13:02.086 INFO  sched: request 'chatcmpl-dca327405eb27838' retired (steps): 256 tok in 7.3 s — prefill 31 tok (24 cached) in 58 ms; decode 255 tok / 144 passes in 7.3 s: 35.2 tok/s, 28.4 ms/tok, 50 ms/pass, 1.77 tok/pass, accept p1 77 %
2026-09-22 03:13:02.312 INFO  sched: request 'chatcmpl-dca327405eb27836' retired (steps): 256 tok in 7.7 s — prefill 40 tok (32 cached) in 61 ms; decode 255 tok / 150 passes in 7.7 s: 33.3 tok/s, 30.0 ms/tok, 51 ms/pass, 1.70 tok/pass, accept p1 71 %
2026-09-22 03:13:02.525 INFO  sched: request 'chatcmpl-dca327405eb27839' retired (steps): 256 tok in 7.7 s — prefill 31 tok (24 cached) in 55 ms; decode 255 tok / 155 passes in 7.6 s: 33.6 tok/s, 29.8 ms/tok, 49 ms/pass, 1.65 tok/pass, accept p1 65 %
2026-09-22 03:13:02.608 INFO  sched: request 'chatcmpl-dca327405eb2783a' admitted to slot 0 (reserve 5 blocks; pool 72/4096 blocks in use) — first token 623
2026-09-22 03:13:02.690 INFO  sched: request 'chatcmpl-dca327405eb2783b' admitted to slot 1 (reserve 5 blocks; pool 78/4096 blocks in use) — first token 13923
2026-09-22 03:13:02.780 INFO  sched: request 'chatcmpl-dca327405eb2783c' admitted to slot 2 (reserve 5 blocks; pool 83/4096 blocks in use) — first token 30576
2026-09-22 03:13:02.878 INFO  sched: request 'chatcmpl-dca327405eb2783d' admitted to slot 3 (reserve 5 blocks; pool 90/4096 blocks in use) — first token 48218
2026-09-22 03:13:07.042 INFO  stats: rank 1 | 10.0 s | decode 127.1 tok/s, 7.6 ms/tok, 49.2 ms/step (196 steps / 1277 tok, 96 % of wall) | mtp 1.71 tok/step/req, accept p1 71 % | prefill 4 prompts / 29 tok, 3 tok/s, 7.84 ms/tok, 57 ms avg (2 % of wall), 104 tok cached (4/4 hits) | live 4, queued 0 | pool 91/4096 blocks (2 %) | prefix cache 23/27 entries
2026-09-22 03:13:10.413 INFO  sched: request 'chatcmpl-dca327405eb2783d' retired (steps): 256 tok in 7.5 s — prefill 31 tok (24 cached) in 55 ms; decode 255 tok / 144 passes in 7.5 s: 34.1 tok/s, 29.3 ms/tok, 52 ms/pass, 1.77 tok/pass, accept p1 77 %
2026-09-22 03:13:10.505 INFO  sched: request 'chatcmpl-dca327405eb2783c' retired (steps): 256 tok in 7.7 s — prefill 31 tok (24 cached) in 55 ms; decode 255 tok / 147 passes in 7.7 s: 33.3 tok/s, 30.1 ms/tok, 52 ms/pass, 1.73 tok/pass, accept p1 73 %
2026-09-22 03:13:10.539 INFO  sched: request 'chatcmpl-dca327405eb2783a' retired (steps): 256 tok in 7.9 s — prefill 40 tok (32 cached) in 61 ms; decode 255 tok / 150 passes in 7.9 s: 32.4 tok/s, 30.9 ms/tok, 52 ms/pass, 1.70 tok/pass, accept p1 71 %
2026-09-22 03:13:10.762 INFO  sched: request 'chatcmpl-dca327405eb2783b' retired (steps): 256 tok in 8.1 s — prefill 31 tok (24 cached) in 55 ms; decode 255 tok / 157 passes in 8.0 s: 31.8 tok/s, 31.4 ms/tok, 51 ms/pass, 1.62 tok/pass, accept p1 63 %
2026-09-22 03:13:11.434 INFO  sched: request 'chatcmpl-dca327405eb2783e' prefix cache miss — 1 cut(s) probed against 25 entries; the nearest entry (position 308) shares the first 3 of the prompt's 554 tokens (the prompt differs from it from that token on)
2026-09-22 03:13:11.434 INFO  sched: request 'chatcmpl-dca327405eb2783e' admitted to slot 0 (reserve 9 blocks; pool 87/4096 blocks in use) — first token 760
2026-09-22 03:13:11.434 INFO  sched: request 'chatcmpl-dca327405eb2783e' retired (steps): 1 tok in 0.0 s — prefill 554 tok (0 cached) in 588 ms; decode 0 tok / 0 passes in 0.0 s
2026-09-22 03:13:12.826 INFO  sched: request 'chatcmpl-dca327405eb2783f' prefix cache miss — 3 cut(s) probed against 26 entries; the nearest entry (position 544) shares the first 14 of the prompt's 2063 tokens (the prompt differs from it from that token on)
2026-09-22 03:13:12.826 INFO  sched: request 'chatcmpl-dca327405eb2783f' admitted to slot 0 (reserve 33 blocks; pool 120/4096 blocks in use) — first token 760
2026-09-22 03:13:12.826 INFO  sched: request 'chatcmpl-dca327405eb2783f' retired (steps): 1 tok in 0.0 s — prefill 2063 tok (0 cached) in 1375 ms; decode 0 tok / 0 passes in 0.0 s
2026-09-22 03:13:14.153 INFO  sched: request 'chatcmpl-dca327405eb27840' prefix cache miss — 2 cut(s) probed against 26 entries; the nearest entry (position 2056) shares the first 20 of the prompt's 2054 tokens (the prompt differs from it from that token on)
2026-09-22 03:13:14.153 INFO  sched: request 'chatcmpl-dca327405eb27840' admitted to slot 0 (reserve 33 blocks; pool 151/4096 blocks in use) — first token 760
2026-09-22 03:13:14.154 INFO  sched: request 'chatcmpl-dca327405eb27840' retired (steps): 1 tok in 0.0 s — prefill 2054 tok (0 cached) in 1311 ms; decode 0 tok / 0 passes in 0.0 s
2026-09-22 03:13:15.460 INFO  sched: request 'chatcmpl-dca327405eb27841' prefix cache miss — 1 cut(s) probed against 26 entries; the nearest entry (position 2056) shares the first 20 of the prompt's 2038 tokens (the prompt differs from it from that token on)
2026-09-22 03:13:15.460 INFO  sched: request 'chatcmpl-dca327405eb27841' admitted to slot 0 (reserve 32 blocks; pool 178/4096 blocks in use) — first token 760
2026-09-22 03:13:15.461 INFO  sched: request 'chatcmpl-dca327405eb27841' retired (steps): 1 tok in 0.0 s — prefill 2038 tok (0 cached) in 1279 ms; decode 0 tok / 0 passes in 0.0 s
2026-09-22 03:13:20.687 INFO  sched: request 'chatcmpl-dca327405eb27842' prefix cache miss — 5 cut(s) probed against 26 entries; the nearest entry (position 2056) shares the first 15 of the prompt's 8091 tokens (the prompt differs from it from that token on)
2026-09-22 03:13:20.687 INFO  sched: request 'chatcmpl-dca327405eb27842' admitted to slot 0 (reserve 127 blocks; pool 300/4096 blocks in use) — first token 760
2026-09-22 03:13:20.687 INFO  sched: request 'chatcmpl-dca327405eb27842' retired (steps): 1 tok in 0.0 s — prefill 8091 tok (0 cached) in 5187 ms; decode 0 tok / 0 passes in 0.0 s
2026-09-22 03:13:20.687 INFO  stats: rank 1 | 13.6 s | decode 33.8 tok/s, 7.9 ms/tok, 49.3 ms/step (74 steps / 461 tok, 27 % of wall) | mtp 1.72 tok/step/req, accept p1 71 % | prefill 5 prompts / 14800 tok, 1085 tok/s, 0.66 ms/tok, 1948 ms avg (71 % of wall), 0 tok cached (0/5 hits) | live 0, queued 0 | pool 299/4096 blocks (7 %) | prefix cache 27/27 entries
2026-09-22 03:13:25.920 INFO  sched: request 'chatcmpl-dca327405eb27843' prefix cache miss — 5 cut(s) probed against 26 entries; the nearest entry (position 8084) shares the first 20 of the prompt's 8132 tokens (the prompt differs from it from that token on)
2026-09-22 03:13:25.921 INFO  sched: request 'chatcmpl-dca327405eb27843' admitted to slot 0 (reserve 128 blocks; pool 423/4096 blocks in use) — first token 760
2026-09-22 03:13:25.931 INFO  sched: request 'chatcmpl-dca327405eb27843' retired (steps): 1 tok in 0.0 s — prefill 8132 tok (0 cached) in 5170 ms; decode 0 tok / 0 passes in 0.0 s
2026-09-22 03:13:31.372 INFO  sched: request 'chatcmpl-dca327405eb27844' prefix cache miss — 6 cut(s) probed against 25 entries; the nearest entry (position 8132) shares the first 20 of the prompt's 8300 tokens (the prompt differs from it from that token on)
2026-09-22 03:13:31.372 INFO  sched: request 'chatcmpl-dca327405eb27844' admitted to slot 0 (reserve 130 blocks; pool 547/4096 blocks in use) — first token 760
2026-09-22 03:13:31.373 INFO  sched: request 'chatcmpl-dca327405eb27844' retired (steps): 1 tok in 0.0 s — prefill 8300 tok (0 cached) in 5434 ms; decode 0 tok / 0 passes in 0.0 s
2026-09-22 03:13:31.373 INFO  stats: rank 1 | 10.7 s | decode 0.2 tok/s, 0.0 ms/tok, 0.0 ms/step (0 steps / 2 tok, 0 % of wall) | prefill 2 prompts / 16432 tok, 1538 tok/s, 0.65 ms/tok, 5302 ms avg (99 % of wall), 0 tok cached (0/2 hits) | live 0, queued 0 | pool 546/4096 blocks (13 %) | prefix cache 27/27 entries
2026-09-22 03:13:52.552 INFO  sched: request 'chatcmpl-dca327405eb27845' prefix cache miss — 17 cut(s) probed against 25 entries; the nearest entry (position 8300) shares the first 15 of the prompt's 32664 tokens (the prompt differs from it from that token on)
2026-09-22 03:13:52.552 INFO  sched: request 'chatcmpl-dca327405eb27845' admitted to slot 0 (reserve 511 blocks; pool 1052/4096 blocks in use) — first token 760
2026-09-22 03:13:52.553 INFO  sched: request 'chatcmpl-dca327405eb27845' retired (steps): 1 tok in 0.0 s — prefill 32664 tok (0 cached) in 21116 ms; decode 0 tok / 0 passes in 0.0 s
2026-09-22 03:13:52.553 INFO  stats: rank 1 | 21.2 s | decode 0.0 tok/s, 0.0 ms/tok, 0.0 ms/step (0 steps / 1 tok, 0 % of wall) | prefill 1 prompt / 32664 tok, 1542 tok/s, 0.65 ms/tok, 21116 ms avg (100 % of wall), 0 tok cached (0/1 hit) | live 0, queued 0 | pool 1051/4096 blocks (26 %) | prefix cache 27/27 entries
2026-09-22 03:14:13.489 INFO  sched: request 'chatcmpl-dca327405eb27846' prefix cache miss — 16 cut(s) probed against 25 entries; the nearest entry (position 32664) shares the first 21 of the prompt's 32698 tokens (the prompt differs from it from that token on)
2026-09-22 03:14:13.490 INFO  sched: request 'chatcmpl-dca327405eb27846' admitted to slot 0 (reserve 511 blocks; pool 1553/4096 blocks in use) — first token 760
2026-09-22 03:14:13.490 INFO  sched: request 'chatcmpl-dca327405eb27846' retired (steps): 1 tok in 0.0 s — prefill 32698 tok (0 cached) in 20870 ms; decode 0 tok / 0 passes in 0.0 s
2026-09-22 03:14:13.490 INFO  stats: rank 1 | 20.9 s | decode 0.0 tok/s, 0.0 ms/tok, 0.0 ms/step (0 steps / 1 tok, 0 % of wall) | prefill 1 prompt / 32698 tok, 1562 tok/s, 0.64 ms/tok, 20870 ms avg (100 % of wall), 0 tok cached (0/1 hit) | live 0, queued 0 | pool 1552/4096 blocks (38 %) | prefix cache 27/27 entries
2026-09-22 03:14:34.424 INFO  sched: request 'chatcmpl-dca327405eb27847' prefix cache miss — 16 cut(s) probed against 25 entries; the nearest entry (position 32688) shares the first 21 of the prompt's 32653 tokens (the prompt differs from it from that token on)
2026-09-22 03:14:34.425 INFO  sched: request 'chatcmpl-dca327405eb27847' admitted to slot 0 (reserve 511 blocks; pool 2062/4096 blocks in use) — first token 760
2026-09-22 03:14:34.425 INFO  sched: request 'chatcmpl-dca327405eb27847' retired (steps): 1 tok in 0.0 s — prefill 32653 tok (0 cached) in 20862 ms; decode 0 tok / 0 passes in 0.0 s
2026-09-22 03:14:34.425 INFO  stats: rank 1 | 20.9 s | decode 0.0 tok/s, 0.0 ms/tok, 0.0 ms/step (0 steps / 1 tok, 0 % of wall) | prefill 1 prompt / 32653 tok, 1560 tok/s, 0.64 ms/tok, 20862 ms avg (100 % of wall), 0 tok cached (0/1 hit) | live 0, queued 0 | pool 2061/4096 blocks (50 %) | prefix cache 27/27 entries
2026-09-22 03:14:34.781 INFO  sched: request 'chatcmpl-dca327405eb27848' prefix cache miss — 2 cut(s) probed against 26 entries; an entry at this prompt's cut 56 was evicted (71 eviction(s) ago, last used at tick 115, now tick 6816; the arena holds 27 slots)
2026-09-22 03:14:34.781 INFO  sched: request 'chatcmpl-dca327405eb27848' admitted to slot 0 (reserve 2 blocks; pool 2059/4096 blocks in use) — first token 2
2026-09-22 03:14:35.679 INFO  sched: request 'chatcmpl-dca327405eb27848' retired (steps): 64 tok in 0.9 s — prefill 64 tok (0 cached) in 260 ms; decode 63 tok / 34 passes in 0.6 s: 98.9 tok/s, 10.1 ms/tok, 19 ms/pass, 1.85 tok/pass, accept p1 85 %
2026-09-22 03:14:35.863 INFO  sched: request 'chatcmpl-dca327405eb27849' prefix cache miss — 1 cut(s) probed against 26 entries; an entry at this prompt's cut 28 was evicted (70 eviction(s) ago, last used at tick 448, now tick 6852; the arena holds 27 slots)
2026-09-22 03:14:35.863 INFO  sched: request 'chatcmpl-dca327405eb27849' admitted to slot 0 (reserve 5 blocks; pool 2055/4096 blocks in use) — first token 760
2026-09-22 03:14:40.138 INFO  rank 1: slot 0 closed: 154 sampled decode steps, 0 fallbacks
2026-09-22 03:14:40.140 INFO  sched: request 'chatcmpl-dca327405eb27849' retired (steps): 256 tok in 4.3 s — prefill 37 tok (0 cached) in 174 ms; decode 255 tok / 154 passes in 4.1 s: 62.2 tok/s, 16.1 ms/tok, 27 ms/pass, 1.66 tok/pass, accept p1 66 %
2026-09-22 03:14:40.231 INFO  sched: request 'chatcmpl-dca327405eb2784a' admitted to slot 0 (reserve 5 blocks; pool 2055/4096 blocks in use) — first token 760
2026-09-22 03:14:44.435 INFO  stats: rank 1 | 10.0 s | decode 57.3 tok/s, 16.1 ms/tok, 27.3 ms/step (339 steps / 574 tok, 92 % of wall) | mtp 1.69 tok/step/req, accept p1 68 % | prefill 3 prompts / 110 tok, 11 tok/s, 4.58 ms/tok, 168 ms avg (5 % of wall), 28 tok cached (1/3 hits) | live 1, queued 0 | pool 2055/4096 blocks (50 %) | prefix cache 26/27 entries
2026-09-22 03:14:44.466 INFO  rank 1: slot 0 closed: 152 sampled decode steps, 0 fallbacks
2026-09-22 03:14:44.467 INFO  sched: request 'chatcmpl-dca327405eb2784a' retired (steps): 256 tok in 4.2 s — prefill 37 tok (28 cached) in 70 ms; decode 255 tok / 152 passes in 4.2 s: 61.2 tok/s, 16.3 ms/tok, 27 ms/pass, 1.68 tok/pass, accept p1 68 %
2026-09-22 03:14:44.552 INFO  sched: request 'chatcmpl-dca327405eb2784b' admitted to slot 0 (reserve 5 blocks; pool 2059/4096 blocks in use) — first token 760
2026-09-22 03:14:48.681 INFO  rank 1: slot 0 closed: 148 sampled decode steps, 0 fallbacks
2026-09-22 03:14:48.682 INFO  sched: request 'chatcmpl-dca327405eb2784b' retired (steps): 256 tok in 4.1 s — prefill 37 tok (28 cached) in 69 ms; decode 255 tok / 148 passes in 4.1 s: 62.8 tok/s, 15.9 ms/tok, 27 ms/pass, 1.72 tok/pass, accept p1 72 %
2026-09-22 03:14:48.909 INFO  sched: request 'chatcmpl-dca327405eb2784c' prefix cache miss — 2 cut(s) probed against 26 entries; an entry at this prompt's cut 28 was evicted (71 eviction(s) ago, last used at tick 923, now tick 7317; the arena holds 27 slots)
2026-09-22 03:14:48.909 INFO  sched: request 'chatcmpl-dca327405eb2784c' admitted to slot 0 (reserve 5 blocks; pool 2063/4096 blocks in use) — first token 332
2026-09-22 03:14:49.151 INFO  sched: request 'chatcmpl-dca327405eb2784d' prefix cache miss — 2 cut(s) probed against 25 entries; an entry at this prompt's cut 28 was evicted (72 eviction(s) ago, last used at tick 924, now tick 7318; the arena holds 27 slots)
2026-09-22 03:14:49.151 INFO  sched: request 'chatcmpl-dca327405eb2784d' admitted to slot 1 (reserve 5 blocks; pool 2064/4096 blocks in use) — first token 760
2026-09-22 03:14:49.401 INFO  sched: request 'chatcmpl-dca327405eb2784e' prefix cache miss — 2 cut(s) probed against 24 entries; an entry at this prompt's cut 28 was evicted (66 eviction(s) ago, last used at tick 1404, now tick 7319; the arena holds 27 slots)
2026-09-22 03:14:49.401 INFO  sched: request 'chatcmpl-dca327405eb2784e' admitted to slot 2 (reserve 5 blocks; pool 2057/4096 blocks in use) — first token 760
2026-09-22 03:14:49.652 INFO  sched: request 'chatcmpl-dca327405eb2784f' prefix cache miss — 2 cut(s) probed against 23 entries; an entry at this prompt's cut 24 was evicted (69 eviction(s) ago, last used at tick 1403, now tick 7320; the arena holds 27 slots)
2026-09-22 03:14:49.652 INFO  sched: request 'chatcmpl-dca327405eb2784f' admitted to slot 3 (reserve 5 blocks; pool 1998/4096 blocks in use) — first token 760
2026-09-22 03:14:54.467 INFO  stats: rank 1 | 10.0 s | decode 87.7 tok/s, 10.2 ms/tok, 36.6 ms/step (245 steps / 880 tok, 89 % of wall) | mtp 1.67 tok/step/req, accept p1 66 % | prefill 5 prompts / 148 tok, 15 tok/s, 5.96 ms/tok, 176 ms avg (9 % of wall), 28 tok cached (1/5 hits) | live 4, queued 0 | pool 1968/4096 blocks (48 %) | prefix cache 23/27 entries
2026-09-22 03:14:57.547 INFO  rank 1: slot 2 closed: 153 sampled decode steps, 0 fallbacks
2026-09-22 03:14:57.547 INFO  sched: request 'chatcmpl-dca327405eb2784e' retired (steps): 256 tok in 8.1 s — prefill 35 tok (0 cached) in 206 ms; decode 255 tok / 153 passes in 7.9 s: 32.1 tok/s, 31.1 ms/tok, 52 ms/pass, 1.67 tok/pass, accept p1 67 %
2026-09-22 03:14:57.547 INFO  rank 1: slot 3 closed: 152 sampled decode steps, 0 fallbacks
2026-09-22 03:14:57.548 INFO  sched: request 'chatcmpl-dca327405eb2784f' retired (steps): 256 tok in 7.9 s — prefill 32 tok (0 cached) in 197 ms; decode 255 tok / 152 passes in 7.7 s: 33.1 tok/s, 30.2 ms/tok, 51 ms/pass, 1.68 tok/pass, accept p1 68 %
2026-09-22 03:14:57.621 INFO  rank 1: slot 1 closed: 156 sampled decode steps, 0 fallbacks
2026-09-22 03:14:57.622 INFO  sched: request 'chatcmpl-dca327405eb2784d' retired (steps): 256 tok in 8.5 s — prefill 36 tok (0 cached) in 205 ms; decode 255 tok / 156 passes in 8.3 s: 30.9 tok/s, 32.4 ms/tok, 53 ms/pass, 1.63 tok/pass, accept p1 63 %
2026-09-22 03:14:57.676 INFO  rank 1: slot 0 closed: 159 sampled decode steps, 0 fallbacks
2026-09-22 03:14:57.677 INFO  sched: request 'chatcmpl-dca327405eb2784c' retired (steps): 256 tok in 8.8 s — prefill 36 tok (0 cached) in 205 ms; decode 255 tok / 159 passes in 8.6 s: 29.8 tok/s, 33.6 ms/tok, 54 ms/pass, 1.60 tok/pass, accept p1 60 %
2026-09-22 03:14:57.753 INFO  sched: request 'chatcmpl-dca327405eb27850' admitted to slot 0 (reserve 5 blocks; pool 1969/4096 blocks in use) — first token 760
2026-09-22 03:14:57.841 INFO  sched: request 'chatcmpl-dca327405eb27851' admitted to slot 1 (reserve 5 blocks; pool 1848/4096 blocks in use) — first token 760
2026-09-22 03:14:57.936 INFO  sched: request 'chatcmpl-dca327405eb27852' admitted to slot 2 (reserve 5 blocks; pool 1853/4096 blocks in use) — first token 13962
2026-09-22 03:14:58.053 INFO  sched: request 'chatcmpl-dca327405eb27853' admitted to slot 3 (reserve 5 blocks; pool 1731/4096 blocks in use) — first token 760
2026-09-22 03:15:04.489 INFO  stats: rank 1 | 10.0 s | decode 125.2 tok/s, 7.7 ms/tok, 50.7 ms/step (190 steps / 1255 tok, 96 % of wall) | mtp 1.69 tok/step/req, accept p1 68 % | prefill 4 prompts / 31 tok, 3 tok/s, 7.77 ms/tok, 60 ms avg (2 % of wall), 108 tok cached (4/4 hits) | live 4, queued 0 | pool 1731/4096 blocks (42 %) | prefix cache 23/27 entries
2026-09-22 03:15:05.736 INFO  rank 1: slot 1 closed: 150 sampled decode steps, 0 fallbacks
2026-09-22 03:15:05.736 INFO  sched: request 'chatcmpl-dca327405eb27851' retired (steps): 256 tok in 7.9 s — prefill 36 tok (28 cached) in 60 ms; decode 255 tok / 150 passes in 7.8 s: 32.5 tok/s, 30.7 ms/tok, 52 ms/pass, 1.70 tok/pass, accept p1 71 %
2026-09-22 03:15:05.790 INFO  rank 1: slot 2 closed: 150 sampled decode steps, 0 fallbacks
2026-09-22 03:15:05.790 INFO  sched: request 'chatcmpl-dca327405eb27852' retired (steps): 256 tok in 7.9 s — prefill 32 tok (24 cached) in 60 ms; decode 255 tok / 150 passes in 7.8 s: 32.7 tok/s, 30.6 ms/tok, 52 ms/pass, 1.70 tok/pass, accept p1 71 %
2026-09-22 03:15:05.841 INFO  rank 1: slot 0 closed: 153 sampled decode steps, 0 fallbacks
2026-09-22 03:15:05.841 INFO  sched: request 'chatcmpl-dca327405eb27850' retired (steps): 256 tok in 8.1 s — prefill 35 tok (28 cached) in 60 ms; decode 255 tok / 153 passes in 8.0 s: 31.8 tok/s, 31.5 ms/tok, 52 ms/pass, 1.67 tok/pass, accept p1 67 %
2026-09-22 03:15:05.954 INFO  rank 1: slot 3 closed: 154 sampled decode steps, 0 fallbacks
2026-09-22 03:15:05.954 INFO  sched: request 'chatcmpl-dca327405eb27853' retired (steps): 256 tok in 7.9 s — prefill 36 tok (28 cached) in 61 ms; decode 255 tok / 154 passes in 7.8 s: 32.5 tok/s, 30.7 ms/tok, 51 ms/pass, 1.66 tok/pass, accept p1 66 %
2026-09-22 03:15:06.038 INFO  sched: request 'chatcmpl-dca327405eb27854' admitted to slot 0 (reserve 5 blocks; pool 1732/4096 blocks in use) — first token 760
2026-09-22 03:15:06.127 INFO  sched: request 'chatcmpl-dca327405eb27855' admitted to slot 1 (reserve 5 blocks; pool 1704/4096 blocks in use) — first token 760
2026-09-22 03:15:06.232 INFO  sched: request 'chatcmpl-dca327405eb27856' admitted to slot 2 (reserve 5 blocks; pool 1614/4096 blocks in use) — first token 760
2026-09-22 03:15:06.339 INFO  sched: request 'chatcmpl-dca327405eb27857' admitted to slot 3 (reserve 5 blocks; pool 1619/4096 blocks in use) — first token 332
2026-09-22 03:15:13.735 INFO  rank 1: slot 3 closed: 143 sampled decode steps, 0 fallbacks
2026-09-22 03:15:13.736 INFO  sched: request 'chatcmpl-dca327405eb27857' retired (steps): 256 tok in 7.4 s — prefill 32 tok (24 cached) in 60 ms; decode 255 tok / 143 passes in 7.3 s: 34.8 tok/s, 28.8 ms/tok, 51 ms/pass, 1.78 tok/pass, accept p1 78 %
2026-09-22 03:15:13.875 INFO  rank 1: slot 2 closed: 147 sampled decode steps, 0 fallbacks
2026-09-22 03:15:13.875 INFO  sched: request 'chatcmpl-dca327405eb27856' retired (steps): 256 tok in 7.6 s — prefill 35 tok (28 cached) in 60 ms; decode 255 tok / 147 passes in 7.6 s: 33.6 tok/s, 29.7 ms/tok, 52 ms/pass, 1.73 tok/pass, accept p1 74 %
2026-09-22 03:15:13.911 INFO  rank 1: slot 1 closed: 149 sampled decode steps, 0 fallbacks
2026-09-22 03:15:13.911 INFO  sched: request 'chatcmpl-dca327405eb27855' retired (steps): 256 tok in 7.8 s — prefill 36 tok (28 cached) in 61 ms; decode 255 tok / 149 passes in 7.7 s: 33.0 tok/s, 30.3 ms/tok, 52 ms/pass, 1.71 tok/pass, accept p1 72 %
2026-09-22 03:15:13.997 INFO  rank 1: slot 0 closed: 153 sampled decode steps, 0 fallbacks
2026-09-22 03:15:13.998 INFO  sched: request 'chatcmpl-dca327405eb27854' retired (steps): 256 tok in 8.0 s — prefill 36 tok (28 cached) in 62 ms; decode 255 tok / 153 passes in 7.9 s: 32.3 tok/s, 31.0 ms/tok, 52 ms/pass, 1.67 tok/pass, accept p1 67 %
2026-09-22 03:15:14.236 INFO  sched: request 'chatcmpl-dca327405eb27858' prefix cache miss — 2 cut(s) probed against 26 entries; an entry at this prompt's cut 44 was evicted (72 eviction(s) ago, last used at tick 1841, now tick 7795; the arena holds 27 slots)
2026-09-22 03:15:14.236 INFO  sched: request 'chatcmpl-dca327405eb27858' admitted to slot 0 (reserve 5 blocks; pool 1111/4096 blocks in use) — first token 71093
2026-09-22 03:15:14.514 INFO  stats: rank 1 | 10.0 s | decode 121.2 tok/s, 7.7 ms/tok, 48.5 ms/step (193 steps / 1215 tok, 93 % of wall) | mtp 1.72 tok/step/req, accept p1 72 % | prefill 5 prompts / 82 tok, 8 tok/s, 5.74 ms/tok, 94 ms avg (5 % of wall), 108 tok cached (4/5 hits) | live 1, queued 0 | pool 1049/4096 blocks (26 %) | prefix cache 26/27 entries
2026-09-22 03:15:18.024 INFO  rank 1: slot 0 closed: 136 sampled decode steps, 0 fallbacks
2026-09-22 03:15:18.024 INFO  sched: request 'chatcmpl-dca327405eb27858' retired (steps): 256 tok in 3.8 s — prefill 51 tok (0 cached) in 227 ms; decode 255 tok / 136 passes in 3.6 s: 71.6 tok/s, 14.0 ms/tok, 26 ms/pass, 1.88 tok/pass, accept p1 88 %
2026-09-22 03:15:18.110 INFO  sched: request 'chatcmpl-dca327405eb27859' admitted to slot 0 (reserve 5 blocks; pool 1053/4096 blocks in use) — first token 71093
2026-09-22 03:15:21.738 INFO  rank 1: slot 0 closed: 131 sampled decode steps, 0 fallbacks
2026-09-22 03:15:21.738 INFO  sched: request 'chatcmpl-dca327405eb27859' retired (steps): 256 tok in 3.6 s — prefill 51 tok (44 cached) in 59 ms; decode 255 tok / 131 passes in 3.6 s: 71.4 tok/s, 14.0 ms/tok, 27 ms/pass, 1.95 tok/pass, accept p1 95 %
2026-09-22 03:15:21.824 INFO  sched: request 'chatcmpl-dca327405eb2785a' admitted to slot 0 (reserve 5 blocks; pool 610/4096 blocks in use) — first token 71093
2026-09-22 03:15:24.514 INFO  stats: rank 1 | 10.0 s | decode 66.9 tok/s, 14.5 ms/tok, 27.4 ms/step (354 steps / 669 tok, 97 % of wall) | mtp 1.89 tok/step/req, accept p1 89 % | prefill 2 prompts / 14 tok, 1 tok/s, 8.38 ms/tok, 59 ms avg (1 % of wall), 88 tok cached (2/2 hits) | live 1, queued 0 | pool 548/4096 blocks (13 %) | prefix cache 26/27 entries
2026-09-22 03:15:25.725 INFO  rank 1: slot 0 closed: 140 sampled decode steps, 0 fallbacks
2026-09-22 03:15:25.725 INFO  sched: request 'chatcmpl-dca327405eb2785a' retired (steps): 256 tok in 3.9 s — prefill 51 tok (44 cached) in 59 ms; decode 255 tok / 140 passes in 3.8 s: 66.4 tok/s, 15.1 ms/tok, 27 ms/pass, 1.82 tok/pass, accept p1 83 %
2026-09-22 03:15:25.966 INFO  sched: request 'chatcmpl-dca327405eb2785b' prefix cache miss — 2 cut(s) probed against 26 entries; an entry at this prompt's cut 40 was evicted (73 eviction(s) ago, last used at tick 2253, now tick 8215; the arena holds 27 slots)
2026-09-22 03:15:25.966 INFO  sched: request 'chatcmpl-dca327405eb2785b' admitted to slot 0 (reserve 5 blocks; pool 105/4096 blocks in use) — first token 71093
2026-09-22 03:15:26.155 INFO  sched: request 'chatcmpl-dca327405eb2785c' prefix cache miss — 1 cut(s) probed against 25 entries; an entry at this prompt's cut 24 was evicted (66 eviction(s) ago, last used at tick 2680, now tick 8216; the arena holds 27 slots)
2026-09-22 03:15:26.155 INFO  sched: request 'chatcmpl-dca327405eb2785c' admitted to slot 1 (reserve 5 blocks; pool 109/4096 blocks in use) — first token 71093
2026-09-22 03:15:26.404 INFO  sched: request 'chatcmpl-dca327405eb2785d' prefix cache miss — 2 cut(s) probed against 25 entries; an entry at this prompt's cut 36 was evicted (69 eviction(s) ago, last used at tick 2678, now tick 8217; the arena holds 27 slots)
2026-09-22 03:15:26.404 INFO  sched: request 'chatcmpl-dca327405eb2785d' admitted to slot 2 (reserve 5 blocks; pool 110/4096 blocks in use) — first token 71093
2026-09-22 03:15:26.672 INFO  sched: request 'chatcmpl-dca327405eb2785e' prefix cache miss — 2 cut(s) probed against 23 entries; an entry at this prompt's cut 44 was evicted (78 eviction(s) ago, last used at tick 2254, now tick 8218; the arena holds 27 slots)
2026-09-22 03:15:26.672 INFO  sched: request 'chatcmpl-dca327405eb2785e' admitted to slot 3 (reserve 5 blocks; pool 107/4096 blocks in use) — first token 71093
2026-09-22 03:15:33.583 INFO  rank 1: slot 3 closed: 132 sampled decode steps, 0 fallbacks
2026-09-22 03:15:33.583 INFO  sched: request 'chatcmpl-dca327405eb2785e' retired (steps): 256 tok in 6.9 s — prefill 51 tok (0 cached) in 227 ms; decode 255 tok / 132 passes in 6.7 s: 38.2 tok/s, 26.2 ms/tok, 51 ms/pass, 1.93 tok/pass, accept p1 93 %
2026-09-22 03:15:33.675 INFO  rank 1: slot 2 closed: 135 sampled decode steps, 0 fallbacks
2026-09-22 03:15:33.675 INFO  sched: request 'chatcmpl-dca327405eb2785d' retired (steps): 256 tok in 7.3 s — prefill 44 tok (0 cached) in 217 ms; decode 255 tok / 135 passes in 7.1 s: 36.1 tok/s, 27.7 ms/tok, 52 ms/pass, 1.89 tok/pass, accept p1 90 %
2026-09-22 03:15:33.746 INFO  rank 1: slot 0 closed: 139 sampled decode steps, 0 fallbacks
2026-09-22 03:15:33.747 INFO  sched: request 'chatcmpl-dca327405eb2785b' retired (steps): 256 tok in 7.8 s — prefill 47 tok (0 cached) in 225 ms; decode 255 tok / 139 passes in 7.6 s: 33.7 tok/s, 29.6 ms/tok, 54 ms/pass, 1.83 tok/pass, accept p1 83 %
2026-09-22 03:15:33.773 INFO  rank 1: slot 1 closed: 139 sampled decode steps, 0 fallbacks
2026-09-22 03:15:33.774 INFO  sched: request 'chatcmpl-dca327405eb2785c' retired (steps): 256 tok in 7.6 s — prefill 34 tok (0 cached) in 163 ms; decode 255 tok / 139 passes in 7.5 s: 34.2 tok/s, 29.2 ms/tok, 54 ms/pass, 1.83 tok/pass, accept p1 83 %
2026-09-22 03:15:33.856 INFO  sched: request 'chatcmpl-dca327405eb2785f' admitted to slot 0 (reserve 5 blocks; pool 104/4096 blocks in use) — first token 71093
2026-09-22 03:15:33.953 INFO  sched: request 'chatcmpl-dca327405eb27860' admitted to slot 1 (reserve 5 blocks; pool 105/4096 blocks in use) — first token 71093
2026-09-22 03:15:34.043 INFO  sched: request 'chatcmpl-dca327405eb27861' admitted to slot 2 (reserve 5 blocks; pool 110/4096 blocks in use) — first token 71093
2026-09-22 03:15:34.146 INFO  sched: request 'chatcmpl-dca327405eb27862' admitted to slot 3 (reserve 5 blocks; pool 107/4096 blocks in use) — first token 71093
2026-09-22 03:15:34.526 INFO  stats: rank 1 | 10.0 s | decode 117.9 tok/s, 7.4 ms/tok, 45.2 ms/step (194 steps / 1180 tok, 88 % of wall) | mtp 1.88 tok/step/req, accept p1 88 % | prefill 8 prompts / 208 tok, 21 tok/s, 5.19 ms/tok, 135 ms avg (11 % of wall), 144 tok cached (4/8 hits) | live 4, queued 0 | pool 102/4096 blocks (2 %) | prefix cache 23/27 entries
2026-09-22 03:15:41.164 INFO  rank 1: slot 1 closed: 137 sampled decode steps, 0 fallbacks
2026-09-22 03:15:41.165 INFO  sched: request 'chatcmpl-dca327405eb27860' retired (steps): 256 tok in 7.2 s — prefill 34 tok (24 cached) in 71 ms; decode 255 tok / 137 passes in 7.1 s: 35.7 tok/s, 28.0 ms/tok, 52 ms/pass, 1.86 tok/pass, accept p1 86 %
2026-09-22 03:15:41.165 INFO  rank 1: slot 3 closed: 135 sampled decode steps, 0 fallbacks
2026-09-22 03:15:41.165 INFO  sched: request 'chatcmpl-dca327405eb27862' retired (steps): 256 tok in 7.0 s — prefill 44 tok (36 cached) in 59 ms; decode 255 tok / 135 passes in 7.0 s: 36.6 tok/s, 27.3 ms/tok, 52 ms/pass, 1.89 tok/pass, accept p1 89 %
2026-09-22 03:15:41.165 INFO  rank 1: slot 0 closed: 138 sampled decode steps, 0 fallbacks
2026-09-22 03:15:41.166 INFO  sched: request 'chatcmpl-dca327405eb2785f' retired (steps): 256 tok in 7.3 s — prefill 47 tok (40 cached) in 60 ms; decode 255 tok / 138 passes in 7.2 s: 35.2 tok/s, 28.4 ms/tok, 53 ms/pass, 1.85 tok/pass, accept p1 85 %
2026-09-22 03:15:41.245 INFO  rank 1: slot 2 closed: 139 sampled decode steps, 0 fallbacks
2026-09-22 03:15:41.245 INFO  sched: request 'chatcmpl-dca327405eb27861' retired (steps): 256 tok in 7.2 s — prefill 51 tok (44 cached) in 58 ms; decode 255 tok / 139 passes in 7.1 s: 35.7 tok/s, 28.0 ms/tok, 51 ms/pass, 1.83 tok/pass, accept p1 84 %
2026-09-22 03:15:41.332 INFO  sched: request 'chatcmpl-dca327405eb27863' admitted to slot 0 (reserve 5 blocks; pool 104/4096 blocks in use) — first token 71093
2026-09-22 03:15:41.428 INFO  sched: request 'chatcmpl-dca327405eb27864' admitted to slot 1 (reserve 5 blocks; pool 105/4096 blocks in use) — first token 71093
2026-09-22 03:15:41.521 INFO  sched: request 'chatcmpl-dca327405eb27865' admitted to slot 2 (reserve 5 blocks; pool 110/4096 blocks in use) — first token 71093
2026-09-22 03:15:41.622 INFO  sched: request 'chatcmpl-dca327405eb27866' admitted to slot 3 (reserve 5 blocks; pool 107/4096 blocks in use) — first token 71093
2026-09-22 03:15:44.557 INFO  stats: rank 1 | 10.0 s | decode 138.0 tok/s, 7.0 ms/tok, 50.7 ms/step (190 steps / 1384 tok, 96 % of wall) | mtp 1.86 tok/step/req, accept p1 85 % | prefill 4 prompts / 32 tok, 3 tok/s, 7.72 ms/tok, 62 ms avg (2 % of wall), 144 tok cached (4/4 hits) | live 4, queued 0 | pool 107/4096 blocks (3 %) | prefix cache 23/27 entries
2026-09-22 03:15:48.729 INFO  rank 1: slot 2 closed: 136 sampled decode steps, 0 fallbacks
2026-09-22 03:15:48.729 INFO  sched: request 'chatcmpl-dca327405eb27865' retired (steps): 256 tok in 7.2 s — prefill 44 tok (36 cached) in 61 ms; decode 255 tok / 136 passes in 7.1 s: 35.7 tok/s, 28.0 ms/tok, 53 ms/pass, 1.88 tok/pass, accept p1 88 %
2026-09-22 03:15:48.729 INFO  rank 1: slot 0 closed: 138 sampled decode steps, 0 fallbacks
2026-09-22 03:15:48.729 INFO  sched: request 'chatcmpl-dca327405eb27863' retired (steps): 256 tok in 7.4 s — prefill 47 tok (40 cached) in 60 ms; decode 255 tok / 138 passes in 7.3 s: 34.8 tok/s, 28.8 ms/tok, 53 ms/pass, 1.85 tok/pass, accept p1 86 %
2026-09-22 03:15:48.793 INFO  rank 1: slot 1 closed: 138 sampled decode steps, 0 fallbacks
2026-09-22 03:15:48.793 INFO  sched: request 'chatcmpl-dca327405eb27864' retired (steps): 256 tok in 7.4 s — prefill 34 tok (24 cached) in 69 ms; decode 255 tok / 138 passes in 7.3 s: 35.0 tok/s, 28.6 ms/tok, 53 ms/pass, 1.85 tok/pass, accept p1 86 %
2026-09-22 03:15:48.874 INFO  rank 1: slot 3 closed: 139 sampled decode steps, 0 fallbacks
2026-09-22 03:15:48.875 INFO  sched: request 'chatcmpl-dca327405eb27866' retired (steps): 256 tok in 7.3 s — prefill 51 tok (44 cached) in 57 ms; decode 255 tok / 139 passes in 7.2 s: 35.4 tok/s, 28.2 ms/tok, 52 ms/pass, 1.83 tok/pass, accept p1 83 %
2026-09-22 03:15:49.158 INFO  sched: request 'chatcmpl-dca327405eb27867' prefix cache miss — 2 cut(s) probed against 26 entries; an entry at this prompt's cut 40 was evicted (77 eviction(s) ago, last used at tick 3089, now tick 8653; the arena holds 27 slots)
2026-09-22 03:15:49.158 INFO  sched: request 'chatcmpl-dca327405eb27867' admitted to slot 0 (reserve 5 blocks; pool 108/4096 blocks in use) — first token 58
2026-09-22 03:15:52.711 INFO  rank 1: slot 0 closed: 128 sampled decode steps, 0 fallbacks
2026-09-22 03:15:52.711 INFO  sched: request 'chatcmpl-dca327405eb27867' retired (steps): 256 tok in 3.6 s — prefill 48 tok (0 cached) in 251 ms; decode 255 tok / 128 passes in 3.3 s: 77.2 tok/s, 12.9 ms/tok, 26 ms/pass, 1.99 tok/pass, accept p1 99 %
2026-09-22 03:15:52.777 INFO  sched: request 'chatcmpl-dca327405eb27868' admitted to slot 0 (reserve 5 blocks; pool 112/4096 blocks in use) — first token 58
2026-09-22 03:15:54.565 INFO  stats: rank 1 | 10.0 s | decode 97.5 tok/s, 9.8 ms/tok, 34.6 ms/step (276 steps / 976 tok, 95 % of wall) | mtp 1.91 tok/step/req, accept p1 91 % | prefill 2 prompts / 56 tok, 6 tok/s, 5.56 ms/tok, 156 ms avg (3 % of wall), 40 tok cached (1/2 hits) | live 1, queued 0 | pool 112/4096 blocks (3 %) | prefix cache 26/27 entries
2026-09-22 03:15:56.269 INFO  rank 1: slot 0 closed: 128 sampled decode steps, 0 fallbacks
2026-09-22 03:15:56.270 INFO  sched: request 'chatcmpl-dca327405eb27868' retired (steps): 256 tok in 3.5 s — prefill 48 tok (40 cached) in 60 ms; decode 255 tok / 128 passes in 3.4 s: 74.3 tok/s, 13.5 ms/tok, 27 ms/pass, 1.99 tok/pass, accept p1 100 %
2026-09-22 03:15:56.336 INFO  sched: request 'chatcmpl-dca327405eb27869' admitted to slot 0 (reserve 5 blocks; pool 116/4096 blocks in use) — first token 58
2026-09-22 03:15:59.913 INFO  rank 1: slot 0 closed: 129 sampled decode steps, 0 fallbacks
2026-09-22 03:15:59.913 INFO  sched: request 'chatcmpl-dca327405eb27869' retired (steps): 256 tok in 3.6 s — prefill 48 tok (40 cached) in 61 ms; decode 255 tok / 129 passes in 3.5 s: 72.5 tok/s, 13.8 ms/tok, 27 ms/pass, 1.98 tok/pass, accept p1 98 %
2026-09-22 03:16:00.142 INFO  sched: request 'chatcmpl-dca327405eb2786a' prefix cache miss — 1 cut(s) probed against 26 entries; an entry at this prompt's cut 40 was evicted (78 eviction(s) ago, last used at tick 3488, now tick 9046; the arena holds 27 slots)
2026-09-22 03:16:00.142 INFO  sched: request 'chatcmpl-dca327405eb2786a' admitted to slot 0 (reserve 5 blocks; pool 112/4096 blocks in use) — first token 58
2026-09-22 03:16:00.396 INFO  sched: request 'chatcmpl-dca327405eb2786b' prefix cache miss — 2 cut(s) probed against 26 entries; an entry at this prompt's cut 40 was evicted (73 eviction(s) ago, last used at tick 3896, now tick 9047; the arena holds 27 slots)
2026-09-22 03:16:00.396 INFO  sched: request 'chatcmpl-dca327405eb2786b' admitted to slot 1 (reserve 5 blocks; pool 113/4096 blocks in use) — first token 58
2026-09-22 03:16:00.660 INFO  sched: request 'chatcmpl-dca327405eb2786c' prefix cache miss — 2 cut(s) probed against 24 entries; an entry at this prompt's cut 40 was evicted (81 eviction(s) ago, last used at tick 3489, now tick 9048; the arena holds 27 slots)
2026-09-22 03:16:00.660 INFO  sched: request 'chatcmpl-dca327405eb2786c' admitted to slot 2 (reserve 5 blocks; pool 106/4096 blocks in use) — first token 58
2026-09-22 03:16:00.925 INFO  sched: request 'chatcmpl-dca327405eb2786d' prefix cache miss — 2 cut(s) probed against 23 entries; an entry at this prompt's cut 28 was evicted (76 eviction(s) ago, last used at tick 3898, now tick 9049; the arena holds 27 slots)
2026-09-22 03:16:00.925 INFO  sched: request 'chatcmpl-dca327405eb2786d' admitted to slot 3 (reserve 5 blocks; pool 107/4096 blocks in use) — first token 58
2026-09-22 03:16:04.574 INFO  stats: rank 1 | 10.0 s | decode 95.9 tok/s, 9.3 ms/tok, 33.7 ms/step (265 steps / 960 tok, 89 % of wall) | mtp 2.00 tok/step/req, accept p1 99 % | prefill 5 prompts / 187 tok, 19 tok/s, 4.99 ms/tok, 187 ms avg (9 % of wall), 40 tok cached (1/5 hits) | live 4, queued 0 | pool 102/4096 blocks (2 %) | prefix cache 23/27 entries
2026-09-22 03:16:07.556 INFO  rank 1: slot 1 closed: 128 sampled decode steps, 0 fallbacks
2026-09-22 03:16:07.557 INFO  sched: request 'chatcmpl-dca327405eb2786b' retired (steps): 256 tok in 7.2 s — prefill 47 tok (0 cached) in 228 ms; decode 255 tok / 128 passes in 6.9 s: 36.8 tok/s, 27.2 ms/tok, 54 ms/pass, 1.99 tok/pass, accept p1 99 %
2026-09-22 03:16:07.557 INFO  rank 1: slot 0 closed: 129 sampled decode steps, 0 fallbacks
2026-09-22 03:16:07.558 INFO  sched: request 'chatcmpl-dca327405eb2786a' retired (steps): 256 tok in 7.4 s — prefill 49 tok (0 cached) in 197 ms; decode 255 tok / 129 passes in 7.2 s: 35.3 tok/s, 28.3 ms/tok, 56 ms/pass, 1.98 tok/pass, accept p1 98 %
2026-09-22 03:16:07.610 INFO  rank 1: slot 2 closed: 128 sampled decode steps, 0 fallbacks
2026-09-22 03:16:07.611 INFO  sched: request 'chatcmpl-dca327405eb2786c' retired (steps): 256 tok in 7.0 s — prefill 48 tok (0 cached) in 230 ms; decode 255 tok / 128 passes in 6.7 s: 37.9 tok/s, 26.4 ms/tok, 53 ms/pass, 1.99 tok/pass, accept p1 100 %
2026-09-22 03:16:07.639 INFO  rank 1: slot 3 closed: 128 sampled decode steps, 0 fallbacks
2026-09-22 03:16:07.639 INFO  sched: request 'chatcmpl-dca327405eb2786d' retired (steps): 256 tok in 6.7 s — prefill 35 tok (0 cached) in 218 ms; decode 255 tok / 128 passes in 6.5 s: 39.3 tok/s, 25.5 ms/tok, 51 ms/pass, 1.99 tok/pass, accept p1 100 %
2026-09-22 03:16:07.735 INFO  sched: request 'chatcmpl-dca327405eb2786e' admitted to slot 0 (reserve 5 blocks; pool 104/4096 blocks in use) — first token 58
2026-09-22 03:16:07.818 INFO  sched: request 'chatcmpl-dca327405eb2786f' admitted to slot 1 (reserve 5 blocks; pool 109/4096 blocks in use) — first token 58
2026-09-22 03:16:07.925 INFO  sched: request 'chatcmpl-dca327405eb27870' admitted to slot 2 (reserve 5 blocks; pool 106/4096 blocks in use) — first token 58
2026-09-22 03:16:08.029 INFO  sched: request 'chatcmpl-dca327405eb27871' admitted to slot 3 (reserve 5 blocks; pool 107/4096 blocks in use) — first token 58
2026-09-22 03:16:14.598 INFO  stats: rank 1 | 10.0 s | decode 145.2 tok/s, 6.6 ms/tok, 52.1 ms/step (185 steps / 1455 tok, 96 % of wall) | mtp 2.00 tok/step/req, accept p1 99 % | prefill 4 prompts / 31 tok, 3 tok/s, 8.30 ms/tok, 64 ms avg (3 % of wall), 148 tok cached (4/4 hits) | live 4, queued 0 | pool 103/4096 blocks (3 %) | prefix cache 23/27 entries
2026-09-22 03:16:14.651 INFO  rank 1: slot 1 closed: 128 sampled decode steps, 0 fallbacks
2026-09-22 03:16:14.652 INFO  sched: request 'chatcmpl-dca327405eb2786f' retired (steps): 256 tok in 6.8 s — prefill 35 tok (28 cached) in 58 ms; decode 255 tok / 128 passes in 6.8 s: 37.6 tok/s, 26.6 ms/tok, 53 ms/pass, 1.99 tok/pass, accept p1 100 %
2026-09-22 03:16:14.741 INFO  rank 1: slot 2 closed: 128 sampled decode steps, 0 fallbacks
2026-09-22 03:16:14.742 INFO  sched: request 'chatcmpl-dca327405eb27870' retired (steps): 256 tok in 6.8 s — prefill 47 tok (40 cached) in 72 ms; decode 255 tok / 128 passes in 6.7 s: 37.8 tok/s, 26.5 ms/tok, 53 ms/pass, 1.99 tok/pass, accept p1 100 %
2026-09-22 03:16:14.742 INFO  rank 1: slot 0 closed: 130 sampled decode steps, 0 fallbacks
2026-09-22 03:16:14.742 INFO  sched: request 'chatcmpl-dca327405eb2786e' retired (steps): 256 tok in 7.0 s — prefill 49 tok (40 cached) in 68 ms; decode 255 tok / 130 passes in 6.9 s: 36.7 tok/s, 27.2 ms/tok, 53 ms/pass, 1.96 tok/pass, accept p1 97 %
2026-09-22 03:16:14.770 INFO  rank 1: slot 3 closed: 128 sampled decode steps, 0 fallbacks
2026-09-22 03:16:14.771 INFO  sched: request 'chatcmpl-dca327405eb27871' retired (steps): 256 tok in 6.7 s — prefill 48 tok (40 cached) in 59 ms; decode 255 tok / 128 passes in 6.7 s: 38.2 tok/s, 26.2 ms/tok, 52 ms/pass, 1.99 tok/pass, accept p1 100 %
2026-09-22 03:16:14.849 INFO  sched: request 'chatcmpl-dca327405eb27872' admitted to slot 0 (reserve 5 blocks; pool 99/4096 blocks in use) — first token 58
2026-09-22 03:16:14.934 INFO  sched: request 'chatcmpl-dca327405eb27873' admitted to slot 1 (reserve 5 blocks; pool 104/4096 blocks in use) — first token 58
2026-09-22 03:16:15.026 INFO  sched: request 'chatcmpl-dca327405eb27874' admitted to slot 2 (reserve 5 blocks; pool 106/4096 blocks in use) — first token 71093
2026-09-22 03:16:15.136 INFO  sched: request 'chatcmpl-dca327405eb27875' admitted to slot 3 (reserve 5 blocks; pool 107/4096 blocks in use) — first token 58
2026-09-22 03:16:21.648 INFO  rank 1: slot 1 closed: 128 sampled decode steps, 0 fallbacks
2026-09-22 03:16:21.649 INFO  sched: request 'chatcmpl-dca327405eb27873' retired (steps): 256 tok in 6.7 s — prefill 47 tok (40 cached) in 59 ms; decode 255 tok / 128 passes in 6.7 s: 38.3 tok/s, 26.1 ms/tok, 52 ms/pass, 1.99 tok/pass, accept p1 99 %
2026-09-22 03:16:21.710 INFO  rank 1: slot 2 closed: 128 sampled decode steps, 0 fallbacks
2026-09-22 03:16:21.711 INFO  sched: request 'chatcmpl-dca327405eb27874' retired (steps): 256 tok in 6.7 s — prefill 35 tok (28 cached) in 59 ms; decode 255 tok / 128 passes in 6.6 s: 38.5 tok/s, 26.0 ms/tok, 52 ms/pass, 1.99 tok/pass, accept p1 100 %
2026-09-22 03:16:21.711 INFO  rank 1: slot 0 closed: 130 sampled decode steps, 0 fallbacks
2026-09-22 03:16:21.711 INFO  sched: request 'chatcmpl-dca327405eb27872' retired (steps): 256 tok in 6.9 s — prefill 49 tok (40 cached) in 67 ms; decode 255 tok / 130 passes in 6.8 s: 37.5 tok/s, 26.6 ms/tok, 52 ms/pass, 1.96 tok/pass, accept p1 97 %
2026-09-22 03:16:21.739 INFO  rank 1: slot 3 closed: 128 sampled decode steps, 0 fallbacks
2026-09-22 03:16:21.739 INFO  sched: request 'chatcmpl-dca327405eb27875' retired (steps): 256 tok in 6.6 s — prefill 48 tok (40 cached) in 58 ms; decode 255 tok / 128 passes in 6.5 s: 39.0 tok/s, 25.7 ms/tok, 51 ms/pass, 1.99 tok/pass, accept p1 100 %
2026-09-22 03:16:22.004 INFO  sched: request 'chatcmpl-dca327405eb27876' prefix cache miss — 1 cut(s) probed against 26 entries; an entry at this prompt's cut 64 was evicted (80 eviction(s) ago, last used at tick 4306, now tick 9452; the arena holds 27 slots)
2026-09-22 03:16:22.004 INFO  sched: request 'chatcmpl-dca327405eb27876' admitted to slot 0 (reserve 6 blocks; pool 100/4096 blocks in use) — first token 8160
2026-09-22 03:16:24.621 INFO  stats: rank 1 | 10.0 s | decode 120.6 tok/s, 7.8 ms/tok, 41.4 ms/step (228 steps / 1209 tok, 94 % of wall) | mtp 1.96 tok/step/req, accept p1 97 % | prefill 5 prompts / 104 tok, 10 tok/s, 4.59 ms/tok, 95 ms avg (5 % of wall), 148 tok cached (4/5 hits) | live 1, queued 0 | pool 100/4096 blocks (2 %) | prefix cache 26/27 entries
2026-09-22 03:16:25.802 INFO  rank 1: slot 0 closed: 136 sampled decode steps, 0 fallbacks
2026-09-22 03:16:25.804 INFO  sched: request 'chatcmpl-dca327405eb27876' retired (steps): 256 tok in 3.8 s — prefill 73 tok (0 cached) in 234 ms; decode 255 tok / 136 passes in 3.6 s: 71.5 tok/s, 14.0 ms/tok, 26 ms/pass, 1.88 tok/pass, accept p1 88 %
2026-09-22 03:16:25.899 INFO  sched: request 'chatcmpl-dca327405eb27877' admitted to slot 0 (reserve 6 blocks; pool 104/4096 blocks in use) — first token 8160
2026-09-22 03:16:29.685 INFO  rank 1: slot 0 closed: 136 sampled decode steps, 0 fallbacks
2026-09-22 03:16:29.686 INFO  sched: request 'chatcmpl-dca327405eb27877' retired (steps): 256 tok in 3.8 s — prefill 73 tok (64 cached) in 69 ms; decode 255 tok / 136 passes in 3.7 s: 68.6 tok/s, 14.6 ms/tok, 27 ms/pass, 1.88 tok/pass, accept p1 88 %
2026-09-22 03:16:29.783 INFO  sched: request 'chatcmpl-dca327405eb27878' admitted to slot 0 (reserve 6 blocks; pool 108/4096 blocks in use) — first token 8160
2026-09-22 03:16:33.447 INFO  rank 1: slot 0 closed: 136 sampled decode steps, 0 fallbacks
2026-09-22 03:16:33.448 INFO  sched: request 'chatcmpl-dca327405eb27878' retired (steps): 256 tok in 3.7 s — prefill 73 tok (64 cached) in 69 ms; decode 255 tok / 136 passes in 3.6 s: 70.9 tok/s, 14.1 ms/tok, 26 ms/pass, 1.88 tok/pass, accept p1 88 %
2026-09-22 03:16:33.686 INFO  sched: request 'chatcmpl-dca327405eb27879' prefix cache miss — 1 cut(s) probed against 26 entries; an entry at this prompt's cut 44 was evicted (80 eviction(s) ago, last used at tick 4720, now tick 9875; the arena holds 27 slots)
2026-09-22 03:16:33.686 INFO  sched: request 'chatcmpl-dca327405eb27879' admitted to slot 0 (reserve 5 blocks; pool 112/4096 blocks in use) — first token 8160
2026-09-22 03:16:33.968 INFO  sched: request 'chatcmpl-dca327405eb2787a' prefix cache miss — 2 cut(s) probed against 26 entries; an entry at this prompt's cut 56 was evicted (82 eviction(s) ago, last used at tick 4719, now tick 9876; the arena holds 27 slots)
2026-09-22 03:16:33.968 INFO  sched: request 'chatcmpl-dca327405eb2787a' admitted to slot 1 (reserve 5 blocks; pool 113/4096 blocks in use) — first token 13962
2026-09-22 03:16:34.211 INFO  sched: request 'chatcmpl-dca327405eb2787b' prefix cache miss — 1 cut(s) probed against 24 entries; an entry at this prompt's cut 44 was evicted (79 eviction(s) ago, last used at tick 5142, now tick 9877; the arena holds 27 slots)
2026-09-22 03:16:34.211 INFO  sched: request 'chatcmpl-dca327405eb2787b' admitted to slot 2 (reserve 5 blocks; pool 105/4096 blocks in use) — first token 8160
2026-09-22 03:16:34.461 INFO  sched: request 'chatcmpl-dca327405eb2787c' prefix cache miss — 2 cut(s) probed against 24 entries; an entry at this prompt's cut 32 was evicted (77 eviction(s) ago, last used at tick 5145, now tick 9878; the arena holds 27 slots)
2026-09-22 03:16:34.461 INFO  sched: request 'chatcmpl-dca327405eb2787c' admitted to slot 3 (reserve 5 blocks; pool 106/4096 blocks in use) — first token 1206
2026-09-22 03:16:34.673 INFO  stats: rank 1 | 10.1 s | decode 63.9 tok/s, 13.9 ms/tok, 27.7 ms/step (321 steps / 642 tok, 89 % of wall) | mtp 1.91 tok/step/req, accept p1 90 % | prefill 6 prompts / 229 tok, 23 tok/s, 4.47 ms/tok, 171 ms avg (10 % of wall), 128 tok cached (2/6 hits) | live 4, queued 0 | pool 102/4096 blocks (2 %) | prefix cache 23/27 entries
2026-09-22 03:16:41.198 INFO  rank 1: slot 0 closed: 129 sampled decode steps, 0 fallbacks
2026-09-22 03:16:41.199 INFO  sched: request 'chatcmpl-dca327405eb27879' retired (steps): 256 tok in 7.5 s — prefill 54 tok (0 cached) in 211 ms; decode 255 tok / 129 passes in 7.3 s: 34.9 tok/s, 28.6 ms/tok, 57 ms/pass, 1.98 tok/pass, accept p1 98 %
2026-09-22 03:16:41.507 INFO  rank 1: slot 1 closed: 134 sampled decode steps, 0 fallbacks
2026-09-22 03:16:41.508 INFO  sched: request 'chatcmpl-dca327405eb2787a' retired (steps): 256 tok in 7.5 s — prefill 64 tok (0 cached) in 257 ms; decode 255 tok / 134 passes in 7.3 s: 35.0 tok/s, 28.6 ms/tok, 54 ms/pass, 1.90 tok/pass, accept p1 90 %
2026-09-22 03:16:41.558 INFO  rank 1: slot 2 closed: 134 sampled decode steps, 0 fallbacks
2026-09-22 03:16:41.559 INFO  sched: request 'chatcmpl-dca327405eb2787b' retired (steps): 256 tok in 7.3 s — prefill 54 tok (0 cached) in 209 ms; decode 255 tok / 134 passes in 7.1 s: 35.7 tok/s, 28.0 ms/tok, 53 ms/pass, 1.90 tok/pass, accept p1 90 %
2026-09-22 03:16:41.559 INFO  rank 1: slot 3 closed: 133 sampled decode steps, 0 fallbacks
2026-09-22 03:16:41.560 INFO  sched: request 'chatcmpl-dca327405eb2787c' retired (steps): 256 tok in 7.1 s — prefill 39 tok (0 cached) in 208 ms; decode 255 tok / 133 passes in 6.9 s: 37.0 tok/s, 27.0 ms/tok, 52 ms/pass, 1.92 tok/pass, accept p1 92 %
2026-09-22 03:16:41.653 INFO  sched: request 'chatcmpl-dca327405eb2787d' admitted to slot 0 (reserve 5 blocks; pool 104/4096 blocks in use) — first token 13962
2026-09-22 03:16:41.750 INFO  sched: request 'chatcmpl-dca327405eb2787e' admitted to slot 1 (reserve 5 blocks; pool 104/4096 blocks in use) — first token 8160
2026-09-22 03:16:41.864 INFO  sched: request 'chatcmpl-dca327405eb2787f' admitted to slot 2 (reserve 5 blocks; pool 109/4096 blocks in use) — first token 8160
2026-09-22 03:16:41.966 INFO  sched: request 'chatcmpl-dca327405eb27880' admitted to slot 3 (reserve 5 blocks; pool 111/4096 blocks in use) — first token 13962
2026-09-22 03:16:44.696 INFO  stats: rank 1 | 10.0 s | decode 137.5 tok/s, 7.0 ms/tok, 52.8 ms/step (183 steps / 1378 tok, 96 % of wall) | mtp 1.92 tok/step/req, accept p1 91 % | prefill 4 prompts / 35 tok, 3 tok/s, 7.42 ms/tok, 65 ms avg (3 % of wall), 176 tok cached (4/4 hits) | live 4, queued 0 | pool 103/4096 blocks (3 %) | prefix cache 23/27 entries
2026-09-22 03:16:48.933 INFO  rank 1: slot 0 closed: 132 sampled decode steps, 0 fallbacks
2026-09-22 03:16:48.935 INFO  sched: request 'chatcmpl-dca327405eb2787d' retired (steps): 256 tok in 7.3 s — prefill 64 tok (56 cached) in 62 ms; decode 255 tok / 132 passes in 7.2 s: 35.3 tok/s, 28.3 ms/tok, 55 ms/pass, 1.93 tok/pass, accept p1 93 %
2026-09-22 03:16:48.986 INFO  rank 1: slot 1 closed: 132 sampled decode steps, 0 fallbacks
2026-09-22 03:16:48.988 INFO  sched: request 'chatcmpl-dca327405eb2787e' retired (steps): 256 tok in 7.2 s — prefill 54 tok (44 cached) in 70 ms; decode 255 tok / 132 passes in 7.2 s: 35.6 tok/s, 28.1 ms/tok, 54 ms/pass, 1.93 tok/pass, accept p1 93 %
2026-09-22 03:16:49.174 INFO  rank 1: slot 2 closed: 135 sampled decode steps, 0 fallbacks
2026-09-22 03:16:49.175 INFO  sched: request 'chatcmpl-dca327405eb2787f' retired (steps): 256 tok in 7.3 s — prefill 54 tok (44 cached) in 70 ms; decode 255 tok / 135 passes in 7.2 s: 35.2 tok/s, 28.4 ms/tok, 54 ms/pass, 1.89 tok/pass, accept p1 89 %
2026-09-22 03:16:49.229 INFO  rank 1: slot 3 closed: 136 sampled decode steps, 0 fallbacks
2026-09-22 03:16:49.230 INFO  sched: request 'chatcmpl-dca327405eb27880' retired (steps): 256 tok in 7.3 s — prefill 39 tok (32 cached) in 57 ms; decode 255 tok / 136 passes in 7.2 s: 35.4 tok/s, 28.3 ms/tok, 53 ms/pass, 1.88 tok/pass, accept p1 88 %
2026-09-22 03:16:49.301 INFO  sched: request 'chatcmpl-dca327405eb27881' admitted to slot 0 (reserve 5 blocks; pool 104/4096 blocks in use) — first token 13962
2026-09-22 03:16:49.386 INFO  sched: request 'chatcmpl-dca327405eb27882' admitted to slot 1 (reserve 5 blocks; pool 104/4096 blocks in use) — first token 8160
2026-09-22 03:16:49.488 INFO  sched: request 'chatcmpl-dca327405eb27883' admitted to slot 2 (reserve 5 blocks; pool 105/4096 blocks in use) — first token 8160
2026-09-22 03:16:49.601 INFO  sched: request 'chatcmpl-dca327405eb27884' admitted to slot 3 (reserve 5 blocks; pool 111/4096 blocks in use) — first token 8160
2026-09-22 03:16:54.728 INFO  stats: rank 1 | 10.0 s | decode 137.0 tok/s, 7.0 ms/tok, 52.4 ms/step (185 steps / 1374 tok, 97 % of wall) | mtp 1.91 tok/step/req, accept p1 91 % | prefill 4 prompts / 35 tok, 3 tok/s, 7.39 ms/tok, 65 ms avg (3 % of wall), 176 tok cached (4/4 hits) | live 4, queued 0 | pool 103/4096 blocks (3 %) | prefix cache 23/27 entries
2026-09-22 03:16:56.422 INFO  rank 1: slot 2 closed: 129 sampled decode steps, 0 fallbacks
2026-09-22 03:16:56.423 INFO  sched: request 'chatcmpl-dca327405eb27883' retired (steps): 256 tok in 6.9 s — prefill 54 tok (44 cached) in 69 ms; decode 255 tok / 129 passes in 6.9 s: 37.1 tok/s, 26.9 ms/tok, 53 ms/pass, 1.98 tok/pass, accept p1 98 %
2026-09-22 03:16:56.582 INFO  rank 1: slot 0 closed: 134 sampled decode steps, 0 fallbacks
2026-09-22 03:16:56.582 INFO  sched: request 'chatcmpl-dca327405eb27881' retired (steps): 256 tok in 7.3 s — prefill 64 tok (56 cached) in 61 ms; decode 255 tok / 134 passes in 7.2 s: 35.3 tok/s, 28.3 ms/tok, 54 ms/pass, 1.90 tok/pass, accept p1 90 %
2026-09-22 03:16:56.680 INFO  rank 1: slot 1 closed: 135 sampled decode steps, 0 fallbacks
2026-09-22 03:16:56.680 INFO  sched: request 'chatcmpl-dca327405eb27882' retired (steps): 256 tok in 7.3 s — prefill 39 tok (32 cached) in 58 ms; decode 255 tok / 135 passes in 7.2 s: 35.2 tok/s, 28.4 ms/tok, 54 ms/pass, 1.89 tok/pass, accept p1 89 %
2026-09-22 03:16:56.760 INFO  rank 1: slot 3 closed: 136 sampled decode steps, 0 fallbacks
2026-09-22 03:16:56.761 INFO  sched: request 'chatcmpl-dca327405eb27884' retired (steps): 256 tok in 7.2 s — prefill 54 tok (44 cached) in 70 ms; decode 255 tok / 136 passes in 7.1 s: 36.0 tok/s, 27.8 ms/tok, 52 ms/pass, 1.88 tok/pass, accept p1 88 %
2026-09-22 03:16:57.030 INFO  sched: request 'chatcmpl-dca327405eb27885' prefix cache miss — 2 cut(s) probed against 26 entries; an entry at this prompt's cut 32 was evicted (86 eviction(s) ago, last used at tick 5603, now tick 10306; the arena holds 27 slots)
2026-09-22 03:16:57.030 INFO  sched: request 'chatcmpl-dca327405eb27885' admitted to slot 0 (reserve 5 blocks; pool 104/4096 blocks in use) — first token 77517
2026-09-22 03:17:01.280 INFO  rank 1: slot 0 closed: 152 sampled decode steps, 0 fallbacks
2026-09-22 03:17:01.280 INFO  sched: request 'chatcmpl-dca327405eb27885' retired (steps): 256 tok in 4.3 s — prefill 40 tok (0 cached) in 221 ms; decode 255 tok / 152 passes in 4.0 s: 63.3 tok/s, 15.8 ms/tok, 27 ms/pass, 1.68 tok/pass, accept p1 68 %
2026-09-22 03:17:01.364 INFO  sched: request 'chatcmpl-dca327405eb27886' admitted to slot 0 (reserve 5 blocks; pool 108/4096 blocks in use) — first token 77517
2026-09-22 03:17:04.745 INFO  stats: rank 1 | 10.0 s | decode 73.9 tok/s, 13.0 ms/tok, 30.7 ms/step (313 steps / 740 tok, 96 % of wall) | mtp 1.79 tok/step/req, accept p1 79 % | prefill 2 prompts / 48 tok, 5 tok/s, 5.90 ms/tok, 142 ms avg (3 % of wall), 32 tok cached (1/2 hits) | live 1, queued 0 | pool 108/4096 blocks (3 %) | prefix cache 26/27 entries
2026-09-22 03:17:05.497 INFO  rank 1: slot 0 closed: 149 sampled decode steps, 0 fallbacks
2026-09-22 03:17:05.497 INFO  sched: request 'chatcmpl-dca327405eb27886' retired (steps): 256 tok in 4.1 s — prefill 40 tok (32 cached) in 62 ms; decode 255 tok / 149 passes in 4.1 s: 62.6 tok/s, 16.0 ms/tok, 27 ms/pass, 1.71 tok/pass, accept p1 71 %
2026-09-22 03:17:05.575 INFO  sched: request 'chatcmpl-dca327405eb27887' admitted to slot 0 (reserve 5 blocks; pool 112/4096 blocks in use) — first token 77517
2026-09-22 03:17:09.703 INFO  rank 1: slot 0 closed: 147 sampled decode steps, 0 fallbacks
2026-09-22 03:17:09.703 INFO  sched: request 'chatcmpl-dca327405eb27887' retired (steps): 256 tok in 4.1 s — prefill 40 tok (32 cached) in 61 ms; decode 255 tok / 147 passes in 4.1 s: 62.7 tok/s, 15.9 ms/tok, 28 ms/pass, 1.73 tok/pass, accept p1 73 %
2026-09-22 03:17:09.935 INFO  sched: request 'chatcmpl-dca327405eb27888' prefix cache miss — 1 cut(s) probed against 26 entries; an entry at this prompt's cut 32 was evicted (87 eviction(s) ago, last used at tick 6071, now tick 10769; the arena holds 27 slots)
2026-09-22 03:17:09.935 INFO  sched: request 'chatcmpl-dca327405eb27888' admitted to slot 0 (reserve 5 blocks; pool 112/4096 blocks in use) — first token 32
2026-09-22 03:17:10.160 INFO  sched: request 'chatcmpl-dca327405eb27889' prefix cache miss — 2 cut(s) probed against 26 entries; an entry at this prompt's cut 24 was evicted (81 eviction(s) ago, last used at tick 6553, now tick 10770; the arena holds 27 slots)
2026-09-22 03:17:10.160 INFO  sched: request 'chatcmpl-dca327405eb27889' admitted to slot 1 (reserve 5 blocks; pool 113/4096 blocks in use) — first token 13923
2026-09-22 03:17:10.415 INFO  sched: request 'chatcmpl-dca327405eb2788a' prefix cache miss — 2 cut(s) probed against 24 entries; an entry at this prompt's cut 32 was evicted (85 eviction(s) ago, last used at tick 6552, now tick 10771; the arena holds 27 slots)
2026-09-22 03:17:10.415 INFO  sched: request 'chatcmpl-dca327405eb2788a' admitted to slot 2 (reserve 5 blocks; pool 106/4096 blocks in use) — first token 760
2026-09-22 03:17:10.686 INFO  sched: request 'chatcmpl-dca327405eb2788b' prefix cache miss — 2 cut(s) probed against 23 entries; an entry at this prompt's cut 32 was evicted (92 eviction(s) ago, last used at tick 6072, now tick 10772; the arena holds 27 slots)
2026-09-22 03:17:10.686 INFO  sched: request 'chatcmpl-dca327405eb2788b' admitted to slot 3 (reserve 5 blocks; pool 107/4096 blocks in use) — first token 24531
2026-09-22 03:17:14.788 INFO  stats: rank 1 | 10.0 s | decode 86.2 tok/s, 10.4 ms/tok, 35.3 ms/step (256 steps / 866 tok, 90 % of wall) | mtp 1.75 tok/step/req, accept p1 74 % | prefill 5 prompts / 160 tok, 16 tok/s, 5.54 ms/tok, 177 ms avg (9 % of wall), 32 tok cached (1/5 hits) | live 4, queued 0 | pool 103/4096 blocks (3 %) | prefix cache 23/27 entries
2026-09-22 03:17:18.195 INFO  rank 1: slot 1 closed: 146 sampled decode steps, 0 fallbacks
2026-09-22 03:17:18.197 INFO  sched: request 'chatcmpl-dca327405eb27889' retired (steps): 256 tok in 8.0 s — prefill 31 tok (0 cached) in 198 ms; decode 255 tok / 146 passes in 7.8 s: 32.5 tok/s, 30.7 ms/tok, 54 ms/pass, 1.75 tok/pass, accept p1 75 %
2026-09-22 03:17:18.248 INFO  rank 1: slot 2 closed: 146 sampled decode steps, 0 fallbacks
2026-09-22 03:17:18.248 INFO  sched: request 'chatcmpl-dca327405eb2788a' retired (steps): 256 tok in 7.8 s — prefill 40 tok (0 cached) in 221 ms; decode 255 tok / 146 passes in 7.6 s: 33.5 tok/s, 29.9 ms/tok, 52 ms/pass, 1.75 tok/pass, accept p1 75 %
2026-09-22 03:17:18.249 INFO  rank 1: slot 0 closed: 148 sampled decode steps, 0 fallbacks
2026-09-22 03:17:18.250 INFO  sched: request 'chatcmpl-dca327405eb27888' retired (steps): 256 tok in 8.3 s — prefill 41 tok (0 cached) in 190 ms; decode 255 tok / 148 passes in 8.1 s: 31.4 tok/s, 31.9 ms/tok, 55 ms/pass, 1.72 tok/pass, accept p1 72 %
2026-09-22 03:17:18.335 INFO  rank 1: slot 3 closed: 148 sampled decode steps, 0 fallbacks
2026-09-22 03:17:18.335 INFO  sched: request 'chatcmpl-dca327405eb2788b' retired (steps): 256 tok in 7.6 s — prefill 40 tok (0 cached) in 215 ms; decode 255 tok / 148 passes in 7.4 s: 34.3 tok/s, 29.2 ms/tok, 50 ms/pass, 1.72 tok/pass, accept p1 73 %
2026-09-22 03:17:18.427 INFO  sched: request 'chatcmpl-dca327405eb2788c' admitted to slot 0 (reserve 5 blocks; pool 104/4096 blocks in use) — first token 32
2026-09-22 03:17:18.512 INFO  sched: request 'chatcmpl-dca327405eb2788d' admitted to slot 1 (reserve 5 blocks; pool 109/4096 blocks in use) — first token 13923
2026-09-22 03:17:18.607 INFO  sched: request 'chatcmpl-dca327405eb2788e' admitted to slot 2 (reserve 5 blocks; pool 105/4096 blocks in use) — first token 19
2026-09-22 03:17:18.722 INFO  sched: request 'chatcmpl-dca327405eb2788f' admitted to slot 3 (reserve 5 blocks; pool 107/4096 blocks in use) — first token 623
2026-09-22 03:17:24.796 INFO  stats: rank 1 | 10.0 s | decode 127.2 tok/s, 7.6 ms/tok, 51.1 ms/step (189 steps / 1273 tok, 96 % of wall) | mtp 1.72 tok/step/req, accept p1 72 % | prefill 4 prompts / 32 tok, 3 tok/s, 7.82 ms/tok, 63 ms avg (3 % of wall), 120 tok cached (4/4 hits) | live 4, queued 0 | pool 103/4096 blocks (3 %) | prefix cache 23/27 entries
2026-09-22 03:17:26.150 INFO  rank 1: slot 0 closed: 146 sampled decode steps, 0 fallbacks
2026-09-22 03:17:26.151 INFO  sched: request 'chatcmpl-dca327405eb2788c' retired (steps): 256 tok in 7.7 s — prefill 41 tok (32 cached) in 70 ms; decode 255 tok / 146 passes in 7.7 s: 33.3 tok/s, 30.0 ms/tok, 52 ms/pass, 1.75 tok/pass, accept p1 75 %
2026-09-22 03:17:26.353 INFO  rank 1: slot 1 closed: 149 sampled decode steps, 0 fallbacks
2026-09-22 03:17:26.353 INFO  sched: request 'chatcmpl-dca327405eb2788d' retired (steps): 256 tok in 7.8 s — prefill 31 tok (24 cached) in 57 ms; decode 255 tok / 149 passes in 7.8 s: 32.8 tok/s, 30.5 ms/tok, 52 ms/pass, 1.71 tok/pass, accept p1 71 %
2026-09-22 03:17:26.493 INFO  rank 1: slot 3 closed: 150 sampled decode steps, 0 fallbacks
2026-09-22 03:17:26.493 INFO  sched: request 'chatcmpl-dca327405eb2788f' retired (steps): 256 tok in 7.8 s — prefill 40 tok (32 cached) in 60 ms; decode 255 tok / 150 passes in 7.7 s: 33.1 tok/s, 30.2 ms/tok, 51 ms/pass, 1.70 tok/pass, accept p1 70 %
2026-09-22 03:17:26.546 INFO  rank 1: slot 2 closed: 153 sampled decode steps, 0 fallbacks
2026-09-22 03:17:26.547 INFO  sched: request 'chatcmpl-dca327405eb2788e' retired (steps): 256 tok in 7.9 s — prefill 40 tok (32 cached) in 63 ms; decode 255 tok / 153 passes in 7.9 s: 32.4 tok/s, 30.9 ms/tok, 51 ms/pass, 1.67 tok/pass, accept p1 67 %
2026-09-22 03:17:26.620 INFO  sched: request 'chatcmpl-dca327405eb27890' admitted to slot 0 (reserve 5 blocks; pool 104/4096 blocks in use) — first token 32
2026-09-22 03:17:26.717 INFO  sched: request 'chatcmpl-dca327405eb27891' admitted to slot 1 (reserve 5 blocks; pool 109/4096 blocks in use) — first token 623
2026-09-22 03:17:26.811 INFO  sched: request 'chatcmpl-dca327405eb27892' admitted to slot 2 (reserve 5 blocks; pool 110/4096 blocks in use) — first token 13923
2026-09-22 03:17:26.924 INFO  sched: request 'chatcmpl-dca327405eb27893' admitted to slot 3 (reserve 5 blocks; pool 106/4096 blocks in use) — first token 623
2026-09-22 03:17:34.276 INFO  rank 1: slot 2 closed: 142 sampled decode steps, 0 fallbacks
2026-09-22 03:17:34.276 INFO  sched: request 'chatcmpl-dca327405eb27892' retired (steps): 256 tok in 7.5 s — prefill 31 tok (24 cached) in 59 ms; decode 255 tok / 142 passes in 7.4 s: 34.4 tok/s, 29.0 ms/tok, 52 ms/pass, 1.80 tok/pass, accept p1 80 %
2026-09-22 03:17:34.575 INFO  rank 1: slot 1 closed: 149 sampled decode steps, 0 fallbacks
2026-09-22 03:17:34.576 INFO  sched: request 'chatcmpl-dca327405eb27891' retired (steps): 256 tok in 7.9 s — prefill 40 tok (32 cached) in 60 ms; decode 255 tok / 149 passes in 7.8 s: 32.7 tok/s, 30.6 ms/tok, 52 ms/pass, 1.71 tok/pass, accept p1 72 %
2026-09-22 03:17:34.672 INFO  rank 1: slot 3 closed: 149 sampled decode steps, 0 fallbacks
2026-09-22 03:17:34.672 INFO  sched: request 'chatcmpl-dca327405eb27893' retired (steps): 256 tok in 7.7 s — prefill 40 tok (32 cached) in 60 ms; decode 255 tok / 149 passes in 7.7 s: 33.2 tok/s, 30.2 ms/tok, 52 ms/pass, 1.71 tok/pass, accept p1 72 %
2026-09-22 03:17:34.700 INFO  rank 1: slot 0 closed: 153 sampled decode steps, 0 fallbacks
2026-09-22 03:17:34.701 INFO  sched: request 'chatcmpl-dca327405eb27890' retired (steps): 256 tok in 8.1 s — prefill 41 tok (32 cached) in 68 ms; decode 255 tok / 153 passes in 8.0 s: 31.8 tok/s, 31.4 ms/tok, 52 ms/pass, 1.67 tok/pass, accept p1 67 %
2026-09-22 03:17:34.801 INFO  stats: rank 1 | 10.0 s | decode 123.3 tok/s, 7.7 ms/tok, 50.8 ms/step (188 steps / 1234 tok, 95 % of wall) | mtp 1.72 tok/step/req, accept p1 72 % | prefill 4 prompts / 32 tok, 3 tok/s, 7.68 ms/tok, 61 ms avg (2 % of wall), 120 tok cached (4/4 hits) | live 0, queued 0 | pool 103/4096 blocks (3 %) | prefix cache 27/27 entries
2026-09-22 03:17:35.084 INFO  sched: request 'chatcmpl-dca327405eb27894' prefix cache miss — 2 cut(s) probed against 26 entries; an entry at this prompt's cut 56 was evicted (171 eviction(s) ago, last used at tick 115, now tick 11257; the arena holds 27 slots)
2026-09-22 03:17:35.084 INFO  sched: request 'chatcmpl-dca327405eb27894' admitted to slot 0 (reserve 2 blocks; pool 105/4096 blocks in use) — first token 2
2026-09-22 03:17:35.982 INFO  sched: request 'chatcmpl-dca327405eb27894' retired (steps): 64 tok in 0.9 s — prefill 64 tok (0 cached) in 257 ms; decode 63 tok / 34 passes in 0.6 s: 98.3 tok/s, 10.2 ms/tok, 19 ms/pass, 1.85 tok/pass, accept p1 85 %
2026-09-22 03:17:36.072 INFO  sched: request 'chatcmpl-dca327405eb27895' admitted to slot 0 (reserve 5 blocks; pool 109/4096 blocks in use) — first token 2
2026-09-22 03:17:40.057 INFO  sched: request 'chatcmpl-dca327405eb27895' retired (steps): 256 tok in 4.0 s — prefill 64 tok (56 cached) in 59 ms; decode 255 tok / 145 passes in 3.9 s: 65.0 tok/s, 15.4 ms/tok, 27 ms/pass, 1.76 tok/pass, accept p1 76 %
2026-09-22 03:17:40.133 INFO  sched: request 'chatcmpl-dca327405eb27896' admitted to slot 0 (reserve 5 blocks; pool 113/4096 blocks in use) — first token 2
2026-09-22 03:17:40.376 INFO  sched: request 'chatcmpl-dca327405eb27897' prefix cache miss — 1 cut(s) probed against 25 entries; the nearest entry (position 316) shares the first 17 of the prompt's 61 tokens (the prompt differs from it from that token on)
2026-09-22 03:17:40.376 INFO  sched: request 'chatcmpl-dca327405eb27897' admitted to slot 1 (reserve 5 blocks; pool 109/4096 blocks in use) — first token 2
2026-09-22 03:17:40.682 INFO  sched: request 'chatcmpl-dca327405eb27898' prefix cache miss — 2 cut(s) probed against 25 entries; the nearest entry (position 316) shares the first 17 of the prompt's 68 tokens (the prompt differs from it from that token on)
2026-09-22 03:17:40.682 INFO  sched: request 'chatcmpl-dca327405eb27898' admitted to slot 2 (reserve 6 blocks; pool 111/4096 blocks in use) — first token 2
2026-09-22 03:17:40.992 INFO  sched: request 'chatcmpl-dca327405eb27899' prefix cache miss — 2 cut(s) probed against 23 entries; the nearest entry (position 316) shares the first 17 of the prompt's 64 tokens (the prompt differs from it from that token on)
2026-09-22 03:17:40.992 INFO  sched: request 'chatcmpl-dca327405eb27899' admitted to slot 3 (reserve 5 blocks; pool 104/4096 blocks in use) — first token 2
2026-09-22 03:17:44.821 INFO  stats: rank 1 | 10.0 s | decode 85.2 tok/s, 10.3 ms/tok, 34.2 ms/step (257 steps / 854 tok, 88 % of wall) | mtp 1.76 tok/step/req, accept p1 75 % | prefill 6 prompts / 273 tok, 27 tok/s, 4.07 ms/tok, 185 ms avg (11 % of wall), 112 tok cached (2/6 hits) | live 4, queued 0 | pool 103/4096 blocks (3 %) | prefix cache 23/27 entries
2026-09-22 03:17:48.316 INFO  sched: request 'chatcmpl-dca327405eb27897' retired (steps): 256 tok in 7.9 s — prefill 61 tok (0 cached) in 217 ms; decode 255 tok / 145 passes in 7.7 s: 33.0 tok/s, 30.3 ms/tok, 53 ms/pass, 1.76 tok/pass, accept p1 76 %
2026-09-22 03:17:48.418 INFO  sched: request 'chatcmpl-dca327405eb27896' retired (steps): 256 tok in 8.3 s — prefill 64 tok (56 cached) in 60 ms; decode 255 tok / 148 passes in 8.2 s: 31.0 tok/s, 32.3 ms/tok, 56 ms/pass, 1.72 tok/pass, accept p1 72 %
2026-09-22 03:17:48.514 INFO  sched: request 'chatcmpl-dca327405eb27899' retired (steps): 256 tok in 7.5 s — prefill 64 tok (0 cached) in 255 ms; decode 255 tok / 147 passes in 7.3 s: 35.1 tok/s, 28.5 ms/tok, 49 ms/pass, 1.73 tok/pass, accept p1 74 %
2026-09-22 03:17:48.709 INFO  sched: request 'chatcmpl-dca327405eb27898' retired (steps): 256 tok in 8.0 s — prefill 68 tok (0 cached) in 261 ms; decode 255 tok / 155 passes in 7.8 s: 32.8 tok/s, 30.5 ms/tok, 50 ms/pass, 1.65 tok/pass, accept p1 65 %
2026-09-22 03:17:49.350 INFO  journal: stop record — exiting
2026-09-22 03:17:49.360 INFO  rank 1: graph engine sampling summary — 10485 sampled decode steps, 0 served by the exact gather fallback (0.0%), 128 candidates per rank
2026-09-22 03:17:50.464 INFO  rank 1: exited cleanly
