2026-09-22 02:33:56.101 INFO  dgpp-serve 0.1.0+ga3ed8994a34c (git a3ed8994a34c)
2026-09-22 02:33:56.101 INFO  config /tmp/bus4/deployments/14a1eed8ef9891e1/cluster.json: model Qwen/Qwen3.8-Flash-Next-FP8, world 4, rank 1, http :18080, fabric :29970, journal :29971
2026-09-22 02:33:56.102 INFO  model Qwen/Qwen3.8-Flash-Next-FP8 -> /home/stephen/.cache/huggingface/hub/models--Qwen--Qwen3.8-Flash-Next-FP8/snapshots/236dfdf285828023ca3bcd3f37366c58a3469b13
2026-09-22 02:33:56.102 INFO  journal: connected to rank 0 at 192.168.88.11:29971 (120000 attempt window)
2026-09-22 02:33:56.104 INFO  rank 1: settings from rank 0: model=Qwen/Qwen3.8-Flash-Next-FP8 world=4 fabric=29970 journal=29971 conc=4 kv=262144 kvdt=bf16 ngt=resident dw=checkpoint bfw=bf12+bf16 fp8head=gemv pf=bounded emsh=replicated maxtok=256 queue=8 eos=1 graph=1 compact=0 mtp=1 mtpd=1 mss=0 msrow=8 msbase=28 mslam=0 msmin=1 msad=1 batchmin=2 cand=128 pcgib=1.5 adm=full win=256 pfbudget=0 pfidle=0 pace=-1 inflight=-1 reasoning_in_content=0 rs=off
2026-09-22 02:33:56.104 INFO  config: model=Qwen/Qwen3.8-Flash-Next-FP8 world=4 fabric=29970 journal=29971 conc=4 kv=262144 kvdt=bf16 ngt=resident dw=checkpoint bfw=bf12+bf16 fp8head=gemv pf=bounded emsh=replicated maxtok=256 queue=8 eos=1 graph=1 compact=0 mtp=1 mtpd=1 mss=0 msrow=8 msbase=28 mslam=0 msmin=1 msad=1 batchmin=2 cand=128 pcgib=1.5 adm=full win=256 pfbudget=0 pfidle=0 pace=-1 inflight=-1 reasoning_in_content=0 rs=off (digest 06a6d83413203c9d)
2026-09-22 02:33:56.229 INFO  serve: model family qwen4_exp (/home/stephen/.cache/huggingface/hub/models--Qwen--Qwen3.8-Flash-Next-FP8/snapshots/236dfdf285828023ca3bcd3f37366c58a3469b13)
2026-09-22 02:33:56.229 INFO  serve: decode rows 8 (4 slot(s) x 2 row(s) per request, floor 8, the qwen4_exp family's cap 64)
2026-09-22 02:33:56.238 WARN  generation config /home/stephen/.cache/huggingface/hub/models--Qwen--Qwen3.8-Flash-Next-FP8/snapshots/236dfdf285828023ca3bcd3f37366c58a3469b13/generation_config.json omits min_p, repetition_penalty; using greedy-safe/neutral fallbacks for those fields
2026-09-22 02:33:56.238 INFO  generation defaults: temperature=1 top_p=0.95 top_k=20 min_p=0 repetition_penalty=1
2026-09-22 02:33:56.238 INFO  serve: sampling defaults temperature 1 top_p 0.95 top_k 20 min_p 0 repetition_penalty 1 (from generation_config.json; overrides: none)
2026-09-22 02:33:56.238 INFO  serve: request context limit 262144 tokens — the lesser of the 262144-token positional ceiling (the checkpoint's own rope) and the 262144-token K/V pool (engine.kv_capacity 262144); one request may reach the limit, the pool is what seats them all
2026-09-22 02:33:56.239 INFO  rank 1: prefix cache plan — 1.5 GiB budget, 55 slots of 27.735 MiB, 1.490 GiB allocated; cached K/V blocks share the 262144-token pool
2026-09-22 02:33:56.338 INFO  tokenizer: loaded vocab 248044 merges 247587 added 33 (revision 0x53952643d9dcd76d; qwen pattern, NFC, ignore_merges false)
2026-09-22 02:33:56.353 INFO  serve: grammar vocabulary built (248320 ids, tool markers present, call-turn EOS 248046)
2026-09-22 02:33:56.545 INFO  serve: JSON grammar tables built in 0.19 s
2026-09-22 02:33:56.766 INFO  bus: globaltimer offset 8169356259 ns (+-2 us)
2026-09-22 02:33:56.797 INFO  verbs: device roceP2p1s0f0 port 1 gid_index 3
2026-09-22 02:33:56.811 INFO  verbs: device rocep1s0f0 port 1 gid_index 3
2026-09-22 02:33:57.467 INFO  bus: rank 1 up — 3 peer(s) x 2 lane(s), lat 8x163840B, bulk 8x262144B, bulk pace 28.3 Gb/s per QP, window 4 per lane
2026-09-22 02:33:57.467 INFO  rank 1: boundary reducer host-driven
2026-09-22 02:33:57.553 INFO  bus engine: rank 1 pinned to cpu 19
2026-09-22 02:33:57.658 INFO  rank 1: process memory locked (mlockall MCL_CURRENT, 14482 MiB)
2026-09-22 02:33:57.658 INFO  rank 1: resident image cache at /home/stephen/.cache/dgpp/resident
2026-09-22 02:33:57.793 INFO  rank 1: memory plan for a 262144-token context — model weights (resident, n-gram table included) 44.98 GiB; loader staging (pinned host, freed when the last layer is resident) 1.53 GiB (1.53 GiB pinned); bf16 decode packing (12-bit companions) 1.27 GiB; gemm workspace (at least) 0.06 GiB; request slot state (GDN recurrent/conv, PLE conv, context) 0.11 GiB; spec snapshot rows 0.22 GiB; kv cache pool (K/V bf16, compressed index keys, rings) 3.45 GiB; activations (hyper state, rows, head) 0.54 GiB (0.00 GiB pinned); layer objects (GR sites, GDN, QSA, PLE) 1.64 GiB; moe scratch (routed slots, shared expert, graph tables) 0.43 GiB (0.01 GiB pinned); draft block (hyper-state window, ring snapshot, fusion scratch, mixer) 0.27 GiB (0.00 GiB pinned); vision tower weights (bf16, replicated) 0.84 GiB; vision workspace (patches, attention tiles, staged image rows) 0.29 GiB; prefix cache 1.49 GiB; engine 0.07 GiB
2026-09-22 02:33:57.793 INFO  rank 1: memory plan total 57.18 GiB (54.08 GiB device + 3.10 GiB pinned) + 4.00 GiB headroom against 116.82 GiB free (device free 114.16 GiB of 121.69 GiB, host available 116.82 GiB)
2026-09-22 02:33:57.793 INFO  memory ledger: rank 1 after the plan check — rss 1.13 GiB (anon 0.38, shmem 0.10, file 0.64; locked 14.14); device free 114.16 GiB, node available 116.82 GiB
2026-09-22 02:33:57.793 INFO  memory ledger: rank 1 after the bus — rss 1.13 GiB (anon 0.38, shmem 0.10, file 0.64; locked 14.14); device free 114.16 GiB, node available 116.82 GiB
2026-09-22 02:33:58.314 INFO  qwen loader: rank 1 resident footprint 45.0 GiB; device free 114.0 of 121.7 GiB, host available 116.7 GiB
2026-09-22 02:33:58.968 INFO  qwen loader: rank 1 resident image /home/stephen/.cache/dgpp/resident/a94995ffe11dac66.img — 49/49 layers present, direct I/O
2026-09-22 02:33:58.979 INFO  l2 prefetch: on, window budget 12 MiB, boundary rate light, layer rate light
2026-09-22 02:34:10.455 INFO  qwen loader: rank 1 n-gram table rows [80000106, 160000374) resident (11.92 GiB, scale 0.00019931793)
2026-09-22 02:34:14.550 INFO  memory ledger: rank 1 after the model — rss 4.37 GiB (anon 0.53, shmem 1.64, file 2.20; locked 14.14); device free 91.87 GiB, node available 95.50 GiB
2026-09-22 02:34:14.550 INFO  rank 1: model constructed in 16.8s (resident, 4 request slots, 262144-token pool in bf16, 2048-row forwards)
2026-09-22 02:34:14.550 INFO  rank 1: prefix cache on — 55 snapshot slot(s) of 27.7 MiB (1.50 GiB asked)
2026-09-22 02:34:14.600 INFO  rank 1: graph engine samples on the device — 128 candidates per rank (8 rows x 4 ranks in a 163840-byte latency slot; the planned width is 128); constrained decoding available
2026-09-22 02:34:14.836 INFO  memory ledger: rank 1 after the graph engine — rss 4.38 GiB (anon 0.53, shmem 1.65, file 2.20; locked 14.14); device free 90.34 GiB, node available 93.97 GiB
2026-09-22 02:34:14.970 INFO  allreduce: device clock rate 2418000 kHz (stamps conversion)
2026-09-22 02:34:14.970 INFO  allreduce: rank 1 seq 1 launched (3 peers)
2026-09-22 02:34:14.970 INFO  allreduce: rank 1 seq 1 ready after 32.0us
2026-09-22 02:34:15.479 INFO  hunt qp: rank 1 seq 1  p0l0[RTS sq_psn=4667 rq_psn=4667 ack_timeout=14 retry_cnt=7 rnr_retry=7 min_rnr=12 sq_draining=0] p0l1[RTS sq_psn=4660 rq_psn=4660 ack_timeout=14 retry_cnt=7 rnr_retry=7 min_rnr=12 sq_draining=0] p2l0[RTS sq_psn=4666 rq_psn=4660 ack_timeout=14 retry_cnt=7 rnr_retry=7 min_rnr=12 sq_draining=0] p2l1[RTS sq_psn=4660 rq_psn=4660 ack_timeout=14 retry_cnt=7 rnr_retry=7 min_rnr=12 sq_draining=0] p3l0[RTS sq_psn=4666 rq_psn=4660 ack_timeout=14 retry_cnt=7 rnr_retry=7 min_rnr=12 sq_draining=0] p3l1[RTS sq_psn=4660 rq_psn=4660 ack_timeout=14 retry_cnt=7 rnr_retry=7 min_rnr=12 sq_draining=0]
2026-09-22 02:34:15.479 INFO  allreduce: rank 1 seq 1 STALLED 509ms posted=0x7 ctl(ready=0x7 done=0 status=0 gate(waits=0 spins=0) first_claim(cell=0 len=20480 seq=1))  p0l0:[1c1/1=0x3cd4bd5c.0c0/0=0000000000.0c0/0=0000000000.0c0/0=0000000000.0c0/0=0000000000.0c0/0=0000000000.0c0/0=0000000000.0c0/0=0000000000. B[0/0.0/0.0/0.0/0.0/0.0/0.0/0.0/0.] p0l1:[0c0/0=0000000000.0c0/0=0000000000.0c0/0=0000000000.0c0/0=0000000000.0c0/0=0000000000.0c0/0=0000000000.0c0/0=0000000000.0c0/0=0000000000. B[0/0.0/0.0/0.0/0.0/0.0/0.0/0.0/0.] p2l0:[0c0/0=0000000000!0c0/0=0000000000.0c0/0=0000000000.0c0/0=0000000000.0c0/0=0000000000.0c0/0=0000000000.0c0/0=0000000000.0c0/0=0000000000. B[0/0.0/0.0/0.0/0.0/0.0/0.0/0.0/0.] p2l1:[0c0/0=0000000000.0c0/0=0000000000.0c0/0=0000000000.0c0/0=0000000000.0c0/0=0000000000.0c0/0=0000000000.0c0/0=0000000000.0c0/0=0000000000. B[0/0.0/0.0/0.0/0.0/0.0/0.0/0.0/0.] p3l0:[0c0/0=0000000000!0c0/0=0000000000.0c0/0=0000000000.0c0/0=0000000000.0c0/0=0000000000.0c0/0=0000000000.0c0/0=0000000000.0c0/0=0000000000. B[0/0.0/0.0/0.0/0.0/0.0/0.0/0.0/0.] p3l1:[0c0/0=0000000000.0c0/0=0000000000.0c0/0=0000000000.0c0/0=0000000000.0c0/0=0000000000.0c0/0=0000000000.0c0/0=0000000000.0c0/0=0000000000. B[0/0.0/0.0/0.0/0.0/0.0/0.0/0.0/0.]
2026-09-22 02:34:15.479 INFO  kernel claim: rank 1 seq 1 rec0 peer 0 lane 0 slot 0 door(seq=1 len=20480 ctl=1 hash=0x40bbb8bd9cd11ab9) pay(w0=0x3cd4bd5c w1=0x3ba4bcfa w2=0x3d983bf6 w3=0x3d93bb1b w4=0xbcaa3cee w5=0x3d7a3bd5 w6=0x3de5bcd4 w7=0xbc6e3d31) folded16=0x48e1f2084ca136dc
2026-09-22 02:34:15.978 INFO  hunt qp: rank 1 seq 1  p0l0[RTS sq_psn=4667 rq_psn=4667 ack_timeout=14 retry_cnt=7 rnr_retry=7 min_rnr=12 sq_draining=0] p0l1[RTS sq_psn=4660 rq_psn=4660 ack_timeout=14 retry_cnt=7 rnr_retry=7 min_rnr=12 sq_draining=0] p2l0[RTS sq_psn=4666 rq_psn=4660 ack_timeout=14 retry_cnt=7 rnr_retry=7 min_rnr=12 sq_draining=0] p2l1[RTS sq_psn=4660 rq_psn=4660 ack_timeout=14 retry_cnt=7 rnr_retry=7 min_rnr=12 sq_draining=0] p3l0[RTS sq_psn=4666 rq_psn=4660 ack_timeout=14 retry_cnt=7 rnr_retry=7 min_rnr=12 sq_draining=0] p3l1[RTS sq_psn=4660 rq_psn=4660 ack_timeout=14 retry_cnt=7 rnr_retry=7 min_rnr=12 sq_draining=0]
2026-09-22 02:34:15.978 INFO  allreduce: rank 1 seq 1 STALLED 1008ms posted=0x7 ctl(ready=0x7 done=0 status=0 gate(waits=0 spins=0) first_claim(cell=0 len=20480 seq=1))  p0l0:[1c1/1=0x3cd4bd5c.0c0/0=0000000000.0c0/0=0000000000.0c0/0=0000000000.0c0/0=0000000000.0c0/0=0000000000.0c0/0=0000000000.0c0/0=0000000000. B[0/0.0/0.0/0.0/0.0/0.0/0.0/0.0/0.] p0l1:[0c0/0=0000000000.0c0/0=0000000000.0c0/0=0000000000.0c0/0=0000000000.0c0/0=0000000000.0c0/0=0000000000.0c0/0=0000000000.0c0/0=0000000000. B[0/0.0/0.0/0.0/0.0/0.0/0.0/0.0/0.] p2l0:[0c0/0=0000000000!0c0/0=0000000000.0c0/0=0000000000.0c0/0=0000000000.0c0/0=0000000000.0c0/0=0000000000.0c0/0=0000000000.0c0/0=0000000000. B[0/0.0/0.0/0.0/0.0/0.0/0.0/0.0/0.] p2l1:[0c0/0=0000000000.0c0/0=0000000000.0c0/0=0000000000.0c0/0=0000000000.0c0/0=0000000000.0c0/0=0000000000.0c0/0=0000000000.0c0/0=0000000000. B[0/0.0/0.0/0.0/0.0/0.0/0.0/0.0/0.] p3l0:[0c0/0=0000000000!0c0/0=0000000000.0c0/0=0000000000.0c0/0=0000000000.0c0/0=0000000000.0c0/0=0000000000.0c0/0=0000000000.0c0/0=0000000000. B[0/0.0/0.0/0.0/0.0/0.0/0.0/0.0/0.] p3l1:[0c0/0=0000000000.0c0/0=0000000000.0c0/0=0000000000.0c0/0=0000000000.0c0/0=0000000000.0c0/0=0000000000.0c0/0=0000000000.0c0/0=0000000000. B[0/0.0/0.0/0.0/0.0/0.0/0.0/0.0/0.]
2026-09-22 02:34:15.978 INFO  kernel claim: rank 1 seq 1 rec0 peer 0 lane 0 slot 0 door(seq=1 len=20480 ctl=1 hash=0x40bbb8bd9cd11ab9) pay(w0=0x3cd4bd5c w1=0x3ba4bcfa w2=0x3d983bf6 w3=0x3d93bb1b w4=0xbcaa3cee w5=0x3d7a3bd5 w6=0x3de5bcd4 w7=0xbc6e3d31) folded16=0x48e1f2084ca136dc
2026-09-22 02:34:16.479 INFO  hunt qp: rank 1 seq 1  p0l0[RTS sq_psn=4667 rq_psn=4667 ack_timeout=14 retry_cnt=7 rnr_retry=7 min_rnr=12 sq_draining=0] p0l1[RTS sq_psn=4660 rq_psn=4660 ack_timeout=14 retry_cnt=7 rnr_retry=7 min_rnr=12 sq_draining=0] p2l0[RTS sq_psn=4666 rq_psn=4660 ack_timeout=14 retry_cnt=7 rnr_retry=7 min_rnr=12 sq_draining=0] p2l1[RTS sq_psn=4660 rq_psn=4660 ack_timeout=14 retry_cnt=7 rnr_retry=7 min_rnr=12 sq_draining=0] p3l0[RTS sq_psn=4667 rq_psn=4667 ack_timeout=14 retry_cnt=7 rnr_retry=7 min_rnr=12 sq_draining=0] p3l1[RTS sq_psn=4660 rq_psn=4660 ack_timeout=14 retry_cnt=7 rnr_retry=7 min_rnr=12 sq_draining=0]
2026-09-22 02:34:16.479 INFO  allreduce: rank 1 seq 1 STALLED 1509ms posted=0x7 ctl(ready=0x7 done=0 status=0 gate(waits=0 spins=0) first_claim(cell=0 len=20480 seq=1))  p0l0:[1c1/1=0x3cd4bd5c.0c0/0=0000000000.0c0/0=0000000000.0c0/0=0000000000.0c0/0=0000000000.0c0/0=0000000000.0c0/0=0000000000.0c0/0=0000000000. B[0/0.0/0.0/0.0/0.0/0.0/0.0/0.0/0.] p0l1:[0c0/0=0000000000.0c0/0=0000000000.0c0/0=0000000000.0c0/0=0000000000.0c0/0=0000000000.0c0/0=0000000000.0c0/0=0000000000.0c0/0=0000000000. B[0/0.0/0.0/0.0/0.0/0.0/0.0/0.0/0.] p2l0:[0c0/0=0000000000!0c0/0=0000000000.0c0/0=0000000000.0c0/0=0000000000.0c0/0=0000000000.0c0/0=0000000000.0c0/0=0000000000.0c0/0=0000000000. B[0/0.0/0.0/0.0/0.0/0.0/0.0/0.0/0.] p2l1:[0c0/0=0000000000.0c0/0=0000000000.0c0/0=0000000000.0c0/0=0000000000.0c0/0=0000000000.0c0/0=0000000000.0c0/0=0000000000.0c0/0=0000000000. B[0/0.0/0.0/0.0/0.0/0.0/0.0/0.0/0.] p3l0:[1c1/1=0xbd07bd46.0c0/0=0000000000.0c0/0=0000000000.0c0/0=0000000000.0c0/0=0000000000.0c0/0=0000000000.0c0/0=0000000000.0c0/0=0000000000. B[0/0.0/0.0/0.0/0.0/0.0/0.0/0.0/0.] p3l1:[0c0/0=0000000000.0c0/0=0000000000.0c0/0=0000000000.0c0/0=0000000000.0c0/0=0000000000.0c0/0=0000000000.0c0/0=0000000000.0c0/0=0000000000. B[0/0.0/0.0/0.0/0.0/0.0/0.0/0.0/0.]
2026-09-22 02:34:16.479 INFO  kernel claim: rank 1 seq 1 rec0 peer 0 lane 0 slot 0 door(seq=1 len=20480 ctl=1 hash=0x40bbb8bd9cd11ab9) pay(w0=0x3cd4bd5c w1=0x3ba4bcfa w2=0x3d983bf6 w3=0x3d93bb1b w4=0xbcaa3cee w5=0x3d7a3bd5 w6=0x3de5bcd4 w7=0xbc6e3d31) folded16=0x48e1f2084ca136dc
2026-09-22 02:34:16.479 INFO  kernel claim: rank 1 seq 1 rec1 peer 3 lane 0 slot 0 door(seq=1 len=20480 ctl=1 hash=0x9b9c0d860fb32a36) pay(w0=0xbd07bd46 w1=0x3d06bc40 w2=0x3eaebd49 w3=0x3c0f3caf w4=0xbd9fbd9c w5=0xbd233d61 w6=0x3e033caa w7=0x3bfc3d9b) folded16=0x49c2ad127b6b7b36
2026-09-22 02:34:16.978 INFO  hunt qp: rank 1 seq 1  p0l0[RTS sq_psn=4667 rq_psn=4667 ack_timeout=14 retry_cnt=7 rnr_retry=7 min_rnr=12 sq_draining=0] p0l1[RTS sq_psn=4660 rq_psn=4660 ack_timeout=14 retry_cnt=7 rnr_retry=7 min_rnr=12 sq_draining=0] p2l0[RTS sq_psn=4666 rq_psn=4660 ack_timeout=14 retry_cnt=7 rnr_retry=7 min_rnr=12 sq_draining=0] p2l1[RTS sq_psn=4660 rq_psn=4660 ack_timeout=14 retry_cnt=7 rnr_retry=7 min_rnr=12 sq_draining=0] p3l0[RTS sq_psn=4667 rq_psn=4667 ack_timeout=14 retry_cnt=7 rnr_retry=7 min_rnr=12 sq_draining=0] p3l1[RTS sq_psn=4660 rq_psn=4660 ack_timeout=14 retry_cnt=7 rnr_retry=7 min_rnr=12 sq_draining=0]
2026-09-22 02:34:16.978 INFO  allreduce: rank 1 seq 1 STALLED 2008ms posted=0x7 ctl(ready=0x7 done=0 status=0 gate(waits=0 spins=0) first_claim(cell=0 len=20480 seq=1))  p0l0:[1c1/1=0x3cd4bd5c.0c0/0=0000000000.0c0/0=0000000000.0c0/0=0000000000.0c0/0=0000000000.0c0/0=0000000000.0c0/0=0000000000.0c0/0=0000000000. B[0/0.0/0.0/0.0/0.0/0.0/0.0/0.0/0.] p0l1:[0c0/0=0000000000.0c0/0=0000000000.0c0/0=0000000000.0c0/0=0000000000.0c0/0=0000000000.0c0/0=0000000000.0c0/0=0000000000.0c0/0=0000000000. B[0/0.0/0.0/0.0/0.0/0.0/0.0/0.0/0.] p2l0:[0c0/0=0000000000!0c0/0=0000000000.0c0/0=0000000000.0c0/0=0000000000.0c0/0=0000000000.0c0/0=0000000000.0c0/0=0000000000.0c0/0=0000000000. B[0/0.0/0.0/0.0/0.0/0.0/0.0/0.0/0.] p2l1:[0c0/0=0000000000.0c0/0=0000000000.0c0/0=0000000000.0c0/0=0000000000.0c0/0=0000000000.0c0/0=0000000000.0c0/0=0000000000.0c0/0=0000000000. B[0/0.0/0.0/0.0/0.0/0.0/0.0/0.0/0.] p3l0:[1c1/1=0xbd07bd46.0c0/0=0000000000.0c0/0=0000000000.0c0/0=0000000000.0c0/0=0000000000.0c0/0=0000000000.0c0/0=0000000000.0c0/0=0000000000. B[0/0.0/0.0/0.0/0.0/0.0/0.0/0.0/0.] p3l1:[0c0/0=0000000000.0c0/0=0000000000.0c0/0=0000000000.0c0/0=0000000000.0c0/0=0000000000.0c0/0=0000000000.0c0/0=0000000000.0c0/0=0000000000. B[0/0.0/0.0/0.0/0.0/0.0/0.0/0.0/0.]
2026-09-22 02:34:16.978 INFO  kernel claim: rank 1 seq 1 rec0 peer 0 lane 0 slot 0 door(seq=1 len=20480 ctl=1 hash=0x40bbb8bd9cd11ab9) pay(w0=0x3cd4bd5c w1=0x3ba4bcfa w2=0x3d983bf6 w3=0x3d93bb1b w4=0xbcaa3cee w5=0x3d7a3bd5 w6=0x3de5bcd4 w7=0xbc6e3d31) folded16=0x48e1f2084ca136dc
2026-09-22 02:34:16.978 INFO  kernel claim: rank 1 seq 1 rec1 peer 3 lane 0 slot 0 door(seq=1 len=20480 ctl=1 hash=0x9b9c0d860fb32a36) pay(w0=0xbd07bd46 w1=0x3d06bc40 w2=0x3eaebd49 w3=0x3c0f3caf w4=0xbd9fbd9c w5=0xbd233d61 w6=0x3e033caa w7=0x3bfc3d9b) folded16=0x49c2ad127b6b7b36
2026-09-22 02:34:17.478 INFO  hunt qp: rank 1 seq 1  p0l0[RTS sq_psn=4667 rq_psn=4667 ack_timeout=14 retry_cnt=7 rnr_retry=7 min_rnr=12 sq_draining=0] p0l1[RTS sq_psn=4660 rq_psn=4660 ack_timeout=14 retry_cnt=7 rnr_retry=7 min_rnr=12 sq_draining=0] p2l0[RTS sq_psn=4666 rq_psn=4660 ack_timeout=14 retry_cnt=7 rnr_retry=7 min_rnr=12 sq_draining=0] p2l1[RTS sq_psn=4660 rq_psn=4660 ack_timeout=14 retry_cnt=7 rnr_retry=7 min_rnr=12 sq_draining=0] p3l0[RTS sq_psn=4667 rq_psn=4667 ack_timeout=14 retry_cnt=7 rnr_retry=7 min_rnr=12 sq_draining=0] p3l1[RTS sq_psn=4660 rq_psn=4660 ack_timeout=14 retry_cnt=7 rnr_retry=7 min_rnr=12 sq_draining=0]
2026-09-22 02:34:17.478 INFO  allreduce: rank 1 seq 1 STALLED 2508ms posted=0x7 ctl(ready=0x7 done=0 status=0 gate(waits=0 spins=0) first_claim(cell=0 len=20480 seq=1))  p0l0:[1c1/1=0x3cd4bd5c.0c0/0=0000000000.0c0/0=0000000000.0c0/0=0000000000.0c0/0=0000000000.0c0/0=0000000000.0c0/0=0000000000.0c0/0=0000000000. B[0/0.0/0.0/0.0/0.0/0.0/0.0/0.0/0.] p0l1:[0c0/0=0000000000.0c0/0=0000000000.0c0/0=0000000000.0c0/0=0000000000.0c0/0=0000000000.0c0/0=0000000000.0c0/0=0000000000.0c0/0=0000000000. B[0/0.0/0.0/0.0/0.0/0.0/0.0/0.0/0.] p2l0:[0c0/0=0000000000!0c0/0=0000000000.0c0/0=0000000000.0c0/0=0000000000.0c0/0=0000000000.0c0/0=0000000000.0c0/0=0000000000.0c0/0=0000000000. B[0/0.0/0.0/0.0/0.0/0.0/0.0/0.0/0.] p2l1:[0c0/0=0000000000.0c0/0=0000000000.0c0/0=0000000000.0c0/0=0000000000.0c0/0=0000000000.0c0/0=0000000000.0c0/0=0000000000.0c0/0=0000000000. B[0/0.0/0.0/0.0/0.0/0.0/0.0/0.0/0.] p3l0:[1c1/1=0xbd07bd46.0c0/0=0000000000.0c0/0=0000000000.0c0/0=0000000000.0c0/0=0000000000.0c0/0=0000000000.0c0/0=0000000000.0c0/0=0000000000. B[0/0.0/0.0/0.0/0.0/0.0/0.0/0.0/0.] p3l1:[0c0/0=0000000000.0c0/0=0000000000.0c0/0=0000000000.0c0/0=0000000000.0c0/0=0000000000.0c0/0=0000000000.0c0/0=0000000000.0c0/0=0000000000. B[0/0.0/0.0/0.0/0.0/0.0/0.0/0.0/0.]
2026-09-22 02:34:17.478 INFO  kernel claim: rank 1 seq 1 rec0 peer 0 lane 0 slot 0 door(seq=1 len=20480 ctl=1 hash=0x40bbb8bd9cd11ab9) pay(w0=0x3cd4bd5c w1=0x3ba4bcfa w2=0x3d983bf6 w3=0x3d93bb1b w4=0xbcaa3cee w5=0x3d7a3bd5 w6=0x3de5bcd4 w7=0xbc6e3d31) folded16=0x48e1f2084ca136dc
2026-09-22 02:34:17.478 INFO  kernel claim: rank 1 seq 1 rec1 peer 3 lane 0 slot 0 door(seq=1 len=20480 ctl=1 hash=0x9b9c0d860fb32a36) pay(w0=0xbd07bd46 w1=0x3d06bc40 w2=0x3eaebd49 w3=0x3c0f3caf w4=0xbd9fbd9c w5=0xbd233d61 w6=0x3e033caa w7=0x3bfc3d9b) folded16=0x49c2ad127b6b7b36
2026-09-22 02:34:17.977 INFO  hunt qp: rank 1 seq 1  p0l0[RTS sq_psn=4667 rq_psn=4667 ack_timeout=14 retry_cnt=7 rnr_retry=7 min_rnr=12 sq_draining=0] p0l1[RTS sq_psn=4660 rq_psn=4660 ack_timeout=14 retry_cnt=7 rnr_retry=7 min_rnr=12 sq_draining=0] p2l0[RTS sq_psn=4666 rq_psn=4660 ack_timeout=14 retry_cnt=7 rnr_retry=7 min_rnr=12 sq_draining=0] p2l1[RTS sq_psn=4660 rq_psn=4660 ack_timeout=14 retry_cnt=7 rnr_retry=7 min_rnr=12 sq_draining=0] p3l0[RTS sq_psn=4667 rq_psn=4667 ack_timeout=14 retry_cnt=7 rnr_retry=7 min_rnr=12 sq_draining=0] p3l1[RTS sq_psn=4660 rq_psn=4660 ack_timeout=14 retry_cnt=7 rnr_retry=7 min_rnr=12 sq_draining=0]
2026-09-22 02:34:17.977 INFO  allreduce: rank 1 seq 1 STALLED 3007ms posted=0x7 ctl(ready=0x7 done=0 status=0 gate(waits=0 spins=0) first_claim(cell=0 len=20480 seq=1))  p0l0:[1c1/1=0x3cd4bd5c.0c0/0=0000000000.0c0/0=0000000000.0c0/0=0000000000.0c0/0=0000000000.0c0/0=0000000000.0c0/0=0000000000.0c0/0=0000000000. B[0/0.0/0.0/0.0/0.0/0.0/0.0/0.0/0.] p0l1:[0c0/0=0000000000.0c0/0=0000000000.0c0/0=0000000000.0c0/0=0000000000.0c0/0=0000000000.0c0/0=0000000000.0c0/0=0000000000.0c0/0=0000000000. B[0/0.0/0.0/0.0/0.0/0.0/0.0/0.0/0.] p2l0:[0c0/0=0000000000!0c0/0=0000000000.0c0/0=0000000000.0c0/0=0000000000.0c0/0=0000000000.0c0/0=0000000000.0c0/0=0000000000.0c0/0=0000000000. B[0/0.0/0.0/0.0/0.0/0.0/0.0/0.0/0.] p2l1:[0c0/0=0000000000.0c0/0=0000000000.0c0/0=0000000000.0c0/0=0000000000.0c0/0=0000000000.0c0/0=0000000000.0c0/0=0000000000.0c0/0=0000000000. B[0/0.0/0.0/0.0/0.0/0.0/0.0/0.0/0.] p3l0:[1c1/1=0xbd07bd46.0c0/0=0000000000.0c0/0=0000000000.0c0/0=0000000000.0c0/0=0000000000.0c0/0=0000000000.0c0/0=0000000000.0c0/0=0000000000. B[0/0.0/0.0/0.0/0.0/0.0/0.0/0.0/0.] p3l1:[0c0/0=0000000000.0c0/0=0000000000.0c0/0=0000000000.0c0/0=0000000000.0c0/0=0000000000.0c0/0=0000000000.0c0/0=0000000000.0c0/0=0000000000. B[0/0.0/0.0/0.0/0.0/0.0/0.0/0.0/0.]
2026-09-22 02:34:17.977 INFO  kernel claim: rank 1 seq 1 rec0 peer 0 lane 0 slot 0 door(seq=1 len=20480 ctl=1 hash=0x40bbb8bd9cd11ab9) pay(w0=0x3cd4bd5c w1=0x3ba4bcfa w2=0x3d983bf6 w3=0x3d93bb1b w4=0xbcaa3cee w5=0x3d7a3bd5 w6=0x3de5bcd4 w7=0xbc6e3d31) folded16=0x48e1f2084ca136dc
2026-09-22 02:34:17.977 INFO  kernel claim: rank 1 seq 1 rec1 peer 3 lane 0 slot 0 door(seq=1 len=20480 ctl=1 hash=0x9b9c0d860fb32a36) pay(w0=0xbd07bd46 w1=0x3d06bc40 w2=0x3eaebd49 w3=0x3c0f3caf w4=0xbd9fbd9c w5=0xbd233d61 w6=0x3e033caa w7=0x3bfc3d9b) folded16=0x49c2ad127b6b7b36
2026-09-22 02:34:18.478 INFO  hunt qp: rank 1 seq 1  p0l0[RTS sq_psn=4667 rq_psn=4667 ack_timeout=14 retry_cnt=7 rnr_retry=7 min_rnr=12 sq_draining=0] p0l1[RTS sq_psn=4660 rq_psn=4660 ack_timeout=14 retry_cnt=7 rnr_retry=7 min_rnr=12 sq_draining=0] p2l0[RTS sq_psn=4666 rq_psn=4660 ack_timeout=14 retry_cnt=7 rnr_retry=7 min_rnr=12 sq_draining=0] p2l1[RTS sq_psn=4660 rq_psn=4660 ack_timeout=14 retry_cnt=7 rnr_retry=7 min_rnr=12 sq_draining=0] p3l0[RTS sq_psn=4667 rq_psn=4667 ack_timeout=14 retry_cnt=7 rnr_retry=7 min_rnr=12 sq_draining=0] p3l1[RTS sq_psn=4660 rq_psn=4660 ack_timeout=14 retry_cnt=7 rnr_retry=7 min_rnr=12 sq_draining=0]
2026-09-22 02:34:18.478 INFO  allreduce: rank 1 seq 1 STALLED 3508ms posted=0x7 ctl(ready=0x7 done=0 status=0 gate(waits=0 spins=0) first_claim(cell=0 len=20480 seq=1))  p0l0:[1c1/1=0x3cd4bd5c.0c0/0=0000000000.0c0/0=0000000000.0c0/0=0000000000.0c0/0=0000000000.0c0/0=0000000000.0c0/0=0000000000.0c0/0=0000000000. B[0/0.0/0.0/0.0/0.0/0.0/0.0/0.0/0.] p0l1:[0c0/0=0000000000.0c0/0=0000000000.0c0/0=0000000000.0c0/0=0000000000.0c0/0=0000000000.0c0/0=0000000000.0c0/0=0000000000.0c0/0=0000000000. B[0/0.0/0.0/0.0/0.0/0.0/0.0/0.0/0.] p2l0:[0c0/0=0000000000!0c0/0=0000000000.0c0/0=0000000000.0c0/0=0000000000.0c0/0=0000000000.0c0/0=0000000000.0c0/0=0000000000.0c0/0=0000000000. B[0/0.0/0.0/0.0/0.0/0.0/0.0/0.0/0.] p2l1:[0c0/0=0000000000.0c0/0=0000000000.0c0/0=0000000000.0c0/0=0000000000.0c0/0=0000000000.0c0/0=0000000000.0c0/0=0000000000.0c0/0=0000000000. B[0/0.0/0.0/0.0/0.0/0.0/0.0/0.0/0.] p3l0:[1c1/1=0xbd07bd46.0c0/0=0000000000.0c0/0=0000000000.0c0/0=0000000000.0c0/0=0000000000.0c0/0=0000000000.0c0/0=0000000000.0c0/0=0000000000. B[0/0.0/0.0/0.0/0.0/0.0/0.0/0.0/0.] p3l1:[0c0/0=0000000000.0c0/0=0000000000.0c0/0=0000000000.0c0/0=0000000000.0c0/0=0000000000.0c0/0=0000000000.0c0/0=0000000000.0c0/0=0000000000. B[0/0.0/0.0/0.0/0.0/0.0/0.0/0.0/0.]
2026-09-22 02:34:18.478 INFO  kernel claim: rank 1 seq 1 rec0 peer 0 lane 0 slot 0 door(seq=1 len=20480 ctl=1 hash=0x40bbb8bd9cd11ab9) pay(w0=0x3cd4bd5c w1=0x3ba4bcfa w2=0x3d983bf6 w3=0x3d93bb1b w4=0xbcaa3cee w5=0x3d7a3bd5 w6=0x3de5bcd4 w7=0xbc6e3d31) folded16=0x48e1f2084ca136dc
2026-09-22 02:34:18.478 INFO  kernel claim: rank 1 seq 1 rec1 peer 3 lane 0 slot 0 door(seq=1 len=20480 ctl=1 hash=0x9b9c0d860fb32a36) pay(w0=0xbd07bd46 w1=0x3d06bc40 w2=0x3eaebd49 w3=0x3c0f3caf w4=0xbd9fbd9c w5=0xbd233d61 w6=0x3e033caa w7=0x3bfc3d9b) folded16=0x49c2ad127b6b7b36
2026-09-22 02:34:18.979 INFO  hunt qp: rank 1 seq 1  p0l0[RTS sq_psn=4667 rq_psn=4667 ack_timeout=14 retry_cnt=7 rnr_retry=7 min_rnr=12 sq_draining=0] p0l1[RTS sq_psn=4660 rq_psn=4660 ack_timeout=14 retry_cnt=7 rnr_retry=7 min_rnr=12 sq_draining=0] p2l0[RTS sq_psn=4666 rq_psn=4660 ack_timeout=14 retry_cnt=7 rnr_retry=7 min_rnr=12 sq_draining=0] p2l1[RTS sq_psn=4660 rq_psn=4660 ack_timeout=14 retry_cnt=7 rnr_retry=7 min_rnr=12 sq_draining=0] p3l0[RTS sq_psn=4667 rq_psn=4667 ack_timeout=14 retry_cnt=7 rnr_retry=7 min_rnr=12 sq_draining=0] p3l1[RTS sq_psn=4660 rq_psn=4660 ack_timeout=14 retry_cnt=7 rnr_retry=7 min_rnr=12 sq_draining=0]
2026-09-22 02:34:18.979 INFO  allreduce: rank 1 seq 1 STALLED 4009ms posted=0x7 ctl(ready=0x7 done=0 status=0 gate(waits=0 spins=0) first_claim(cell=0 len=20480 seq=1))  p0l0:[1c1/1=0x3cd4bd5c.0c0/0=0000000000.0c0/0=0000000000.0c0/0=0000000000.0c0/0=0000000000.0c0/0=0000000000.0c0/0=0000000000.0c0/0=0000000000. B[0/0.0/0.0/0.0/0.0/0.0/0.0/0.0/0.] p0l1:[0c0/0=0000000000.0c0/0=0000000000.0c0/0=0000000000.0c0/0=0000000000.0c0/0=0000000000.0c0/0=0000000000.0c0/0=0000000000.0c0/0=0000000000. B[0/0.0/0.0/0.0/0.0/0.0/0.0/0.0/0.] p2l0:[0c0/0=0000000000!0c0/0=0000000000.0c0/0=0000000000.0c0/0=0000000000.0c0/0=0000000000.0c0/0=0000000000.0c0/0=0000000000.0c0/0=0000000000. B[0/0.0/0.0/0.0/0.0/0.0/0.0/0.0/0.] p2l1:[0c0/0=0000000000.0c0/0=0000000000.0c0/0=0000000000.0c0/0=0000000000.0c0/0=0000000000.0c0/0=0000000000.0c0/0=0000000000.0c0/0=0000000000. B[0/0.0/0.0/0.0/0.0/0.0/0.0/0.0/0.] p3l0:[1c1/1=0xbd07bd46.0c0/0=0000000000.0c0/0=0000000000.0c0/0=0000000000.0c0/0=0000000000.0c0/0=0000000000.0c0/0=0000000000.0c0/0=0000000000. B[0/0.0/0.0/0.0/0.0/0.0/0.0/0.0/0.] p3l1:[0c0/0=0000000000.0c0/0=0000000000.0c0/0=0000000000.0c0/0=0000000000.0c0/0=0000000000.0c0/0=0000000000.0c0/0=0000000000.0c0/0=0000000000. B[0/0.0/0.0/0.0/0.0/0.0/0.0/0.0/0.]
2026-09-22 02:34:18.980 INFO  kernel claim: rank 1 seq 1 rec0 peer 0 lane 0 slot 0 door(seq=1 len=20480 ctl=1 hash=0x40bbb8bd9cd11ab9) pay(w0=0x3cd4bd5c w1=0x3ba4bcfa w2=0x3d983bf6 w3=0x3d93bb1b w4=0xbcaa3cee w5=0x3d7a3bd5 w6=0x3de5bcd4 w7=0xbc6e3d31) folded16=0x48e1f2084ca136dc
2026-09-22 02:34:18.980 INFO  kernel claim: rank 1 seq 1 rec1 peer 3 lane 0 slot 0 door(seq=1 len=20480 ctl=1 hash=0x9b9c0d860fb32a36) pay(w0=0xbd07bd46 w1=0x3d06bc40 w2=0x3eaebd49 w3=0x3c0f3caf w4=0xbd9fbd9c w5=0xbd233d61 w6=0x3e033caa w7=0x3bfc3d9b) folded16=0x49c2ad127b6b7b36
2026-09-22 02:34:19.476 INFO  hunt qp: rank 1 seq 1  p0l0[RTS sq_psn=4667 rq_psn=4667 ack_timeout=14 retry_cnt=7 rnr_retry=7 min_rnr=12 sq_draining=0] p0l1[RTS sq_psn=4660 rq_psn=4660 ack_timeout=14 retry_cnt=7 rnr_retry=7 min_rnr=12 sq_draining=0] p2l0[RTS sq_psn=4666 rq_psn=4660 ack_timeout=14 retry_cnt=7 rnr_retry=7 min_rnr=12 sq_draining=0] p2l1[RTS sq_psn=4660 rq_psn=4660 ack_timeout=14 retry_cnt=7 rnr_retry=7 min_rnr=12 sq_draining=0] p3l0[RTS sq_psn=4667 rq_psn=4667 ack_timeout=14 retry_cnt=7 rnr_retry=7 min_rnr=12 sq_draining=0] p3l1[RTS sq_psn=4660 rq_psn=4660 ack_timeout=14 retry_cnt=7 rnr_retry=7 min_rnr=12 sq_draining=0]
2026-09-22 02:34:19.476 INFO  allreduce: rank 1 seq 1 STALLED 4506ms posted=0x7 ctl(ready=0x7 done=0 status=0 gate(waits=0 spins=0) first_claim(cell=0 len=20480 seq=1))  p0l0:[1c1/1=0x3cd4bd5c.0c0/0=0000000000.0c0/0=0000000000.0c0/0=0000000000.0c0/0=0000000000.0c0/0=0000000000.0c0/0=0000000000.0c0/0=0000000000. B[0/0.0/0.0/0.0/0.0/0.0/0.0/0.0/0.] p0l1:[0c0/0=0000000000.0c0/0=0000000000.0c0/0=0000000000.0c0/0=0000000000.0c0/0=0000000000.0c0/0=0000000000.0c0/0=0000000000.0c0/0=0000000000. B[0/0.0/0.0/0.0/0.0/0.0/0.0/0.0/0.] p2l0:[0c0/0=0000000000!0c0/0=0000000000.0c0/0=0000000000.0c0/0=0000000000.0c0/0=0000000000.0c0/0=0000000000.0c0/0=0000000000.0c0/0=0000000000. B[0/0.0/0.0/0.0/0.0/0.0/0.0/0.0/0.] p2l1:[0c0/0=0000000000.0c0/0=0000000000.0c0/0=0000000000.0c0/0=0000000000.0c0/0=0000000000.0c0/0=0000000000.0c0/0=0000000000.0c0/0=0000000000. B[0/0.0/0.0/0.0/0.0/0.0/0.0/0.0/0.] p3l0:[1c1/1=0xbd07bd46.0c0/0=0000000000.0c0/0=0000000000.0c0/0=0000000000.0c0/0=0000000000.0c0/0=0000000000.0c0/0=0000000000.0c0/0=0000000000. B[0/0.0/0.0/0.0/0.0/0.0/0.0/0.0/0.] p3l1:[0c0/0=0000000000.0c0/0=0000000000.0c0/0=0000000000.0c0/0=0000000000.0c0/0=0000000000.0c0/0=0000000000.0c0/0=0000000000.0c0/0=0000000000. B[0/0.0/0.0/0.0/0.0/0.0/0.0/0.0/0.]
2026-09-22 02:34:19.476 INFO  kernel claim: rank 1 seq 1 rec0 peer 0 lane 0 slot 0 door(seq=1 len=20480 ctl=1 hash=0x40bbb8bd9cd11ab9) pay(w0=0x3cd4bd5c w1=0x3ba4bcfa w2=0x3d983bf6 w3=0x3d93bb1b w4=0xbcaa3cee w5=0x3d7a3bd5 w6=0x3de5bcd4 w7=0xbc6e3d31) folded16=0x48e1f2084ca136dc
2026-09-22 02:34:19.476 INFO  kernel claim: rank 1 seq 1 rec1 peer 3 lane 0 slot 0 door(seq=1 len=20480 ctl=1 hash=0x9b9c0d860fb32a36) pay(w0=0xbd07bd46 w1=0x3d06bc40 w2=0x3eaebd49 w3=0x3c0f3caf w4=0xbd9fbd9c w5=0xbd233d61 w6=0x3e033caa w7=0x3bfc3d9b) folded16=0x49c2ad127b6b7b36
2026-09-22 02:34:19.977 INFO  hunt qp: rank 1 seq 1  p0l0[RTS sq_psn=4667 rq_psn=4667 ack_timeout=14 retry_cnt=7 rnr_retry=7 min_rnr=12 sq_draining=0] p0l1[RTS sq_psn=4660 rq_psn=4660 ack_timeout=14 retry_cnt=7 rnr_retry=7 min_rnr=12 sq_draining=0] p2l0[RTS sq_psn=4666 rq_psn=4660 ack_timeout=14 retry_cnt=7 rnr_retry=7 min_rnr=12 sq_draining=0] p2l1[RTS sq_psn=4660 rq_psn=4660 ack_timeout=14 retry_cnt=7 rnr_retry=7 min_rnr=12 sq_draining=0] p3l0[RTS sq_psn=4667 rq_psn=4667 ack_timeout=14 retry_cnt=7 rnr_retry=7 min_rnr=12 sq_draining=0] p3l1[RTS sq_psn=4660 rq_psn=4660 ack_timeout=14 retry_cnt=7 rnr_retry=7 min_rnr=12 sq_draining=0]
2026-09-22 02:34:19.977 INFO  allreduce: rank 1 seq 1 STALLED 5007ms posted=0x7 ctl(ready=0x7 done=0 status=0 gate(waits=0 spins=0) first_claim(cell=0 len=20480 seq=1))  p0l0:[1c1/1=0x3cd4bd5c.0c0/0=0000000000.0c0/0=0000000000.0c0/0=0000000000.0c0/0=0000000000.0c0/0=0000000000.0c0/0=0000000000.0c0/0=0000000000. B[0/0.0/0.0/0.0/0.0/0.0/0.0/0.0/0.] p0l1:[0c0/0=0000000000.0c0/0=0000000000.0c0/0=0000000000.0c0/0=0000000000.0c0/0=0000000000.0c0/0=0000000000.0c0/0=0000000000.0c0/0=0000000000. B[0/0.0/0.0/0.0/0.0/0.0/0.0/0.0/0.] p2l0:[0c0/0=0000000000!0c0/0=0000000000.0c0/0=0000000000.0c0/0=0000000000.0c0/0=0000000000.0c0/0=0000000000.0c0/0=0000000000.0c0/0=0000000000. B[0/0.0/0.0/0.0/0.0/0.0/0.0/0.0/0.] p2l1:[0c0/0=0000000000.0c0/0=0000000000.0c0/0=0000000000.0c0/0=0000000000.0c0/0=0000000000.0c0/0=0000000000.0c0/0=0000000000.0c0/0=0000000000. B[0/0.0/0.0/0.0/0.0/0.0/0.0/0.0/0.] p3l0:[1c1/1=0xbd07bd46.0c0/0=0000000000.0c0/0=0000000000.0c0/0=0000000000.0c0/0=0000000000.0c0/0=0000000000.0c0/0=0000000000.0c0/0=0000000000. B[0/0.0/0.0/0.0/0.0/0.0/0.0/0.0/0.] p3l1:[0c0/0=0000000000.0c0/0=0000000000.0c0/0=0000000000.0c0/0=0000000000.0c0/0=0000000000.0c0/0=0000000000.0c0/0=0000000000.0c0/0=0000000000. B[0/0.0/0.0/0.0/0.0/0.0/0.0/0.0/0.]
2026-09-22 02:34:19.977 INFO  kernel claim: rank 1 seq 1 rec0 peer 0 lane 0 slot 0 door(seq=1 len=20480 ctl=1 hash=0x40bbb8bd9cd11ab9) pay(w0=0x3cd4bd5c w1=0x3ba4bcfa w2=0x3d983bf6 w3=0x3d93bb1b w4=0xbcaa3cee w5=0x3d7a3bd5 w6=0x3de5bcd4 w7=0xbc6e3d31) folded16=0x48e1f2084ca136dc
2026-09-22 02:34:19.977 INFO  kernel claim: rank 1 seq 1 rec1 peer 3 lane 0 slot 0 door(seq=1 len=20480 ctl=1 hash=0x9b9c0d860fb32a36) pay(w0=0xbd07bd46 w1=0x3d06bc40 w2=0x3eaebd49 w3=0x3c0f3caf w4=0xbd9fbd9c w5=0xbd233d61 w6=0x3e033caa w7=0x3bfc3d9b) folded16=0x49c2ad127b6b7b36
2026-09-22 02:34:20.479 INFO  hunt qp: rank 1 seq 1  p0l0[RTS sq_psn=4667 rq_psn=4667 ack_timeout=14 retry_cnt=7 rnr_retry=7 min_rnr=12 sq_draining=0] p0l1[RTS sq_psn=4660 rq_psn=4660 ack_timeout=14 retry_cnt=7 rnr_retry=7 min_rnr=12 sq_draining=0] p2l0[RTS sq_psn=4666 rq_psn=4660 ack_timeout=14 retry_cnt=7 rnr_retry=7 min_rnr=12 sq_draining=0] p2l1[RTS sq_psn=4660 rq_psn=4660 ack_timeout=14 retry_cnt=7 rnr_retry=7 min_rnr=12 sq_draining=0] p3l0[RTS sq_psn=4667 rq_psn=4667 ack_timeout=14 retry_cnt=7 rnr_retry=7 min_rnr=12 sq_draining=0] p3l1[RTS sq_psn=4660 rq_psn=4660 ack_timeout=14 retry_cnt=7 rnr_retry=7 min_rnr=12 sq_draining=0]
2026-09-22 02:34:20.479 INFO  allreduce: rank 1 seq 1 STALLED 5509ms posted=0x7 ctl(ready=0x7 done=0 status=0 gate(waits=0 spins=0) first_claim(cell=0 len=20480 seq=1))  p0l0:[1c1/1=0x3cd4bd5c.0c0/0=0000000000.0c0/0=0000000000.0c0/0=0000000000.0c0/0=0000000000.0c0/0=0000000000.0c0/0=0000000000.0c0/0=0000000000. B[0/0.0/0.0/0.0/0.0/0.0/0.0/0.0/0.] p0l1:[0c0/0=0000000000.0c0/0=0000000000.0c0/0=0000000000.0c0/0=0000000000.0c0/0=0000000000.0c0/0=0000000000.0c0/0=0000000000.0c0/0=0000000000. B[0/0.0/0.0/0.0/0.0/0.0/0.0/0.0/0.] p2l0:[0c0/0=0000000000!0c0/0=0000000000.0c0/0=0000000000.0c0/0=0000000000.0c0/0=0000000000.0c0/0=0000000000.0c0/0=0000000000.0c0/0=0000000000. B[0/0.0/0.0/0.0/0.0/0.0/0.0/0.0/0.] p2l1:[0c0/0=0000000000.0c0/0=0000000000.0c0/0=0000000000.0c0/0=0000000000.0c0/0=0000000000.0c0/0=0000000000.0c0/0=0000000000.0c0/0=0000000000. B[0/0.0/0.0/0.0/0.0/0.0/0.0/0.0/0.] p3l0:[1c1/1=0xbd07bd46.0c0/0=0000000000.0c0/0=0000000000.0c0/0=0000000000.0c0/0=0000000000.0c0/0=0000000000.0c0/0=0000000000.0c0/0=0000000000. B[0/0.0/0.0/0.0/0.0/0.0/0.0/0.0/0.] p3l1:[0c0/0=0000000000.0c0/0=0000000000.0c0/0=0000000000.0c0/0=0000000000.0c0/0=0000000000.0c0/0=0000000000.0c0/0=0000000000.0c0/0=0000000000. B[0/0.0/0.0/0.0/0.0/0.0/0.0/0.0/0.]
2026-09-22 02:34:20.479 INFO  kernel claim: rank 1 seq 1 rec0 peer 0 lane 0 slot 0 door(seq=1 len=20480 ctl=1 hash=0x40bbb8bd9cd11ab9) pay(w0=0x3cd4bd5c w1=0x3ba4bcfa w2=0x3d983bf6 w3=0x3d93bb1b w4=0xbcaa3cee w5=0x3d7a3bd5 w6=0x3de5bcd4 w7=0xbc6e3d31) folded16=0x48e1f2084ca136dc
2026-09-22 02:34:20.479 INFO  kernel claim: rank 1 seq 1 rec1 peer 3 lane 0 slot 0 door(seq=1 len=20480 ctl=1 hash=0x9b9c0d860fb32a36) pay(w0=0xbd07bd46 w1=0x3d06bc40 w2=0x3eaebd49 w3=0x3c0f3caf w4=0xbd9fbd9c w5=0xbd233d61 w6=0x3e033caa w7=0x3bfc3d9b) folded16=0x49c2ad127b6b7b36
2026-09-22 02:34:20.515 INFO  allreduce: rank 1 seq 1 done status=0 after 5544963.7us
2026-09-22 02:34:20.542 INFO  allreduce: rank 1 seq 2 launched (3 peers)
2026-09-22 02:34:20.542 INFO  allreduce: rank 1 seq 2 ready after 9.0us
2026-09-22 02:34:20.543 INFO  allreduce: rank 1 seq 2 done status=0 after 1352.3us
2026-09-22 02:34:20.722 INFO  allreduce: rank 1 seq 3 launched (3 peers)
2026-09-22 02:34:20.722 INFO  allreduce: rank 1 seq 3 ready after 43.0us
2026-09-22 02:34:20.817 INFO  allreduce: rank 1 seq 3 done status=0 after 94914.1us
2026-09-22 02:34:20.817 INFO  allreduce: rank 1 seq 4 launched (3 peers)
2026-09-22 02:34:20.817 INFO  allreduce: rank 1 seq 4 ready after 9.4us
2026-09-22 02:34:20.817 INFO  allreduce: rank 1 seq 4 done status=0 after 235.9us
2026-09-22 02:34:20.817 INFO  allreduce: rank 1 seq 5 launched (3 peers)
2026-09-22 02:34:20.817 INFO  allreduce: rank 1 seq 5 ready after 10.1us
2026-09-22 02:34:20.818 INFO  allreduce: rank 1 seq 5 done status=0 after 64.2us
2026-09-22 02:34:20.818 INFO  allreduce: rank 1 seq 6 launched (3 peers)
2026-09-22 02:34:20.818 INFO  allreduce: rank 1 seq 6 ready after 9.7us
2026-09-22 02:34:20.818 INFO  allreduce: rank 1 seq 6 done status=0 after 52.2us
2026-09-22 02:34:20.923 INFO  allreduce: rank 1 seq 7 launched (3 peers)
2026-09-22 02:34:20.923 INFO  allreduce: rank 1 seq 7 ready after 16.5us
2026-09-22 02:34:20.976 INFO  allreduce: rank 1 seq 7 done status=0 after 52971.4us
2026-09-22 02:34:20.977 INFO  allreduce: rank 1 seq 8 launched (3 peers)
2026-09-22 02:34:20.977 INFO  allreduce: rank 1 seq 8 ready after 9.5us
2026-09-22 02:34:20.977 INFO  allreduce: rank 1 seq 8 done status=0 after 131.9us
2026-09-22 02:34:21.107 INFO  allreduce: rank 1 seq 9 launched (3 peers)
2026-09-22 02:34:21.107 INFO  allreduce: rank 1 seq 9 ready after 16.6us
2026-09-22 02:34:21.222 INFO  allreduce: rank 1 seq 9 done status=0 after 115617.0us
2026-09-22 02:34:21.223 INFO  allreduce: rank 1 seq 10 launched (3 peers)
2026-09-22 02:34:21.223 INFO  allreduce: rank 1 seq 10 ready after 9.8us
2026-09-22 02:34:21.223 INFO  allreduce: rank 1 seq 10 done status=0 after 424.7us
2026-09-22 02:34:21.330 INFO  allreduce: rank 1 seq 11 launched (3 peers)
2026-09-22 02:34:21.330 INFO  allreduce: rank 1 seq 11 ready after 16.5us
2026-09-22 02:34:21.398 INFO  allreduce: rank 1 seq 11 done status=0 after 68238.8us
2026-09-22 02:34:21.398 INFO  allreduce: rank 1 seq 12 launched (3 peers)
2026-09-22 02:34:21.398 INFO  allreduce: rank 1 seq 12 ready after 9.9us
2026-09-22 02:34:21.399 INFO  allreduce: rank 1 seq 12 done status=0 after 447.0us
2026-09-22 02:34:21.491 INFO  allreduce: rank 1 seq 13 launched (3 peers)
2026-09-22 02:34:21.491 INFO  allreduce: rank 1 seq 13 ready after 16.7us
2026-09-22 02:34:21.558 INFO  allreduce: rank 1 seq 13 done status=0 after 66667.0us
2026-09-22 02:34:21.558 INFO  allreduce: rank 1 seq 14 launched (3 peers)
2026-09-22 02:34:21.558 INFO  allreduce: rank 1 seq 14 ready after 11.0us
2026-09-22 02:34:21.559 INFO  allreduce: rank 1 seq 14 done status=0 after 341.7us
2026-09-22 02:34:21.665 INFO  allreduce: rank 1 seq 15 launched (3 peers)
2026-09-22 02:34:21.665 INFO  allreduce: rank 1 seq 15 ready after 16.1us
2026-09-22 02:34:21.718 INFO  allreduce: rank 1 seq 15 done status=0 after 53418.5us
2026-09-22 02:34:21.719 INFO  allreduce: rank 1 seq 16 launched (3 peers)
2026-09-22 02:34:21.719 INFO  allreduce: rank 1 seq 16 ready after 9.8us
2026-09-22 02:34:21.719 INFO  allreduce: rank 1 seq 16 done status=0 after 493.7us
2026-09-22 02:34:29.377 INFO  rank 1 bf12: 248 decode matrices packed (1.65 GiB of bf16 -> 1.24 GiB, 197346 escapes, widest row 8, 0 rows kept raw; 0 matrices kept bf16) in 0.7 s
2026-09-22 02:34:29.381 INFO  bus graph era: variant 0 recorded with 102 collective node(s)
2026-09-22 02:34:29.381 INFO  rank 1: graph variant 0 shape: 1708 nodes, 1808 edges: kernel 1708 empty 0 memcpy 0 memset 0 host 0 event 0 other 0; max in-degree 2
2026-09-22 02:34:29.385 INFO  rank 1: graph variant 0 instantiated — 8.8 MiB of device memory (54.1 GiB free)
2026-09-22 02:34:29.386 INFO  bus graph era: variant 1 recorded with 102 collective node(s)
2026-09-22 02:34:29.386 INFO  rank 1: graph variant 1 shape: 1708 nodes, 1808 edges: kernel 1708 empty 0 memcpy 0 memset 0 host 0 event 0 other 0; max in-degree 2
2026-09-22 02:34:29.390 INFO  rank 1: graph variant 1 instantiated — 9.7 MiB of device memory (54.1 GiB free)
2026-09-22 02:34:29.390 INFO  rank 1: serving scalar graph variants 0/1 captured for request slot 0 (2 rows, MTP)
2026-09-22 02:34:29.391 INFO  bus graph era: variant 8 recorded with 102 collective node(s)
2026-09-22 02:34:29.391 INFO  rank 1: graph variant 8 shape: 1712 nodes, 1812 edges: kernel 1712 empty 0 memcpy 0 memset 0 host 0 event 0 other 0; max in-degree 2
2026-09-22 02:34:29.396 INFO  rank 1: graph variant 8 instantiated — 11.8 MiB of device memory (54.1 GiB free)
2026-09-22 02:34:29.398 INFO  bus graph era: variant 9 recorded with 102 collective node(s)
2026-09-22 02:34:29.398 INFO  rank 1: graph variant 9 shape: 1712 nodes, 1812 edges: kernel 1712 empty 0 memcpy 0 memset 0 host 0 event 0 other 0; max in-degree 2
2026-09-22 02:34:29.404 INFO  rank 1: graph variant 9 instantiated — 9.2 MiB of device memory (54.0 GiB free)
2026-09-22 02:34:29.404 INFO  rank 1: serving row-batched graph variants 8/9 captured for 2 slots x 2 rows = 4 fixed rows, MTP (a batch is selected at 2+ live requests, the smallest that covers the live slots)
2026-09-22 02:34:29.417 INFO  bus graph era: variant 10 recorded with 102 collective node(s)
2026-09-22 02:34:29.417 INFO  rank 1: graph variant 10 shape: 2018 nodes, 2118 edges: kernel 2018 empty 0 memcpy 0 memset 0 host 0 event 0 other 0; max in-degree 2
2026-09-22 02:34:29.424 INFO  rank 1: graph variant 10 instantiated — 12.3 MiB of device memory (54.0 GiB free)
2026-09-22 02:34:29.426 INFO  bus graph era: variant 11 recorded with 102 collective node(s)
2026-09-22 02:34:29.426 INFO  rank 1: graph variant 11 shape: 2018 nodes, 2118 edges: kernel 2018 empty 0 memcpy 0 memset 0 host 0 event 0 other 0; max in-degree 2
2026-09-22 02:34:29.432 INFO  rank 1: graph variant 11 instantiated — 7.9 MiB of device memory (54.0 GiB free)
2026-09-22 02:34:29.432 INFO  rank 1: serving row-batched graph variants 10/11 captured for 3 slots x 2 rows = 6 fixed rows, MTP (a batch is selected at 2+ live requests, the smallest that covers the live slots)
2026-09-22 02:34:29.434 INFO  bus graph era: variant 12 recorded with 102 collective node(s)
2026-09-22 02:34:29.434 INFO  rank 1: graph variant 12 shape: 2020 nodes, 2120 edges: kernel 2020 empty 0 memcpy 0 memset 0 host 0 event 0 other 0; max in-degree 2
2026-09-22 02:34:29.442 INFO  rank 1: graph variant 12 instantiated — 14.5 MiB of device memory (54.0 GiB free)
2026-09-22 02:34:29.444 INFO  bus graph era: variant 13 recorded with 102 collective node(s)
2026-09-22 02:34:29.444 INFO  rank 1: graph variant 13 shape: 2020 nodes, 2120 edges: kernel 2020 empty 0 memcpy 0 memset 0 host 0 event 0 other 0; max in-degree 2
2026-09-22 02:34:29.450 INFO  rank 1: graph variant 13 instantiated — 10.1 MiB of device memory (54.0 GiB free)
2026-09-22 02:34:29.450 INFO  rank 1: serving row-batched graph variants 12/13 captured for 4 slots x 2 rows = 8 fixed rows, MTP (a batch is selected at 2+ live requests, the smallest that covers the live slots)
2026-09-22 02:34:29.572 INFO  bus graph era: variant 2 recorded with 102 collective node(s)
2026-09-22 02:34:29.572 INFO  rank 1: graph variant 2 shape: 1708 nodes, 1808 edges: kernel 1708 empty 0 memcpy 0 memset 0 host 0 event 0 other 0; max in-degree 2
2026-09-22 02:34:29.578 INFO  rank 1: graph variant 2 instantiated — 9.2 MiB of device memory (54.0 GiB free)
2026-09-22 02:34:29.579 INFO  bus graph era: variant 3 recorded with 102 collective node(s)
2026-09-22 02:34:29.579 INFO  rank 1: graph variant 3 shape: 1708 nodes, 1808 edges: kernel 1708 empty 0 memcpy 0 memset 0 host 0 event 0 other 0; max in-degree 2
2026-09-22 02:34:29.585 INFO  rank 1: graph variant 3 instantiated — 11.8 MiB of device memory (54.0 GiB free)
2026-09-22 02:34:29.585 INFO  rank 1: serving scalar graph variants 2/3 captured for request slot 1 (2 rows, MTP)
2026-09-22 02:34:29.638 INFO  bus graph era: variant 4 recorded with 102 collective node(s)
2026-09-22 02:34:29.638 INFO  rank 1: graph variant 4 shape: 1708 nodes, 1808 edges: kernel 1708 empty 0 memcpy 0 memset 0 host 0 event 0 other 0; max in-degree 2
2026-09-22 02:34:29.643 INFO  rank 1: graph variant 4 instantiated — 9.2 MiB of device memory (54.0 GiB free)
2026-09-22 02:34:29.645 INFO  bus graph era: variant 5 recorded with 102 collective node(s)
2026-09-22 02:34:29.645 INFO  rank 1: graph variant 5 shape: 1708 nodes, 1808 edges: kernel 1708 empty 0 memcpy 0 memset 0 host 0 event 0 other 0; max in-degree 2
2026-09-22 02:34:29.651 INFO  rank 1: graph variant 5 instantiated — 9.7 MiB of device memory (54.0 GiB free)
2026-09-22 02:34:29.651 INFO  rank 1: serving scalar graph variants 4/5 captured for request slot 2 (2 rows, MTP)
2026-09-22 02:34:29.703 INFO  bus graph era: variant 6 recorded with 102 collective node(s)
2026-09-22 02:34:29.703 INFO  rank 1: graph variant 6 shape: 1708 nodes, 1808 edges: kernel 1708 empty 0 memcpy 0 memset 0 host 0 event 0 other 0; max in-degree 2
2026-09-22 02:34:29.708 INFO  rank 1: graph variant 6 instantiated — 9.7 MiB of device memory (54.0 GiB free)
2026-09-22 02:34:29.710 INFO  bus graph era: variant 7 recorded with 102 collective node(s)
2026-09-22 02:34:29.710 INFO  rank 1: graph variant 7 shape: 1708 nodes, 1808 edges: kernel 1708 empty 0 memcpy 0 memset 0 host 0 event 0 other 0; max in-degree 2
2026-09-22 02:34:29.717 INFO  rank 1: graph variant 7 instantiated — 13.6 MiB of device memory (53.9 GiB free)
2026-09-22 02:34:29.717 INFO  rank 1: serving scalar graph variants 6/7 captured for request slot 3 (2 rows, MTP)
2026-09-22 02:34:29.717 INFO  rank 1: warm capture complete — 4 scalar variants and the row batches for 2 slots, 3 slots, 4 slots recorded before the first request
2026-09-22 02:34:29.717 INFO  memory ledger: rank 1 after the warm capture — rss 4.77 GiB (anon 0.92, shmem 1.66, file 2.20; locked 14.13); device free 53.94 GiB, node available 57.57 GiB
2026-09-22 02:34:29.717 INFO  rank 1: graph variants warm-captured in 14.88s
2026-09-22 02:34:29.717 INFO  rank 1: following rank 0's journal (admission full, window 256)
2026-09-22 02:34:31.509 INFO  sched: request 'chatcmpl-b8251eb73406c730' prefix cache miss — 2 cut(s), the cache is empty
2026-09-22 02:34:31.509 INFO  sched: request 'chatcmpl-b8251eb73406c730' admitted to slot 0 (reserve 2 blocks; pool 3/4096 blocks in use) — first token 2
2026-09-22 02:34:32.387 INFO  sched: request 'chatcmpl-b8251eb73406c730' retired (steps): 64 tok in 0.9 s — prefill 64 tok (0 cached) in 359 ms; decode 63 tok / 36 passes in 0.5 s: 121.4 tok/s, 8.2 ms/tok, 14 ms/pass, 1.75 tok/pass, accept p1 75 %
2026-09-22 02:34:32.554 INFO  sched: request 'chatcmpl-b8251eb73406c731' prefix cache miss — 1 cut(s) probed against 2 entries; the nearest entry (position 124) shares the first 5 of the prompt's 37 tokens (the prompt differs from it from that token on)
2026-09-22 02:34:32.555 INFO  sched: request 'chatcmpl-b8251eb73406c731' admitted to slot 0 (reserve 5 blocks; pool 9/4096 blocks in use) — first token 760
2026-09-22 02:34:36.115 INFO  sched: request 'chatcmpl-b8251eb73406c731' retired (steps): 256 tok in 3.6 s — prefill 37 tok (0 cached) in 146 ms; decode 255 tok / 148 passes in 3.4 s: 74.7 tok/s, 13.4 ms/tok, 23 ms/pass, 1.72 tok/pass, accept p1 72 %
2026-09-22 02:34:36.196 INFO  sched: request 'chatcmpl-b8251eb73406c732' admitted to slot 0 (reserve 5 blocks; pool 14/4096 blocks in use) — first token 760
2026-09-22 02:34:39.718 INFO  sched: request 'chatcmpl-b8251eb73406c732' retired (steps): 256 tok in 3.5 s — prefill 37 tok (28 cached) in 59 ms; decode 255 tok / 148 passes in 3.5 s: 73.6 tok/s, 13.6 ms/tok, 23 ms/pass, 1.72 tok/pass, accept p1 72 %
2026-09-22 02:34:39.798 INFO  sched: request 'chatcmpl-b8251eb73406c733' admitted to slot 0 (reserve 5 blocks; pool 14/4096 blocks in use) — first token 760
2026-09-22 02:34:39.847 INFO  stats: rank 1 | 10.0 s | decode 58.0 tok/s, 13.4 ms/tok, 23.4 ms/step (334 steps / 581 tok, 78 % of wall) | mtp 1.74 tok/step/req, accept p1 73 % | prefill 4 prompts / 119 tok, 12 tok/s, 5.24 ms/tok, 156 ms avg (6 % of wall), 56 tok cached (2/4 hits) | live 1, queued 0 | pool 15/4096 blocks (0 %) | prefix cache 4/55 entries
2026-09-22 02:34:43.299 INFO  sched: request 'chatcmpl-b8251eb73406c733' retired (steps): 256 tok in 3.5 s — prefill 37 tok (28 cached) in 59 ms; decode 255 tok / 148 passes in 3.4 s: 74.1 tok/s, 13.5 ms/tok, 23 ms/pass, 1.72 tok/pass, accept p1 72 %
2026-09-22 02:34:43.487 INFO  sched: request 'chatcmpl-b8251eb73406c734' prefix cache miss — 2 cut(s) probed against 4 entries; the nearest entry (position 292) shares the first 11 of the prompt's 36 tokens (the prompt differs from it from that token on)
2026-09-22 02:34:43.487 INFO  sched: request 'chatcmpl-b8251eb73406c734' admitted to slot 0 (reserve 5 blocks; pool 15/4096 blocks in use) — first token 760
2026-09-22 02:34:43.687 INFO  sched: request 'chatcmpl-b8251eb73406c735' prefix cache miss — 2 cut(s) probed against 5 entries; the nearest entry (position 292) shares the first 11 of the prompt's 36 tokens (the prompt differs from it from that token on)
2026-09-22 02:34:43.687 INFO  sched: request 'chatcmpl-b8251eb73406c735' admitted to slot 1 (reserve 5 blocks; pool 22/4096 blocks in use) — first token 760
2026-09-22 02:34:48.273 INFO  sched: request 'chatcmpl-b8251eb73406c734' retired (steps): 256 tok in 4.8 s — prefill 36 tok (0 cached) in 177 ms; decode 255 tok / 152 passes in 4.6 s: 55.3 tok/s, 18.1 ms/tok, 30 ms/pass, 1.68 tok/pass, accept p1 68 %
2026-09-22 02:34:48.395 INFO  sched: request 'chatcmpl-b8251eb73406c735' retired (steps): 256 tok in 4.7 s — prefill 36 tok (0 cached) in 175 ms; decode 255 tok / 156 passes in 4.5 s: 56.3 tok/s, 17.8 ms/tok, 29 ms/pass, 1.63 tok/pass, accept p1 63 %
2026-09-22 02:34:48.474 INFO  sched: request 'chatcmpl-b8251eb73406c736' admitted to slot 0 (reserve 5 blocks; pool 26/4096 blocks in use) — first token 760
2026-09-22 02:34:48.556 INFO  sched: request 'chatcmpl-b8251eb73406c737' admitted to slot 1 (reserve 5 blocks; pool 32/4096 blocks in use) — first token 760
2026-09-22 02:34:49.876 INFO  stats: rank 1 | 10.0 s | decode 91.0 tok/s, 10.2 ms/tok, 26.7 ms/step (348 steps / 913 tok, 93 % of wall) | mtp 1.68 tok/step/req, accept p1 68 % | prefill 4 prompts / 88 tok, 9 tok/s, 5.31 ms/tok, 117 ms avg (5 % of wall), 56 tok cached (2/4 hits) | live 2, queued 0 | pool 33/4096 blocks (1 %) | prefix cache 8/55 entries
2026-09-22 02:34:53.126 INFO  sched: request 'chatcmpl-b8251eb73406c736' retired (steps): 256 tok in 4.7 s — prefill 36 tok (28 cached) in 58 ms; decode 255 tok / 152 passes in 4.6 s: 55.5 tok/s, 18.0 ms/tok, 30 ms/pass, 1.68 tok/pass, accept p1 68 %
2026-09-22 02:34:53.246 INFO  sched: request 'chatcmpl-b8251eb73406c737' retired (steps): 256 tok in 4.7 s — prefill 36 tok (28 cached) in 57 ms; decode 255 tok / 156 passes in 4.6 s: 55.0 tok/s, 18.2 ms/tok, 30 ms/pass, 1.63 tok/pass, accept p1 63 %
2026-09-22 02:34:53.320 INFO  sched: request 'chatcmpl-b8251eb73406c738' admitted to slot 0 (reserve 5 blocks; pool 26/4096 blocks in use) — first token 760
2026-09-22 02:34:53.401 INFO  sched: request 'chatcmpl-b8251eb73406c739' admitted to slot 1 (reserve 5 blocks; pool 32/4096 blocks in use) — first token 760
2026-09-22 02:34:57.924 INFO  sched: request 'chatcmpl-b8251eb73406c738' retired (steps): 256 tok in 4.6 s — prefill 36 tok (28 cached) in 58 ms; decode 255 tok / 152 passes in 4.5 s: 56.1 tok/s, 17.8 ms/tok, 30 ms/pass, 1.68 tok/pass, accept p1 68 %
2026-09-22 02:34:58.047 INFO  sched: request 'chatcmpl-b8251eb73406c739' retired (steps): 256 tok in 4.6 s — prefill 36 tok (28 cached) in 55 ms; decode 255 tok / 156 passes in 4.6 s: 55.5 tok/s, 18.0 ms/tok, 29 ms/pass, 1.63 tok/pass, accept p1 63 %
2026-09-22 02:34:58.242 INFO  sched: request 'chatcmpl-b8251eb73406c73a' prefix cache miss — 2 cut(s) probed against 8 entries; the nearest entry (position 292) shares the first 11 of the prompt's 35 tokens (the prompt differs from it from that token on)
2026-09-22 02:34:58.242 INFO  sched: request 'chatcmpl-b8251eb73406c73a' admitted to slot 0 (reserve 5 blocks; pool 27/4096 blocks in use) — first token 760
2026-09-22 02:34:58.436 INFO  sched: request 'chatcmpl-b8251eb73406c73b' prefix cache miss — 2 cut(s) probed against 9 entries; the nearest entry (position 292) shares the first 3 of the prompt's 32 tokens (the prompt differs from it from that token on)
2026-09-22 02:34:58.436 INFO  sched: request 'chatcmpl-b8251eb73406c73b' admitted to slot 1 (reserve 5 blocks; pool 34/4096 blocks in use) — first token 760
2026-09-22 02:34:58.638 INFO  sched: request 'chatcmpl-b8251eb73406c73c' prefix cache miss — 2 cut(s) probed against 10 entries; the nearest entry (position 24) shares the first 5 of the prompt's 32 tokens (the prompt differs from it from that token on)
2026-09-22 02:34:58.638 INFO  sched: request 'chatcmpl-b8251eb73406c73c' admitted to slot 2 (reserve 5 blocks; pool 41/4096 blocks in use) — first token 13962
2026-09-22 02:34:58.851 INFO  sched: request 'chatcmpl-b8251eb73406c73d' prefix cache miss — 2 cut(s) probed against 11 entries; the nearest entry (position 24) shares the first 5 of the prompt's 31 tokens (the prompt differs from it from that token on)
2026-09-22 02:34:58.851 INFO  sched: request 'chatcmpl-b8251eb73406c73d' admitted to slot 3 (reserve 5 blocks; pool 48/4096 blocks in use) — first token 760
2026-09-22 02:34:59.902 INFO  stats: rank 1 | 10.0 s | decode 105.4 tok/s, 8.5 ms/tok, 30.3 ms/step (296 steps / 1057 tok, 90 % of wall) | mtp 1.68 tok/step/req, accept p1 67 % | prefill 6 prompts / 146 tok, 15 tok/s, 5.53 ms/tok, 135 ms avg (8 % of wall), 56 tok cached (2/6 hits) | live 4, queued 0 | pool 49/4096 blocks (1 %) | prefix cache 12/55 entries
2026-09-22 02:35:05.211 INFO  sched: request 'chatcmpl-b8251eb73406c73b' retired (steps): 256 tok in 6.8 s — prefill 32 tok (0 cached) in 169 ms; decode 255 tok / 146 passes in 6.6 s: 38.6 tok/s, 25.9 ms/tok, 45 ms/pass, 1.75 tok/pass, accept p1 75 %
2026-09-22 02:35:05.387 INFO  sched: request 'chatcmpl-b8251eb73406c73c' retired (steps): 256 tok in 6.7 s — prefill 32 tok (0 cached) in 173 ms; decode 255 tok / 149 passes in 6.6 s: 38.8 tok/s, 25.8 ms/tok, 44 ms/pass, 1.71 tok/pass, accept p1 71 %
2026-09-22 02:35:05.595 INFO  sched: request 'chatcmpl-b8251eb73406c73d' retired (steps): 256 tok in 6.7 s — prefill 31 tok (0 cached) in 173 ms; decode 255 tok / 153 passes in 6.6 s: 38.8 tok/s, 25.8 ms/tok, 43 ms/pass, 1.67 tok/pass, accept p1 67 %
2026-09-22 02:35:05.647 INFO  sched: request 'chatcmpl-b8251eb73406c73a' retired (steps): 256 tok in 7.4 s — prefill 35 tok (0 cached) in 179 ms; decode 255 tok / 158 passes in 7.2 s: 35.3 tok/s, 28.3 ms/tok, 46 ms/pass, 1.61 tok/pass, accept p1 62 %
2026-09-22 02:35:05.724 INFO  sched: request 'chatcmpl-b8251eb73406c73e' admitted to slot 0 (reserve 5 blocks; pool 50/4096 blocks in use) — first token 760
2026-09-22 02:35:05.806 INFO  sched: request 'chatcmpl-b8251eb73406c73f' admitted to slot 1 (reserve 5 blocks; pool 56/4096 blocks in use) — first token 13962
2026-09-22 02:35:05.895 INFO  sched: request 'chatcmpl-b8251eb73406c740' admitted to slot 2 (reserve 5 blocks; pool 62/4096 blocks in use) — first token 760
2026-09-22 02:35:05.990 INFO  sched: request 'chatcmpl-b8251eb73406c741' admitted to slot 3 (reserve 5 blocks; pool 68/4096 blocks in use) — first token 760
2026-09-22 02:35:09.910 INFO  stats: rank 1 | 10.0 s | decode 144.7 tok/s, 6.6 ms/tok, 43.0 ms/step (223 steps / 1448 tok, 96 % of wall) | mtp 1.67 tok/step/req, accept p1 67 % | prefill 4 prompts / 30 tok, 3 tok/s, 7.51 ms/tok, 56 ms avg (2 % of wall), 100 tok cached (4/4 hits) | live 4, queued 0 | pool 69/4096 blocks (2 %) | prefix cache 16/55 entries
2026-09-22 02:35:12.388 INFO  sched: request 'chatcmpl-b8251eb73406c73f' retired (steps): 256 tok in 6.6 s — prefill 32 tok (24 cached) in 57 ms; decode 255 tok / 147 passes in 6.5 s: 39.1 tok/s, 25.6 ms/tok, 44 ms/pass, 1.73 tok/pass, accept p1 74 %
2026-09-22 02:35:12.609 INFO  sched: request 'chatcmpl-b8251eb73406c740' retired (steps): 256 tok in 6.7 s — prefill 32 tok (24 cached) in 57 ms; decode 255 tok / 151 passes in 6.7 s: 38.3 tok/s, 26.1 ms/tok, 44 ms/pass, 1.69 tok/pass, accept p1 69 %
2026-09-22 02:35:12.734 INFO  sched: request 'chatcmpl-b8251eb73406c741' retired (steps): 256 tok in 6.7 s — prefill 31 tok (24 cached) in 55 ms; decode 255 tok / 153 passes in 6.7 s: 38.1 tok/s, 26.2 ms/tok, 44 ms/pass, 1.67 tok/pass, accept p1 67 %
2026-09-22 02:35:12.786 INFO  sched: request 'chatcmpl-b8251eb73406c73e' retired (steps): 256 tok in 7.1 s — prefill 35 tok (28 cached) in 56 ms; decode 255 tok / 158 passes in 7.0 s: 36.4 tok/s, 27.5 ms/tok, 44 ms/pass, 1.61 tok/pass, accept p1 62 %
2026-09-22 02:35:12.869 INFO  sched: request 'chatcmpl-b8251eb73406c742' admitted to slot 0 (reserve 5 blocks; pool 60/4096 blocks in use) — first token 760
2026-09-22 02:35:12.951 INFO  sched: request 'chatcmpl-b8251eb73406c743' admitted to slot 1 (reserve 5 blocks; pool 66/4096 blocks in use) — first token 13962
2026-09-22 02:35:13.037 INFO  sched: request 'chatcmpl-b8251eb73406c744' admitted to slot 2 (reserve 5 blocks; pool 72/4096 blocks in use) — first token 760
2026-09-22 02:35:13.134 INFO  sched: request 'chatcmpl-b8251eb73406c745' admitted to slot 3 (reserve 5 blocks; pool 77/4096 blocks in use) — first token 760
2026-09-22 02:35:19.523 INFO  sched: request 'chatcmpl-b8251eb73406c743' retired (steps): 256 tok in 6.6 s — prefill 32 tok (24 cached) in 57 ms; decode 255 tok / 147 passes in 6.5 s: 39.1 tok/s, 25.6 ms/tok, 44 ms/pass, 1.73 tok/pass, accept p1 74 %
2026-09-22 02:35:19.786 INFO  sched: request 'chatcmpl-b8251eb73406c745' retired (steps): 256 tok in 6.7 s — prefill 32 tok (24 cached) in 58 ms; decode 255 tok / 151 passes in 6.6 s: 38.7 tok/s, 25.9 ms/tok, 44 ms/pass, 1.69 tok/pass, accept p1 69 %
2026-09-22 02:35:19.825 INFO  sched: request 'chatcmpl-b8251eb73406c744' retired (steps): 256 tok in 6.8 s — prefill 31 tok (24 cached) in 56 ms; decode 255 tok / 153 passes in 6.7 s: 37.9 tok/s, 26.4 ms/tok, 44 ms/pass, 1.67 tok/pass, accept p1 67 %
2026-09-22 02:35:19.899 INFO  sched: request 'chatcmpl-b8251eb73406c742' retired (steps): 256 tok in 7.0 s — prefill 35 tok (28 cached) in 56 ms; decode 255 tok / 158 passes in 7.0 s: 36.6 tok/s, 27.3 ms/tok, 44 ms/pass, 1.61 tok/pass, accept p1 62 %
2026-09-22 02:35:19.915 INFO  stats: rank 1 | 10.0 s | decode 144.0 tok/s, 6.6 ms/tok, 42.6 ms/step (224 steps / 1441 tok, 95 % of wall) | mtp 1.68 tok/step/req, accept p1 68 % | prefill 4 prompts / 30 tok, 3 tok/s, 7.56 ms/tok, 57 ms avg (2 % of wall), 100 tok cached (4/4 hits) | live 0, queued 0 | pool 55/4096 blocks (1 %) | prefix cache 18/55 entries
2026-09-22 02:35:20.116 INFO  sched: request 'chatcmpl-b8251eb73406c746' prefix cache miss — 2 cut(s) probed against 18 entries; the nearest entry (position 292) shares the first 5 of the prompt's 51 tokens (the prompt differs from it from that token on)
2026-09-22 02:35:20.116 INFO  sched: request 'chatcmpl-b8251eb73406c746' admitted to slot 0 (reserve 5 blocks; pool 61/4096 blocks in use) — first token 71093
2026-09-22 02:35:23.254 INFO  sched: request 'chatcmpl-b8251eb73406c746' retired (steps): 256 tok in 3.1 s — prefill 51 tok (0 cached) in 195 ms; decode 255 tok / 132 passes in 2.9 s: 86.7 tok/s, 11.5 ms/tok, 22 ms/pass, 1.93 tok/pass, accept p1 94 %
2026-09-22 02:35:23.330 INFO  sched: request 'chatcmpl-b8251eb73406c747' admitted to slot 0 (reserve 5 blocks; pool 66/4096 blocks in use) — first token 71093
2026-09-22 02:35:26.470 INFO  sched: request 'chatcmpl-b8251eb73406c747' retired (steps): 256 tok in 3.1 s — prefill 51 tok (44 cached) in 55 ms; decode 255 tok / 132 passes in 3.1 s: 82.7 tok/s, 12.1 ms/tok, 23 ms/pass, 1.93 tok/pass, accept p1 94 %
2026-09-22 02:35:26.546 INFO  sched: request 'chatcmpl-b8251eb73406c748' admitted to slot 0 (reserve 5 blocks; pool 66/4096 blocks in use) — first token 71093
2026-09-22 02:35:29.685 INFO  sched: request 'chatcmpl-b8251eb73406c748' retired (steps): 256 tok in 3.1 s — prefill 51 tok (44 cached) in 54 ms; decode 255 tok / 132 passes in 3.1 s: 82.7 tok/s, 12.1 ms/tok, 23 ms/pass, 1.93 tok/pass, accept p1 94 %
2026-09-22 02:35:29.903 INFO  sched: request 'chatcmpl-b8251eb73406c749' prefix cache miss — 2 cut(s) probed against 20 entries; the nearest entry (position 304) shares the first 7 of the prompt's 47 tokens (the prompt differs from it from that token on)
2026-09-22 02:35:29.903 INFO  sched: request 'chatcmpl-b8251eb73406c749' admitted to slot 0 (reserve 5 blocks; pool 67/4096 blocks in use) — first token 71093
2026-09-22 02:35:29.924 INFO  stats: rank 1 | 10.0 s | decode 77.0 tok/s, 11.9 ms/tok, 23.2 ms/step (397 steps / 771 tok, 92 % of wall) | mtp 1.94 tok/step/req, accept p1 94 % | prefill 4 prompts / 112 tok, 11 tok/s, 4.42 ms/tok, 124 ms avg (5 % of wall), 88 tok cached (2/4 hits) | live 1, queued 1 | pool 68/4096 blocks (2 %) | prefix cache 21/55 entries
2026-09-22 02:35:30.118 INFO  sched: request 'chatcmpl-b8251eb73406c74a' prefix cache miss — 2 cut(s) probed against 21 entries; the nearest entry (position 304) shares the first 8 of the prompt's 51 tokens (the prompt differs from it from that token on)
2026-09-22 02:35:30.118 INFO  sched: request 'chatcmpl-b8251eb73406c74a' admitted to slot 1 (reserve 5 blocks; pool 74/4096 blocks in use) — first token 71093
2026-09-22 02:35:34.104 INFO  sched: request 'chatcmpl-b8251eb73406c749' retired (steps): 256 tok in 4.2 s — prefill 47 tok (0 cached) in 191 ms; decode 255 tok / 134 passes in 4.0 s: 63.6 tok/s, 15.7 ms/tok, 30 ms/pass, 1.90 tok/pass, accept p1 91 %
2026-09-22 02:35:34.203 INFO  sched: request 'chatcmpl-b8251eb73406c74a' retired (steps): 256 tok in 4.1 s — prefill 51 tok (0 cached) in 192 ms; decode 255 tok / 137 passes in 3.9 s: 65.5 tok/s, 15.3 ms/tok, 28 ms/pass, 1.86 tok/pass, accept p1 87 %
2026-09-22 02:35:34.276 INFO  sched: request 'chatcmpl-b8251eb73406c74b' admitted to slot 0 (reserve 5 blocks; pool 78/4096 blocks in use) — first token 71093
2026-09-22 02:35:34.354 INFO  sched: request 'chatcmpl-b8251eb73406c74c' admitted to slot 1 (reserve 5 blocks; pool 84/4096 blocks in use) — first token 71093
2026-09-22 02:35:38.340 INFO  sched: request 'chatcmpl-b8251eb73406c74b' retired (steps): 256 tok in 4.1 s — prefill 47 tok (40 cached) in 57 ms; decode 255 tok / 134 passes in 4.0 s: 63.6 tok/s, 15.7 ms/tok, 30 ms/pass, 1.90 tok/pass, accept p1 91 %
2026-09-22 02:35:38.439 INFO  sched: request 'chatcmpl-b8251eb73406c74c' retired (steps): 256 tok in 4.1 s — prefill 51 tok (44 cached) in 53 ms; decode 255 tok / 137 passes in 4.0 s: 63.3 tok/s, 15.8 ms/tok, 29 ms/pass, 1.86 tok/pass, accept p1 87 %
2026-09-22 02:35:38.527 INFO  sched: request 'chatcmpl-b8251eb73406c74d' admitted to slot 0 (reserve 5 blocks; pool 78/4096 blocks in use) — first token 71093
2026-09-22 02:35:38.607 INFO  sched: request 'chatcmpl-b8251eb73406c74e' admitted to slot 1 (reserve 5 blocks; pool 84/4096 blocks in use) — first token 71093
2026-09-22 02:35:39.937 INFO  stats: rank 1 | 10.0 s | decode 119.3 tok/s, 7.8 ms/tok, 29.1 ms/step (321 steps / 1195 tok, 93 % of wall) | mtp 1.89 tok/step/req, accept p1 89 % | prefill 5 prompts / 79 tok, 8 tok/s, 5.24 ms/tok, 83 ms avg (4 % of wall), 168 tok cached (4/5 hits) | live 2, queued 0 | pool 85/4096 blocks (2 %) | prefix cache 24/55 entries
2026-09-22 02:35:42.615 INFO  sched: request 'chatcmpl-b8251eb73406c74e' retired (steps): 256 tok in 4.0 s — prefill 47 tok (40 cached) in 55 ms; decode 255 tok / 134 passes in 4.0 s: 64.5 tok/s, 15.5 ms/tok, 29 ms/pass, 1.90 tok/pass, accept p1 91 %
2026-09-22 02:35:42.665 INFO  sched: request 'chatcmpl-b8251eb73406c74d' retired (steps): 256 tok in 4.1 s — prefill 51 tok (44 cached) in 56 ms; decode 255 tok / 137 passes in 4.1 s: 62.5 tok/s, 16.0 ms/tok, 30 ms/pass, 1.86 tok/pass, accept p1 87 %
2026-09-22 02:35:42.820 INFO  sched: request 'chatcmpl-b8251eb73406c74f' prefix cache miss — 1 cut(s) probed against 24 entries; the nearest entry (position 304) shares the first 3 of the prompt's 34 tokens (the prompt differs from it from that token on)
2026-09-22 02:35:42.820 INFO  sched: request 'chatcmpl-b8251eb73406c74f' admitted to slot 0 (reserve 5 blocks; pool 79/4096 blocks in use) — first token 71093
2026-09-22 02:35:42.973 INFO  sched: request 'chatcmpl-b8251eb73406c750' prefix cache miss — 1 cut(s) probed against 25 entries; the nearest entry (position 24) shares the first 5 of the prompt's 33 tokens (the prompt differs from it from that token on)
2026-09-22 02:35:42.973 INFO  sched: request 'chatcmpl-b8251eb73406c750' admitted to slot 1 (reserve 5 blocks; pool 85/4096 blocks in use) — first token 71093
2026-09-22 02:35:43.135 INFO  sched: request 'chatcmpl-b8251eb73406c751' prefix cache miss — 1 cut(s) probed against 26 entries; the nearest entry (position 24) shares the first 5 of the prompt's 33 tokens (the prompt differs from it from that token on)
2026-09-22 02:35:43.135 INFO  sched: request 'chatcmpl-b8251eb73406c751' admitted to slot 2 (reserve 5 blocks; pool 92/4096 blocks in use) — first token 71093
2026-09-22 02:35:43.361 INFO  sched: request 'chatcmpl-b8251eb73406c752' prefix cache miss — 2 cut(s) probed against 27 entries; the nearest entry (position 300) shares the first 8 of the prompt's 44 tokens (the prompt differs from it from that token on)
2026-09-22 02:35:43.361 INFO  sched: request 'chatcmpl-b8251eb73406c752' admitted to slot 3 (reserve 5 blocks; pool 99/4096 blocks in use) — first token 71093
2026-09-22 02:35:49.055 INFO  sched: request 'chatcmpl-b8251eb73406c74f' retired (steps): 256 tok in 6.2 s — prefill 34 tok (0 cached) in 134 ms; decode 255 tok / 132 passes in 6.1 s: 41.8 tok/s, 23.9 ms/tok, 46 ms/pass, 1.93 tok/pass, accept p1 93 %
2026-09-22 02:35:49.231 INFO  sched: request 'chatcmpl-b8251eb73406c750' retired (steps): 256 tok in 6.3 s — prefill 33 tok (0 cached) in 130 ms; decode 255 tok / 135 passes in 6.1 s: 41.6 tok/s, 24.0 ms/tok, 45 ms/pass, 1.89 tok/pass, accept p1 90 %
2026-09-22 02:35:49.276 INFO  sched: request 'chatcmpl-b8251eb73406c751' retired (steps): 256 tok in 6.1 s — prefill 33 tok (0 cached) in 133 ms; decode 255 tok / 135 passes in 6.0 s: 42.4 tok/s, 23.6 ms/tok, 45 ms/pass, 1.89 tok/pass, accept p1 90 %
2026-09-22 02:35:49.302 INFO  sched: request 'chatcmpl-b8251eb73406c752' retired (steps): 256 tok in 5.9 s — prefill 44 tok (0 cached) in 190 ms; decode 255 tok / 135 passes in 5.8 s: 44.3 tok/s, 22.6 ms/tok, 43 ms/pass, 1.89 tok/pass, accept p1 90 %
2026-09-22 02:35:49.382 INFO  sched: request 'chatcmpl-b8251eb73406c753' admitted to slot 0 (reserve 5 blocks; pool 102/4096 blocks in use) — first token 71093
2026-09-22 02:35:49.463 INFO  sched: request 'chatcmpl-b8251eb73406c754' admitted to slot 1 (reserve 5 blocks; pool 108/4096 blocks in use) — first token 71093
2026-09-22 02:35:49.548 INFO  sched: request 'chatcmpl-b8251eb73406c755' admitted to slot 2 (reserve 5 blocks; pool 113/4096 blocks in use) — first token 71093
2026-09-22 02:35:49.644 INFO  sched: request 'chatcmpl-b8251eb73406c756' admitted to slot 3 (reserve 5 blocks; pool 119/4096 blocks in use) — first token 71093
2026-09-22 02:35:49.946 INFO  stats: rank 1 | 10.0 s | decode 142.8 tok/s, 6.3 ms/tok, 37.5 ms/step (239 steps / 1429 tok, 90 % of wall) | mtp 1.90 tok/step/req, accept p1 90 % | prefill 8 prompts / 180 tok, 18 tok/s, 4.54 ms/tok, 102 ms avg (8 % of wall), 108 tok cached (4/8 hits) | live 4, queued 0 | pool 121/4096 blocks (3 %) | prefix cache 32/55 entries
2026-09-22 02:35:55.371 INFO  sched: request 'chatcmpl-b8251eb73406c754' retired (steps): 256 tok in 5.9 s — prefill 34 tok (24 cached) in 57 ms; decode 255 tok / 132 passes in 5.9 s: 43.6 tok/s, 22.9 ms/tok, 44 ms/pass, 1.93 tok/pass, accept p1 93 %
2026-09-22 02:35:55.460 INFO  sched: request 'chatcmpl-b8251eb73406c753' retired (steps): 256 tok in 6.1 s — prefill 44 tok (36 cached) in 59 ms; decode 255 tok / 135 passes in 6.0 s: 42.4 tok/s, 23.6 ms/tok, 45 ms/pass, 1.89 tok/pass, accept p1 90 %
2026-09-22 02:35:55.587 INFO  sched: request 'chatcmpl-b8251eb73406c756' retired (steps): 256 tok in 5.9 s — prefill 33 tok (24 cached) in 58 ms; decode 255 tok / 135 passes in 5.9 s: 43.3 tok/s, 23.1 ms/tok, 44 ms/pass, 1.89 tok/pass, accept p1 90 %
2026-09-22 02:35:55.638 INFO  sched: request 'chatcmpl-b8251eb73406c755' retired (steps): 256 tok in 6.1 s — prefill 33 tok (24 cached) in 57 ms; decode 255 tok / 138 passes in 6.0 s: 42.3 tok/s, 23.7 ms/tok, 44 ms/pass, 1.85 tok/pass, accept p1 86 %
2026-09-22 02:35:55.719 INFO  sched: request 'chatcmpl-b8251eb73406c757' admitted to slot 0 (reserve 5 blocks; pool 107/4096 blocks in use) — first token 71093
2026-09-22 02:35:55.799 INFO  sched: request 'chatcmpl-b8251eb73406c758' admitted to slot 1 (reserve 5 blocks; pool 113/4096 blocks in use) — first token 71093
2026-09-22 02:35:55.887 INFO  sched: request 'chatcmpl-b8251eb73406c759' admitted to slot 2 (reserve 5 blocks; pool 118/4096 blocks in use) — first token 71093
2026-09-22 02:35:55.981 INFO  sched: request 'chatcmpl-b8251eb73406c75a' admitted to slot 3 (reserve 5 blocks; pool 124/4096 blocks in use) — first token 71093
2026-09-22 02:35:59.971 INFO  stats: rank 1 | 10.0 s | decode 164.2 tok/s, 5.8 ms/tok, 42.8 ms/step (224 steps / 1646 tok, 96 % of wall) | mtp 1.88 tok/step/req, accept p1 88 % | prefill 4 prompts / 36 tok, 4 tok/s, 6.43 ms/tok, 58 ms avg (2 % of wall), 108 tok cached (4/4 hits) | live 4, queued 0 | pool 126/4096 blocks (3 %) | prefix cache 33/55 entries
2026-09-22 02:36:01.771 INFO  sched: request 'chatcmpl-b8251eb73406c759' retired (steps): 256 tok in 5.9 s — prefill 34 tok (24 cached) in 59 ms; decode 255 tok / 132 passes in 5.8 s: 43.8 tok/s, 22.8 ms/tok, 44 ms/pass, 1.93 tok/pass, accept p1 93 %
2026-09-22 02:36:01.817 INFO  sched: request 'chatcmpl-b8251eb73406c757' retired (steps): 256 tok in 6.1 s — prefill 44 tok (36 cached) in 60 ms; decode 255 tok / 135 passes in 6.0 s: 42.2 tok/s, 23.7 ms/tok, 45 ms/pass, 1.89 tok/pass, accept p1 90 %
2026-09-22 02:36:01.944 INFO  sched: request 'chatcmpl-b8251eb73406c758' retired (steps): 256 tok in 6.1 s — prefill 33 tok (24 cached) in 56 ms; decode 255 tok / 137 passes in 6.1 s: 41.9 tok/s, 23.9 ms/tok, 44 ms/pass, 1.86 tok/pass, accept p1 87 %
2026-09-22 02:36:02.021 INFO  sched: request 'chatcmpl-b8251eb73406c75a' retired (steps): 256 tok in 6.0 s — prefill 33 tok (24 cached) in 57 ms; decode 255 tok / 138 passes in 6.0 s: 42.6 tok/s, 23.5 ms/tok, 43 ms/pass, 1.85 tok/pass, accept p1 86 %
2026-09-22 02:36:02.237 INFO  sched: request 'chatcmpl-b8251eb73406c75b' prefix cache miss — 2 cut(s) probed against 34 entries; the nearest entry (position 304) shares the first 3 of the prompt's 48 tokens (the prompt differs from it from that token on)
2026-09-22 02:36:02.237 INFO  sched: request 'chatcmpl-b8251eb73406c75b' admitted to slot 0 (reserve 5 blocks; pool 113/4096 blocks in use) — first token 58
2026-09-22 02:36:05.308 INFO  sched: request 'chatcmpl-b8251eb73406c75b' retired (steps): 256 tok in 3.1 s — prefill 48 tok (0 cached) in 194 ms; decode 255 tok / 129 passes in 2.9 s: 88.6 tok/s, 11.3 ms/tok, 22 ms/pass, 1.98 tok/pass, accept p1 98 %
2026-09-22 02:36:05.375 INFO  sched: request 'chatcmpl-b8251eb73406c75c' admitted to slot 0 (reserve 5 blocks; pool 118/4096 blocks in use) — first token 58
2026-09-22 02:36:08.444 INFO  sched: request 'chatcmpl-b8251eb73406c75c' retired (steps): 256 tok in 3.1 s — prefill 48 tok (40 cached) in 56 ms; decode 255 tok / 129 passes in 3.0 s: 84.6 tok/s, 11.8 ms/tok, 23 ms/pass, 1.98 tok/pass, accept p1 98 %
2026-09-22 02:36:08.523 INFO  sched: request 'chatcmpl-b8251eb73406c75d' admitted to slot 0 (reserve 5 blocks; pool 118/4096 blocks in use) — first token 58
2026-09-22 02:36:09.973 INFO  stats: rank 1 | 10.0 s | decode 96.9 tok/s, 9.7 ms/tok, 25.7 ms/step (366 steps / 969 tok, 94 % of wall) | mtp 1.97 tok/step/req, accept p1 98 % | prefill 3 prompts / 64 tok, 6 tok/s, 4.81 ms/tok, 103 ms avg (3 % of wall), 80 tok cached (2/3 hits) | live 1, queued 0 | pool 119/4096 blocks (3 %) | prefix cache 36/55 entries
2026-09-22 02:36:11.592 INFO  sched: request 'chatcmpl-b8251eb73406c75d' retired (steps): 256 tok in 3.1 s — prefill 48 tok (40 cached) in 57 ms; decode 255 tok / 129 passes in 3.0 s: 84.7 tok/s, 11.8 ms/tok, 23 ms/pass, 1.98 tok/pass, accept p1 98 %
2026-09-22 02:36:11.808 INFO  sched: request 'chatcmpl-b8251eb73406c75e' prefix cache miss — 2 cut(s) probed against 36 entries; the nearest entry (position 300) shares the first 17 of the prompt's 48 tokens (the prompt differs from it from that token on)
2026-09-22 02:36:11.808 INFO  sched: request 'chatcmpl-b8251eb73406c75e' admitted to slot 0 (reserve 5 blocks; pool 119/4096 blocks in use) — first token 58
2026-09-22 02:36:11.985 INFO  sched: request 'chatcmpl-b8251eb73406c75f' prefix cache miss — 1 cut(s) probed against 37 entries; the nearest entry (position 300) shares the first 17 of the prompt's 49 tokens (the prompt differs from it from that token on)
2026-09-22 02:36:11.985 INFO  sched: request 'chatcmpl-b8251eb73406c75f' admitted to slot 1 (reserve 5 blocks; pool 126/4096 blocks in use) — first token 58
2026-09-22 02:36:15.825 INFO  sched: request 'chatcmpl-b8251eb73406c75e' retired (steps): 256 tok in 4.0 s — prefill 48 tok (0 cached) in 195 ms; decode 255 tok / 128 passes in 3.8 s: 66.7 tok/s, 15.0 ms/tok, 30 ms/pass, 1.99 tok/pass, accept p1 100 %
2026-09-22 02:36:15.850 INFO  sched: request 'chatcmpl-b8251eb73406c75f' retired (steps): 256 tok in 3.9 s — prefill 49 tok (0 cached) in 153 ms; decode 255 tok / 128 passes in 3.7 s: 68.7 tok/s, 14.6 ms/tok, 29 ms/pass, 1.99 tok/pass, accept p1 99 %
2026-09-22 02:36:15.922 INFO  sched: request 'chatcmpl-b8251eb73406c760' admitted to slot 0 (reserve 5 blocks; pool 130/4096 blocks in use) — first token 58
2026-09-22 02:36:16.000 INFO  sched: request 'chatcmpl-b8251eb73406c761' admitted to slot 1 (reserve 5 blocks; pool 136/4096 blocks in use) — first token 58
2026-09-22 02:36:19.833 INFO  sched: request 'chatcmpl-b8251eb73406c760' retired (steps): 256 tok in 3.9 s — prefill 48 tok (40 cached) in 56 ms; decode 255 tok / 128 passes in 3.9 s: 66.1 tok/s, 15.1 ms/tok, 30 ms/pass, 1.99 tok/pass, accept p1 100 %
2026-09-22 02:36:19.859 INFO  sched: request 'chatcmpl-b8251eb73406c761' retired (steps): 256 tok in 3.9 s — prefill 49 tok (40 cached) in 54 ms; decode 255 tok / 128 passes in 3.8 s: 67.0 tok/s, 14.9 ms/tok, 30 ms/pass, 1.99 tok/pass, accept p1 99 %
2026-09-22 02:36:19.949 INFO  sched: request 'chatcmpl-b8251eb73406c762' admitted to slot 0 (reserve 5 blocks; pool 130/4096 blocks in use) — first token 58
2026-09-22 02:36:20.029 INFO  sched: request 'chatcmpl-b8251eb73406c763' admitted to slot 1 (reserve 5 blocks; pool 136/4096 blocks in use) — first token 58
2026-09-22 02:36:20.056 INFO  stats: rank 1 | 10.1 s | decode 115.6 tok/s, 7.9 ms/tok, 28.1 ms/step (328 steps / 1166 tok, 91 % of wall) | mtp 2.00 tok/step/req, accept p1 99 % | prefill 6 prompts / 131 tok, 13 tok/s, 4.37 ms/tok, 95 ms avg (6 % of wall), 160 tok cached (4/6 hits) | live 2, queued 0 | pool 136/4096 blocks (3 %) | prefix cache 40/55 entries
2026-09-22 02:36:23.865 INFO  sched: request 'chatcmpl-b8251eb73406c762' retired (steps): 256 tok in 3.9 s — prefill 48 tok (40 cached) in 58 ms; decode 255 tok / 128 passes in 3.9 s: 66.1 tok/s, 15.1 ms/tok, 30 ms/pass, 1.99 tok/pass, accept p1 100 %
2026-09-22 02:36:23.890 INFO  sched: request 'chatcmpl-b8251eb73406c763' retired (steps): 256 tok in 3.9 s — prefill 49 tok (40 cached) in 56 ms; decode 255 tok / 128 passes in 3.8 s: 67.0 tok/s, 14.9 ms/tok, 30 ms/pass, 1.99 tok/pass, accept p1 99 %
2026-09-22 02:36:24.061 INFO  sched: request 'chatcmpl-b8251eb73406c764' prefix cache miss — 1 cut(s) probed against 40 entries; the nearest entry (position 304) shares the first 3 of the prompt's 37 tokens (the prompt differs from it from that token on)
2026-09-22 02:36:24.061 INFO  sched: request 'chatcmpl-b8251eb73406c764' admitted to slot 0 (reserve 5 blocks; pool 131/4096 blocks in use) — first token 58
2026-09-22 02:36:24.222 INFO  sched: request 'chatcmpl-b8251eb73406c765' prefix cache miss — 1 cut(s) probed against 41 entries; the nearest entry (position 28) shares the first 8 of the prompt's 34 tokens (the prompt differs from it from that token on)
2026-09-22 02:36:24.222 INFO  sched: request 'chatcmpl-b8251eb73406c765' admitted to slot 1 (reserve 5 blocks; pool 137/4096 blocks in use) — first token 58
2026-09-22 02:36:24.431 INFO  sched: request 'chatcmpl-b8251eb73406c766' prefix cache miss — 2 cut(s) probed against 42 entries; the nearest entry (position 28) shares the first 8 of the prompt's 35 tokens (the prompt differs from it from that token on)
2026-09-22 02:36:24.431 INFO  sched: request 'chatcmpl-b8251eb73406c766' admitted to slot 2 (reserve 5 blocks; pool 144/4096 blocks in use) — first token 58
2026-09-22 02:36:24.661 INFO  sched: request 'chatcmpl-b8251eb73406c767' prefix cache miss — 2 cut(s) probed against 43 entries; the nearest entry (position 304) shares the first 17 of the prompt's 47 tokens (the prompt differs from it from that token on)
2026-09-22 02:36:24.661 INFO  sched: request 'chatcmpl-b8251eb73406c767' admitted to slot 3 (reserve 5 blocks; pool 152/4096 blocks in use) — first token 58
2026-09-22 02:36:30.079 INFO  stats: rank 1 | 10.0 s | decode 146.9 tok/s, 6.2 ms/tok, 36.5 ms/step (251 steps / 1472 tok, 91 % of wall) | mtp 1.98 tok/step/req, accept p1 98 % | prefill 4 prompts / 153 tok, 15 tok/s, 4.27 ms/tok, 163 ms avg (7 % of wall), 0 tok cached (0/4 hits) | live 4, queued 0 | pool 153/4096 blocks (4 %) | prefix cache 44/55 entries
2026-09-22 02:36:30.262 INFO  sched: request 'chatcmpl-b8251eb73406c764' retired (steps): 256 tok in 6.2 s — prefill 37 tok (0 cached) in 144 ms; decode 255 tok / 128 passes in 6.1 s: 42.1 tok/s, 23.8 ms/tok, 47 ms/pass, 1.99 tok/pass, accept p1 100 %
2026-09-22 02:36:30.350 INFO  sched: request 'chatcmpl-b8251eb73406c766' retired (steps): 256 tok in 5.9 s — prefill 35 tok (0 cached) in 179 ms; decode 255 tok / 128 passes in 5.7 s: 44.4 tok/s, 22.5 ms/tok, 45 ms/pass, 1.99 tok/pass, accept p1 100 %
2026-09-22 02:36:30.396 INFO  sched: request 'chatcmpl-b8251eb73406c767' retired (steps): 256 tok in 5.7 s — prefill 47 tok (0 cached) in 193 ms; decode 255 tok / 128 passes in 5.5 s: 46.0 tok/s, 21.7 ms/tok, 43 ms/pass, 1.99 tok/pass, accept p1 99 %
2026-09-22 02:36:30.521 INFO  sched: request 'chatcmpl-b8251eb73406c765' retired (steps): 256 tok in 6.3 s — prefill 34 tok (0 cached) in 138 ms; decode 255 tok / 135 passes in 6.2 s: 41.4 tok/s, 24.2 ms/tok, 46 ms/pass, 1.89 tok/pass, accept p1 89 %
2026-09-22 02:36:30.587 INFO  sched: request 'chatcmpl-b8251eb73406c768' admitted to slot 0 (reserve 5 blocks; pool 154/4096 blocks in use) — first token 58
2026-09-22 02:36:30.671 INFO  sched: request 'chatcmpl-b8251eb73406c769' admitted to slot 1 (reserve 5 blocks; pool 160/4096 blocks in use) — first token 58
2026-09-22 02:36:30.758 INFO  sched: request 'chatcmpl-b8251eb73406c76a' admitted to slot 2 (reserve 5 blocks; pool 165/4096 blocks in use) — first token 58
2026-09-22 02:36:30.850 INFO  sched: request 'chatcmpl-b8251eb73406c76b' admitted to slot 3 (reserve 5 blocks; pool 171/4096 blocks in use) — first token 58
2026-09-22 02:36:36.438 INFO  sched: request 'chatcmpl-b8251eb73406c768' retired (steps): 256 tok in 5.9 s — prefill 47 tok (40 cached) in 55 ms; decode 255 tok / 128 passes in 5.8 s: 44.0 tok/s, 22.7 ms/tok, 45 ms/pass, 1.99 tok/pass, accept p1 99 %
2026-09-22 02:36:36.527 INFO  sched: request 'chatcmpl-b8251eb73406c76a' retired (steps): 256 tok in 5.8 s — prefill 37 tok (28 cached) in 58 ms; decode 255 tok / 128 passes in 5.7 s: 44.6 tok/s, 22.4 ms/tok, 45 ms/pass, 1.99 tok/pass, accept p1 100 %
2026-09-22 02:36:36.571 INFO  sched: request 'chatcmpl-b8251eb73406c76b' retired (steps): 256 tok in 5.7 s — prefill 35 tok (28 cached) in 54 ms; decode 255 tok / 128 passes in 5.7 s: 45.0 tok/s, 22.2 ms/tok, 44 ms/pass, 1.99 tok/pass, accept p1 100 %
2026-09-22 02:36:36.698 INFO  sched: request 'chatcmpl-b8251eb73406c769' retired (steps): 256 tok in 6.0 s — prefill 34 tok (24 cached) in 60 ms; decode 255 tok / 135 passes in 6.0 s: 42.7 tok/s, 23.4 ms/tok, 44 ms/pass, 1.89 tok/pass, accept p1 89 %
2026-09-22 02:36:36.770 INFO  sched: request 'chatcmpl-b8251eb73406c76c' admitted to slot 0 (reserve 5 blocks; pool 154/4096 blocks in use) — first token 58
2026-09-22 02:36:36.854 INFO  sched: request 'chatcmpl-b8251eb73406c76d' admitted to slot 1 (reserve 5 blocks; pool 160/4096 blocks in use) — first token 58
2026-09-22 02:36:36.943 INFO  sched: request 'chatcmpl-b8251eb73406c76e' admitted to slot 2 (reserve 5 blocks; pool 165/4096 blocks in use) — first token 58
2026-09-22 02:36:37.036 INFO  sched: request 'chatcmpl-b8251eb73406c76f' admitted to slot 3 (reserve 5 blocks; pool 171/4096 blocks in use) — first token 58
2026-09-22 02:36:40.118 INFO  stats: rank 1 | 10.0 s | decode 163.5 tok/s, 5.7 ms/tok, 42.7 ms/step (220 steps / 1641 tok, 94 % of wall) | mtp 1.98 tok/step/req, accept p1 97 % | prefill 8 prompts / 66 tok, 7 tok/s, 6.88 ms/tok, 57 ms avg (5 % of wall), 240 tok cached (8/8 hits) | live 4, queued 0 | pool 173/4096 blocks (4 %) | prefix cache 48/55 entries
2026-09-22 02:36:42.636 INFO  sched: request 'chatcmpl-b8251eb73406c76c' retired (steps): 256 tok in 5.9 s — prefill 47 tok (40 cached) in 55 ms; decode 255 tok / 128 passes in 5.8 s: 43.9 tok/s, 22.8 ms/tok, 45 ms/pass, 1.99 tok/pass, accept p1 99 %
2026-09-22 02:36:42.726 INFO  sched: request 'chatcmpl-b8251eb73406c76e' retired (steps): 256 tok in 5.8 s — prefill 37 tok (28 cached) in 58 ms; decode 255 tok / 128 passes in 5.7 s: 44.5 tok/s, 22.4 ms/tok, 45 ms/pass, 1.99 tok/pass, accept p1 100 %
2026-09-22 02:36:42.771 INFO  sched: request 'chatcmpl-b8251eb73406c76f' retired (steps): 256 tok in 5.7 s — prefill 35 tok (28 cached) in 54 ms; decode 255 tok / 128 passes in 5.7 s: 44.9 tok/s, 22.3 ms/tok, 44 ms/pass, 1.99 tok/pass, accept p1 100 %
2026-09-22 02:36:42.897 INFO  sched: request 'chatcmpl-b8251eb73406c76d' retired (steps): 256 tok in 6.0 s — prefill 34 tok (24 cached) in 60 ms; decode 255 tok / 135 passes in 6.0 s: 42.6 tok/s, 23.5 ms/tok, 44 ms/pass, 1.89 tok/pass, accept p1 89 %
2026-09-22 02:36:43.158 INFO  sched: request 'chatcmpl-b8251eb73406c770' prefix cache miss — 1 cut(s) probed against 48 entries; the nearest entry (position 304) shares the first 3 of the prompt's 73 tokens (the prompt differs from it from that token on)
2026-09-22 02:36:43.158 INFO  sched: request 'chatcmpl-b8251eb73406c770' admitted to slot 0 (reserve 6 blocks; pool 155/4096 blocks in use) — first token 8160
2026-09-22 02:36:46.397 INFO  sched: request 'chatcmpl-b8251eb73406c770' retired (steps): 256 tok in 3.2 s — prefill 73 tok (0 cached) in 177 ms; decode 255 tok / 136 passes in 3.1 s: 83.3 tok/s, 12.0 ms/tok, 23 ms/pass, 1.88 tok/pass, accept p1 88 %
2026-09-22 02:36:46.481 INFO  sched: request 'chatcmpl-b8251eb73406c771' admitted to slot 0 (reserve 6 blocks; pool 160/4096 blocks in use) — first token 8160
2026-09-22 02:36:49.722 INFO  sched: request 'chatcmpl-b8251eb73406c771' retired (steps): 256 tok in 3.2 s — prefill 73 tok (64 cached) in 58 ms; decode 255 tok / 136 passes in 3.2 s: 80.1 tok/s, 12.5 ms/tok, 23 ms/pass, 1.88 tok/pass, accept p1 88 %
2026-09-22 02:36:49.790 INFO  sched: request 'chatcmpl-b8251eb73406c772' admitted to slot 0 (reserve 6 blocks; pool 160/4096 blocks in use) — first token 8160
2026-09-22 02:36:50.123 INFO  stats: rank 1 | 10.0 s | decode 100.4 tok/s, 9.3 ms/tok, 26.8 ms/step (350 steps / 1004 tok, 94 % of wall) | mtp 1.92 tok/step/req, accept p1 92 % | prefill 3 prompts / 91 tok, 9 tok/s, 3.21 ms/tok, 97 ms avg (3 % of wall), 128 tok cached (2/3 hits) | live 1, queued 0 | pool 161/4096 blocks (4 %) | prefix cache 50/55 entries
2026-09-22 02:36:53.032 INFO  sched: request 'chatcmpl-b8251eb73406c772' retired (steps): 256 tok in 3.2 s — prefill 73 tok (64 cached) in 57 ms; decode 255 tok / 136 passes in 3.2 s: 80.1 tok/s, 12.5 ms/tok, 23 ms/pass, 1.88 tok/pass, accept p1 88 %
2026-09-22 02:36:53.226 INFO  sched: request 'chatcmpl-b8251eb73406c773' prefix cache miss — 1 cut(s) probed against 50 entries; the nearest entry (position 328) shares the first 3 of the prompt's 54 tokens (the prompt differs from it from that token on)
2026-09-22 02:36:53.226 INFO  sched: request 'chatcmpl-b8251eb73406c773' admitted to slot 0 (reserve 5 blocks; pool 161/4096 blocks in use) — first token 8160
2026-09-22 02:36:53.459 INFO  sched: request 'chatcmpl-b8251eb73406c774' prefix cache miss — 2 cut(s) probed against 51 entries; the nearest entry (position 328) shares the first 4 of the prompt's 64 tokens (the prompt differs from it from that token on)
2026-09-22 02:36:53.459 INFO  sched: request 'chatcmpl-b8251eb73406c774' admitted to slot 1 (reserve 5 blocks; pool 167/4096 blocks in use) — first token 8160
2026-09-22 02:36:57.369 INFO  sched: request 'chatcmpl-b8251eb73406c773' retired (steps): 256 tok in 4.1 s — prefill 54 tok (0 cached) in 163 ms; decode 255 tok / 131 passes in 4.0 s: 64.1 tok/s, 15.6 ms/tok, 30 ms/pass, 1.95 tok/pass, accept p1 95 %
2026-09-22 02:36:57.395 INFO  sched: request 'chatcmpl-b8251eb73406c774' retired (steps): 256 tok in 3.9 s — prefill 64 tok (0 cached) in 208 ms; decode 255 tok / 131 passes in 3.7 s: 68.4 tok/s, 14.6 ms/tok, 28 ms/pass, 1.95 tok/pass, accept p1 95 %
2026-09-22 02:36:57.458 INFO  sched: request 'chatcmpl-b8251eb73406c775' admitted to slot 0 (reserve 5 blocks; pool 172/4096 blocks in use) — first token 8160
2026-09-22 02:36:57.542 INFO  sched: request 'chatcmpl-b8251eb73406c776' admitted to slot 1 (reserve 5 blocks; pool 177/4096 blocks in use) — first token 8160
2026-09-22 02:37:00.138 INFO  stats: rank 1 | 10.0 s | decode 107.6 tok/s, 8.6 ms/tok, 27.1 ms/step (342 steps / 1078 tok, 93 % of wall) | mtp 1.93 tok/step/req, accept p1 92 % | prefill 4 prompts / 136 tok, 14 tok/s, 3.58 ms/tok, 122 ms avg (5 % of wall), 100 tok cached (2/4 hits) | live 2, queued 0 | pool 178/4096 blocks (4 %) | prefix cache 53/55 entries
2026-09-22 02:37:01.453 INFO  sched: request 'chatcmpl-b8251eb73406c775' retired (steps): 256 tok in 4.0 s — prefill 64 tok (56 cached) in 58 ms; decode 255 tok / 131 passes in 3.9 s: 64.8 tok/s, 15.4 ms/tok, 30 ms/pass, 1.95 tok/pass, accept p1 95 %
2026-09-22 02:37:01.478 INFO  sched: request 'chatcmpl-b8251eb73406c776' retired (steps): 256 tok in 3.9 s — prefill 54 tok (44 cached) in 59 ms; decode 255 tok / 131 passes in 3.9 s: 65.8 tok/s, 15.2 ms/tok, 30 ms/pass, 1.95 tok/pass, accept p1 95 %
2026-09-22 02:37:01.560 INFO  sched: request 'chatcmpl-b8251eb73406c777' admitted to slot 0 (reserve 5 blocks; pool 171/4096 blocks in use) — first token 8160
2026-09-22 02:37:01.639 INFO  sched: request 'chatcmpl-b8251eb73406c778' admitted to slot 1 (reserve 5 blocks; pool 176/4096 blocks in use) — first token 8160
2026-09-22 02:37:05.551 INFO  sched: request 'chatcmpl-b8251eb73406c777' retired (steps): 256 tok in 4.0 s — prefill 54 tok (44 cached) in 60 ms; decode 255 tok / 131 passes in 3.9 s: 64.9 tok/s, 15.4 ms/tok, 30 ms/pass, 1.95 tok/pass, accept p1 95 %
2026-09-22 02:37:05.576 INFO  sched: request 'chatcmpl-b8251eb73406c778' retired (steps): 256 tok in 3.9 s — prefill 64 tok (56 cached) in 56 ms; decode 255 tok / 131 passes in 3.9 s: 65.7 tok/s, 15.2 ms/tok, 30 ms/pass, 1.95 tok/pass, accept p1 95 %
2026-09-22 02:37:05.766 INFO  sched: request 'chatcmpl-b8251eb73406c779' prefix cache miss — 1 cut(s) probed against 53 entries; the nearest entry (position 328) shares the first 3 of the prompt's 37 tokens (the prompt differs from it from that token on)
2026-09-22 02:37:05.766 INFO  sched: request 'chatcmpl-b8251eb73406c779' admitted to slot 0 (reserve 5 blocks; pool 172/4096 blocks in use) — first token 13962
2026-09-22 02:37:05.967 INFO  sched: request 'chatcmpl-b8251eb73406c77a' prefix cache miss — 2 cut(s) probed against 54 entries; the nearest entry (position 28) shares the first 8 of the prompt's 39 tokens (the prompt differs from it from that token on)
2026-09-22 02:37:05.967 INFO  sched: request 'chatcmpl-b8251eb73406c77a' admitted to slot 1 (reserve 5 blocks; pool 178/4096 blocks in use) — first token 8160
2026-09-22 02:37:06.160 INFO  sched: request 'chatcmpl-b8251eb73406c77b' prefix cache miss — 1 cut(s) probed against 53 entries; the nearest entry (position 328) shares the first 4 of the prompt's 54 tokens (the prompt differs from it from that token on)
2026-09-22 02:37:06.160 INFO  sched: request 'chatcmpl-b8251eb73406c77b' admitted to slot 2 (reserve 5 blocks; pool 178/4096 blocks in use) — first token 8160
2026-09-22 02:37:06.374 INFO  sched: request 'chatcmpl-b8251eb73406c77c' prefix cache miss — 2 cut(s) probed against 52 entries; the nearest entry (position 32) shares the first 7 of the prompt's 35 tokens (the prompt differs from it from that token on)
2026-09-22 02:37:06.374 INFO  sched: request 'chatcmpl-b8251eb73406c77c' admitted to slot 3 (reserve 5 blocks; pool 179/4096 blocks in use) — first token 8160
2026-09-22 02:37:10.173 INFO  stats: rank 1 | 10.0 s | decode 134.3 tok/s, 6.7 ms/tok, 34.0 ms/step (265 steps / 1348 tok, 90 % of wall) | mtp 1.93 tok/step/req, accept p1 92 % | prefill 6 prompts / 183 tok, 18 tok/s, 4.24 ms/tok, 129 ms avg (8 % of wall), 100 tok cached (2/6 hits) | live 4, queued 0 | pool 174/4096 blocks (4 %) | prefix cache 51/55 entries
2026-09-22 02:37:12.239 INFO  sched: request 'chatcmpl-b8251eb73406c77a' retired (steps): 256 tok in 6.3 s — prefill 39 tok (0 cached) in 178 ms; decode 255 tok / 134 passes in 6.1 s: 41.8 tok/s, 23.9 ms/tok, 45 ms/pass, 1.90 tok/pass, accept p1 90 %
2026-09-22 02:37:12.239 INFO  sched: request 'chatcmpl-b8251eb73406c779' retired (steps): 256 tok in 6.5 s — prefill 37 tok (0 cached) in 142 ms; decode 255 tok / 135 passes in 6.3 s: 40.3 tok/s, 24.8 ms/tok, 47 ms/pass, 1.89 tok/pass, accept p1 90 %
2026-09-22 02:37:12.285 INFO  sched: request 'chatcmpl-b8251eb73406c77b' retired (steps): 256 tok in 6.1 s — prefill 54 tok (0 cached) in 162 ms; decode 255 tok / 134 passes in 6.0 s: 42.8 tok/s, 23.4 ms/tok, 45 ms/pass, 1.90 tok/pass, accept p1 90 %
2026-09-22 02:37:12.409 INFO  sched: request 'chatcmpl-b8251eb73406c77c' retired (steps): 256 tok in 6.0 s — prefill 35 tok (0 cached) in 178 ms; decode 255 tok / 138 passes in 5.9 s: 43.5 tok/s, 23.0 ms/tok, 42 ms/pass, 1.85 tok/pass, accept p1 86 %
2026-09-22 02:37:12.478 INFO  sched: request 'chatcmpl-b8251eb73406c77d' admitted to slot 0 (reserve 5 blocks; pool 176/4096 blocks in use) — first token 8160
2026-09-22 02:37:12.558 INFO  sched: request 'chatcmpl-b8251eb73406c77e' admitted to slot 1 (reserve 5 blocks; pool 181/4096 blocks in use) — first token 8160
2026-09-22 02:37:12.644 INFO  sched: request 'chatcmpl-b8251eb73406c77f' admitted to slot 2 (reserve 5 blocks; pool 182/4096 blocks in use) — first token 8160
2026-09-22 02:37:12.740 INFO  sched: request 'chatcmpl-b8251eb73406c780' admitted to slot 3 (reserve 5 blocks; pool 183/4096 blocks in use) — first token 13962
2026-09-22 02:37:18.517 INFO  sched: request 'chatcmpl-b8251eb73406c77d' retired (steps): 256 tok in 6.0 s — prefill 54 tok (44 cached) in 58 ms; decode 255 tok / 133 passes in 6.0 s: 42.6 tok/s, 23.5 ms/tok, 45 ms/pass, 1.92 tok/pass, accept p1 92 %
2026-09-22 02:37:18.653 INFO  sched: request 'chatcmpl-b8251eb73406c77e' retired (steps): 256 tok in 6.1 s — prefill 35 tok (28 cached) in 56 ms; decode 255 tok / 135 passes in 6.0 s: 42.2 tok/s, 23.7 ms/tok, 45 ms/pass, 1.89 tok/pass, accept p1 89 %
2026-09-22 02:37:18.654 INFO  sched: request 'chatcmpl-b8251eb73406c77f' retired (steps): 256 tok in 6.0 s — prefill 39 tok (32 cached) in 56 ms; decode 255 tok / 134 passes in 6.0 s: 42.8 tok/s, 23.3 ms/tok, 44 ms/pass, 1.90 tok/pass, accept p1 90 %
2026-09-22 02:37:18.782 INFO  sched: request 'chatcmpl-b8251eb73406c780' retired (steps): 256 tok in 6.0 s — prefill 37 tok (28 cached) in 58 ms; decode 255 tok / 138 passes in 6.0 s: 42.6 tok/s, 23.5 ms/tok, 43 ms/pass, 1.85 tok/pass, accept p1 85 %
2026-09-22 02:37:18.858 INFO  sched: request 'chatcmpl-b8251eb73406c781' admitted to slot 0 (reserve 5 blocks; pool 170/4096 blocks in use) — first token 8160
2026-09-22 02:37:18.936 INFO  sched: request 'chatcmpl-b8251eb73406c782' admitted to slot 1 (reserve 5 blocks; pool 175/4096 blocks in use) — first token 8160
2026-09-22 02:37:19.022 INFO  sched: request 'chatcmpl-b8251eb73406c783' admitted to slot 2 (reserve 5 blocks; pool 182/4096 blocks in use) — first token 8160
2026-09-22 02:37:19.117 INFO  sched: request 'chatcmpl-b8251eb73406c784' admitted to slot 3 (reserve 5 blocks; pool 183/4096 blocks in use) — first token 13962
2026-09-22 02:37:20.211 INFO  stats: rank 1 | 10.0 s | decode 158.0 tok/s, 5.9 ms/tok, 42.4 ms/step (221 steps / 1586 tok, 93 % of wall) | mtp 1.89 tok/step/req, accept p1 89 % | prefill 8 prompts / 66 tok, 7 tok/s, 6.85 ms/tok, 57 ms avg (5 % of wall), 264 tok cached (8/8 hits) | live 4, queued 0 | pool 179/4096 blocks (4 %) | prefix cache 51/55 entries
2026-09-22 02:37:24.903 INFO  sched: request 'chatcmpl-b8251eb73406c781' retired (steps): 256 tok in 6.0 s — prefill 54 tok (44 cached) in 60 ms; decode 255 tok / 133 passes in 6.0 s: 42.6 tok/s, 23.5 ms/tok, 45 ms/pass, 1.92 tok/pass, accept p1 92 %
2026-09-22 02:37:25.037 INFO  sched: request 'chatcmpl-b8251eb73406c782' retired (steps): 256 tok in 6.1 s — prefill 35 tok (28 cached) in 52 ms; decode 255 tok / 135 passes in 6.0 s: 42.2 tok/s, 23.7 ms/tok, 45 ms/pass, 1.89 tok/pass, accept p1 89 %
2026-09-22 02:37:25.037 INFO  sched: request 'chatcmpl-b8251eb73406c783' retired (steps): 256 tok in 6.0 s — prefill 39 tok (32 cached) in 54 ms; decode 255 tok / 134 passes in 6.0 s: 42.8 tok/s, 23.4 ms/tok, 44 ms/pass, 1.90 tok/pass, accept p1 90 %
2026-09-22 02:37:25.164 INFO  sched: request 'chatcmpl-b8251eb73406c784' retired (steps): 256 tok in 6.0 s — prefill 37 tok (28 cached) in 58 ms; decode 255 tok / 138 passes in 6.0 s: 42.6 tok/s, 23.5 ms/tok, 43 ms/pass, 1.85 tok/pass, accept p1 85 %
2026-09-22 02:37:25.392 INFO  sched: request 'chatcmpl-b8251eb73406c785' prefix cache miss — 2 cut(s) probed against 51 entries; the nearest entry (position 292) shares the first 5 of the prompt's 40 tokens (the prompt differs from it from that token on)
2026-09-22 02:37:25.392 INFO  sched: request 'chatcmpl-b8251eb73406c785' admitted to slot 0 (reserve 5 blocks; pool 161/4096 blocks in use) — first token 77517
2026-09-22 02:37:28.994 INFO  sched: request 'chatcmpl-b8251eb73406c785' retired (eos): 239 tok in 3.6 s — prefill 40 tok (0 cached) in 191 ms; decode 238 tok / 150 passes in 3.4 s: 69.8 tok/s, 14.3 ms/tok, 23 ms/pass, 1.59 tok/pass, accept p1 59 %
2026-09-22 02:37:29.062 INFO  sched: request 'chatcmpl-b8251eb73406c786' admitted to slot 0 (reserve 5 blocks; pool 166/4096 blocks in use) — first token 77517
2026-09-22 02:37:30.220 INFO  stats: rank 1 | 10.0 s | decode 113.3 tok/s, 8.4 ms/tok, 30.7 ms/step (310 steps / 1134 tok, 95 % of wall) | mtp 1.80 tok/step/req, accept p1 80 % | prefill 2 prompts / 48 tok, 5 tok/s, 5.16 ms/tok, 124 ms avg (2 % of wall), 32 tok cached (1/2 hits) | live 1, queued 0 | pool 167/4096 blocks (4 %) | prefix cache 53/55 entries
2026-09-22 02:37:32.733 INFO  sched: request 'chatcmpl-b8251eb73406c786' retired (eos): 239 tok in 3.7 s — prefill 40 tok (32 cached) in 57 ms; decode 238 tok / 150 passes in 3.6 s: 65.9 tok/s, 15.2 ms/tok, 24 ms/pass, 1.59 tok/pass, accept p1 59 %
2026-09-22 02:37:32.818 INFO  sched: request 'chatcmpl-b8251eb73406c787' admitted to slot 0 (reserve 5 blocks; pool 166/4096 blocks in use) — first token 77517
2026-09-22 02:37:36.471 INFO  sched: request 'chatcmpl-b8251eb73406c787' retired (eos): 239 tok in 3.7 s — prefill 40 tok (32 cached) in 58 ms; decode 238 tok / 150 passes in 3.6 s: 66.2 tok/s, 15.1 ms/tok, 24 ms/pass, 1.59 tok/pass, accept p1 59 %
2026-09-22 02:37:36.706 INFO  sched: request 'chatcmpl-b8251eb73406c788' prefix cache miss — 2 cut(s) probed against 53 entries; the nearest entry (position 276) shares the first 12 of the prompt's 40 tokens (the prompt differs from it from that token on)
2026-09-22 02:37:36.706 INFO  sched: request 'chatcmpl-b8251eb73406c788' admitted to slot 0 (reserve 5 blocks; pool 167/4096 blocks in use) — first token 24531
2026-09-22 02:37:36.880 INFO  sched: request 'chatcmpl-b8251eb73406c789' prefix cache miss — 1 cut(s) probed against 53 entries; the nearest entry (position 276) shares the first 13 of the prompt's 41 tokens (the prompt differs from it from that token on)
2026-09-22 02:37:36.880 INFO  sched: request 'chatcmpl-b8251eb73406c789' admitted to slot 1 (reserve 5 blocks; pool 169/4096 blocks in use) — first token 32
2026-09-22 02:37:40.249 INFO  stats: rank 1 | 10.0 s | decode 79.9 tok/s, 11.7 ms/tok, 25.5 ms/step (367 steps / 801 tok, 93 % of wall) | mtp 1.67 tok/step/req, accept p1 67 % | prefill 3 prompts / 89 tok, 9 tok/s, 4.44 ms/tok, 132 ms avg (4 % of wall), 32 tok cached (1/3 hits) | live 2, queued 0 | pool 169/4096 blocks (4 %) | prefix cache 53/55 entries
2026-09-22 02:37:41.173 INFO  sched: request 'chatcmpl-b8251eb73406c788' retired (steps): 256 tok in 4.5 s — prefill 40 tok (0 cached) in 187 ms; decode 255 tok / 144 passes in 4.3 s: 59.6 tok/s, 16.8 ms/tok, 30 ms/pass, 1.77 tok/pass, accept p1 77 %
2026-09-22 02:37:41.391 INFO  sched: request 'chatcmpl-b8251eb73406c789' retired (steps): 256 tok in 4.5 s — prefill 41 tok (0 cached) in 150 ms; decode 255 tok / 152 passes in 4.4 s: 58.5 tok/s, 17.1 ms/tok, 29 ms/pass, 1.68 tok/pass, accept p1 68 %
2026-09-22 02:37:41.472 INFO  sched: request 'chatcmpl-b8251eb73406c78a' admitted to slot 0 (reserve 5 blocks; pool 172/4096 blocks in use) — first token 32
2026-09-22 02:37:41.554 INFO  sched: request 'chatcmpl-b8251eb73406c78b' admitted to slot 1 (reserve 5 blocks; pool 177/4096 blocks in use) — first token 24531
2026-09-22 02:37:45.977 INFO  sched: request 'chatcmpl-b8251eb73406c78b' retired (steps): 256 tok in 4.4 s — prefill 40 tok (32 cached) in 57 ms; decode 255 tok / 144 passes in 4.4 s: 58.4 tok/s, 17.1 ms/tok, 30 ms/pass, 1.77 tok/pass, accept p1 77 %
2026-09-22 02:37:46.150 INFO  sched: request 'chatcmpl-b8251eb73406c78a' retired (steps): 256 tok in 4.7 s — prefill 41 tok (32 cached) in 59 ms; decode 255 tok / 152 passes in 4.6 s: 55.2 tok/s, 18.1 ms/tok, 30 ms/pass, 1.68 tok/pass, accept p1 68 %
2026-09-22 02:37:46.235 INFO  sched: request 'chatcmpl-b8251eb73406c78c' admitted to slot 0 (reserve 5 blocks; pool 170/4096 blocks in use) — first token 32
2026-09-22 02:37:46.345 INFO  sched: request 'chatcmpl-b8251eb73406c78d' admitted to slot 1 (reserve 5 blocks; pool 175/4096 blocks in use) — first token 24531
2026-09-22 02:37:50.274 INFO  stats: rank 1 | 10.0 s | decode 107.3 tok/s, 8.9 ms/tok, 29.7 ms/step (321 steps / 1076 tok, 95 % of wall) | mtp 1.72 tok/step/req, accept p1 72 % | prefill 4 prompts / 34 tok, 3 tok/s, 7.19 ms/tok, 61 ms avg (2 % of wall), 128 tok cached (4/4 hits) | live 2, queued 0 | pool 176/4096 blocks (4 %) | prefix cache 53/55 entries
2026-09-22 02:37:50.727 INFO  sched: request 'chatcmpl-b8251eb73406c78d' retired (steps): 256 tok in 4.4 s — prefill 40 tok (32 cached) in 69 ms; decode 255 tok / 144 passes in 4.3 s: 59.1 tok/s, 16.9 ms/tok, 30 ms/pass, 1.77 tok/pass, accept p1 77 %
2026-09-22 02:37:50.902 INFO  sched: request 'chatcmpl-b8251eb73406c78c' retired (steps): 256 tok in 4.7 s — prefill 41 tok (32 cached) in 59 ms; decode 255 tok / 152 passes in 4.6 s: 55.3 tok/s, 18.1 ms/tok, 30 ms/pass, 1.68 tok/pass, accept p1 68 %
2026-09-22 02:37:51.108 INFO  sched: request 'chatcmpl-b8251eb73406c78e' prefix cache miss — 2 cut(s) probed against 53 entries; the nearest entry (position 296) shares the first 5 of the prompt's 31 tokens (the prompt differs from it from that token on)
2026-09-22 02:37:51.108 INFO  sched: request 'chatcmpl-b8251eb73406c78e' admitted to slot 0 (reserve 5 blocks; pool 171/4096 blocks in use) — first token 48218
2026-09-22 02:37:51.317 INFO  sched: request 'chatcmpl-b8251eb73406c78f' prefix cache miss — 2 cut(s) probed against 53 entries; the nearest entry (position 296) shares the first 12 of the prompt's 40 tokens (the prompt differs from it from that token on)
2026-09-22 02:37:51.318 INFO  sched: request 'chatcmpl-b8251eb73406c78f' admitted to slot 1 (reserve 5 blocks; pool 177/4096 blocks in use) — first token 623
2026-09-22 02:37:51.519 INFO  sched: request 'chatcmpl-b8251eb73406c790' prefix cache miss — 2 cut(s) probed against 52 entries; the nearest entry (position 296) shares the first 5 of the prompt's 31 tokens (the prompt differs from it from that token on)
2026-09-22 02:37:51.519 INFO  sched: request 'chatcmpl-b8251eb73406c790' admitted to slot 2 (reserve 5 blocks; pool 178/4096 blocks in use) — first token 30576
2026-09-22 02:37:51.730 INFO  sched: request 'chatcmpl-b8251eb73406c791' prefix cache miss — 2 cut(s) probed against 51 entries; the nearest entry (position 296) shares the first 5 of the prompt's 31 tokens (the prompt differs from it from that token on)
2026-09-22 02:37:51.730 INFO  sched: request 'chatcmpl-b8251eb73406c791' admitted to slot 3 (reserve 5 blocks; pool 175/4096 blocks in use) — first token 13923
2026-09-22 02:37:58.255 INFO  sched: request 'chatcmpl-b8251eb73406c78f' retired (steps): 256 tok in 6.9 s — prefill 40 tok (0 cached) in 185 ms; decode 255 tok / 146 passes in 6.8 s: 37.8 tok/s, 26.5 ms/tok, 46 ms/pass, 1.75 tok/pass, accept p1 75 %
2026-09-22 02:37:58.255 INFO  sched: request 'chatcmpl-b8251eb73406c78e' retired (steps): 256 tok in 7.1 s — prefill 31 tok (0 cached) in 175 ms; decode 255 tok / 147 passes in 7.0 s: 36.6 tok/s, 27.3 ms/tok, 47 ms/pass, 1.73 tok/pass, accept p1 73 %
2026-09-22 02:37:58.439 INFO  sched: request 'chatcmpl-b8251eb73406c790' retired (steps): 256 tok in 6.9 s — prefill 31 tok (0 cached) in 171 ms; decode 255 tok / 149 passes in 6.7 s: 37.8 tok/s, 26.5 ms/tok, 45 ms/pass, 1.71 tok/pass, accept p1 71 %
2026-09-22 02:37:58.440 INFO  sched: request 'chatcmpl-b8251eb73406c791' retired (steps): 256 tok in 6.7 s — prefill 31 tok (0 cached) in 172 ms; decode 255 tok / 148 passes in 6.5 s: 39.0 tok/s, 25.6 ms/tok, 44 ms/pass, 1.72 tok/pass, accept p1 72 %
2026-09-22 02:37:58.520 INFO  sched: request 'chatcmpl-b8251eb73406c792' admitted to slot 0 (reserve 5 blocks; pool 176/4096 blocks in use) — first token 623
2026-09-22 02:37:58.599 INFO  sched: request 'chatcmpl-b8251eb73406c793' admitted to slot 1 (reserve 5 blocks; pool 181/4096 blocks in use) — first token 30576
2026-09-22 02:37:58.685 INFO  sched: request 'chatcmpl-b8251eb73406c794' admitted to slot 2 (reserve 5 blocks; pool 182/4096 blocks in use) — first token 13923
2026-09-22 02:37:58.779 INFO  sched: request 'chatcmpl-b8251eb73406c795' admitted to slot 3 (reserve 5 blocks; pool 182/4096 blocks in use) — first token 48218
2026-09-22 02:38:00.308 INFO  stats: rank 1 | 10.0 s | decode 134.2 tok/s, 6.6 ms/tok, 42.3 ms/step (210 steps / 1346 tok, 89 % of wall) | mtp 1.75 tok/step/req, accept p1 74 % | prefill 8 prompts / 162 tok, 16 tok/s, 5.72 ms/tok, 116 ms avg (9 % of wall), 104 tok cached (4/8 hits) | live 4, queued 0 | pool 179/4096 blocks (4 %) | prefix cache 51/55 entries
2026-09-22 02:38:05.077 INFO  sched: request 'chatcmpl-b8251eb73406c792' retired (steps): 256 tok in 6.6 s — prefill 40 tok (32 cached) in 59 ms; decode 255 tok / 144 passes in 6.5 s: 39.2 tok/s, 25.5 ms/tok, 45 ms/pass, 1.77 tok/pass, accept p1 77 %
2026-09-22 02:38:05.297 INFO  sched: request 'chatcmpl-b8251eb73406c795' retired (steps): 256 tok in 6.5 s — prefill 31 tok (24 cached) in 55 ms; decode 255 tok / 146 passes in 6.5 s: 39.4 tok/s, 25.3 ms/tok, 44 ms/pass, 1.75 tok/pass, accept p1 75 %
2026-09-22 02:38:05.334 INFO  sched: request 'chatcmpl-b8251eb73406c794' retired (steps): 256 tok in 6.6 s — prefill 31 tok (24 cached) in 56 ms; decode 255 tok / 148 passes in 6.6 s: 38.7 tok/s, 25.9 ms/tok, 45 ms/pass, 1.72 tok/pass, accept p1 72 %
2026-09-22 02:38:05.360 INFO  sched: request 'chatcmpl-b8251eb73406c793' retired (steps): 256 tok in 6.8 s — prefill 31 tok (24 cached) in 54 ms; decode 255 tok / 150 passes in 6.7 s: 38.0 tok/s, 26.3 ms/tok, 45 ms/pass, 1.70 tok/pass, accept p1 70 %
2026-09-22 02:38:05.433 INFO  sched: request 'chatcmpl-b8251eb73406c796' admitted to slot 0 (reserve 5 blocks; pool 175/4096 blocks in use) — first token 30576
2026-09-22 02:38:05.512 INFO  sched: request 'chatcmpl-b8251eb73406c797' admitted to slot 1 (reserve 5 blocks; pool 181/4096 blocks in use) — first token 13923
2026-09-22 02:38:05.602 INFO  sched: request 'chatcmpl-b8251eb73406c798' admitted to slot 2 (reserve 5 blocks; pool 181/4096 blocks in use) — first token 623
2026-09-22 02:38:05.697 INFO  sched: request 'chatcmpl-b8251eb73406c799' admitted to slot 3 (reserve 5 blocks; pool 183/4096 blocks in use) — first token 48218
2026-09-22 02:38:10.329 INFO  stats: rank 1 | 10.0 s | decode 152.0 tok/s, 6.3 ms/tok, 43.3 ms/step (222 steps / 1523 tok, 96 % of wall) | mtp 1.75 tok/step/req, accept p1 74 % | prefill 4 prompts / 29 tok, 3 tok/s, 7.78 ms/tok, 56 ms avg (2 % of wall), 104 tok cached (4/4 hits) | live 4, queued 0 | pool 183/4096 blocks (4 %) | prefix cache 51/55 entries
2026-09-22 02:38:11.983 INFO  sched: request 'chatcmpl-b8251eb73406c798' retired (steps): 256 tok in 6.4 s — prefill 40 tok (32 cached) in 59 ms; decode 255 tok / 143 passes in 6.3 s: 40.3 tok/s, 24.8 ms/tok, 44 ms/pass, 1.78 tok/pass, accept p1 78 %
2026-09-22 02:38:12.029 INFO  sched: request 'chatcmpl-b8251eb73406c796' retired (steps): 256 tok in 6.6 s — prefill 31 tok (24 cached) in 57 ms; decode 255 tok / 146 passes in 6.5 s: 39.0 tok/s, 25.6 ms/tok, 45 ms/pass, 1.75 tok/pass, accept p1 75 %
2026-09-22 02:38:12.115 INFO  sched: request 'chatcmpl-b8251eb73406c797' retired (steps): 256 tok in 6.6 s — prefill 31 tok (24 cached) in 55 ms; decode 255 tok / 147 passes in 6.5 s: 38.9 tok/s, 25.7 ms/tok, 45 ms/pass, 1.73 tok/pass, accept p1 73 %
2026-09-22 02:38:12.140 INFO  sched: request 'chatcmpl-b8251eb73406c799' retired (steps): 256 tok in 6.4 s — prefill 31 tok (24 cached) in 55 ms; decode 255 tok / 146 passes in 6.4 s: 39.9 tok/s, 25.1 ms/tok, 44 ms/pass, 1.75 tok/pass, accept p1 75 %
2026-09-22 02:38:12.660 INFO  sched: request 'chatcmpl-b8251eb73406c79a' prefix cache miss — 1 cut(s) probed against 54 entries; the nearest entry (position 328) shares the first 3 of the prompt's 554 tokens (the prompt differs from it from that token on)
2026-09-22 02:38:12.660 INFO  sched: request 'chatcmpl-b8251eb73406c79a' admitted to slot 0 (reserve 9 blocks; pool 184/4096 blocks in use) — first token 760
2026-09-22 02:38:12.661 INFO  sched: request 'chatcmpl-b8251eb73406c79a' retired (steps): 1 tok in 0.0 s — prefill 554 tok (0 cached) in 369 ms; decode 0 tok / 0 passes in 0.0 s
2026-09-22 02:38:13.844 INFO  sched: request 'chatcmpl-b8251eb73406c79b' prefix cache miss — 3 cut(s) probed against 54 entries; the nearest entry (position 544) shares the first 14 of the prompt's 2063 tokens (the prompt differs from it from that token on)
2026-09-22 02:38:13.844 INFO  sched: request 'chatcmpl-b8251eb73406c79b' admitted to slot 0 (reserve 33 blocks; pool 216/4096 blocks in use) — first token 760
2026-09-22 02:38:13.844 INFO  sched: request 'chatcmpl-b8251eb73406c79b' retired (steps): 1 tok in 0.0 s — prefill 2063 tok (0 cached) in 1167 ms; decode 0 tok / 0 passes in 0.0 s
2026-09-22 02:38:14.989 INFO  sched: request 'chatcmpl-b8251eb73406c79c' prefix cache miss — 2 cut(s) probed against 54 entries; the nearest entry (position 2056) shares the first 20 of the prompt's 2054 tokens (the prompt differs from it from that token on)
2026-09-22 02:38:14.989 INFO  sched: request 'chatcmpl-b8251eb73406c79c' admitted to slot 0 (reserve 33 blocks; pool 247/4096 blocks in use) — first token 760
2026-09-22 02:38:14.989 INFO  sched: request 'chatcmpl-b8251eb73406c79c' retired (steps): 1 tok in 0.0 s — prefill 2054 tok (0 cached) in 1112 ms; decode 0 tok / 0 passes in 0.0 s
2026-09-22 02:38:16.063 INFO  sched: request 'chatcmpl-b8251eb73406c79d' prefix cache miss — 1 cut(s) probed against 54 entries; the nearest entry (position 2056) shares the first 20 of the prompt's 2038 tokens (the prompt differs from it from that token on)
2026-09-22 02:38:16.063 INFO  sched: request 'chatcmpl-b8251eb73406c79d' admitted to slot 0 (reserve 32 blocks; pool 278/4096 blocks in use) — first token 760
2026-09-22 02:38:16.063 INFO  sched: request 'chatcmpl-b8251eb73406c79d' retired (steps): 1 tok in 0.0 s — prefill 2038 tok (0 cached) in 1063 ms; decode 0 tok / 0 passes in 0.0 s
2026-09-22 02:38:20.519 INFO  sched: request 'chatcmpl-b8251eb73406c79e' prefix cache miss — 5 cut(s) probed against 54 entries; the nearest entry (position 2056) shares the first 15 of the prompt's 8091 tokens (the prompt differs from it from that token on)
2026-09-22 02:38:20.519 INFO  sched: request 'chatcmpl-b8251eb73406c79e' admitted to slot 0 (reserve 127 blocks; pool 400/4096 blocks in use) — first token 760
2026-09-22 02:38:20.520 INFO  sched: request 'chatcmpl-b8251eb73406c79e' retired (steps): 1 tok in 0.0 s — prefill 8091 tok (0 cached) in 4418 ms; decode 0 tok / 0 passes in 0.0 s
2026-09-22 02:38:20.520 INFO  stats: rank 1 | 10.2 s | decode 26.8 tok/s, 6.5 ms/tok, 43.2 ms/step (41 steps / 273 tok, 17 % of wall) | mtp 1.75 tok/step/req, accept p1 72 % | prefill 5 prompts / 14800 tok, 1452 tok/s, 0.55 ms/tok, 1626 ms avg (80 % of wall), 0 tok cached (0/5 hits) | live 0, queued 0 | pool 399/4096 blocks (10 %) | prefix cache 55/55 entries
2026-09-22 02:38:24.997 INFO  sched: request 'chatcmpl-b8251eb73406c79f' prefix cache miss — 5 cut(s) probed against 54 entries; the nearest entry (position 8084) shares the first 20 of the prompt's 8132 tokens (the prompt differs from it from that token on)
2026-09-22 02:38:24.997 INFO  sched: request 'chatcmpl-b8251eb73406c79f' admitted to slot 0 (reserve 128 blocks; pool 523/4096 blocks in use) — first token 760
2026-09-22 02:38:24.998 INFO  sched: request 'chatcmpl-b8251eb73406c79f' retired (steps): 1 tok in 0.0 s — prefill 8132 tok (0 cached) in 4440 ms; decode 0 tok / 0 passes in 0.0 s
2026-09-22 02:38:29.631 INFO  sched: request 'chatcmpl-b8251eb73406c7a0' prefix cache miss — 6 cut(s) probed against 53 entries; the nearest entry (position 8132) shares the first 20 of the prompt's 8300 tokens (the prompt differs from it from that token on)
2026-09-22 02:38:29.631 INFO  sched: request 'chatcmpl-b8251eb73406c7a0' admitted to slot 0 (reserve 130 blocks; pool 643/4096 blocks in use) — first token 760
2026-09-22 02:38:29.631 INFO  sched: request 'chatcmpl-b8251eb73406c7a0' retired (steps): 1 tok in 0.0 s — prefill 8300 tok (0 cached) in 4595 ms; decode 0 tok / 0 passes in 0.0 s
2026-09-22 02:38:48.005 INFO  sched: request 'chatcmpl-b8251eb73406c7a1' prefix cache miss — 17 cut(s) probed against 53 entries; the nearest entry (position 8300) shares the first 15 of the prompt's 32664 tokens (the prompt differs from it from that token on)
2026-09-22 02:38:48.006 INFO  sched: request 'chatcmpl-b8251eb73406c7a1' admitted to slot 0 (reserve 511 blocks; pool 1148/4096 blocks in use) — first token 760
2026-09-22 02:38:48.006 INFO  sched: request 'chatcmpl-b8251eb73406c7a1' retired (steps): 1 tok in 0.0 s — prefill 32664 tok (0 cached) in 18312 ms; decode 0 tok / 0 passes in 0.0 s
2026-09-22 02:38:48.006 INFO  stats: rank 1 | 27.5 s | decode 0.1 tok/s, 0.0 ms/tok, 0.0 ms/step (0 steps / 3 tok, 0 % of wall) | prefill 3 prompts / 49096 tok, 1786 tok/s, 0.56 ms/tok, 9116 ms avg (99 % of wall), 0 tok cached (0/3 hits) | live 0, queued 0 | pool 1143/4096 blocks (28 %) | prefix cache 55/55 entries
2026-09-22 02:39:06.462 INFO  sched: request 'chatcmpl-b8251eb73406c7a2' prefix cache miss — 16 cut(s) probed against 53 entries; the nearest entry (position 32664) shares the first 21 of the prompt's 32698 tokens (the prompt differs from it from that token on)
2026-09-22 02:39:06.462 INFO  sched: request 'chatcmpl-b8251eb73406c7a2' admitted to slot 0 (reserve 511 blocks; pool 1645/4096 blocks in use) — first token 760
2026-09-22 02:39:06.462 INFO  sched: request 'chatcmpl-b8251eb73406c7a2' retired (steps): 1 tok in 0.0 s — prefill 32698 tok (0 cached) in 18400 ms; decode 0 tok / 0 passes in 0.0 s
2026-09-22 02:39:06.462 INFO  stats: rank 1 | 18.5 s | decode 0.1 tok/s, 0.0 ms/tok, 0.0 ms/step (0 steps / 1 tok, 0 % of wall) | prefill 1 prompt / 32698 tok, 1772 tok/s, 0.56 ms/tok, 18400 ms avg (100 % of wall), 0 tok cached (0/1 hit) | live 0, queued 0 | pool 1644/4096 blocks (40 %) | prefix cache 55/55 entries
2026-09-22 02:39:24.733 INFO  sched: request 'chatcmpl-b8251eb73406c7a3' prefix cache miss — 16 cut(s) probed against 53 entries; the nearest entry (position 32688) shares the first 21 of the prompt's 32653 tokens (the prompt differs from it from that token on)
2026-09-22 02:39:24.733 INFO  sched: request 'chatcmpl-b8251eb73406c7a3' admitted to slot 0 (reserve 511 blocks; pool 2154/4096 blocks in use) — first token 760
2026-09-22 02:39:24.733 INFO  sched: request 'chatcmpl-b8251eb73406c7a3' retired (steps): 1 tok in 0.0 s — prefill 32653 tok (0 cached) in 18220 ms; decode 0 tok / 0 passes in 0.0 s
2026-09-22 02:39:24.733 INFO  stats: rank 1 | 18.3 s | decode 0.1 tok/s, 0.0 ms/tok, 0.0 ms/step (0 steps / 1 tok, 0 % of wall) | prefill 1 prompt / 32653 tok, 1787 tok/s, 0.56 ms/tok, 18220 ms avg (100 % of wall), 0 tok cached (0/1 hit) | live 0, queued 0 | pool 2153/4096 blocks (53 %) | prefix cache 55/55 entries
2026-09-22 02:39:24.998 INFO  sched: request 'chatcmpl-b8251eb73406c7a4' prefix cache miss — 2 cut(s) probed against 54 entries; an entry at this prompt's cut 56 was evicted (47 eviction(s) ago, last used at tick 256, now tick 6984; the arena holds 55 slots)
2026-09-22 02:39:24.998 INFO  sched: request 'chatcmpl-b8251eb73406c7a4' admitted to slot 0 (reserve 2 blocks; pool 2155/4096 blocks in use) — first token 2
2026-09-22 02:39:25.854 INFO  sched: request 'chatcmpl-b8251eb73406c7a4' retired (steps): 64 tok in 0.9 s — prefill 64 tok (0 cached) in 212 ms; decode 63 tok / 36 passes in 0.6 s: 97.8 tok/s, 10.2 ms/tok, 18 ms/pass, 1.75 tok/pass, accept p1 75 %
2026-09-22 02:39:26.023 INFO  sched: request 'chatcmpl-b8251eb73406c7a5' prefix cache miss — 1 cut(s) probed against 54 entries; an entry at this prompt's cut 28 was evicted (46 eviction(s) ago, last used at tick 600, now tick 7025; the arena holds 55 slots)
2026-09-22 02:39:26.023 INFO  sched: request 'chatcmpl-b8251eb73406c7a5' admitted to slot 0 (reserve 5 blocks; pool 2155/4096 blocks in use) — first token 760
2026-09-22 02:39:29.573 INFO  rank 1: slot 0 closed: 149 sampled decode steps, 0 fallbacks
2026-09-22 02:39:29.574 INFO  sched: request 'chatcmpl-b8251eb73406c7a5' retired (steps): 256 tok in 3.6 s — prefill 37 tok (0 cached) in 143 ms; decode 255 tok / 149 passes in 3.4 s: 74.8 tok/s, 13.4 ms/tok, 23 ms/pass, 1.71 tok/pass, accept p1 72 %
2026-09-22 02:39:29.641 INFO  sched: request 'chatcmpl-b8251eb73406c7a6' admitted to slot 0 (reserve 5 blocks; pool 2159/4096 blocks in use) — first token 760
2026-09-22 02:39:33.232 INFO  rank 1: slot 0 closed: 151 sampled decode steps, 0 fallbacks
2026-09-22 02:39:33.233 INFO  sched: request 'chatcmpl-b8251eb73406c7a6' retired (steps): 256 tok in 3.6 s — prefill 37 tok (28 cached) in 57 ms; decode 255 tok / 151 passes in 3.5 s: 72.2 tok/s, 13.9 ms/tok, 23 ms/pass, 1.69 tok/pass, accept p1 69 %
2026-09-22 02:39:33.297 INFO  sched: request 'chatcmpl-b8251eb73406c7a7' admitted to slot 0 (reserve 5 blocks; pool 2159/4096 blocks in use) — first token 760
2026-09-22 02:39:34.742 INFO  stats: rank 1 | 10.0 s | decode 67.5 tok/s, 13.6 ms/tok, 23.2 ms/step (397 steps / 676 tok, 92 % of wall) | mtp 1.70 tok/step/req, accept p1 70 % | prefill 4 prompts / 119 tok, 12 tok/s, 3.95 ms/tok, 117 ms avg (5 % of wall), 56 tok cached (2/4 hits) | live 1, queued 0 | pool 2155/4096 blocks (53 %) | prefix cache 54/55 entries
2026-09-22 02:39:37.055 INFO  rank 1: slot 0 closed: 158 sampled decode steps, 0 fallbacks
2026-09-22 02:39:37.055 INFO  sched: request 'chatcmpl-b8251eb73406c7a7' retired (steps): 256 tok in 3.8 s — prefill 37 tok (28 cached) in 58 ms; decode 255 tok / 158 passes in 3.7 s: 68.9 tok/s, 14.5 ms/tok, 23 ms/pass, 1.61 tok/pass, accept p1 62 %
2026-09-22 02:39:37.244 INFO  sched: request 'chatcmpl-b8251eb73406c7a8' prefix cache miss — 2 cut(s) probed against 54 entries; an entry at this prompt's cut 28 was evicted (47 eviction(s) ago, last used at tick 1071, now tick 7487; the arena holds 55 slots)
2026-09-22 02:39:37.244 INFO  sched: request 'chatcmpl-b8251eb73406c7a8' admitted to slot 0 (reserve 5 blocks; pool 2159/4096 blocks in use) — first token 760
2026-09-22 02:39:37.445 INFO  sched: request 'chatcmpl-b8251eb73406c7a9' prefix cache miss — 2 cut(s) probed against 53 entries; an entry at this prompt's cut 28 was evicted (48 eviction(s) ago, last used at tick 1072, now tick 7488; the arena holds 55 slots)
2026-09-22 02:39:37.445 INFO  sched: request 'chatcmpl-b8251eb73406c7a9' admitted to slot 1 (reserve 5 blocks; pool 2160/4096 blocks in use) — first token 760
2026-09-22 02:39:37.653 INFO  sched: request 'chatcmpl-b8251eb73406c7aa' prefix cache miss — 2 cut(s) probed against 52 entries; an entry at this prompt's cut 28 was evicted (43 eviction(s) ago, last used at tick 1556, now tick 7489; the arena holds 55 slots)
2026-09-22 02:39:37.653 INFO  sched: request 'chatcmpl-b8251eb73406c7aa' admitted to slot 2 (reserve 5 blocks; pool 2157/4096 blocks in use) — first token 332
2026-09-22 02:39:37.865 INFO  sched: request 'chatcmpl-b8251eb73406c7ab' prefix cache miss — 2 cut(s) probed against 51 entries; an entry at this prompt's cut 24 was evicted (44 eviction(s) ago, last used at tick 1557, now tick 7490; the arena holds 55 slots)
2026-09-22 02:39:37.865 INFO  sched: request 'chatcmpl-b8251eb73406c7ab' admitted to slot 3 (reserve 5 blocks; pool 2154/4096 blocks in use) — first token 760
2026-09-22 02:39:44.183 INFO  rank 1: slot 0 closed: 146 sampled decode steps, 0 fallbacks
2026-09-22 02:39:44.184 INFO  sched: request 'chatcmpl-b8251eb73406c7a8' retired (steps): 256 tok in 6.9 s — prefill 36 tok (0 cached) in 183 ms; decode 255 tok / 146 passes in 6.8 s: 37.7 tok/s, 26.5 ms/tok, 46 ms/pass, 1.75 tok/pass, accept p1 75 %
2026-09-22 02:39:44.357 INFO  rank 1: slot 1 closed: 149 sampled decode steps, 0 fallbacks
2026-09-22 02:39:44.358 INFO  sched: request 'chatcmpl-b8251eb73406c7a9' retired (steps): 256 tok in 6.9 s — prefill 36 tok (0 cached) in 177 ms; decode 255 tok / 149 passes in 6.7 s: 37.9 tok/s, 26.4 ms/tok, 45 ms/pass, 1.71 tok/pass, accept p1 72 %
2026-09-22 02:39:44.483 INFO  rank 1: slot 2 closed: 151 sampled decode steps, 0 fallbacks
2026-09-22 02:39:44.483 INFO  sched: request 'chatcmpl-b8251eb73406c7aa' retired (steps): 256 tok in 6.8 s — prefill 35 tok (0 cached) in 177 ms; decode 255 tok / 151 passes in 6.7 s: 38.3 tok/s, 26.1 ms/tok, 44 ms/pass, 1.69 tok/pass, accept p1 70 %
2026-09-22 02:39:44.483 INFO  rank 1: slot 3 closed: 150 sampled decode steps, 0 fallbacks
2026-09-22 02:39:44.483 INFO  sched: request 'chatcmpl-b8251eb73406c7ab' retired (steps): 256 tok in 6.6 s — prefill 32 tok (0 cached) in 174 ms; decode 255 tok / 150 passes in 6.4 s: 39.6 tok/s, 25.3 ms/tok, 43 ms/pass, 1.70 tok/pass, accept p1 71 %
2026-09-22 02:39:44.568 INFO  sched: request 'chatcmpl-b8251eb73406c7ac' admitted to slot 0 (reserve 5 blocks; pool 2151/4096 blocks in use) — first token 760
2026-09-22 02:39:44.647 INFO  sched: request 'chatcmpl-b8251eb73406c7ad' admitted to slot 1 (reserve 5 blocks; pool 2156/4096 blocks in use) — first token 760
2026-09-22 02:39:44.735 INFO  sched: request 'chatcmpl-b8251eb73406c7ae' admitted to slot 2 (reserve 5 blocks; pool 2160/4096 blocks in use) — first token 760
2026-09-22 02:39:44.773 INFO  stats: rank 1 | 10.0 s | decode 118.9 tok/s, 7.5 ms/tok, 35.3 ms/step (253 steps / 1193 tok, 89 % of wall) | mtp 1.71 tok/step/req, accept p1 70 % | prefill 7 prompts / 162 tok, 16 tok/s, 5.43 ms/tok, 126 ms avg (9 % of wall), 80 tok cached (3/7 hits) | live 3, queued 1 | pool 2161/4096 blocks (53 %) | prefix cache 52/55 entries
2026-09-22 02:39:44.835 INFO  sched: request 'chatcmpl-b8251eb73406c7af' admitted to slot 3 (reserve 5 blocks; pool 2166/4096 blocks in use) — first token 760
2026-09-22 02:39:51.352 INFO  rank 1: slot 0 closed: 150 sampled decode steps, 0 fallbacks
2026-09-22 02:39:51.352 INFO  sched: request 'chatcmpl-b8251eb73406c7ac' retired (steps): 256 tok in 6.8 s — prefill 36 tok (28 cached) in 59 ms; decode 255 tok / 150 passes in 6.7 s: 37.9 tok/s, 26.4 ms/tok, 45 ms/pass, 1.70 tok/pass, accept p1 71 %
2026-09-22 02:39:51.442 INFO  rank 1: slot 2 closed: 150 sampled decode steps, 0 fallbacks
2026-09-22 02:39:51.443 INFO  sched: request 'chatcmpl-b8251eb73406c7ae' retired (steps): 256 tok in 6.7 s — prefill 32 tok (24 cached) in 58 ms; decode 255 tok / 150 passes in 6.7 s: 38.3 tok/s, 26.1 ms/tok, 44 ms/pass, 1.70 tok/pass, accept p1 70 %
2026-09-22 02:39:51.487 INFO  rank 1: slot 3 closed: 150 sampled decode steps, 0 fallbacks
2026-09-22 02:39:51.487 INFO  sched: request 'chatcmpl-b8251eb73406c7af' retired (steps): 256 tok in 6.7 s — prefill 36 tok (28 cached) in 59 ms; decode 255 tok / 150 passes in 6.6 s: 38.7 tok/s, 25.9 ms/tok, 44 ms/pass, 1.70 tok/pass, accept p1 70 %
2026-09-22 02:39:51.540 INFO  rank 1: slot 1 closed: 154 sampled decode steps, 0 fallbacks
2026-09-22 02:39:51.540 INFO  sched: request 'chatcmpl-b8251eb73406c7ad' retired (steps): 256 tok in 6.9 s — prefill 35 tok (28 cached) in 54 ms; decode 255 tok / 154 passes in 6.8 s: 37.3 tok/s, 26.8 ms/tok, 44 ms/pass, 1.66 tok/pass, accept p1 66 %
2026-09-22 02:39:51.622 INFO  sched: request 'chatcmpl-b8251eb73406c7b0' admitted to slot 0 (reserve 5 blocks; pool 2167/4096 blocks in use) — first token 760
2026-09-22 02:39:51.701 INFO  sched: request 'chatcmpl-b8251eb73406c7b1' admitted to slot 1 (reserve 5 blocks; pool 2168/4096 blocks in use) — first token 760
2026-09-22 02:39:51.789 INFO  sched: request 'chatcmpl-b8251eb73406c7b2' admitted to slot 2 (reserve 5 blocks; pool 2172/4096 blocks in use) — first token 13962
2026-09-22 02:39:51.887 INFO  sched: request 'chatcmpl-b8251eb73406c7b3' admitted to slot 3 (reserve 5 blocks; pool 2174/4096 blocks in use) — first token 760
2026-09-22 02:39:54.786 INFO  stats: rank 1 | 10.0 s | decode 148.2 tok/s, 6.4 ms/tok, 43.0 ms/step (221 steps / 1484 tok, 95 % of wall) | mtp 1.71 tok/step/req, accept p1 71 % | prefill 5 prompts / 39 tok, 4 tok/s, 7.42 ms/tok, 58 ms avg (3 % of wall), 136 tok cached (5/5 hits) | live 4, queued 0 | pool 2170/4096 blocks (53 %) | prefix cache 51/55 entries
2026-09-22 02:39:58.152 INFO  rank 1: slot 2 closed: 143 sampled decode steps, 0 fallbacks
2026-09-22 02:39:58.152 INFO  sched: request 'chatcmpl-b8251eb73406c7b2' retired (steps): 256 tok in 6.4 s — prefill 32 tok (24 cached) in 57 ms; decode 255 tok / 143 passes in 6.3 s: 40.4 tok/s, 24.7 ms/tok, 44 ms/pass, 1.78 tok/pass, accept p1 78 %
2026-09-22 02:39:58.370 INFO  rank 1: slot 3 closed: 147 sampled decode steps, 0 fallbacks
2026-09-22 02:39:58.370 INFO  sched: request 'chatcmpl-b8251eb73406c7b3' retired (steps): 256 tok in 6.5 s — prefill 36 tok (28 cached) in 58 ms; decode 255 tok / 147 passes in 6.4 s: 39.7 tok/s, 25.2 ms/tok, 44 ms/pass, 1.73 tok/pass, accept p1 73 %
2026-09-22 02:39:58.401 INFO  rank 1: slot 0 closed: 151 sampled decode steps, 0 fallbacks
2026-09-22 02:39:58.401 INFO  sched: request 'chatcmpl-b8251eb73406c7b0' retired (steps): 256 tok in 6.8 s — prefill 36 tok (28 cached) in 60 ms; decode 255 tok / 151 passes in 6.7 s: 37.9 tok/s, 26.4 ms/tok, 45 ms/pass, 1.69 tok/pass, accept p1 70 %
2026-09-22 02:39:58.501 INFO  rank 1: slot 1 closed: 154 sampled decode steps, 0 fallbacks
2026-09-22 02:39:58.501 INFO  sched: request 'chatcmpl-b8251eb73406c7b1' retired (steps): 256 tok in 6.8 s — prefill 35 tok (28 cached) in 55 ms; decode 255 tok / 154 passes in 6.7 s: 37.8 tok/s, 26.5 ms/tok, 44 ms/pass, 1.66 tok/pass, accept p1 66 %
2026-09-22 02:39:58.708 INFO  sched: request 'chatcmpl-b8251eb73406c7b4' prefix cache miss — 2 cut(s) probed against 54 entries; an entry at this prompt's cut 44 was evicted (50 eviction(s) ago, last used at tick 1990, now tick 7962; the arena holds 55 slots)
2026-09-22 02:39:58.708 INFO  sched: request 'chatcmpl-b8251eb73406c7b4' admitted to slot 0 (reserve 5 blocks; pool 2171/4096 blocks in use) — first token 71093
2026-09-22 02:40:01.957 INFO  rank 1: slot 0 closed: 136 sampled decode steps, 0 fallbacks
2026-09-22 02:40:01.957 INFO  sched: request 'chatcmpl-b8251eb73406c7b4' retired (steps): 256 tok in 3.2 s — prefill 51 tok (0 cached) in 191 ms; decode 255 tok / 136 passes in 3.1 s: 83.4 tok/s, 12.0 ms/tok, 22 ms/pass, 1.88 tok/pass, accept p1 88 %
2026-09-22 02:40:02.029 INFO  sched: request 'chatcmpl-b8251eb73406c7b5' admitted to slot 0 (reserve 5 blocks; pool 2175/4096 blocks in use) — first token 71093
2026-09-22 02:40:04.804 INFO  stats: rank 1 | 10.0 s | decode 102.6 tok/s, 9.3 ms/tok, 28.2 ms/step (338 steps / 1028 tok, 95 % of wall) | mtp 1.78 tok/step/req, accept p1 78 % | prefill 2 prompts / 58 tok, 6 tok/s, 4.25 ms/tok, 123 ms avg (2 % of wall), 44 tok cached (1/2 hits) | live 1, queued 0 | pool 2171/4096 blocks (53 %) | prefix cache 54/55 entries
2026-09-22 02:40:05.305 INFO  rank 1: slot 0 closed: 137 sampled decode steps, 0 fallbacks
2026-09-22 02:40:05.306 INFO  sched: request 'chatcmpl-b8251eb73406c7b5' retired (steps): 256 tok in 3.3 s — prefill 51 tok (44 cached) in 56 ms; decode 255 tok / 137 passes in 3.2 s: 79.2 tok/s, 12.6 ms/tok, 24 ms/pass, 1.86 tok/pass, accept p1 87 %
2026-09-22 02:40:05.377 INFO  sched: request 'chatcmpl-b8251eb73406c7b6' admitted to slot 0 (reserve 5 blocks; pool 2175/4096 blocks in use) — first token 71093
2026-09-22 02:40:08.696 INFO  rank 1: slot 0 closed: 139 sampled decode steps, 0 fallbacks
2026-09-22 02:40:08.696 INFO  sched: request 'chatcmpl-b8251eb73406c7b6' retired (steps): 256 tok in 3.3 s — prefill 51 tok (44 cached) in 55 ms; decode 255 tok / 139 passes in 3.3 s: 78.1 tok/s, 12.8 ms/tok, 23 ms/pass, 1.83 tok/pass, accept p1 84 %
2026-09-22 02:40:08.902 INFO  sched: request 'chatcmpl-b8251eb73406c7b7' prefix cache miss — 2 cut(s) probed against 54 entries; an entry at this prompt's cut 40 was evicted (50 eviction(s) ago, last used at tick 2413, now tick 8383; the arena holds 55 slots)
2026-09-22 02:40:08.902 INFO  sched: request 'chatcmpl-b8251eb73406c7b7' admitted to slot 0 (reserve 5 blocks; pool 2171/4096 blocks in use) — first token 71093
2026-09-22 02:40:09.111 INFO  sched: request 'chatcmpl-b8251eb73406c7b8' prefix cache miss — 2 cut(s) probed against 53 entries; an entry at this prompt's cut 36 was evicted (46 eviction(s) ago, last used at tick 2839, now tick 8384; the arena holds 55 slots)
2026-09-22 02:40:09.111 INFO  sched: request 'chatcmpl-b8251eb73406c7b8' admitted to slot 1 (reserve 5 blocks; pool 2168/4096 blocks in use) — first token 71093
2026-09-22 02:40:09.333 INFO  sched: request 'chatcmpl-b8251eb73406c7b9' prefix cache miss — 2 cut(s) probed against 52 entries; an entry at this prompt's cut 44 was evicted (55 eviction(s) ago, last used at tick 2412, now tick 8385; the arena holds 55 slots)
2026-09-22 02:40:09.333 INFO  sched: request 'chatcmpl-b8251eb73406c7b9' admitted to slot 2 (reserve 5 blocks; pool 2165/4096 blocks in use) — first token 71093
2026-09-22 02:40:09.507 INFO  sched: request 'chatcmpl-b8251eb73406c7ba' prefix cache miss — 1 cut(s) probed against 51 entries; an entry at this prompt's cut 24 was evicted (48 eviction(s) ago, last used at tick 2841, now tick 8386; the arena holds 55 slots)
2026-09-22 02:40:09.507 INFO  sched: request 'chatcmpl-b8251eb73406c7ba' admitted to slot 3 (reserve 5 blocks; pool 2170/4096 blocks in use) — first token 71093
2026-09-22 02:40:14.828 INFO  stats: rank 1 | 10.0 s | decode 119.7 tok/s, 7.5 ms/tok, 32.1 ms/step (282 steps / 1200 tok, 90 % of wall) | mtp 1.87 tok/step/req, accept p1 86 % | prefill 5 prompts / 183 tok, 18 tok/s, 4.15 ms/tok, 152 ms avg (8 % of wall), 44 tok cached (1/5 hits) | live 4, queued 0 | pool 2169/4096 blocks (53 %) | prefix cache 51/55 entries
2026-09-22 02:40:15.332 INFO  rank 1: slot 2 closed: 131 sampled decode steps, 0 fallbacks
2026-09-22 02:40:15.334 INFO  sched: request 'chatcmpl-b8251eb73406c7b9' retired (steps): 256 tok in 6.0 s — prefill 51 tok (0 cached) in 194 ms; decode 255 tok / 131 passes in 5.8 s: 43.9 tok/s, 22.8 ms/tok, 44 ms/pass, 1.95 tok/pass, accept p1 95 %
2026-09-22 02:40:15.511 INFO  rank 1: slot 3 closed: 134 sampled decode steps, 0 fallbacks
2026-09-22 02:40:15.512 INFO  sched: request 'chatcmpl-b8251eb73406c7ba' retired (steps): 256 tok in 6.0 s — prefill 34 tok (0 cached) in 135 ms; decode 255 tok / 134 passes in 5.9 s: 43.4 tok/s, 23.0 ms/tok, 44 ms/pass, 1.90 tok/pass, accept p1 91 %
2026-09-22 02:40:15.542 INFO  rank 1: slot 1 closed: 137 sampled decode steps, 0 fallbacks
2026-09-22 02:40:15.543 INFO  sched: request 'chatcmpl-b8251eb73406c7b8' retired (steps): 256 tok in 6.4 s — prefill 44 tok (0 cached) in 185 ms; decode 255 tok / 137 passes in 6.2 s: 40.8 tok/s, 24.5 ms/tok, 46 ms/pass, 1.86 tok/pass, accept p1 86 %
2026-09-22 02:40:15.594 INFO  rank 1: slot 0 closed: 140 sampled decode steps, 0 fallbacks
2026-09-22 02:40:15.594 INFO  sched: request 'chatcmpl-b8251eb73406c7b7' retired (steps): 256 tok in 6.7 s — prefill 47 tok (0 cached) in 189 ms; decode 255 tok / 140 passes in 6.5 s: 39.2 tok/s, 25.5 ms/tok, 46 ms/pass, 1.82 tok/pass, accept p1 82 %
2026-09-22 02:40:15.665 INFO  sched: request 'chatcmpl-b8251eb73406c7bb' admitted to slot 0 (reserve 5 blocks; pool 2171/4096 blocks in use) — first token 71093
2026-09-22 02:40:15.747 INFO  sched: request 'chatcmpl-b8251eb73406c7bc' admitted to slot 1 (reserve 5 blocks; pool 2176/4096 blocks in use) — first token 71093
2026-09-22 02:40:15.833 INFO  sched: request 'chatcmpl-b8251eb73406c7bd' admitted to slot 2 (reserve 5 blocks; pool 2181/4096 blocks in use) — first token 71093
2026-09-22 02:40:15.927 INFO  sched: request 'chatcmpl-b8251eb73406c7be' admitted to slot 3 (reserve 5 blocks; pool 2178/4096 blocks in use) — first token 71093
2026-09-22 02:40:21.846 INFO  rank 1: slot 3 closed: 132 sampled decode steps, 0 fallbacks
2026-09-22 02:40:21.847 INFO  sched: request 'chatcmpl-b8251eb73406c7be' retired (steps): 256 tok in 5.9 s — prefill 51 tok (44 cached) in 55 ms; decode 255 tok / 132 passes in 5.9 s: 43.5 tok/s, 23.0 ms/tok, 44 ms/pass, 1.93 tok/pass, accept p1 93 %
2026-09-22 02:40:21.927 INFO  rank 1: slot 2 closed: 135 sampled decode steps, 0 fallbacks
2026-09-22 02:40:21.927 INFO  sched: request 'chatcmpl-b8251eb73406c7bd' retired (steps): 256 tok in 6.1 s — prefill 44 tok (36 cached) in 58 ms; decode 255 tok / 135 passes in 6.0 s: 42.2 tok/s, 23.7 ms/tok, 45 ms/pass, 1.89 tok/pass, accept p1 90 %
2026-09-22 02:40:21.988 INFO  rank 1: slot 0 closed: 139 sampled decode steps, 0 fallbacks
2026-09-22 02:40:21.989 INFO  sched: request 'chatcmpl-b8251eb73406c7bb' retired (steps): 256 tok in 6.3 s — prefill 47 tok (40 cached) in 55 ms; decode 255 tok / 139 passes in 6.3 s: 40.7 tok/s, 24.6 ms/tok, 45 ms/pass, 1.83 tok/pass, accept p1 83 %
2026-09-22 02:40:22.039 INFO  rank 1: slot 1 closed: 140 sampled decode steps, 0 fallbacks
2026-09-22 02:40:22.040 INFO  sched: request 'chatcmpl-b8251eb73406c7bc' retired (steps): 256 tok in 6.3 s — prefill 34 tok (24 cached) in 57 ms; decode 255 tok / 140 passes in 6.2 s: 40.9 tok/s, 24.5 ms/tok, 45 ms/pass, 1.82 tok/pass, accept p1 82 %
2026-09-22 02:40:22.117 INFO  sched: request 'chatcmpl-b8251eb73406c7bf' admitted to slot 0 (reserve 5 blocks; pool 2175/4096 blocks in use) — first token 71093
2026-09-22 02:40:22.197 INFO  sched: request 'chatcmpl-b8251eb73406c7c0' admitted to slot 1 (reserve 5 blocks; pool 2172/4096 blocks in use) — first token 71093
2026-09-22 02:40:22.284 INFO  sched: request 'chatcmpl-b8251eb73406c7c1' admitted to slot 2 (reserve 5 blocks; pool 2145/4096 blocks in use) — first token 71093
2026-09-22 02:40:22.380 INFO  sched: request 'chatcmpl-b8251eb73406c7c2' admitted to slot 3 (reserve 5 blocks; pool 2119/4096 blocks in use) — first token 71093
2026-09-22 02:40:24.870 INFO  stats: rank 1 | 10.0 s | decode 156.4 tok/s, 6.0 ms/tok, 43.0 ms/step (218 steps / 1570 tok, 93 % of wall) | mtp 1.88 tok/step/req, accept p1 87 % | prefill 8 prompts / 64 tok, 6 tok/s, 7.07 ms/tok, 57 ms avg (5 % of wall), 288 tok cached (8/8 hits) | live 4, queued 0 | pool 2088/4096 blocks (51 %) | prefix cache 51/55 entries
2026-09-22 02:40:28.332 INFO  rank 1: slot 1 closed: 135 sampled decode steps, 0 fallbacks
2026-09-22 02:40:28.332 INFO  sched: request 'chatcmpl-b8251eb73406c7c0' retired (steps): 256 tok in 6.1 s — prefill 51 tok (44 cached) in 55 ms; decode 255 tok / 135 passes in 6.1 s: 41.9 tok/s, 23.8 ms/tok, 45 ms/pass, 1.89 tok/pass, accept p1 90 %
2026-09-22 02:40:28.378 INFO  rank 1: slot 2 closed: 135 sampled decode steps, 0 fallbacks
2026-09-22 02:40:28.379 INFO  sched: request 'chatcmpl-b8251eb73406c7c1' retired (steps): 256 tok in 6.1 s — prefill 44 tok (36 cached) in 57 ms; decode 255 tok / 135 passes in 6.0 s: 42.2 tok/s, 23.7 ms/tok, 45 ms/pass, 1.89 tok/pass, accept p1 90 %
2026-09-22 02:40:28.379 INFO  rank 1: slot 3 closed: 134 sampled decode steps, 0 fallbacks
2026-09-22 02:40:28.379 INFO  sched: request 'chatcmpl-b8251eb73406c7c2' retired (steps): 256 tok in 6.0 s — prefill 34 tok (24 cached) in 58 ms; decode 255 tok / 134 passes in 5.9 s: 42.9 tok/s, 23.3 ms/tok, 44 ms/pass, 1.90 tok/pass, accept p1 90 %
2026-09-22 02:40:28.405 INFO  rank 1: slot 0 closed: 138 sampled decode steps, 0 fallbacks
2026-09-22 02:40:28.405 INFO  sched: request 'chatcmpl-b8251eb73406c7bf' retired (steps): 256 tok in 6.3 s — prefill 47 tok (40 cached) in 56 ms; decode 255 tok / 138 passes in 6.2 s: 40.9 tok/s, 24.4 ms/tok, 45 ms/pass, 1.85 tok/pass, accept p1 86 %
2026-09-22 02:40:28.627 INFO  sched: request 'chatcmpl-b8251eb73406c7c3' prefix cache miss — 2 cut(s) probed against 54 entries; an entry at this prompt's cut 40 was evicted (54 eviction(s) ago, last used at tick 3248, now tick 8814; the arena holds 55 slots)
2026-09-22 02:40:28.627 INFO  sched: request 'chatcmpl-b8251eb73406c7c3' admitted to slot 0 (reserve 5 blocks; pool 1963/4096 blocks in use) — first token 58
2026-09-22 02:40:31.692 INFO  rank 1: slot 0 closed: 128 sampled decode steps, 0 fallbacks
2026-09-22 02:40:31.693 INFO  sched: request 'chatcmpl-b8251eb73406c7c3' retired (steps): 256 tok in 3.1 s — prefill 48 tok (0 cached) in 195 ms; decode 255 tok / 128 passes in 2.9 s: 88.8 tok/s, 11.3 ms/tok, 22 ms/pass, 1.99 tok/pass, accept p1 99 %
2026-09-22 02:40:31.777 INFO  sched: request 'chatcmpl-b8251eb73406c7c4' admitted to slot 0 (reserve 5 blocks; pool 1966/4096 blocks in use) — first token 58
2026-09-22 02:40:34.845 INFO  rank 1: slot 0 closed: 128 sampled decode steps, 0 fallbacks
2026-09-22 02:40:34.845 INFO  sched: request 'chatcmpl-b8251eb73406c7c4' retired (steps): 256 tok in 3.1 s — prefill 48 tok (40 cached) in 58 ms; decode 255 tok / 128 passes in 3.0 s: 84.7 tok/s, 11.8 ms/tok, 24 ms/pass, 1.99 tok/pass, accept p1 100 %
2026-09-22 02:40:34.918 INFO  sched: request 'chatcmpl-b8251eb73406c7c5' admitted to slot 0 (reserve 5 blocks; pool 1844/4096 blocks in use) — first token 58
2026-09-22 02:40:34.941 INFO  stats: rank 1 | 10.1 s | decode 110.0 tok/s, 8.5 ms/tok, 28.2 ms/step (336 steps / 1108 tok, 94 % of wall) | mtp 1.95 tok/step/req, accept p1 95 % | prefill 3 prompts / 64 tok, 6 tok/s, 4.85 ms/tok, 104 ms avg (3 % of wall), 80 tok cached (2/3 hits) | live 1, queued 0 | pool 1844/4096 blocks (45 %) | prefix cache 54/55 entries
2026-09-22 02:40:38.010 INFO  rank 1: slot 0 closed: 129 sampled decode steps, 0 fallbacks
2026-09-22 02:40:38.010 INFO  sched: request 'chatcmpl-b8251eb73406c7c5' retired (steps): 256 tok in 3.1 s — prefill 48 tok (40 cached) in 57 ms; decode 255 tok / 129 passes in 3.0 s: 84.0 tok/s, 11.9 ms/tok, 24 ms/pass, 1.98 tok/pass, accept p1 98 %
2026-09-22 02:40:38.183 INFO  sched: request 'chatcmpl-b8251eb73406c7c6' prefix cache miss — 1 cut(s) probed against 54 entries; an entry at this prompt's cut 40 was evicted (54 eviction(s) ago, last used at tick 3649, now tick 9210; the arena holds 55 slots)
2026-09-22 02:40:38.183 INFO  sched: request 'chatcmpl-b8251eb73406c7c6' admitted to slot 0 (reserve 5 blocks; pool 1815/4096 blocks in use) — first token 58
2026-09-22 02:40:38.383 INFO  sched: request 'chatcmpl-b8251eb73406c7c7' prefix cache miss — 2 cut(s) probed against 54 entries; an entry at this prompt's cut 28 was evicted (47 eviction(s) ago, last used at tick 4062, now tick 9211; the arena holds 55 slots)
2026-09-22 02:40:38.383 INFO  sched: request 'chatcmpl-b8251eb73406c7c7' admitted to slot 1 (reserve 5 blocks; pool 1725/4096 blocks in use) — first token 58
2026-09-22 02:40:38.606 INFO  sched: request 'chatcmpl-b8251eb73406c7c8' prefix cache miss — 2 cut(s) probed against 52 entries; an entry at this prompt's cut 40 was evicted (59 eviction(s) ago, last used at tick 3648, now tick 9212; the arena holds 55 slots)
2026-09-22 02:40:38.606 INFO  sched: request 'chatcmpl-b8251eb73406c7c8' admitted to slot 2 (reserve 5 blocks; pool 1221/4096 blocks in use) — first token 58
2026-09-22 02:40:38.839 INFO  sched: request 'chatcmpl-b8251eb73406c7c9' prefix cache miss — 2 cut(s) probed against 51 entries; an entry at this prompt's cut 40 was evicted (55 eviction(s) ago, last used at tick 4059, now tick 9213; the arena holds 55 slots)
2026-09-22 02:40:38.839 INFO  sched: request 'chatcmpl-b8251eb73406c7c9' admitted to slot 3 (reserve 5 blocks; pool 717/4096 blocks in use) — first token 58
2026-09-22 02:40:44.458 INFO  rank 1: slot 1 closed: 128 sampled decode steps, 0 fallbacks
2026-09-22 02:40:44.458 INFO  sched: request 'chatcmpl-b8251eb73406c7c7' retired (steps): 256 tok in 6.1 s — prefill 35 tok (0 cached) in 176 ms; decode 255 tok / 128 passes in 5.9 s: 43.2 tok/s, 23.1 ms/tok, 46 ms/pass, 1.99 tok/pass, accept p1 99 %
2026-09-22 02:40:44.504 INFO  rank 1: slot 2 closed: 128 sampled decode steps, 0 fallbacks
2026-09-22 02:40:44.506 INFO  sched: request 'chatcmpl-b8251eb73406c7c8' retired (steps): 256 tok in 5.9 s — prefill 48 tok (0 cached) in 193 ms; decode 255 tok / 128 passes in 5.7 s: 44.7 tok/s, 22.4 ms/tok, 45 ms/pass, 1.99 tok/pass, accept p1 100 %
2026-09-22 02:40:44.506 INFO  rank 1: slot 0 closed: 130 sampled decode steps, 0 fallbacks
2026-09-22 02:40:44.506 INFO  sched: request 'chatcmpl-b8251eb73406c7c6' retired (steps): 256 tok in 6.3 s — prefill 49 tok (0 cached) in 157 ms; decode 255 tok / 130 passes in 6.2 s: 41.4 tok/s, 24.2 ms/tok, 47 ms/pass, 1.96 tok/pass, accept p1 97 %
2026-09-22 02:40:44.531 INFO  rank 1: slot 3 closed: 128 sampled decode steps, 0 fallbacks
2026-09-22 02:40:44.532 INFO  sched: request 'chatcmpl-b8251eb73406c7c9' retired (steps): 256 tok in 5.7 s — prefill 47 tok (0 cached) in 194 ms; decode 255 tok / 128 passes in 5.5 s: 46.4 tok/s, 21.6 ms/tok, 43 ms/pass, 1.99 tok/pass, accept p1 100 %
2026-09-22 02:40:44.606 INFO  sched: request 'chatcmpl-b8251eb73406c7ca' admitted to slot 0 (reserve 5 blocks; pool 656/4096 blocks in use) — first token 58
2026-09-22 02:40:44.686 INFO  sched: request 'chatcmpl-b8251eb73406c7cb' admitted to slot 1 (reserve 5 blocks; pool 661/4096 blocks in use) — first token 58
2026-09-22 02:40:44.774 INFO  sched: request 'chatcmpl-b8251eb73406c7cc' admitted to slot 2 (reserve 5 blocks; pool 219/4096 blocks in use) — first token 58
2026-09-22 02:40:44.868 INFO  sched: request 'chatcmpl-b8251eb73406c7cd' admitted to slot 3 (reserve 5 blocks; pool 223/4096 blocks in use) — first token 58
2026-09-22 02:40:44.955 INFO  stats: rank 1 | 10.0 s | decode 130.7 tok/s, 6.8 ms/tok, 33.5 ms/step (264 steps / 1309 tok, 88 % of wall) | mtp 2.00 tok/step/req, accept p1 99 % | prefill 8 prompts / 210 tok, 21 tok/s, 4.52 ms/tok, 119 ms avg (9 % of wall), 148 tok cached (4/8 hits) | live 4, queued 0 | pool 219/4096 blocks (5 %) | prefix cache 51/55 entries
2026-09-22 02:40:50.447 INFO  rank 1: slot 0 closed: 128 sampled decode steps, 0 fallbacks
2026-09-22 02:40:50.448 INFO  sched: request 'chatcmpl-b8251eb73406c7ca' retired (steps): 256 tok in 5.8 s — prefill 49 tok (40 cached) in 59 ms; decode 255 tok / 128 passes in 5.8 s: 44.1 tok/s, 22.7 ms/tok, 45 ms/pass, 1.99 tok/pass, accept p1 100 %
2026-09-22 02:40:50.540 INFO  rank 1: slot 1 closed: 129 sampled decode steps, 0 fallbacks
2026-09-22 02:40:50.540 INFO  sched: request 'chatcmpl-b8251eb73406c7cb' retired (steps): 256 tok in 5.9 s — prefill 47 tok (40 cached) in 56 ms; decode 255 tok / 129 passes in 5.8 s: 44.0 tok/s, 22.7 ms/tok, 45 ms/pass, 1.98 tok/pass, accept p1 98 %
2026-09-22 02:40:50.540 INFO  rank 1: slot 2 closed: 128 sampled decode steps, 0 fallbacks
2026-09-22 02:40:50.540 INFO  sched: request 'chatcmpl-b8251eb73406c7cc' retired (steps): 256 tok in 5.8 s — prefill 48 tok (40 cached) in 57 ms; decode 255 tok / 128 passes in 5.7 s: 44.7 tok/s, 22.4 ms/tok, 45 ms/pass, 1.99 tok/pass, accept p1 100 %
2026-09-22 02:40:50.592 INFO  rank 1: slot 3 closed: 129 sampled decode steps, 0 fallbacks
2026-09-22 02:40:50.592 INFO  sched: request 'chatcmpl-b8251eb73406c7cd' retired (steps): 256 tok in 5.7 s — prefill 35 tok (28 cached) in 57 ms; decode 255 tok / 129 passes in 5.7 s: 45.0 tok/s, 22.2 ms/tok, 44 ms/pass, 1.98 tok/pass, accept p1 98 %
2026-09-22 02:40:50.665 INFO  sched: request 'chatcmpl-b8251eb73406c7ce' admitted to slot 0 (reserve 5 blocks; pool 215/4096 blocks in use) — first token 58
2026-09-22 02:40:50.744 INFO  sched: request 'chatcmpl-b8251eb73406c7cf' admitted to slot 1 (reserve 5 blocks; pool 220/4096 blocks in use) — first token 58
2026-09-22 02:40:50.830 INFO  sched: request 'chatcmpl-b8251eb73406c7d0' admitted to slot 2 (reserve 5 blocks; pool 222/4096 blocks in use) — first token 58
2026-09-22 02:40:50.925 INFO  sched: request 'chatcmpl-b8251eb73406c7d1' admitted to slot 3 (reserve 5 blocks; pool 227/4096 blocks in use) — first token 58
2026-09-22 02:40:54.966 INFO  stats: rank 1 | 10.0 s | decode 173.2 tok/s, 5.5 ms/tok, 43.5 ms/step (221 steps / 1734 tok, 96 % of wall) | mtp 1.99 tok/step/req, accept p1 99 % | prefill 4 prompts / 31 tok, 3 tok/s, 7.30 ms/tok, 57 ms avg (2 % of wall), 148 tok cached (4/4 hits) | live 4, queued 0 | pool 223/4096 blocks (5 %) | prefix cache 51/55 entries
2026-09-22 02:40:56.501 INFO  rank 1: slot 0 closed: 128 sampled decode steps, 0 fallbacks
2026-09-22 02:40:56.502 INFO  sched: request 'chatcmpl-b8251eb73406c7ce' retired (steps): 256 tok in 5.8 s — prefill 49 tok (40 cached) in 57 ms; decode 255 tok / 128 passes in 5.8 s: 44.1 tok/s, 22.7 ms/tok, 45 ms/pass, 1.99 tok/pass, accept p1 99 %
2026-09-22 02:40:56.547 INFO  rank 1: slot 1 closed: 128 sampled decode steps, 0 fallbacks
2026-09-22 02:40:56.548 INFO  sched: request 'chatcmpl-b8251eb73406c7cf' retired (steps): 256 tok in 5.8 s — prefill 47 tok (40 cached) in 56 ms; decode 255 tok / 128 passes in 5.7 s: 44.4 tok/s, 22.5 ms/tok, 45 ms/pass, 1.99 tok/pass, accept p1 99 %
2026-09-22 02:40:56.593 INFO  rank 1: slot 2 closed: 128 sampled decode steps, 0 fallbacks
2026-09-22 02:40:56.593 INFO  sched: request 'chatcmpl-b8251eb73406c7d0' retired (steps): 256 tok in 5.8 s — prefill 35 tok (28 cached) in 56 ms; decode 255 tok / 128 passes in 5.7 s: 44.7 tok/s, 22.4 ms/tok, 45 ms/pass, 1.99 tok/pass, accept p1 100 %
2026-09-22 02:40:56.619 INFO  rank 1: slot 3 closed: 128 sampled decode steps, 0 fallbacks
2026-09-22 02:40:56.619 INFO  sched: request 'chatcmpl-b8251eb73406c7d1' retired (steps): 256 tok in 5.7 s — prefill 48 tok (40 cached) in 58 ms; decode 255 tok / 128 passes in 5.6 s: 45.2 tok/s, 22.1 ms/tok, 44 ms/pass, 1.99 tok/pass, accept p1 100 %
2026-09-22 02:40:56.825 INFO  sched: request 'chatcmpl-b8251eb73406c7d2' prefix cache miss — 1 cut(s) probed against 54 entries; an entry at this prompt's cut 64 was evicted (58 eviction(s) ago, last used at tick 4490, now tick 9615; the arena holds 55 slots)
2026-09-22 02:40:56.825 INFO  sched: request 'chatcmpl-b8251eb73406c7d2' admitted to slot 0 (reserve 6 blocks; pool 220/4096 blocks in use) — first token 8160
2026-09-22 02:40:59.967 INFO  rank 1: slot 0 closed: 131 sampled decode steps, 0 fallbacks
2026-09-22 02:40:59.967 INFO  sched: request 'chatcmpl-b8251eb73406c7d2' retired (steps): 256 tok in 3.1 s — prefill 73 tok (0 cached) in 179 ms; decode 255 tok / 131 passes in 3.0 s: 86.0 tok/s, 11.6 ms/tok, 23 ms/pass, 1.95 tok/pass, accept p1 95 %
2026-09-22 02:41:00.036 INFO  sched: request 'chatcmpl-b8251eb73406c7d3' admitted to slot 0 (reserve 6 blocks; pool 220/4096 blocks in use) — first token 8160
2026-09-22 02:41:03.203 INFO  rank 1: slot 0 closed: 132 sampled decode steps, 0 fallbacks
2026-09-22 02:41:03.204 INFO  sched: request 'chatcmpl-b8251eb73406c7d3' retired (steps): 256 tok in 3.2 s — prefill 73 tok (64 cached) in 58 ms; decode 255 tok / 132 passes in 3.1 s: 82.0 tok/s, 12.2 ms/tok, 24 ms/pass, 1.93 tok/pass, accept p1 94 %
2026-09-22 02:41:03.267 INFO  sched: request 'chatcmpl-b8251eb73406c7d4' admitted to slot 0 (reserve 6 blocks; pool 220/4096 blocks in use) — first token 8160
2026-09-22 02:41:04.984 INFO  stats: rank 1 | 10.0 s | decode 92.9 tok/s, 10.2 ms/tok, 25.4 ms/step (372 steps / 931 tok, 94 % of wall) | mtp 1.95 tok/step/req, accept p1 95 % | prefill 3 prompts / 91 tok, 9 tok/s, 3.22 ms/tok, 98 ms avg (3 % of wall), 128 tok cached (2/3 hits) | live 1, queued 0 | pool 216/4096 blocks (5 %) | prefix cache 54/55 entries
2026-09-22 02:41:06.454 INFO  rank 1: slot 0 closed: 133 sampled decode steps, 0 fallbacks
2026-09-22 02:41:06.454 INFO  sched: request 'chatcmpl-b8251eb73406c7d4' retired (steps): 256 tok in 3.2 s — prefill 73 tok (64 cached) in 57 ms; decode 255 tok / 133 passes in 3.1 s: 81.5 tok/s, 12.3 ms/tok, 24 ms/pass, 1.92 tok/pass, accept p1 92 %
2026-09-22 02:41:06.692 INFO  sched: request 'chatcmpl-b8251eb73406c7d5' prefix cache miss — 2 cut(s) probed against 54 entries; an entry at this prompt's cut 56 was evicted (58 eviction(s) ago, last used at tick 4902, now tick 10019; the arena holds 55 slots)
2026-09-22 02:41:06.692 INFO  sched: request 'chatcmpl-b8251eb73406c7d5' admitted to slot 0 (reserve 5 blocks; pool 216/4096 blocks in use) — first token 8160
2026-09-22 02:41:06.874 INFO  sched: request 'chatcmpl-b8251eb73406c7d6' prefix cache miss — 1 cut(s) probed against 53 entries; an entry at this prompt's cut 44 was evicted (61 eviction(s) ago, last used at tick 4901, now tick 10020; the arena holds 55 slots)
2026-09-22 02:41:06.874 INFO  sched: request 'chatcmpl-b8251eb73406c7d6' admitted to slot 1 (reserve 5 blocks; pool 212/4096 blocks in use) — first token 8160
2026-09-22 02:41:07.083 INFO  sched: request 'chatcmpl-b8251eb73406c7d7' prefix cache miss — 2 cut(s) probed against 53 entries; an entry at this prompt's cut 32 was evicted (52 eviction(s) ago, last used at tick 5331, now tick 10021; the arena holds 55 slots)
2026-09-22 02:41:07.083 INFO  sched: request 'chatcmpl-b8251eb73406c7d7' admitted to slot 2 (reserve 5 blocks; pool 213/4096 blocks in use) — first token 8160
2026-09-22 02:41:07.284 INFO  sched: request 'chatcmpl-b8251eb73406c7d8' prefix cache miss — 1 cut(s) probed against 51 entries; an entry at this prompt's cut 44 was evicted (57 eviction(s) ago, last used at tick 5329, now tick 10022; the arena holds 55 slots)
2026-09-22 02:41:07.284 INFO  sched: request 'chatcmpl-b8251eb73406c7d8' admitted to slot 3 (reserve 5 blocks; pool 215/4096 blocks in use) — first token 8160
2026-09-22 02:41:13.128 INFO  rank 1: slot 0 closed: 132 sampled decode steps, 0 fallbacks
2026-09-22 02:41:13.128 INFO  sched: request 'chatcmpl-b8251eb73406c7d5' retired (steps): 256 tok in 6.4 s — prefill 64 tok (0 cached) in 211 ms; decode 255 tok / 132 passes in 6.2 s: 41.0 tok/s, 24.4 ms/tok, 47 ms/pass, 1.93 tok/pass, accept p1 94 %
2026-09-22 02:41:13.174 INFO  rank 1: slot 1 closed: 132 sampled decode steps, 0 fallbacks
2026-09-22 02:41:13.175 INFO  sched: request 'chatcmpl-b8251eb73406c7d6' retired (steps): 256 tok in 6.3 s — prefill 54 tok (0 cached) in 159 ms; decode 255 tok / 132 passes in 6.1 s: 41.5 tok/s, 24.1 ms/tok, 47 ms/pass, 1.93 tok/pass, accept p1 93 %
2026-09-22 02:41:13.385 INFO  rank 1: slot 2 closed: 136 sampled decode steps, 0 fallbacks
2026-09-22 02:41:13.385 INFO  sched: request 'chatcmpl-b8251eb73406c7d7' retired (steps): 256 tok in 6.3 s — prefill 39 tok (0 cached) in 179 ms; decode 255 tok / 136 passes in 6.1 s: 41.6 tok/s, 24.0 ms/tok, 45 ms/pass, 1.88 tok/pass, accept p1 88 %
2026-09-22 02:41:13.385 INFO  rank 1: slot 3 closed: 135 sampled decode steps, 0 fallbacks
2026-09-22 02:41:13.385 INFO  sched: request 'chatcmpl-b8251eb73406c7d8' retired (steps): 256 tok in 6.1 s — prefill 54 tok (0 cached) in 162 ms; decode 255 tok / 135 passes in 5.9 s: 42.9 tok/s, 23.3 ms/tok, 44 ms/pass, 1.89 tok/pass, accept p1 89 %
2026-09-22 02:41:13.470 INFO  sched: request 'chatcmpl-b8251eb73406c7d9' admitted to slot 0 (reserve 5 blocks; pool 216/4096 blocks in use) — first token 8160
2026-09-22 02:41:13.555 INFO  sched: request 'chatcmpl-b8251eb73406c7da' admitted to slot 1 (reserve 5 blocks; pool 220/4096 blocks in use) — first token 8160
2026-09-22 02:41:13.646 INFO  sched: request 'chatcmpl-b8251eb73406c7db' admitted to slot 2 (reserve 5 blocks; pool 225/4096 blocks in use) — first token 8160
2026-09-22 02:41:13.739 INFO  sched: request 'chatcmpl-b8251eb73406c7dc' admitted to slot 3 (reserve 5 blocks; pool 227/4096 blocks in use) — first token 1206
2026-09-22 02:41:15.014 INFO  stats: rank 1 | 10.0 s | decode 137.8 tok/s, 6.4 ms/tok, 38.3 ms/step (231 steps / 1382 tok, 88 % of wall) | mtp 1.92 tok/step/req, accept p1 92 % | prefill 8 prompts / 246 tok, 25 tok/s, 3.84 ms/tok, 118 ms avg (9 % of wall), 176 tok cached (4/8 hits) | live 4, queued 0 | pool 219/4096 blocks (5 %) | prefix cache 51/55 entries
2026-09-22 02:41:19.493 INFO  rank 1: slot 0 closed: 131 sampled decode steps, 0 fallbacks
2026-09-22 02:41:19.494 INFO  sched: request 'chatcmpl-b8251eb73406c7d9' retired (steps): 256 tok in 6.0 s — prefill 64 tok (56 cached) in 58 ms; decode 255 tok / 131 passes in 6.0 s: 42.7 tok/s, 23.4 ms/tok, 46 ms/pass, 1.95 tok/pass, accept p1 95 %
2026-09-22 02:41:19.583 INFO  rank 1: slot 1 closed: 132 sampled decode steps, 0 fallbacks
2026-09-22 02:41:19.584 INFO  sched: request 'chatcmpl-b8251eb73406c7da' retired (steps): 256 tok in 6.0 s — prefill 54 tok (44 cached) in 59 ms; decode 255 tok / 132 passes in 6.0 s: 42.7 tok/s, 23.4 ms/tok, 45 ms/pass, 1.93 tok/pass, accept p1 93 %
2026-09-22 02:41:19.630 INFO  rank 1: slot 3 closed: 131 sampled decode steps, 0 fallbacks
2026-09-22 02:41:19.630 INFO  sched: request 'chatcmpl-b8251eb73406c7dc' retired (steps): 256 tok in 5.9 s — prefill 39 tok (32 cached) in 56 ms; decode 255 tok / 131 passes in 5.8 s: 43.7 tok/s, 22.9 ms/tok, 45 ms/pass, 1.95 tok/pass, accept p1 95 %
2026-09-22 02:41:19.656 INFO  rank 1: slot 2 closed: 133 sampled decode steps, 0 fallbacks
2026-09-22 02:41:19.657 INFO  sched: request 'chatcmpl-b8251eb73406c7db' retired (steps): 256 tok in 6.0 s — prefill 54 tok (44 cached) in 60 ms; decode 255 tok / 133 passes in 6.0 s: 42.8 tok/s, 23.3 ms/tok, 45 ms/pass, 1.92 tok/pass, accept p1 92 %
2026-09-22 02:41:19.732 INFO  sched: request 'chatcmpl-b8251eb73406c7dd' admitted to slot 0 (reserve 5 blocks; pool 220/4096 blocks in use) — first token 8160
2026-09-22 02:41:19.815 INFO  sched: request 'chatcmpl-b8251eb73406c7de' admitted to slot 1 (reserve 5 blocks; pool 220/4096 blocks in use) — first token 8160
2026-09-22 02:41:19.906 INFO  sched: request 'chatcmpl-b8251eb73406c7df' admitted to slot 2 (reserve 5 blocks; pool 225/4096 blocks in use) — first token 8160
2026-09-22 02:41:20.000 INFO  sched: request 'chatcmpl-b8251eb73406c7e0' admitted to slot 3 (reserve 5 blocks; pool 227/4096 blocks in use) — first token 8160
2026-09-22 02:41:25.014 INFO  stats: rank 1 | 10.0 s | decode 166.4 tok/s, 5.8 ms/tok, 44.0 ms/step (218 steps / 1664 tok, 96 % of wall) | mtp 1.94 tok/step/req, accept p1 93 % | prefill 4 prompts / 35 tok, 3 tok/s, 6.68 ms/tok, 58 ms avg (2 % of wall), 176 tok cached (4/4 hits) | live 4, queued 0 | pool 222/4096 blocks (5 %) | prefix cache 51/55 entries
2026-09-22 02:41:25.845 INFO  rank 1: slot 2 closed: 131 sampled decode steps, 0 fallbacks
2026-09-22 02:41:25.846 INFO  sched: request 'chatcmpl-b8251eb73406c7df' retired (steps): 256 tok in 5.9 s — prefill 54 tok (44 cached) in 61 ms; decode 255 tok / 131 passes in 5.9 s: 43.4 tok/s, 23.1 ms/tok, 45 ms/pass, 1.95 tok/pass, accept p1 95 %
2026-09-22 02:41:25.892 INFO  rank 1: slot 1 closed: 133 sampled decode steps, 0 fallbacks
2026-09-22 02:41:25.893 INFO  sched: request 'chatcmpl-b8251eb73406c7de' retired (steps): 256 tok in 6.1 s — prefill 54 tok (44 cached) in 59 ms; decode 255 tok / 133 passes in 6.0 s: 42.4 tok/s, 23.6 ms/tok, 45 ms/pass, 1.92 tok/pass, accept p1 92 %
2026-09-22 02:41:25.893 INFO  rank 1: slot 3 closed: 131 sampled decode steps, 0 fallbacks
2026-09-22 02:41:25.893 INFO  sched: request 'chatcmpl-b8251eb73406c7e0' retired (steps): 256 tok in 5.9 s — prefill 39 tok (32 cached) in 56 ms; decode 255 tok / 131 passes in 5.8 s: 43.7 tok/s, 22.9 ms/tok, 45 ms/pass, 1.95 tok/pass, accept p1 95 %
2026-09-22 02:41:25.946 INFO  rank 1: slot 0 closed: 136 sampled decode steps, 0 fallbacks
2026-09-22 02:41:25.946 INFO  sched: request 'chatcmpl-b8251eb73406c7dd' retired (steps): 256 tok in 6.2 s — prefill 64 tok (56 cached) in 58 ms; decode 255 tok / 136 passes in 6.2 s: 41.4 tok/s, 24.1 ms/tok, 45 ms/pass, 1.88 tok/pass, accept p1 88 %
2026-09-22 02:41:26.164 INFO  sched: request 'chatcmpl-b8251eb73406c7e1' prefix cache miss — 2 cut(s) probed against 54 entries; an entry at this prompt's cut 32 was evicted (62 eviction(s) ago, last used at tick 5784, now tick 10441; the arena holds 55 slots)
2026-09-22 02:41:26.164 INFO  sched: request 'chatcmpl-b8251eb73406c7e1' admitted to slot 0 (reserve 5 blocks; pool 220/4096 blocks in use) — first token 32
2026-09-22 02:41:29.724 INFO  rank 1: slot 0 closed: 149 sampled decode steps, 0 fallbacks
2026-09-22 02:41:29.724 INFO  sched: request 'chatcmpl-b8251eb73406c7e1' retired (steps): 256 tok in 3.6 s — prefill 40 tok (0 cached) in 190 ms; decode 255 tok / 149 passes in 3.4 s: 75.7 tok/s, 13.2 ms/tok, 23 ms/pass, 1.71 tok/pass, accept p1 72 %
2026-09-22 02:41:29.793 INFO  sched: request 'chatcmpl-b8251eb73406c7e2' admitted to slot 0 (reserve 5 blocks; pool 220/4096 blocks in use) — first token 77517
2026-09-22 02:41:33.348 INFO  rank 1: slot 0 closed: 149 sampled decode steps, 0 fallbacks
2026-09-22 02:41:33.348 INFO  sched: request 'chatcmpl-b8251eb73406c7e2' retired (steps): 256 tok in 3.6 s — prefill 40 tok (32 cached) in 58 ms; decode 255 tok / 149 passes in 3.5 s: 72.9 tok/s, 13.7 ms/tok, 23 ms/pass, 1.71 tok/pass, accept p1 72 %
2026-09-22 02:41:33.427 INFO  sched: request 'chatcmpl-b8251eb73406c7e3' admitted to slot 0 (reserve 5 blocks; pool 220/4096 blocks in use) — first token 760
2026-09-22 02:41:35.031 INFO  stats: rank 1 | 10.0 s | decode 76.9 tok/s, 12.2 ms/tok, 24.4 ms/step (386 steps / 770 tok, 94 % of wall) | mtp 1.74 tok/step/req, accept p1 74 % | prefill 3 prompts / 56 tok, 6 tok/s, 5.50 ms/tok, 103 ms avg (3 % of wall), 64 tok cached (2/3 hits) | live 1, queued 0 | pool 216/4096 blocks (5 %) | prefix cache 54/55 entries
2026-09-22 02:41:37.161 INFO  rank 1: slot 0 closed: 156 sampled decode steps, 0 fallbacks
2026-09-22 02:41:37.162 INFO  sched: request 'chatcmpl-b8251eb73406c7e3' retired (steps): 256 tok in 3.7 s — prefill 40 tok (32 cached) in 59 ms; decode 255 tok / 156 passes in 3.7 s: 69.4 tok/s, 14.4 ms/tok, 24 ms/pass, 1.63 tok/pass, accept p1 64 %
2026-09-22 02:41:37.381 INFO  sched: request 'chatcmpl-b8251eb73406c7e4' prefix cache miss — 2 cut(s) probed against 54 entries; an entry at this prompt's cut 32 was evicted (62 eviction(s) ago, last used at tick 6258, now tick 10905; the arena holds 55 slots)
2026-09-22 02:41:37.381 INFO  sched: request 'chatcmpl-b8251eb73406c7e4' admitted to slot 0 (reserve 5 blocks; pool 216/4096 blocks in use) — first token 623
2026-09-22 02:41:37.555 INFO  sched: request 'chatcmpl-b8251eb73406c7e5' prefix cache miss — 1 cut(s) probed against 53 entries; an entry at this prompt's cut 32 was evicted (65 eviction(s) ago, last used at tick 6257, now tick 10906; the arena holds 55 slots)
2026-09-22 02:41:37.555 INFO  sched: request 'chatcmpl-b8251eb73406c7e5' admitted to slot 1 (reserve 5 blocks; pool 213/4096 blocks in use) — first token 32
2026-09-22 02:41:37.775 INFO  sched: request 'chatcmpl-b8251eb73406c7e6' prefix cache miss — 2 cut(s) probed against 53 entries; an entry at this prompt's cut 32 was evicted (55 eviction(s) ago, last used at tick 6726, now tick 10907; the arena holds 55 slots)
2026-09-22 02:41:37.775 INFO  sched: request 'chatcmpl-b8251eb73406c7e6' admitted to slot 2 (reserve 5 blocks; pool 214/4096 blocks in use) — first token 623
2026-09-22 02:41:37.989 INFO  sched: request 'chatcmpl-b8251eb73406c7e7' prefix cache miss — 2 cut(s) probed against 51 entries; an entry at this prompt's cut 24 was evicted (59 eviction(s) ago, last used at tick 6725, now tick 10908; the arena holds 55 slots)
2026-09-22 02:41:37.989 INFO  sched: request 'chatcmpl-b8251eb73406c7e7' admitted to slot 3 (reserve 5 blocks; pool 215/4096 blocks in use) — first token 13923
2026-09-22 02:41:44.214 INFO  rank 1: slot 0 closed: 144 sampled decode steps, 0 fallbacks
2026-09-22 02:41:44.215 INFO  sched: request 'chatcmpl-b8251eb73406c7e4' retired (steps): 256 tok in 6.8 s — prefill 40 tok (0 cached) in 187 ms; decode 255 tok / 144 passes in 6.6 s: 38.4 tok/s, 26.1 ms/tok, 46 ms/pass, 1.77 tok/pass, accept p1 78 %
2026-09-22 02:41:44.347 INFO  rank 1: slot 1 closed: 146 sampled decode steps, 0 fallbacks
2026-09-22 02:41:44.348 INFO  sched: request 'chatcmpl-b8251eb73406c7e5' retired (steps): 256 tok in 6.8 s — prefill 41 tok (0 cached) in 149 ms; decode 255 tok / 146 passes in 6.6 s: 38.4 tok/s, 26.1 ms/tok, 46 ms/pass, 1.75 tok/pass, accept p1 75 %
2026-09-22 02:41:44.393 INFO  rank 1: slot 3 closed: 145 sampled decode steps, 0 fallbacks
2026-09-22 02:41:44.393 INFO  sched: request 'chatcmpl-b8251eb73406c7e7' retired (steps): 256 tok in 6.4 s — prefill 31 tok (0 cached) in 174 ms; decode 255 tok / 145 passes in 6.2 s: 40.9 tok/s, 24.4 ms/tok, 43 ms/pass, 1.76 tok/pass, accept p1 76 %
2026-09-22 02:41:44.418 INFO  rank 1: slot 2 closed: 147 sampled decode steps, 0 fallbacks
2026-09-22 02:41:44.419 INFO  sched: request 'chatcmpl-b8251eb73406c7e6' retired (steps): 256 tok in 6.6 s — prefill 40 tok (0 cached) in 189 ms; decode 255 tok / 147 passes in 6.5 s: 39.5 tok/s, 25.3 ms/tok, 44 ms/pass, 1.73 tok/pass, accept p1 74 %
2026-09-22 02:41:44.495 INFO  sched: request 'chatcmpl-b8251eb73406c7e8' admitted to slot 0 (reserve 5 blocks; pool 216/4096 blocks in use) — first token 32
2026-09-22 02:41:44.578 INFO  sched: request 'chatcmpl-b8251eb73406c7e9' admitted to slot 1 (reserve 5 blocks; pool 221/4096 blocks in use) — first token 24531
2026-09-22 02:41:44.668 INFO  sched: request 'chatcmpl-b8251eb73406c7ea' admitted to slot 2 (reserve 5 blocks; pool 222/4096 blocks in use) — first token 760
2026-09-22 02:41:44.765 INFO  sched: request 'chatcmpl-b8251eb73406c7eb' admitted to slot 3 (reserve 5 blocks; pool 223/4096 blocks in use) — first token 13923
2026-09-22 02:41:45.075 INFO  stats: rank 1 | 10.0 s | decode 122.0 tok/s, 7.2 ms/tok, 35.8 ms/step (248 steps / 1225 tok, 88 % of wall) | mtp 1.74 tok/step/req, accept p1 73 % | prefill 8 prompts / 184 tok, 18 tok/s, 5.06 ms/tok, 116 ms avg (9 % of wall), 120 tok cached (4/8 hits) | live 4, queued 0 | pool 219/4096 blocks (5 %) | prefix cache 51/55 entries
2026-09-22 02:41:50.990 INFO  rank 1: slot 2 closed: 141 sampled decode steps, 0 fallbacks
2026-09-22 02:41:50.990 INFO  sched: request 'chatcmpl-b8251eb73406c7ea' retired (steps): 256 tok in 6.3 s — prefill 40 tok (32 cached) in 58 ms; decode 255 tok / 141 passes in 6.3 s: 40.7 tok/s, 24.6 ms/tok, 44 ms/pass, 1.81 tok/pass, accept p1 81 %
2026-09-22 02:41:51.081 INFO  rank 1: slot 1 closed: 144 sampled decode steps, 0 fallbacks
2026-09-22 02:41:51.082 INFO  sched: request 'chatcmpl-b8251eb73406c7e9' retired (steps): 256 tok in 6.5 s — prefill 40 tok (32 cached) in 57 ms; decode 255 tok / 144 passes in 6.4 s: 39.6 tok/s, 25.3 ms/tok, 45 ms/pass, 1.77 tok/pass, accept p1 78 %
2026-09-22 02:41:51.287 INFO  rank 1: slot 0 closed: 150 sampled decode steps, 0 fallbacks
2026-09-22 02:41:51.288 INFO  sched: request 'chatcmpl-b8251eb73406c7e8' retired (steps): 256 tok in 6.8 s — prefill 41 tok (32 cached) in 60 ms; decode 255 tok / 150 passes in 6.7 s: 37.9 tok/s, 26.4 ms/tok, 45 ms/pass, 1.70 tok/pass, accept p1 71 %
2026-09-22 02:41:51.313 INFO  rank 1: slot 3 closed: 148 sampled decode steps, 0 fallbacks
2026-09-22 02:41:51.313 INFO  sched: request 'chatcmpl-b8251eb73406c7eb' retired (steps): 256 tok in 6.5 s — prefill 31 tok (24 cached) in 56 ms; decode 255 tok / 148 passes in 6.5 s: 39.3 tok/s, 25.5 ms/tok, 44 ms/pass, 1.72 tok/pass, accept p1 72 %
2026-09-22 02:41:51.383 INFO  sched: request 'chatcmpl-b8251eb73406c7ec' admitted to slot 0 (reserve 5 blocks; pool 220/4096 blocks in use) — first token 32
2026-09-22 02:41:51.463 INFO  sched: request 'chatcmpl-b8251eb73406c7ed' admitted to slot 1 (reserve 5 blocks; pool 225/4096 blocks in use) — first token 13923
2026-09-22 02:41:51.551 INFO  sched: request 'chatcmpl-b8251eb73406c7ee' admitted to slot 2 (reserve 5 blocks; pool 221/4096 blocks in use) — first token 24531
2026-09-22 02:41:51.649 INFO  sched: request 'chatcmpl-b8251eb73406c7ef' admitted to slot 3 (reserve 5 blocks; pool 223/4096 blocks in use) — first token 1206
2026-09-22 02:41:55.089 INFO  stats: rank 1 | 10.0 s | decode 152.2 tok/s, 6.3 ms/tok, 43.2 ms/step (222 steps / 1524 tok, 96 % of wall) | mtp 1.76 tok/step/req, accept p1 76 % | prefill 4 prompts / 32 tok, 3 tok/s, 7.28 ms/tok, 58 ms avg (2 % of wall), 120 tok cached (4/4 hits) | live 4, queued 0 | pool 223/4096 blocks (5 %) | prefix cache 51/55 entries
2026-09-22 02:41:57.977 INFO  rank 1: slot 0 closed: 146 sampled decode steps, 0 fallbacks
2026-09-22 02:41:57.977 INFO  sched: request 'chatcmpl-b8251eb73406c7ec' retired (steps): 256 tok in 6.6 s — prefill 41 tok (32 cached) in 59 ms; decode 255 tok / 146 passes in 6.5 s: 39.0 tok/s, 25.6 ms/tok, 45 ms/pass, 1.75 tok/pass, accept p1 75 %
2026-09-22 02:41:58.024 INFO  rank 1: slot 3 closed: 144 sampled decode steps, 0 fallbacks
2026-09-22 02:41:58.024 INFO  sched: request 'chatcmpl-b8251eb73406c7ef' retired (steps): 256 tok in 6.4 s — prefill 40 tok (32 cached) in 59 ms; decode 255 tok / 144 passes in 6.3 s: 40.4 tok/s, 24.8 ms/tok, 44 ms/pass, 1.77 tok/pass, accept p1 77 %
2026-09-22 02:41:58.099 INFO  rank 1: slot 1 closed: 148 sampled decode steps, 0 fallbacks
2026-09-22 02:41:58.099 INFO  sched: request 'chatcmpl-b8251eb73406c7ed' retired (steps): 256 tok in 6.6 s — prefill 31 tok (24 cached) in 56 ms; decode 255 tok / 148 passes in 6.6 s: 38.8 tok/s, 25.8 ms/tok, 44 ms/pass, 1.72 tok/pass, accept p1 72 %
2026-09-22 02:41:58.176 INFO  rank 1: slot 2 closed: 150 sampled decode steps, 0 fallbacks
2026-09-22 02:41:58.176 INFO  sched: request 'chatcmpl-b8251eb73406c7ee' retired (steps): 256 tok in 6.6 s — prefill 40 tok (32 cached) in 60 ms; decode 255 tok / 150 passes in 6.6 s: 38.8 tok/s, 25.7 ms/tok, 44 ms/pass, 1.70 tok/pass, accept p1 70 %
2026-09-22 02:41:58.516 INFO  sched: request 'chatcmpl-b8251eb73406c7f0' prefix cache miss — 2 cut(s) probed against 54 entries; an entry at this prompt's cut 56 was evicted (147 eviction(s) ago, last used at tick 256, now tick 11386; the arena holds 55 slots)
2026-09-22 02:41:58.516 INFO  sched: request 'chatcmpl-b8251eb73406c7f0' admitted to slot 0 (reserve 2 blocks; pool 217/4096 blocks in use) — first token 2
2026-09-22 02:41:59.373 INFO  sched: request 'chatcmpl-b8251eb73406c7f0' retired (steps): 64 tok in 0.9 s — prefill 64 tok (0 cached) in 212 ms; decode 63 tok / 36 passes in 0.6 s: 97.7 tok/s, 10.2 ms/tok, 18 ms/pass, 1.75 tok/pass, accept p1 75 %
2026-09-22 02:41:59.448 INFO  sched: request 'chatcmpl-b8251eb73406c7f1' admitted to slot 0 (reserve 5 blocks; pool 217/4096 blocks in use) — first token 2
2026-09-22 02:42:02.905 INFO  sched: request 'chatcmpl-b8251eb73406c7f1' retired (steps): 256 tok in 3.5 s — prefill 64 tok (56 cached) in 58 ms; decode 255 tok / 145 passes in 3.4 s: 75.0 tok/s, 13.3 ms/tok, 23 ms/pass, 1.76 tok/pass, accept p1 77 %
2026-09-22 02:42:02.980 INFO  sched: request 'chatcmpl-b8251eb73406c7f2' admitted to slot 0 (reserve 5 blocks; pool 217/4096 blocks in use) — first token 2
2026-09-22 02:42:03.174 INFO  sched: request 'chatcmpl-b8251eb73406c7f3' prefix cache miss — 1 cut(s) probed against 53 entries; the nearest entry (position 316) shares the first 17 of the prompt's 61 tokens (the prompt differs from it from that token on)
2026-09-22 02:42:03.174 INFO  sched: request 'chatcmpl-b8251eb73406c7f3' admitted to slot 1 (reserve 5 blocks; pool 213/4096 blocks in use) — first token 2
2026-09-22 02:42:03.415 INFO  sched: request 'chatcmpl-b8251eb73406c7f4' prefix cache miss — 2 cut(s) probed against 53 entries; the nearest entry (position 316) shares the first 17 of the prompt's 64 tokens (the prompt differs from it from that token on)
2026-09-22 02:42:03.415 INFO  sched: request 'chatcmpl-b8251eb73406c7f4' admitted to slot 2 (reserve 5 blocks; pool 214/4096 blocks in use) — first token 2
2026-09-22 02:42:03.669 INFO  sched: request 'chatcmpl-b8251eb73406c7f5' prefix cache miss — 2 cut(s) probed against 52 entries; the nearest entry (position 316) shares the first 17 of the prompt's 68 tokens (the prompt differs from it from that token on)
2026-09-22 02:42:03.669 INFO  sched: request 'chatcmpl-b8251eb73406c7f5' admitted to slot 3 (reserve 6 blocks; pool 212/4096 blocks in use) — first token 2
2026-09-22 02:42:05.092 INFO  stats: rank 1 | 10.0 s | decode 103.1 tok/s, 8.5 ms/tok, 30.3 ms/step (288 steps / 1031 tok, 87 % of wall) | mtp 1.75 tok/step/req, accept p1 74 % | prefill 6 prompts / 273 tok, 27 tok/s, 3.39 ms/tok, 154 ms avg (9 % of wall), 112 tok cached (2/6 hits) | live 4, queued 0 | pool 213/4096 blocks (5 %) | prefix cache 51/55 entries
2026-09-22 02:42:09.834 INFO  sched: request 'chatcmpl-b8251eb73406c7f4' retired (steps): 256 tok in 6.4 s — prefill 64 tok (0 cached) in 209 ms; decode 255 tok / 142 passes in 6.2 s: 41.1 tok/s, 24.4 ms/tok, 44 ms/pass, 1.80 tok/pass, accept p1 80 %
2026-09-22 02:42:09.924 INFO  sched: request 'chatcmpl-b8251eb73406c7f3' retired (steps): 256 tok in 6.7 s — prefill 61 tok (0 cached) in 170 ms; decode 255 tok / 145 passes in 6.6 s: 38.8 tok/s, 25.8 ms/tok, 45 ms/pass, 1.76 tok/pass, accept p1 77 %
2026-09-22 02:42:09.924 INFO  sched: request 'chatcmpl-b8251eb73406c7f2' retired (steps): 256 tok in 6.9 s — prefill 64 tok (56 cached) in 58 ms; decode 255 tok / 146 passes in 6.9 s: 37.0 tok/s, 27.0 ms/tok, 47 ms/pass, 1.75 tok/pass, accept p1 75 %
2026-09-22 02:42:10.121 INFO  sched: request 'chatcmpl-b8251eb73406c7f5' retired (steps): 256 tok in 6.5 s — prefill 68 tok (0 cached) in 216 ms; decode 255 tok / 151 passes in 6.2 s: 40.9 tok/s, 24.5 ms/tok, 41 ms/pass, 1.69 tok/pass, accept p1 69 %
2026-09-22 02:42:11.706 INFO  journal: stop record — exiting
2026-09-22 02:42:11.770 INFO  rank 1: graph engine sampling summary — 10416 sampled decode steps, 0 served by the exact gather fallback (0.0%), 128 candidates per rank
2026-09-22 02:42:12.824 INFO  rank 1: exited cleanly
