2026-09-22 02:33:42.785 INFO  dgpp-serve 0.1.0+ga3ed8994a34c (git a3ed8994a34c)
2026-09-22 02:33:42.785 INFO  config /home/stephen/workspace/dgpp/benchmarks/results/2026-09-22-current/raw/qwen-fp8-w4/performance/default/server/cluster.resolved.json: model Qwen/Qwen3.8-Flash-Next-FP8, world 4, rank 0, http :18080, fabric :29970, journal :29971
2026-09-22 02:33:42.785 INFO  model Qwen/Qwen3.8-Flash-Next-FP8 -> /home/stephen/.cache/huggingface/hub/models--Qwen--Qwen3.8-Flash-Next-FP8/snapshots/236dfdf285828023ca3bcd3f37366c58a3469b13
2026-09-22 02:33:42.785 INFO  journal: listening on :29971 for 3 peer(s)
2026-09-22 02:33:45.159 INFO  journal: rank 2 connected (1/3, 119999ms left in window)
2026-09-22 02:33:45.182 INFO  journal: rank 3 connected (2/3, 117626ms left in window)
2026-09-22 02:33:45.187 INFO  journal: rank 1 connected (3/3, 117603ms left in window)
2026-09-22 02:33:45.187 INFO  journal: world complete (3 peer connection(s))
2026-09-22 02:33:45.187 INFO  journal: settings pushed to 3 peer(s): model=Qwen/Qwen3.8-Flash-Next-FP8 world=4 fabric=29970 journal=29971 conc=4 kv=262144 kvdt=bf16 ngt=resident dw=checkpoint bfw=bf12+bf16 fp8head=gemv pf=bounded emsh=replicated maxtok=256 queue=8 eos=1 graph=1 compact=0 mtp=1 mtpd=1 mss=0 msrow=8 msbase=28 mslam=0 msmin=1 msad=1 batchmin=2 cand=128 pcgib=1.5 adm=full win=256 pfbudget=0 pfidle=0 pace=-1 inflight=-1 reasoning_in_content=0 rs=off
2026-09-22 02:33:45.187 INFO  config: model=Qwen/Qwen3.8-Flash-Next-FP8 world=4 fabric=29970 journal=29971 conc=4 kv=262144 kvdt=bf16 ngt=resident dw=checkpoint bfw=bf12+bf16 fp8head=gemv pf=bounded emsh=replicated maxtok=256 queue=8 eos=1 graph=1 compact=0 mtp=1 mtpd=1 mss=0 msrow=8 msbase=28 mslam=0 msmin=1 msad=1 batchmin=2 cand=128 pcgib=1.5 adm=full win=256 pfbudget=0 pfidle=0 pace=-1 inflight=-1 reasoning_in_content=0 rs=off (digest 06a6d83413203c9d)
2026-09-22 02:33:45.312 INFO  serve: model family qwen4_exp (/home/stephen/.cache/huggingface/hub/models--Qwen--Qwen3.8-Flash-Next-FP8/snapshots/236dfdf285828023ca3bcd3f37366c58a3469b13)
2026-09-22 02:33:45.312 INFO  serve: decode rows 8 (4 slot(s) x 2 row(s) per request, floor 8, the qwen4_exp family's cap 64)
2026-09-22 02:33:45.349 WARN  generation config /home/stephen/.cache/huggingface/hub/models--Qwen--Qwen3.8-Flash-Next-FP8/snapshots/236dfdf285828023ca3bcd3f37366c58a3469b13/generation_config.json omits min_p, repetition_penalty; using greedy-safe/neutral fallbacks for those fields
2026-09-22 02:33:45.349 INFO  generation defaults: temperature=1 top_p=0.95 top_k=20 min_p=0 repetition_penalty=1
2026-09-22 02:33:45.349 INFO  serve: sampling defaults temperature 1 top_p 0.95 top_k 20 min_p 0 repetition_penalty 1 (from generation_config.json; overrides: none)
2026-09-22 02:33:45.349 INFO  serve: request context limit 262144 tokens — the lesser of the 262144-token positional ceiling (the checkpoint's own rope) and the 262144-token K/V pool (engine.kv_capacity 262144); one request may reach the limit, the pool is what seats them all
2026-09-22 02:33:45.349 INFO  rank 0: prefix cache plan — 1.5 GiB budget, 55 slots of 27.735 MiB, 1.490 GiB allocated; cached K/V blocks share the 262144-token pool
2026-09-22 02:33:45.464 INFO  tokenizer: loaded vocab 248044 merges 247587 added 33 (revision 0x53952643d9dcd76d; qwen pattern, NFC, ignore_merges false)
2026-09-22 02:33:45.479 INFO  serve: grammar vocabulary built (248320 ids, tool markers present, call-turn EOS 248046)
2026-09-22 02:33:45.668 INFO  serve: JSON grammar tables built in 0.19 s
2026-09-22 02:33:46.374 INFO  bus: globaltimer offset 20176663840 ns (+-2 us)
2026-09-22 02:33:46.388 INFO  verbs: device roceP2p1s0f0 port 1 gid_index 3
2026-09-22 02:33:46.393 INFO  verbs: device rocep1s0f0 port 1 gid_index 3
2026-09-22 02:33:46.461 INFO  bus: rank 0 rendezvous listening on port 29970
2026-09-22 02:33:46.551 INFO  bus: rank 0 up — 3 peer(s) x 2 lane(s), lat 8x163840B, bulk 8x262144B, bulk pace 28.3 Gb/s per QP, window 4 per lane
2026-09-22 02:33:46.551 INFO  rank 0: boundary reducer host-driven
2026-09-22 02:33:46.696 INFO  bus engine: rank 0 pinned to cpu 19
2026-09-22 02:33:46.724 INFO  rank 0: process memory locked (mlockall MCL_CURRENT, 14482 MiB)
2026-09-22 02:33:46.724 INFO  rank 0: resident image cache at /home/stephen/.cache/dgpp/resident
2026-09-22 02:33:46.859 INFO  rank 0: memory plan for a 262144-token context — model weights (resident, n-gram table included) 44.98 GiB; loader staging (pinned host, freed when the last layer is resident) 1.53 GiB (1.53 GiB pinned); bf16 decode packing (12-bit companions) 1.27 GiB; gemm workspace (at least) 0.06 GiB; request slot state (GDN recurrent/conv, PLE conv, context) 0.11 GiB; spec snapshot rows 0.22 GiB; kv cache pool (K/V bf16, compressed index keys, rings) 3.45 GiB; activations (hyper state, rows, head) 0.54 GiB (0.00 GiB pinned); layer objects (GR sites, GDN, QSA, PLE) 1.64 GiB; moe scratch (routed slots, shared expert, graph tables) 0.43 GiB (0.01 GiB pinned); draft block (hyper-state window, ring snapshot, fusion scratch, mixer) 0.27 GiB (0.00 GiB pinned); vision tower weights (bf16, replicated) 0.84 GiB; vision workspace (patches, attention tiles, staged image rows) 0.29 GiB; prefix cache 1.49 GiB; engine 0.07 GiB
2026-09-22 02:33:46.859 INFO  rank 0: memory plan total 57.18 GiB (54.08 GiB device + 3.10 GiB pinned) + 4.00 GiB headroom against 115.97 GiB free (device free 114.30 GiB of 121.63 GiB, host available 115.97 GiB)
2026-09-22 02:33:46.859 INFO  memory ledger: rank 0 after the plan check — rss 1.25 GiB (anon 0.38, shmem 0.22, file 0.64; locked 14.14); device free 114.30 GiB, node available 115.97 GiB
2026-09-22 02:33:46.859 INFO  memory ledger: rank 0 after the bus — rss 1.25 GiB (anon 0.38, shmem 0.22, file 0.64; locked 14.14); device free 114.30 GiB, node available 115.97 GiB
2026-09-22 02:33:47.371 INFO  qwen loader: rank 0 resident footprint 45.0 GiB; device free 114.1 of 121.6 GiB, host available 115.8 GiB
2026-09-22 02:33:48.151 INFO  qwen loader: rank 0 resident image /home/stephen/.cache/dgpp/resident/5e04a6dfd52eadf3.img — 49/49 layers present, direct I/O
2026-09-22 02:33:48.160 INFO  l2 prefetch: on, window budget 12 MiB, boundary rate light, layer rate light
2026-09-22 02:34:00.093 INFO  qwen loader: rank 0 n-gram table rows [0, 80000106) resident (11.92 GiB, scale 0.00019931793)
2026-09-22 02:34:03.866 INFO  memory ledger: rank 0 after the model — rss 4.50 GiB (anon 0.54, shmem 1.76, file 2.20; locked 14.14); device free 91.22 GiB, node available 94.45 GiB
2026-09-22 02:34:03.866 INFO  rank 0: model constructed in 17.0s (resident, 4 request slots, 262144-token pool in bf16, 2048-row forwards)
2026-09-22 02:34:03.866 INFO  rank 0: prefix cache on — 55 snapshot slot(s) of 27.7 MiB (1.50 GiB asked)
2026-09-22 02:34:03.919 INFO  rank 0: graph engine samples on the device — 128 candidates per rank (8 rows x 4 ranks in a 163840-byte latency slot; the planned width is 128); constrained decoding available
2026-09-22 02:34:03.919 INFO  memory ledger: rank 0 after the graph engine — rss 4.50 GiB (anon 0.54, shmem 1.77, file 2.20; locked 14.14); device free 89.69 GiB, node available 92.92 GiB
2026-09-22 02:34:04.156 INFO  allreduce: device clock rate 2418000 kHz (stamps conversion)
2026-09-22 02:34:04.156 INFO  allreduce: rank 0 seq 1 launched (3 peers)
2026-09-22 02:34:04.156 INFO  allreduce: rank 0 seq 1 ready after 44.1us
2026-09-22 02:34:04.659 INFO  hunt qp: rank 0 seq 1  p1l0[RTS sq_psn=4667 rq_psn=4667 ack_timeout=14 retry_cnt=7 rnr_retry=7 min_rnr=12 sq_draining=0] p1l1[RTS sq_psn=4660 rq_psn=4660 ack_timeout=14 retry_cnt=7 rnr_retry=7 min_rnr=12 sq_draining=0] p2l0[RTS sq_psn=4666 rq_psn=4660 ack_timeout=14 retry_cnt=7 rnr_retry=7 min_rnr=12 sq_draining=0] p2l1[RTS sq_psn=4660 rq_psn=4660 ack_timeout=14 retry_cnt=7 rnr_retry=7 min_rnr=12 sq_draining=0] p3l0[RTS sq_psn=4666 rq_psn=4660 ack_timeout=14 retry_cnt=7 rnr_retry=7 min_rnr=12 sq_draining=0] p3l1[RTS sq_psn=4660 rq_psn=4660 ack_timeout=14 retry_cnt=7 rnr_retry=7 min_rnr=12 sq_draining=0]
2026-09-22 02:34:04.659 INFO  allreduce: rank 0 seq 1 STALLED 503ms posted=0x7 ctl(ready=0x7 done=0 status=0 gate(waits=0 spins=0) first_claim(cell=0 len=20480 seq=1))  p1l0:[1c1/1=0x3b6e3c83.0c0/0=0000000000.0c0/0=0000000000.0c0/0=0000000000.0c0/0=0000000000.0c0/0=0000000000.0c0/0=0000000000.0c0/0=0000000000. B[0/0.0/0.0/0.0/0.0/0.0/0.0/0.0/0.] p1l1:[0c0/0=0000000000.0c0/0=0000000000.0c0/0=0000000000.0c0/0=0000000000.0c0/0=0000000000.0c0/0=0000000000.0c0/0=0000000000.0c0/0=0000000000. B[0/0.0/0.0/0.0/0.0/0.0/0.0/0.0/0.] p2l0:[0c0/0=0000000000!0c0/0=0000000000.0c0/0=0000000000.0c0/0=0000000000.0c0/0=0000000000.0c0/0=0000000000.0c0/0=0000000000.0c0/0=0000000000. B[0/0.0/0.0/0.0/0.0/0.0/0.0/0.0/0.] p2l1:[0c0/0=0000000000.0c0/0=0000000000.0c0/0=0000000000.0c0/0=0000000000.0c0/0=0000000000.0c0/0=0000000000.0c0/0=0000000000.0c0/0=0000000000. B[0/0.0/0.0/0.0/0.0/0.0/0.0/0.0/0.] p3l0:[0c0/0=0000000000!0c0/0=0000000000.0c0/0=0000000000.0c0/0=0000000000.0c0/0=0000000000.0c0/0=0000000000.0c0/0=0000000000.0c0/0=0000000000. B[0/0.0/0.0/0.0/0.0/0.0/0.0/0.0/0.] p3l1:[0c0/0=0000000000.0c0/0=0000000000.0c0/0=0000000000.0c0/0=0000000000.0c0/0=0000000000.0c0/0=0000000000.0c0/0=0000000000.0c0/0=0000000000. B[0/0.0/0.0/0.0/0.0/0.0/0.0/0.0/0.]
2026-09-22 02:34:04.659 INFO  kernel claim: rank 0 seq 1 rec0 peer 1 lane 0 slot 0 door(seq=1 len=20480 ctl=1 hash=0x12d69363afdf57f7) pay(w0=0x3b6e3c83 w1=0xbb55bb82 w2=0x3d463bed w3=0x3d27bbeb w4=0xbcc5bc4d w5=0xbcf13d16 w6=0x3b8fbd6d w7=0xbccebc3b) folded16=0xdc96d41748f25f61
2026-09-22 02:34:05.158 INFO  hunt qp: rank 0 seq 1  p1l0[RTS sq_psn=4667 rq_psn=4667 ack_timeout=14 retry_cnt=7 rnr_retry=7 min_rnr=12 sq_draining=0] p1l1[RTS sq_psn=4660 rq_psn=4660 ack_timeout=14 retry_cnt=7 rnr_retry=7 min_rnr=12 sq_draining=0] p2l0[RTS sq_psn=4666 rq_psn=4660 ack_timeout=14 retry_cnt=7 rnr_retry=7 min_rnr=12 sq_draining=0] p2l1[RTS sq_psn=4660 rq_psn=4660 ack_timeout=14 retry_cnt=7 rnr_retry=7 min_rnr=12 sq_draining=0] p3l0[RTS sq_psn=4667 rq_psn=4667 ack_timeout=14 retry_cnt=7 rnr_retry=7 min_rnr=12 sq_draining=0] p3l1[RTS sq_psn=4660 rq_psn=4660 ack_timeout=14 retry_cnt=7 rnr_retry=7 min_rnr=12 sq_draining=0]
2026-09-22 02:34:05.158 INFO  allreduce: rank 0 seq 1 STALLED 1002ms posted=0x7 ctl(ready=0x7 done=0 status=0 gate(waits=0 spins=0) first_claim(cell=0 len=20480 seq=1))  p1l0:[1c1/1=0x3b6e3c83.0c0/0=0000000000.0c0/0=0000000000.0c0/0=0000000000.0c0/0=0000000000.0c0/0=0000000000.0c0/0=0000000000.0c0/0=0000000000. B[0/0.0/0.0/0.0/0.0/0.0/0.0/0.0/0.] p1l1:[0c0/0=0000000000.0c0/0=0000000000.0c0/0=0000000000.0c0/0=0000000000.0c0/0=0000000000.0c0/0=0000000000.0c0/0=0000000000.0c0/0=0000000000. B[0/0.0/0.0/0.0/0.0/0.0/0.0/0.0/0.] p2l0:[0c0/0=0000000000!0c0/0=0000000000.0c0/0=0000000000.0c0/0=0000000000.0c0/0=0000000000.0c0/0=0000000000.0c0/0=0000000000.0c0/0=0000000000. B[0/0.0/0.0/0.0/0.0/0.0/0.0/0.0/0.] p2l1:[0c0/0=0000000000.0c0/0=0000000000.0c0/0=0000000000.0c0/0=0000000000.0c0/0=0000000000.0c0/0=0000000000.0c0/0=0000000000.0c0/0=0000000000. B[0/0.0/0.0/0.0/0.0/0.0/0.0/0.0/0.] p3l0:[1c1/1=0xbd07bd46.0c0/0=0000000000.0c0/0=0000000000.0c0/0=0000000000.0c0/0=0000000000.0c0/0=0000000000.0c0/0=0000000000.0c0/0=0000000000. B[0/0.0/0.0/0.0/0.0/0.0/0.0/0.0/0.] p3l1:[0c0/0=0000000000.0c0/0=0000000000.0c0/0=0000000000.0c0/0=0000000000.0c0/0=0000000000.0c0/0=0000000000.0c0/0=0000000000.0c0/0=0000000000. B[0/0.0/0.0/0.0/0.0/0.0/0.0/0.0/0.]
2026-09-22 02:34:05.158 INFO  kernel claim: rank 0 seq 1 rec0 peer 1 lane 0 slot 0 door(seq=1 len=20480 ctl=1 hash=0x12d69363afdf57f7) pay(w0=0x3b6e3c83 w1=0xbb55bb82 w2=0x3d463bed w3=0x3d27bbeb w4=0xbcc5bc4d w5=0xbcf13d16 w6=0x3b8fbd6d w7=0xbccebc3b) folded16=0xdc96d41748f25f61
2026-09-22 02:34:05.158 INFO  kernel claim: rank 0 seq 1 rec1 peer 3 lane 0 slot 0 door(seq=1 len=20480 ctl=1 hash=0x9b9c0d860fb32a36) pay(w0=0xbd07bd46 w1=0x3d06bc40 w2=0x3eaebd49 w3=0x3c0f3caf w4=0xbd9fbd9c w5=0xbd233d61 w6=0x3e033caa w7=0x3bfc3d9b) folded16=0x49c2ad127b6b7b36
2026-09-22 02:34:05.662 INFO  hunt qp: rank 0 seq 1  p1l0[RTS sq_psn=4667 rq_psn=4667 ack_timeout=14 retry_cnt=7 rnr_retry=7 min_rnr=12 sq_draining=0] p1l1[RTS sq_psn=4660 rq_psn=4660 ack_timeout=14 retry_cnt=7 rnr_retry=7 min_rnr=12 sq_draining=0] p2l0[RTS sq_psn=4666 rq_psn=4660 ack_timeout=14 retry_cnt=7 rnr_retry=7 min_rnr=12 sq_draining=0] p2l1[RTS sq_psn=4660 rq_psn=4660 ack_timeout=14 retry_cnt=7 rnr_retry=7 min_rnr=12 sq_draining=0] p3l0[RTS sq_psn=4667 rq_psn=4667 ack_timeout=14 retry_cnt=7 rnr_retry=7 min_rnr=12 sq_draining=0] p3l1[RTS sq_psn=4660 rq_psn=4660 ack_timeout=14 retry_cnt=7 rnr_retry=7 min_rnr=12 sq_draining=0]
2026-09-22 02:34:05.662 INFO  allreduce: rank 0 seq 1 STALLED 1505ms posted=0x7 ctl(ready=0x7 done=0 status=0 gate(waits=0 spins=0) first_claim(cell=0 len=20480 seq=1))  p1l0:[1c1/1=0x3b6e3c83.0c0/0=0000000000.0c0/0=0000000000.0c0/0=0000000000.0c0/0=0000000000.0c0/0=0000000000.0c0/0=0000000000.0c0/0=0000000000. B[0/0.0/0.0/0.0/0.0/0.0/0.0/0.0/0.] p1l1:[0c0/0=0000000000.0c0/0=0000000000.0c0/0=0000000000.0c0/0=0000000000.0c0/0=0000000000.0c0/0=0000000000.0c0/0=0000000000.0c0/0=0000000000. B[0/0.0/0.0/0.0/0.0/0.0/0.0/0.0/0.] p2l0:[0c0/0=0000000000!0c0/0=0000000000.0c0/0=0000000000.0c0/0=0000000000.0c0/0=0000000000.0c0/0=0000000000.0c0/0=0000000000.0c0/0=0000000000. B[0/0.0/0.0/0.0/0.0/0.0/0.0/0.0/0.] p2l1:[0c0/0=0000000000.0c0/0=0000000000.0c0/0=0000000000.0c0/0=0000000000.0c0/0=0000000000.0c0/0=0000000000.0c0/0=0000000000.0c0/0=0000000000. B[0/0.0/0.0/0.0/0.0/0.0/0.0/0.0/0.] p3l0:[1c1/1=0xbd07bd46.0c0/0=0000000000.0c0/0=0000000000.0c0/0=0000000000.0c0/0=0000000000.0c0/0=0000000000.0c0/0=0000000000.0c0/0=0000000000. B[0/0.0/0.0/0.0/0.0/0.0/0.0/0.0/0.] p3l1:[0c0/0=0000000000.0c0/0=0000000000.0c0/0=0000000000.0c0/0=0000000000.0c0/0=0000000000.0c0/0=0000000000.0c0/0=0000000000.0c0/0=0000000000. B[0/0.0/0.0/0.0/0.0/0.0/0.0/0.0/0.]
2026-09-22 02:34:05.662 INFO  kernel claim: rank 0 seq 1 rec0 peer 1 lane 0 slot 0 door(seq=1 len=20480 ctl=1 hash=0x12d69363afdf57f7) pay(w0=0x3b6e3c83 w1=0xbb55bb82 w2=0x3d463bed w3=0x3d27bbeb w4=0xbcc5bc4d w5=0xbcf13d16 w6=0x3b8fbd6d w7=0xbccebc3b) folded16=0xdc96d41748f25f61
2026-09-22 02:34:05.662 INFO  kernel claim: rank 0 seq 1 rec1 peer 3 lane 0 slot 0 door(seq=1 len=20480 ctl=1 hash=0x9b9c0d860fb32a36) pay(w0=0xbd07bd46 w1=0x3d06bc40 w2=0x3eaebd49 w3=0x3c0f3caf w4=0xbd9fbd9c w5=0xbd233d61 w6=0x3e033caa w7=0x3bfc3d9b) folded16=0x49c2ad127b6b7b36
2026-09-22 02:34:06.158 INFO  hunt qp: rank 0 seq 1  p1l0[RTS sq_psn=4667 rq_psn=4667 ack_timeout=14 retry_cnt=7 rnr_retry=7 min_rnr=12 sq_draining=0] p1l1[RTS sq_psn=4660 rq_psn=4660 ack_timeout=14 retry_cnt=7 rnr_retry=7 min_rnr=12 sq_draining=0] p2l0[RTS sq_psn=4666 rq_psn=4660 ack_timeout=14 retry_cnt=7 rnr_retry=7 min_rnr=12 sq_draining=0] p2l1[RTS sq_psn=4660 rq_psn=4660 ack_timeout=14 retry_cnt=7 rnr_retry=7 min_rnr=12 sq_draining=0] p3l0[RTS sq_psn=4667 rq_psn=4667 ack_timeout=14 retry_cnt=7 rnr_retry=7 min_rnr=12 sq_draining=0] p3l1[RTS sq_psn=4660 rq_psn=4660 ack_timeout=14 retry_cnt=7 rnr_retry=7 min_rnr=12 sq_draining=0]
2026-09-22 02:34:06.158 INFO  allreduce: rank 0 seq 1 STALLED 2001ms posted=0x7 ctl(ready=0x7 done=0 status=0 gate(waits=0 spins=0) first_claim(cell=0 len=20480 seq=1))  p1l0:[1c1/1=0x3b6e3c83.0c0/0=0000000000.0c0/0=0000000000.0c0/0=0000000000.0c0/0=0000000000.0c0/0=0000000000.0c0/0=0000000000.0c0/0=0000000000. B[0/0.0/0.0/0.0/0.0/0.0/0.0/0.0/0.] p1l1:[0c0/0=0000000000.0c0/0=0000000000.0c0/0=0000000000.0c0/0=0000000000.0c0/0=0000000000.0c0/0=0000000000.0c0/0=0000000000.0c0/0=0000000000. B[0/0.0/0.0/0.0/0.0/0.0/0.0/0.0/0.] p2l0:[0c0/0=0000000000!0c0/0=0000000000.0c0/0=0000000000.0c0/0=0000000000.0c0/0=0000000000.0c0/0=0000000000.0c0/0=0000000000.0c0/0=0000000000. B[0/0.0/0.0/0.0/0.0/0.0/0.0/0.0/0.] p2l1:[0c0/0=0000000000.0c0/0=0000000000.0c0/0=0000000000.0c0/0=0000000000.0c0/0=0000000000.0c0/0=0000000000.0c0/0=0000000000.0c0/0=0000000000. B[0/0.0/0.0/0.0/0.0/0.0/0.0/0.0/0.] p3l0:[1c1/1=0xbd07bd46.0c0/0=0000000000.0c0/0=0000000000.0c0/0=0000000000.0c0/0=0000000000.0c0/0=0000000000.0c0/0=0000000000.0c0/0=0000000000. B[0/0.0/0.0/0.0/0.0/0.0/0.0/0.0/0.] p3l1:[0c0/0=0000000000.0c0/0=0000000000.0c0/0=0000000000.0c0/0=0000000000.0c0/0=0000000000.0c0/0=0000000000.0c0/0=0000000000.0c0/0=0000000000. B[0/0.0/0.0/0.0/0.0/0.0/0.0/0.0/0.]
2026-09-22 02:34:06.158 INFO  kernel claim: rank 0 seq 1 rec0 peer 1 lane 0 slot 0 door(seq=1 len=20480 ctl=1 hash=0x12d69363afdf57f7) pay(w0=0x3b6e3c83 w1=0xbb55bb82 w2=0x3d463bed w3=0x3d27bbeb w4=0xbcc5bc4d w5=0xbcf13d16 w6=0x3b8fbd6d w7=0xbccebc3b) folded16=0xdc96d41748f25f61
2026-09-22 02:34:06.158 INFO  kernel claim: rank 0 seq 1 rec1 peer 3 lane 0 slot 0 door(seq=1 len=20480 ctl=1 hash=0x9b9c0d860fb32a36) pay(w0=0xbd07bd46 w1=0x3d06bc40 w2=0x3eaebd49 w3=0x3c0f3caf w4=0xbd9fbd9c w5=0xbd233d61 w6=0x3e033caa w7=0x3bfc3d9b) folded16=0x49c2ad127b6b7b36
2026-09-22 02:34:06.662 INFO  hunt qp: rank 0 seq 1  p1l0[RTS sq_psn=4667 rq_psn=4667 ack_timeout=14 retry_cnt=7 rnr_retry=7 min_rnr=12 sq_draining=0] p1l1[RTS sq_psn=4660 rq_psn=4660 ack_timeout=14 retry_cnt=7 rnr_retry=7 min_rnr=12 sq_draining=0] p2l0[RTS sq_psn=4666 rq_psn=4660 ack_timeout=14 retry_cnt=7 rnr_retry=7 min_rnr=12 sq_draining=0] p2l1[RTS sq_psn=4660 rq_psn=4660 ack_timeout=14 retry_cnt=7 rnr_retry=7 min_rnr=12 sq_draining=0] p3l0[RTS sq_psn=4667 rq_psn=4667 ack_timeout=14 retry_cnt=7 rnr_retry=7 min_rnr=12 sq_draining=0] p3l1[RTS sq_psn=4660 rq_psn=4660 ack_timeout=14 retry_cnt=7 rnr_retry=7 min_rnr=12 sq_draining=0]
2026-09-22 02:34:06.662 INFO  allreduce: rank 0 seq 1 STALLED 2505ms posted=0x7 ctl(ready=0x7 done=0 status=0 gate(waits=0 spins=0) first_claim(cell=0 len=20480 seq=1))  p1l0:[1c1/1=0x3b6e3c83.0c0/0=0000000000.0c0/0=0000000000.0c0/0=0000000000.0c0/0=0000000000.0c0/0=0000000000.0c0/0=0000000000.0c0/0=0000000000. B[0/0.0/0.0/0.0/0.0/0.0/0.0/0.0/0.] p1l1:[0c0/0=0000000000.0c0/0=0000000000.0c0/0=0000000000.0c0/0=0000000000.0c0/0=0000000000.0c0/0=0000000000.0c0/0=0000000000.0c0/0=0000000000. B[0/0.0/0.0/0.0/0.0/0.0/0.0/0.0/0.] p2l0:[0c0/0=0000000000!0c0/0=0000000000.0c0/0=0000000000.0c0/0=0000000000.0c0/0=0000000000.0c0/0=0000000000.0c0/0=0000000000.0c0/0=0000000000. B[0/0.0/0.0/0.0/0.0/0.0/0.0/0.0/0.] p2l1:[0c0/0=0000000000.0c0/0=0000000000.0c0/0=0000000000.0c0/0=0000000000.0c0/0=0000000000.0c0/0=0000000000.0c0/0=0000000000.0c0/0=0000000000. B[0/0.0/0.0/0.0/0.0/0.0/0.0/0.0/0.] p3l0:[1c1/1=0xbd07bd46.0c0/0=0000000000.0c0/0=0000000000.0c0/0=0000000000.0c0/0=0000000000.0c0/0=0000000000.0c0/0=0000000000.0c0/0=0000000000. B[0/0.0/0.0/0.0/0.0/0.0/0.0/0.0/0.] p3l1:[0c0/0=0000000000.0c0/0=0000000000.0c0/0=0000000000.0c0/0=0000000000.0c0/0=0000000000.0c0/0=0000000000.0c0/0=0000000000.0c0/0=0000000000. B[0/0.0/0.0/0.0/0.0/0.0/0.0/0.0/0.]
2026-09-22 02:34:06.662 INFO  kernel claim: rank 0 seq 1 rec0 peer 1 lane 0 slot 0 door(seq=1 len=20480 ctl=1 hash=0x12d69363afdf57f7) pay(w0=0x3b6e3c83 w1=0xbb55bb82 w2=0x3d463bed w3=0x3d27bbeb w4=0xbcc5bc4d w5=0xbcf13d16 w6=0x3b8fbd6d w7=0xbccebc3b) folded16=0xdc96d41748f25f61
2026-09-22 02:34:06.662 INFO  kernel claim: rank 0 seq 1 rec1 peer 3 lane 0 slot 0 door(seq=1 len=20480 ctl=1 hash=0x9b9c0d860fb32a36) pay(w0=0xbd07bd46 w1=0x3d06bc40 w2=0x3eaebd49 w3=0x3c0f3caf w4=0xbd9fbd9c w5=0xbd233d61 w6=0x3e033caa w7=0x3bfc3d9b) folded16=0x49c2ad127b6b7b36
2026-09-22 02:34:07.162 INFO  hunt qp: rank 0 seq 1  p1l0[RTS sq_psn=4667 rq_psn=4667 ack_timeout=14 retry_cnt=7 rnr_retry=7 min_rnr=12 sq_draining=0] p1l1[RTS sq_psn=4660 rq_psn=4660 ack_timeout=14 retry_cnt=7 rnr_retry=7 min_rnr=12 sq_draining=0] p2l0[RTS sq_psn=4666 rq_psn=4660 ack_timeout=14 retry_cnt=7 rnr_retry=7 min_rnr=12 sq_draining=0] p2l1[RTS sq_psn=4660 rq_psn=4660 ack_timeout=14 retry_cnt=7 rnr_retry=7 min_rnr=12 sq_draining=0] p3l0[RTS sq_psn=4667 rq_psn=4667 ack_timeout=14 retry_cnt=7 rnr_retry=7 min_rnr=12 sq_draining=0] p3l1[RTS sq_psn=4660 rq_psn=4660 ack_timeout=14 retry_cnt=7 rnr_retry=7 min_rnr=12 sq_draining=0]
2026-09-22 02:34:07.162 INFO  allreduce: rank 0 seq 1 STALLED 3005ms posted=0x7 ctl(ready=0x7 done=0 status=0 gate(waits=0 spins=0) first_claim(cell=0 len=20480 seq=1))  p1l0:[1c1/1=0x3b6e3c83.0c0/0=0000000000.0c0/0=0000000000.0c0/0=0000000000.0c0/0=0000000000.0c0/0=0000000000.0c0/0=0000000000.0c0/0=0000000000. B[0/0.0/0.0/0.0/0.0/0.0/0.0/0.0/0.] p1l1:[0c0/0=0000000000.0c0/0=0000000000.0c0/0=0000000000.0c0/0=0000000000.0c0/0=0000000000.0c0/0=0000000000.0c0/0=0000000000.0c0/0=0000000000. B[0/0.0/0.0/0.0/0.0/0.0/0.0/0.0/0.] p2l0:[0c0/0=0000000000!0c0/0=0000000000.0c0/0=0000000000.0c0/0=0000000000.0c0/0=0000000000.0c0/0=0000000000.0c0/0=0000000000.0c0/0=0000000000. B[0/0.0/0.0/0.0/0.0/0.0/0.0/0.0/0.] p2l1:[0c0/0=0000000000.0c0/0=0000000000.0c0/0=0000000000.0c0/0=0000000000.0c0/0=0000000000.0c0/0=0000000000.0c0/0=0000000000.0c0/0=0000000000. B[0/0.0/0.0/0.0/0.0/0.0/0.0/0.0/0.] p3l0:[1c1/1=0xbd07bd46.0c0/0=0000000000.0c0/0=0000000000.0c0/0=0000000000.0c0/0=0000000000.0c0/0=0000000000.0c0/0=0000000000.0c0/0=0000000000. B[0/0.0/0.0/0.0/0.0/0.0/0.0/0.0/0.] p3l1:[0c0/0=0000000000.0c0/0=0000000000.0c0/0=0000000000.0c0/0=0000000000.0c0/0=0000000000.0c0/0=0000000000.0c0/0=0000000000.0c0/0=0000000000. B[0/0.0/0.0/0.0/0.0/0.0/0.0/0.0/0.]
2026-09-22 02:34:07.162 INFO  kernel claim: rank 0 seq 1 rec0 peer 1 lane 0 slot 0 door(seq=1 len=20480 ctl=1 hash=0x12d69363afdf57f7) pay(w0=0x3b6e3c83 w1=0xbb55bb82 w2=0x3d463bed w3=0x3d27bbeb w4=0xbcc5bc4d w5=0xbcf13d16 w6=0x3b8fbd6d w7=0xbccebc3b) folded16=0xdc96d41748f25f61
2026-09-22 02:34:07.162 INFO  kernel claim: rank 0 seq 1 rec1 peer 3 lane 0 slot 0 door(seq=1 len=20480 ctl=1 hash=0x9b9c0d860fb32a36) pay(w0=0xbd07bd46 w1=0x3d06bc40 w2=0x3eaebd49 w3=0x3c0f3caf w4=0xbd9fbd9c w5=0xbd233d61 w6=0x3e033caa w7=0x3bfc3d9b) folded16=0x49c2ad127b6b7b36
2026-09-22 02:34:07.658 INFO  hunt qp: rank 0 seq 1  p1l0[RTS sq_psn=4667 rq_psn=4667 ack_timeout=14 retry_cnt=7 rnr_retry=7 min_rnr=12 sq_draining=0] p1l1[RTS sq_psn=4660 rq_psn=4660 ack_timeout=14 retry_cnt=7 rnr_retry=7 min_rnr=12 sq_draining=0] p2l0[RTS sq_psn=4666 rq_psn=4660 ack_timeout=14 retry_cnt=7 rnr_retry=7 min_rnr=12 sq_draining=0] p2l1[RTS sq_psn=4660 rq_psn=4660 ack_timeout=14 retry_cnt=7 rnr_retry=7 min_rnr=12 sq_draining=0] p3l0[RTS sq_psn=4667 rq_psn=4667 ack_timeout=14 retry_cnt=7 rnr_retry=7 min_rnr=12 sq_draining=0] p3l1[RTS sq_psn=4660 rq_psn=4660 ack_timeout=14 retry_cnt=7 rnr_retry=7 min_rnr=12 sq_draining=0]
2026-09-22 02:34:07.658 INFO  allreduce: rank 0 seq 1 STALLED 3501ms posted=0x7 ctl(ready=0x7 done=0 status=0 gate(waits=0 spins=0) first_claim(cell=0 len=20480 seq=1))  p1l0:[1c1/1=0x3b6e3c83.0c0/0=0000000000.0c0/0=0000000000.0c0/0=0000000000.0c0/0=0000000000.0c0/0=0000000000.0c0/0=0000000000.0c0/0=0000000000. B[0/0.0/0.0/0.0/0.0/0.0/0.0/0.0/0.] p1l1:[0c0/0=0000000000.0c0/0=0000000000.0c0/0=0000000000.0c0/0=0000000000.0c0/0=0000000000.0c0/0=0000000000.0c0/0=0000000000.0c0/0=0000000000. B[0/0.0/0.0/0.0/0.0/0.0/0.0/0.0/0.] p2l0:[0c0/0=0000000000!0c0/0=0000000000.0c0/0=0000000000.0c0/0=0000000000.0c0/0=0000000000.0c0/0=0000000000.0c0/0=0000000000.0c0/0=0000000000. B[0/0.0/0.0/0.0/0.0/0.0/0.0/0.0/0.] p2l1:[0c0/0=0000000000.0c0/0=0000000000.0c0/0=0000000000.0c0/0=0000000000.0c0/0=0000000000.0c0/0=0000000000.0c0/0=0000000000.0c0/0=0000000000. B[0/0.0/0.0/0.0/0.0/0.0/0.0/0.0/0.] p3l0:[1c1/1=0xbd07bd46.0c0/0=0000000000.0c0/0=0000000000.0c0/0=0000000000.0c0/0=0000000000.0c0/0=0000000000.0c0/0=0000000000.0c0/0=0000000000. B[0/0.0/0.0/0.0/0.0/0.0/0.0/0.0/0.] p3l1:[0c0/0=0000000000.0c0/0=0000000000.0c0/0=0000000000.0c0/0=0000000000.0c0/0=0000000000.0c0/0=0000000000.0c0/0=0000000000.0c0/0=0000000000. B[0/0.0/0.0/0.0/0.0/0.0/0.0/0.0/0.]
2026-09-22 02:34:07.658 INFO  kernel claim: rank 0 seq 1 rec0 peer 1 lane 0 slot 0 door(seq=1 len=20480 ctl=1 hash=0x12d69363afdf57f7) pay(w0=0x3b6e3c83 w1=0xbb55bb82 w2=0x3d463bed w3=0x3d27bbeb w4=0xbcc5bc4d w5=0xbcf13d16 w6=0x3b8fbd6d w7=0xbccebc3b) folded16=0xdc96d41748f25f61
2026-09-22 02:34:07.658 INFO  kernel claim: rank 0 seq 1 rec1 peer 3 lane 0 slot 0 door(seq=1 len=20480 ctl=1 hash=0x9b9c0d860fb32a36) pay(w0=0xbd07bd46 w1=0x3d06bc40 w2=0x3eaebd49 w3=0x3c0f3caf w4=0xbd9fbd9c w5=0xbd233d61 w6=0x3e033caa w7=0x3bfc3d9b) folded16=0x49c2ad127b6b7b36
2026-09-22 02:34:08.162 INFO  hunt qp: rank 0 seq 1  p1l0[RTS sq_psn=4667 rq_psn=4667 ack_timeout=14 retry_cnt=7 rnr_retry=7 min_rnr=12 sq_draining=0] p1l1[RTS sq_psn=4660 rq_psn=4660 ack_timeout=14 retry_cnt=7 rnr_retry=7 min_rnr=12 sq_draining=0] p2l0[RTS sq_psn=4666 rq_psn=4660 ack_timeout=14 retry_cnt=7 rnr_retry=7 min_rnr=12 sq_draining=0] p2l1[RTS sq_psn=4660 rq_psn=4660 ack_timeout=14 retry_cnt=7 rnr_retry=7 min_rnr=12 sq_draining=0] p3l0[RTS sq_psn=4667 rq_psn=4667 ack_timeout=14 retry_cnt=7 rnr_retry=7 min_rnr=12 sq_draining=0] p3l1[RTS sq_psn=4660 rq_psn=4660 ack_timeout=14 retry_cnt=7 rnr_retry=7 min_rnr=12 sq_draining=0]
2026-09-22 02:34:08.162 INFO  allreduce: rank 0 seq 1 STALLED 4006ms posted=0x7 ctl(ready=0x7 done=0 status=0 gate(waits=0 spins=0) first_claim(cell=0 len=20480 seq=1))  p1l0:[1c1/1=0x3b6e3c83.0c0/0=0000000000.0c0/0=0000000000.0c0/0=0000000000.0c0/0=0000000000.0c0/0=0000000000.0c0/0=0000000000.0c0/0=0000000000. B[0/0.0/0.0/0.0/0.0/0.0/0.0/0.0/0.] p1l1:[0c0/0=0000000000.0c0/0=0000000000.0c0/0=0000000000.0c0/0=0000000000.0c0/0=0000000000.0c0/0=0000000000.0c0/0=0000000000.0c0/0=0000000000. B[0/0.0/0.0/0.0/0.0/0.0/0.0/0.0/0.] p2l0:[0c0/0=0000000000!0c0/0=0000000000.0c0/0=0000000000.0c0/0=0000000000.0c0/0=0000000000.0c0/0=0000000000.0c0/0=0000000000.0c0/0=0000000000. B[0/0.0/0.0/0.0/0.0/0.0/0.0/0.0/0.] p2l1:[0c0/0=0000000000.0c0/0=0000000000.0c0/0=0000000000.0c0/0=0000000000.0c0/0=0000000000.0c0/0=0000000000.0c0/0=0000000000.0c0/0=0000000000. B[0/0.0/0.0/0.0/0.0/0.0/0.0/0.0/0.] p3l0:[1c1/1=0xbd07bd46.0c0/0=0000000000.0c0/0=0000000000.0c0/0=0000000000.0c0/0=0000000000.0c0/0=0000000000.0c0/0=0000000000.0c0/0=0000000000. B[0/0.0/0.0/0.0/0.0/0.0/0.0/0.0/0.] p3l1:[0c0/0=0000000000.0c0/0=0000000000.0c0/0=0000000000.0c0/0=0000000000.0c0/0=0000000000.0c0/0=0000000000.0c0/0=0000000000.0c0/0=0000000000. B[0/0.0/0.0/0.0/0.0/0.0/0.0/0.0/0.]
2026-09-22 02:34:08.162 INFO  kernel claim: rank 0 seq 1 rec0 peer 1 lane 0 slot 0 door(seq=1 len=20480 ctl=1 hash=0x12d69363afdf57f7) pay(w0=0x3b6e3c83 w1=0xbb55bb82 w2=0x3d463bed w3=0x3d27bbeb w4=0xbcc5bc4d w5=0xbcf13d16 w6=0x3b8fbd6d w7=0xbccebc3b) folded16=0xdc96d41748f25f61
2026-09-22 02:34:08.162 INFO  kernel claim: rank 0 seq 1 rec1 peer 3 lane 0 slot 0 door(seq=1 len=20480 ctl=1 hash=0x9b9c0d860fb32a36) pay(w0=0xbd07bd46 w1=0x3d06bc40 w2=0x3eaebd49 w3=0x3c0f3caf w4=0xbd9fbd9c w5=0xbd233d61 w6=0x3e033caa w7=0x3bfc3d9b) folded16=0x49c2ad127b6b7b36
2026-09-22 02:34:08.658 INFO  hunt qp: rank 0 seq 1  p1l0[RTS sq_psn=4667 rq_psn=4667 ack_timeout=14 retry_cnt=7 rnr_retry=7 min_rnr=12 sq_draining=0] p1l1[RTS sq_psn=4660 rq_psn=4660 ack_timeout=14 retry_cnt=7 rnr_retry=7 min_rnr=12 sq_draining=0] p2l0[RTS sq_psn=4666 rq_psn=4660 ack_timeout=14 retry_cnt=7 rnr_retry=7 min_rnr=12 sq_draining=0] p2l1[RTS sq_psn=4660 rq_psn=4660 ack_timeout=14 retry_cnt=7 rnr_retry=7 min_rnr=12 sq_draining=0] p3l0[RTS sq_psn=4667 rq_psn=4667 ack_timeout=14 retry_cnt=7 rnr_retry=7 min_rnr=12 sq_draining=0] p3l1[RTS sq_psn=4660 rq_psn=4660 ack_timeout=14 retry_cnt=7 rnr_retry=7 min_rnr=12 sq_draining=0]
2026-09-22 02:34:08.658 INFO  allreduce: rank 0 seq 1 STALLED 4502ms posted=0x7 ctl(ready=0x7 done=0 status=0 gate(waits=0 spins=0) first_claim(cell=0 len=20480 seq=1))  p1l0:[1c1/1=0x3b6e3c83.0c0/0=0000000000.0c0/0=0000000000.0c0/0=0000000000.0c0/0=0000000000.0c0/0=0000000000.0c0/0=0000000000.0c0/0=0000000000. B[0/0.0/0.0/0.0/0.0/0.0/0.0/0.0/0.] p1l1:[0c0/0=0000000000.0c0/0=0000000000.0c0/0=0000000000.0c0/0=0000000000.0c0/0=0000000000.0c0/0=0000000000.0c0/0=0000000000.0c0/0=0000000000. B[0/0.0/0.0/0.0/0.0/0.0/0.0/0.0/0.] p2l0:[0c0/0=0000000000!0c0/0=0000000000.0c0/0=0000000000.0c0/0=0000000000.0c0/0=0000000000.0c0/0=0000000000.0c0/0=0000000000.0c0/0=0000000000. B[0/0.0/0.0/0.0/0.0/0.0/0.0/0.0/0.] p2l1:[0c0/0=0000000000.0c0/0=0000000000.0c0/0=0000000000.0c0/0=0000000000.0c0/0=0000000000.0c0/0=0000000000.0c0/0=0000000000.0c0/0=0000000000. B[0/0.0/0.0/0.0/0.0/0.0/0.0/0.0/0.] p3l0:[1c1/1=0xbd07bd46.0c0/0=0000000000.0c0/0=0000000000.0c0/0=0000000000.0c0/0=0000000000.0c0/0=0000000000.0c0/0=0000000000.0c0/0=0000000000. B[0/0.0/0.0/0.0/0.0/0.0/0.0/0.0/0.] p3l1:[0c0/0=0000000000.0c0/0=0000000000.0c0/0=0000000000.0c0/0=0000000000.0c0/0=0000000000.0c0/0=0000000000.0c0/0=0000000000.0c0/0=0000000000. B[0/0.0/0.0/0.0/0.0/0.0/0.0/0.0/0.]
2026-09-22 02:34:08.658 INFO  kernel claim: rank 0 seq 1 rec0 peer 1 lane 0 slot 0 door(seq=1 len=20480 ctl=1 hash=0x12d69363afdf57f7) pay(w0=0x3b6e3c83 w1=0xbb55bb82 w2=0x3d463bed w3=0x3d27bbeb w4=0xbcc5bc4d w5=0xbcf13d16 w6=0x3b8fbd6d w7=0xbccebc3b) folded16=0xdc96d41748f25f61
2026-09-22 02:34:08.658 INFO  kernel claim: rank 0 seq 1 rec1 peer 3 lane 0 slot 0 door(seq=1 len=20480 ctl=1 hash=0x9b9c0d860fb32a36) pay(w0=0xbd07bd46 w1=0x3d06bc40 w2=0x3eaebd49 w3=0x3c0f3caf w4=0xbd9fbd9c w5=0xbd233d61 w6=0x3e033caa w7=0x3bfc3d9b) folded16=0x49c2ad127b6b7b36
2026-09-22 02:34:09.158 INFO  hunt qp: rank 0 seq 1  p1l0[RTS sq_psn=4667 rq_psn=4667 ack_timeout=14 retry_cnt=7 rnr_retry=7 min_rnr=12 sq_draining=0] p1l1[RTS sq_psn=4660 rq_psn=4660 ack_timeout=14 retry_cnt=7 rnr_retry=7 min_rnr=12 sq_draining=0] p2l0[RTS sq_psn=4666 rq_psn=4660 ack_timeout=14 retry_cnt=7 rnr_retry=7 min_rnr=12 sq_draining=0] p2l1[RTS sq_psn=4660 rq_psn=4660 ack_timeout=14 retry_cnt=7 rnr_retry=7 min_rnr=12 sq_draining=0] p3l0[RTS sq_psn=4667 rq_psn=4667 ack_timeout=14 retry_cnt=7 rnr_retry=7 min_rnr=12 sq_draining=0] p3l1[RTS sq_psn=4660 rq_psn=4660 ack_timeout=14 retry_cnt=7 rnr_retry=7 min_rnr=12 sq_draining=0]
2026-09-22 02:34:09.158 INFO  allreduce: rank 0 seq 1 STALLED 5001ms posted=0x7 ctl(ready=0x7 done=0 status=0 gate(waits=0 spins=0) first_claim(cell=0 len=20480 seq=1))  p1l0:[1c1/1=0x3b6e3c83.0c0/0=0000000000.0c0/0=0000000000.0c0/0=0000000000.0c0/0=0000000000.0c0/0=0000000000.0c0/0=0000000000.0c0/0=0000000000. B[0/0.0/0.0/0.0/0.0/0.0/0.0/0.0/0.] p1l1:[0c0/0=0000000000.0c0/0=0000000000.0c0/0=0000000000.0c0/0=0000000000.0c0/0=0000000000.0c0/0=0000000000.0c0/0=0000000000.0c0/0=0000000000. B[0/0.0/0.0/0.0/0.0/0.0/0.0/0.0/0.] p2l0:[0c0/0=0000000000!0c0/0=0000000000.0c0/0=0000000000.0c0/0=0000000000.0c0/0=0000000000.0c0/0=0000000000.0c0/0=0000000000.0c0/0=0000000000. B[0/0.0/0.0/0.0/0.0/0.0/0.0/0.0/0.] p2l1:[0c0/0=0000000000.0c0/0=0000000000.0c0/0=0000000000.0c0/0=0000000000.0c0/0=0000000000.0c0/0=0000000000.0c0/0=0000000000.0c0/0=0000000000. B[0/0.0/0.0/0.0/0.0/0.0/0.0/0.0/0.] p3l0:[1c1/1=0xbd07bd46.0c0/0=0000000000.0c0/0=0000000000.0c0/0=0000000000.0c0/0=0000000000.0c0/0=0000000000.0c0/0=0000000000.0c0/0=0000000000. B[0/0.0/0.0/0.0/0.0/0.0/0.0/0.0/0.] p3l1:[0c0/0=0000000000.0c0/0=0000000000.0c0/0=0000000000.0c0/0=0000000000.0c0/0=0000000000.0c0/0=0000000000.0c0/0=0000000000.0c0/0=0000000000. B[0/0.0/0.0/0.0/0.0/0.0/0.0/0.0/0.]
2026-09-22 02:34:09.158 INFO  kernel claim: rank 0 seq 1 rec0 peer 1 lane 0 slot 0 door(seq=1 len=20480 ctl=1 hash=0x12d69363afdf57f7) pay(w0=0x3b6e3c83 w1=0xbb55bb82 w2=0x3d463bed w3=0x3d27bbeb w4=0xbcc5bc4d w5=0xbcf13d16 w6=0x3b8fbd6d w7=0xbccebc3b) folded16=0xdc96d41748f25f61
2026-09-22 02:34:09.158 INFO  kernel claim: rank 0 seq 1 rec1 peer 3 lane 0 slot 0 door(seq=1 len=20480 ctl=1 hash=0x9b9c0d860fb32a36) pay(w0=0xbd07bd46 w1=0x3d06bc40 w2=0x3eaebd49 w3=0x3c0f3caf w4=0xbd9fbd9c w5=0xbd233d61 w6=0x3e033caa w7=0x3bfc3d9b) folded16=0x49c2ad127b6b7b36
2026-09-22 02:34:09.598 INFO  allreduce: rank 0 seq 1 done status=0 after 5441838.4us
2026-09-22 02:34:09.623 INFO  allreduce: rank 0 seq 2 launched (3 peers)
2026-09-22 02:34:09.623 INFO  allreduce: rank 0 seq 2 ready after 9.0us
2026-09-22 02:34:09.626 INFO  allreduce: rank 0 seq 2 done status=0 after 3581.3us
2026-09-22 02:34:09.900 INFO  allreduce: rank 0 seq 3 launched (3 peers)
2026-09-22 02:34:09.900 INFO  allreduce: rank 0 seq 3 ready after 42.7us
2026-09-22 02:34:09.900 INFO  allreduce: rank 0 seq 3 done status=0 after 110.1us
2026-09-22 02:34:09.900 INFO  allreduce: rank 0 seq 4 launched (3 peers)
2026-09-22 02:34:09.900 INFO  allreduce: rank 0 seq 4 ready after 8.6us
2026-09-22 02:34:09.900 INFO  allreduce: rank 0 seq 4 done status=0 after 375.6us
2026-09-22 02:34:09.901 INFO  allreduce: rank 0 seq 5 launched (3 peers)
2026-09-22 02:34:09.901 INFO  allreduce: rank 0 seq 5 ready after 10.4us
2026-09-22 02:34:09.901 INFO  allreduce: rank 0 seq 5 done status=0 after 85.6us
2026-09-22 02:34:09.901 INFO  allreduce: rank 0 seq 6 launched (3 peers)
2026-09-22 02:34:09.901 INFO  allreduce: rank 0 seq 6 ready after 9.8us
2026-09-22 02:34:09.901 INFO  allreduce: rank 0 seq 6 done status=0 after 57.3us
2026-09-22 02:34:10.060 INFO  allreduce: rank 0 seq 7 launched (3 peers)
2026-09-22 02:34:10.060 INFO  allreduce: rank 0 seq 7 ready after 17.3us
2026-09-22 02:34:10.060 INFO  allreduce: rank 0 seq 7 done status=0 after 48.7us
2026-09-22 02:34:10.060 INFO  allreduce: rank 0 seq 8 launched (3 peers)
2026-09-22 02:34:10.060 INFO  allreduce: rank 0 seq 8 ready after 9.6us
2026-09-22 02:34:10.060 INFO  allreduce: rank 0 seq 8 done status=0 after 312.8us
2026-09-22 02:34:10.306 INFO  allreduce: rank 0 seq 9 launched (3 peers)
2026-09-22 02:34:10.306 INFO  allreduce: rank 0 seq 9 ready after 23.9us
2026-09-22 02:34:10.306 INFO  allreduce: rank 0 seq 9 done status=0 after 224.8us
2026-09-22 02:34:10.306 INFO  allreduce: rank 0 seq 10 launched (3 peers)
2026-09-22 02:34:10.306 INFO  allreduce: rank 0 seq 10 ready after 9.5us
2026-09-22 02:34:10.307 INFO  allreduce: rank 0 seq 10 done status=0 after 309.6us
2026-09-22 02:34:10.481 INFO  allreduce: rank 0 seq 11 launched (3 peers)
2026-09-22 02:34:10.481 INFO  allreduce: rank 0 seq 11 ready after 16.4us
2026-09-22 02:34:10.481 INFO  allreduce: rank 0 seq 11 done status=0 after 51.3us
2026-09-22 02:34:10.481 INFO  allreduce: rank 0 seq 12 launched (3 peers)
2026-09-22 02:34:10.481 INFO  allreduce: rank 0 seq 12 ready after 9.8us
2026-09-22 02:34:10.482 INFO  allreduce: rank 0 seq 12 done status=0 after 592.3us
2026-09-22 02:34:10.641 INFO  allreduce: rank 0 seq 13 launched (3 peers)
2026-09-22 02:34:10.641 INFO  allreduce: rank 0 seq 13 ready after 17.3us
2026-09-22 02:34:10.641 INFO  allreduce: rank 0 seq 13 done status=0 after 52.2us
2026-09-22 02:34:10.641 INFO  allreduce: rank 0 seq 14 launched (3 peers)
2026-09-22 02:34:10.641 INFO  allreduce: rank 0 seq 14 ready after 9.7us
2026-09-22 02:34:10.642 INFO  allreduce: rank 0 seq 14 done status=0 after 493.0us
2026-09-22 02:34:10.801 INFO  allreduce: rank 0 seq 15 launched (3 peers)
2026-09-22 02:34:10.801 INFO  allreduce: rank 0 seq 15 ready after 16.7us
2026-09-22 02:34:10.801 INFO  allreduce: rank 0 seq 15 done status=0 after 51.8us
2026-09-22 02:34:10.802 INFO  allreduce: rank 0 seq 16 launched (3 peers)
2026-09-22 02:34:10.802 INFO  allreduce: rank 0 seq 16 ready after 9.4us
2026-09-22 02:34:10.803 INFO  allreduce: rank 0 seq 16 done status=0 after 625.9us
2026-09-22 02:34:18.496 INFO  rank 0 bf12: 248 decode matrices packed (1.65 GiB of bf16 -> 1.24 GiB, 198442 escapes, widest row 10, 0 rows kept raw; 0 matrices kept bf16) in 0.7 s
2026-09-22 02:34:18.500 INFO  bus graph era: variant 0 recorded with 102 collective node(s)
2026-09-22 02:34:18.503 INFO  rank 0: graph variant 0 shape: 1708 nodes, 1808 edges: kernel 1708 empty 0 memcpy 0 memset 0 host 0 event 0 other 0; max in-degree 2
2026-09-22 02:34:18.507 INFO  rank 0: graph variant 0 instantiated — 9.2 MiB of device memory (53.5 GiB free)
2026-09-22 02:34:18.509 INFO  bus graph era: variant 1 recorded with 102 collective node(s)
2026-09-22 02:34:18.510 INFO  rank 0: graph variant 1 shape: 1708 nodes, 1808 edges: kernel 1708 empty 0 memcpy 0 memset 0 host 0 event 0 other 0; max in-degree 2
2026-09-22 02:34:18.514 INFO  rank 0: graph variant 1 instantiated — 9.2 MiB of device memory (53.5 GiB free)
2026-09-22 02:34:18.514 INFO  rank 0: serving scalar graph variants 0/1 captured for request slot 0 (2 rows, MTP)
2026-09-22 02:34:18.517 INFO  bus graph era: variant 8 recorded with 102 collective node(s)
2026-09-22 02:34:18.517 INFO  rank 0: graph variant 8 shape: 1712 nodes, 1812 edges: kernel 1712 empty 0 memcpy 0 memset 0 host 0 event 0 other 0; max in-degree 2
2026-09-22 02:34:18.522 INFO  rank 0: graph variant 8 instantiated — 11.4 MiB of device memory (53.5 GiB free)
2026-09-22 02:34:18.523 INFO  bus graph era: variant 9 recorded with 102 collective node(s)
2026-09-22 02:34:18.523 INFO  rank 0: graph variant 9 shape: 1712 nodes, 1812 edges: kernel 1712 empty 0 memcpy 0 memset 0 host 0 event 0 other 0; max in-degree 2
2026-09-22 02:34:18.528 INFO  rank 0: graph variant 9 instantiated — 14.9 MiB of device memory (53.5 GiB free)
2026-09-22 02:34:18.528 INFO  rank 0: serving row-batched graph variants 8/9 captured for 2 slots x 2 rows = 4 fixed rows, MTP (a batch is selected at 2+ live requests, the smallest that covers the live slots)
2026-09-22 02:34:18.539 INFO  bus graph era: variant 10 recorded with 102 collective node(s)
2026-09-22 02:34:18.540 INFO  rank 0: graph variant 10 shape: 2018 nodes, 2118 edges: kernel 2018 empty 0 memcpy 0 memset 0 host 0 event 0 other 0; max in-degree 2
2026-09-22 02:34:18.546 INFO  rank 0: graph variant 10 instantiated — 23.6 MiB of device memory (53.4 GiB free)
2026-09-22 02:34:18.548 INFO  bus graph era: variant 11 recorded with 102 collective node(s)
2026-09-22 02:34:18.548 INFO  rank 0: graph variant 11 shape: 2018 nodes, 2118 edges: kernel 2018 empty 0 memcpy 0 memset 0 host 0 event 0 other 0; max in-degree 2
2026-09-22 02:34:18.554 INFO  rank 0: graph variant 11 instantiated — 23.1 MiB of device memory (53.4 GiB free)
2026-09-22 02:34:18.554 INFO  rank 0: serving row-batched graph variants 10/11 captured for 3 slots x 2 rows = 6 fixed rows, MTP (a batch is selected at 2+ live requests, the smallest that covers the live slots)
2026-09-22 02:34:18.555 INFO  bus graph era: variant 12 recorded with 102 collective node(s)
2026-09-22 02:34:18.556 INFO  rank 0: graph variant 12 shape: 2020 nodes, 2120 edges: kernel 2020 empty 0 memcpy 0 memset 0 host 0 event 0 other 0; max in-degree 2
2026-09-22 02:34:18.562 INFO  rank 0: graph variant 12 instantiated — 23.1 MiB of device memory (53.4 GiB free)
2026-09-22 02:34:18.564 INFO  bus graph era: variant 13 recorded with 102 collective node(s)
2026-09-22 02:34:18.564 INFO  rank 0: graph variant 13 shape: 2020 nodes, 2120 edges: kernel 2020 empty 0 memcpy 0 memset 0 host 0 event 0 other 0; max in-degree 2
2026-09-22 02:34:18.570 INFO  rank 0: graph variant 13 instantiated — 24.9 MiB of device memory (53.4 GiB free)
2026-09-22 02:34:18.570 INFO  rank 0: serving row-batched graph variants 12/13 captured for 4 slots x 2 rows = 8 fixed rows, MTP (a batch is selected at 2+ live requests, the smallest that covers the live slots)
2026-09-22 02:34:18.654 INFO  bus graph era: variant 2 recorded with 102 collective node(s)
2026-09-22 02:34:18.654 INFO  rank 0: graph variant 2 shape: 1708 nodes, 1808 edges: kernel 1708 empty 0 memcpy 0 memset 0 host 0 event 0 other 0; max in-degree 2
2026-09-22 02:34:18.660 INFO  rank 0: graph variant 2 instantiated — 16.2 MiB of device memory (53.3 GiB free)
2026-09-22 02:34:18.661 INFO  bus graph era: variant 3 recorded with 102 collective node(s)
2026-09-22 02:34:18.662 INFO  rank 0: graph variant 3 shape: 1708 nodes, 1808 edges: kernel 1708 empty 0 memcpy 0 memset 0 host 0 event 0 other 0; max in-degree 2
2026-09-22 02:34:18.667 INFO  rank 0: graph variant 3 instantiated — 25.8 MiB of device memory (53.3 GiB free)
2026-09-22 02:34:18.667 INFO  rank 0: serving scalar graph variants 2/3 captured for request slot 1 (2 rows, MTP)
2026-09-22 02:34:18.720 INFO  bus graph era: variant 4 recorded with 102 collective node(s)
2026-09-22 02:34:18.721 INFO  rank 0: graph variant 4 shape: 1708 nodes, 1808 edges: kernel 1708 empty 0 memcpy 0 memset 0 host 0 event 0 other 0; max in-degree 2
2026-09-22 02:34:18.725 INFO  rank 0: graph variant 4 instantiated — 14.9 MiB of device memory (53.3 GiB free)
2026-09-22 02:34:18.727 INFO  bus graph era: variant 5 recorded with 102 collective node(s)
2026-09-22 02:34:18.727 INFO  rank 0: graph variant 5 shape: 1708 nodes, 1808 edges: kernel 1708 empty 0 memcpy 0 memset 0 host 0 event 0 other 0; max in-degree 2
2026-09-22 02:34:18.732 INFO  rank 0: graph variant 5 instantiated — 20.1 MiB of device memory (53.3 GiB free)
2026-09-22 02:34:18.733 INFO  rank 0: serving scalar graph variants 4/5 captured for request slot 2 (2 rows, MTP)
2026-09-22 02:34:18.785 INFO  bus graph era: variant 6 recorded with 102 collective node(s)
2026-09-22 02:34:18.786 INFO  rank 0: graph variant 6 shape: 1708 nodes, 1808 edges: kernel 1708 empty 0 memcpy 0 memset 0 host 0 event 0 other 0; max in-degree 2
2026-09-22 02:34:18.791 INFO  rank 0: graph variant 6 instantiated — 21.4 MiB of device memory (53.3 GiB free)
2026-09-22 02:34:18.792 INFO  bus graph era: variant 7 recorded with 102 collective node(s)
2026-09-22 02:34:18.792 INFO  rank 0: graph variant 7 shape: 1708 nodes, 1808 edges: kernel 1708 empty 0 memcpy 0 memset 0 host 0 event 0 other 0; max in-degree 2
2026-09-22 02:34:18.798 INFO  rank 0: graph variant 7 instantiated — 20.2 MiB of device memory (53.3 GiB free)
2026-09-22 02:34:18.798 INFO  rank 0: serving scalar graph variants 6/7 captured for request slot 3 (2 rows, MTP)
2026-09-22 02:34:18.798 INFO  rank 0: warm capture complete — 4 scalar variants and the row batches for 2 slots, 3 slots, 4 slots recorded before the first request
2026-09-22 02:34:18.798 INFO  memory ledger: rank 0 after the warm capture — rss 4.90 GiB (anon 0.92, shmem 1.78, file 2.20; locked 14.13); device free 53.25 GiB, node available 56.48 GiB
2026-09-22 02:34:18.799 INFO  rank 0: graph variants warm-captured in 14.88s
2026-09-22 02:34:18.905 INFO  tokenizer: loaded vocab 248044 merges 247587 added 33 (revision 0x53952643d9dcd76d; qwen pattern, NFC, ignore_merges false)
2026-09-22 02:34:18.907 INFO  serve: tokenizer 0x53952643d9dcd76d, template 0xf1e3dcaebbfd5341 loaded
2026-09-22 02:34:18.907 INFO  serve: image inputs enabled (1024 visual tokens per image max)
2026-09-22 02:34:18.907 INFO  serve: prefix cache on — 55 snapshot slots, 2 boundary token(s)
2026-09-22 02:34:18.907 INFO  serve: sampling available — defaults temperature 1 top_p 0.95 top_k 20 min_p 0 repetition_penalty 1; seedless requests draw a fresh seed each
2026-09-22 02:34:18.907 INFO  serve: tool calls available (the template's markers are in the tokenizer); tool_choice/parallel_tool_calls enforced by constrained decoding; reasoning on reasoning_content
2026-09-22 02:34:18.907 INFO  serve: HTTP request body limit 268435456 bytes
2026-09-22 02:34:18.907 INFO  memory ledger: rank 0 at listening — rss 4.99 GiB (anon 1.01, shmem 1.78, file 2.20; locked 14.13); device free 53.16 GiB, node available 56.39 GiB
2026-09-22 02:34:18.907 INFO  serve: listening on :18080 — Qwen/Qwen3.8-Flash-Next-FP8 (boot 33.5s) [fabric rank 0]; endpoints: POST /v1/chat/completions, POST /v1/completions, GET /v1/models, GET /health, GET /metrics, GET /v1/metrics
2026-09-22 02:34:20.591 INFO  sched: request 'chatcmpl-b8251eb73406c730' prefix cache miss — 2 cut(s), the cache is empty
2026-09-22 02:34:20.591 INFO  sched: request 'chatcmpl-b8251eb73406c730' admitted to slot 0 (reserve 2 blocks; pool 3/4096 blocks in use) — first token 2
2026-09-22 02:34:21.470 INFO  sched: request 'chatcmpl-b8251eb73406c730' retired (steps): 64 tok in 0.9 s — prefill 64 tok (0 cached) in 360 ms; decode 63 tok / 36 passes in 0.5 s: 121.5 tok/s, 8.2 ms/tok, 14 ms/pass, 1.75 tok/pass, accept p1 75 %
2026-09-22 02:34:21.637 INFO  sched: request 'chatcmpl-b8251eb73406c731' prefix cache miss — 1 cut(s) probed against 2 entries; the nearest entry (position 124) shares the first 5 of the prompt's 37 tokens (the prompt differs from it from that token on)
2026-09-22 02:34:21.637 INFO  sched: request 'chatcmpl-b8251eb73406c731' admitted to slot 0 (reserve 5 blocks; pool 9/4096 blocks in use) — first token 760
2026-09-22 02:34:25.198 INFO  sched: request 'chatcmpl-b8251eb73406c731' retired (steps): 256 tok in 3.6 s — prefill 37 tok (0 cached) in 147 ms; decode 255 tok / 148 passes in 3.4 s: 74.7 tok/s, 13.4 ms/tok, 23 ms/pass, 1.72 tok/pass, accept p1 72 %
2026-09-22 02:34:25.278 INFO  sched: request 'chatcmpl-b8251eb73406c732' admitted to slot 0 (reserve 5 blocks; pool 14/4096 blocks in use) — first token 760
2026-09-22 02:34:28.800 INFO  sched: request 'chatcmpl-b8251eb73406c732' retired (steps): 256 tok in 3.5 s — prefill 37 tok (28 cached) in 60 ms; decode 255 tok / 148 passes in 3.5 s: 73.7 tok/s, 13.6 ms/tok, 23 ms/pass, 1.72 tok/pass, accept p1 72 %
2026-09-22 02:34:28.881 INFO  sched: request 'chatcmpl-b8251eb73406c733' admitted to slot 0 (reserve 5 blocks; pool 14/4096 blocks in use) — first token 760
2026-09-22 02:34:28.929 INFO  stats: rank 0 | 10.0 s | decode 58.0 tok/s, 13.7 ms/tok, 23.9 ms/step (334 steps / 581 tok, 80 % of wall) | mtp 1.74 tok/step/req, accept p1 73 % | prefill 4 prompts / 119 tok, 12 tok/s, 5.26 ms/tok, 156 ms avg (6 % of wall), 56 tok cached (2/4 hits) | live 1, queued 0 | pool 15/4096 blocks (0 %) | prefix cache 4/55 entries | requests +4 (shed 0, cancelled 0)
2026-09-22 02:34:32.381 INFO  sched: request 'chatcmpl-b8251eb73406c733' retired (steps): 256 tok in 3.5 s — prefill 37 tok (28 cached) in 60 ms; decode 255 tok / 148 passes in 3.4 s: 74.1 tok/s, 13.5 ms/tok, 23 ms/pass, 1.72 tok/pass, accept p1 72 %
2026-09-22 02:34:32.569 INFO  sched: request 'chatcmpl-b8251eb73406c734' prefix cache miss — 2 cut(s) probed against 4 entries; the nearest entry (position 292) shares the first 11 of the prompt's 36 tokens (the prompt differs from it from that token on)
2026-09-22 02:34:32.569 INFO  sched: request 'chatcmpl-b8251eb73406c734' admitted to slot 0 (reserve 5 blocks; pool 15/4096 blocks in use) — first token 760
2026-09-22 02:34:32.769 INFO  sched: request 'chatcmpl-b8251eb73406c735' prefix cache miss — 2 cut(s) probed against 5 entries; the nearest entry (position 292) shares the first 11 of the prompt's 36 tokens (the prompt differs from it from that token on)
2026-09-22 02:34:32.769 INFO  sched: request 'chatcmpl-b8251eb73406c735' admitted to slot 1 (reserve 5 blocks; pool 22/4096 blocks in use) — first token 760
2026-09-22 02:34:37.355 INFO  sched: request 'chatcmpl-b8251eb73406c734' retired (steps): 256 tok in 4.8 s — prefill 36 tok (0 cached) in 177 ms; decode 255 tok / 152 passes in 4.6 s: 55.3 tok/s, 18.1 ms/tok, 30 ms/pass, 1.68 tok/pass, accept p1 68 %
2026-09-22 02:34:37.476 INFO  sched: request 'chatcmpl-b8251eb73406c735' retired (steps): 256 tok in 4.7 s — prefill 36 tok (0 cached) in 175 ms; decode 255 tok / 156 passes in 4.5 s: 56.3 tok/s, 17.8 ms/tok, 29 ms/pass, 1.63 tok/pass, accept p1 63 %
2026-09-22 02:34:37.556 INFO  sched: request 'chatcmpl-b8251eb73406c736' admitted to slot 0 (reserve 5 blocks; pool 26/4096 blocks in use) — first token 760
2026-09-22 02:34:37.638 INFO  sched: request 'chatcmpl-b8251eb73406c737' admitted to slot 1 (reserve 5 blocks; pool 32/4096 blocks in use) — first token 760
2026-09-22 02:34:38.957 INFO  stats: rank 0 | 10.0 s | decode 91.0 tok/s, 10.4 ms/tok, 27.3 ms/step (348 steps / 913 tok, 95 % of wall) | mtp 1.68 tok/step/req, accept p1 68 % | prefill 4 prompts / 88 tok, 9 tok/s, 5.32 ms/tok, 117 ms avg (5 % of wall), 56 tok cached (2/4 hits) | live 2, queued 0 | pool 33/4096 blocks (1 %) | prefix cache 8/55 entries | requests +4 (shed 0, cancelled 0)
2026-09-22 02:34:42.208 INFO  sched: request 'chatcmpl-b8251eb73406c736' retired (steps): 256 tok in 4.7 s — prefill 36 tok (28 cached) in 59 ms; decode 255 tok / 152 passes in 4.6 s: 55.5 tok/s, 18.0 ms/tok, 30 ms/pass, 1.68 tok/pass, accept p1 68 %
2026-09-22 02:34:42.328 INFO  sched: request 'chatcmpl-b8251eb73406c737' retired (steps): 256 tok in 4.7 s — prefill 36 tok (28 cached) in 57 ms; decode 255 tok / 156 passes in 4.6 s: 55.0 tok/s, 18.2 ms/tok, 30 ms/pass, 1.63 tok/pass, accept p1 63 %
2026-09-22 02:34:42.402 INFO  sched: request 'chatcmpl-b8251eb73406c738' admitted to slot 0 (reserve 5 blocks; pool 26/4096 blocks in use) — first token 760
2026-09-22 02:34:42.483 INFO  sched: request 'chatcmpl-b8251eb73406c739' admitted to slot 1 (reserve 5 blocks; pool 32/4096 blocks in use) — first token 760
2026-09-22 02:34:47.005 INFO  sched: request 'chatcmpl-b8251eb73406c738' retired (steps): 256 tok in 4.6 s — prefill 36 tok (28 cached) in 58 ms; decode 255 tok / 152 passes in 4.5 s: 56.1 tok/s, 17.8 ms/tok, 30 ms/pass, 1.68 tok/pass, accept p1 68 %
2026-09-22 02:34:47.128 INFO  sched: request 'chatcmpl-b8251eb73406c739' retired (steps): 256 tok in 4.6 s — prefill 36 tok (28 cached) in 55 ms; decode 255 tok / 156 passes in 4.6 s: 55.6 tok/s, 18.0 ms/tok, 29 ms/pass, 1.63 tok/pass, accept p1 63 %
2026-09-22 02:34:47.324 INFO  sched: request 'chatcmpl-b8251eb73406c73a' prefix cache miss — 2 cut(s) probed against 8 entries; the nearest entry (position 292) shares the first 11 of the prompt's 35 tokens (the prompt differs from it from that token on)
2026-09-22 02:34:47.324 INFO  sched: request 'chatcmpl-b8251eb73406c73a' admitted to slot 0 (reserve 5 blocks; pool 27/4096 blocks in use) — first token 760
2026-09-22 02:34:47.517 INFO  sched: request 'chatcmpl-b8251eb73406c73b' prefix cache miss — 2 cut(s) probed against 9 entries; the nearest entry (position 292) shares the first 3 of the prompt's 32 tokens (the prompt differs from it from that token on)
2026-09-22 02:34:47.517 INFO  sched: request 'chatcmpl-b8251eb73406c73b' admitted to slot 1 (reserve 5 blocks; pool 34/4096 blocks in use) — first token 760
2026-09-22 02:34:47.720 INFO  sched: request 'chatcmpl-b8251eb73406c73c' prefix cache miss — 2 cut(s) probed against 10 entries; the nearest entry (position 24) shares the first 5 of the prompt's 32 tokens (the prompt differs from it from that token on)
2026-09-22 02:34:47.720 INFO  sched: request 'chatcmpl-b8251eb73406c73c' admitted to slot 2 (reserve 5 blocks; pool 41/4096 blocks in use) — first token 13962
2026-09-22 02:34:47.932 INFO  sched: request 'chatcmpl-b8251eb73406c73d' prefix cache miss — 2 cut(s) probed against 11 entries; the nearest entry (position 24) shares the first 5 of the prompt's 31 tokens (the prompt differs from it from that token on)
2026-09-22 02:34:47.932 INFO  sched: request 'chatcmpl-b8251eb73406c73d' admitted to slot 3 (reserve 5 blocks; pool 48/4096 blocks in use) — first token 760
2026-09-22 02:34:48.983 INFO  stats: rank 0 | 10.0 s | decode 105.4 tok/s, 8.6 ms/tok, 30.9 ms/step (296 steps / 1057 tok, 91 % of wall) | mtp 1.68 tok/step/req, accept p1 67 % | prefill 6 prompts / 146 tok, 15 tok/s, 5.53 ms/tok, 135 ms avg (8 % of wall), 56 tok cached (2/6 hits) | live 4, queued 0 | pool 49/4096 blocks (1 %) | prefix cache 12/55 entries | requests +6 (shed 0, cancelled 0)
2026-09-22 02:34:54.292 INFO  sched: request 'chatcmpl-b8251eb73406c73b' retired (steps): 256 tok in 6.8 s — prefill 32 tok (0 cached) in 169 ms; decode 255 tok / 146 passes in 6.6 s: 38.6 tok/s, 25.9 ms/tok, 45 ms/pass, 1.75 tok/pass, accept p1 75 %
2026-09-22 02:34:54.467 INFO  sched: request 'chatcmpl-b8251eb73406c73c' retired (steps): 256 tok in 6.7 s — prefill 32 tok (0 cached) in 173 ms; decode 255 tok / 149 passes in 6.6 s: 38.8 tok/s, 25.8 ms/tok, 44 ms/pass, 1.71 tok/pass, accept p1 71 %
2026-09-22 02:34:54.676 INFO  sched: request 'chatcmpl-b8251eb73406c73d' retired (steps): 256 tok in 6.7 s — prefill 31 tok (0 cached) in 173 ms; decode 255 tok / 153 passes in 6.6 s: 38.8 tok/s, 25.8 ms/tok, 43 ms/pass, 1.67 tok/pass, accept p1 67 %
2026-09-22 02:34:54.728 INFO  sched: request 'chatcmpl-b8251eb73406c73a' retired (steps): 256 tok in 7.4 s — prefill 35 tok (0 cached) in 180 ms; decode 255 tok / 158 passes in 7.2 s: 35.3 tok/s, 28.3 ms/tok, 46 ms/pass, 1.61 tok/pass, accept p1 62 %
2026-09-22 02:34:54.805 INFO  sched: request 'chatcmpl-b8251eb73406c73e' admitted to slot 0 (reserve 5 blocks; pool 50/4096 blocks in use) — first token 760
2026-09-22 02:34:54.887 INFO  sched: request 'chatcmpl-b8251eb73406c73f' admitted to slot 1 (reserve 5 blocks; pool 56/4096 blocks in use) — first token 13962
2026-09-22 02:34:54.975 INFO  sched: request 'chatcmpl-b8251eb73406c740' admitted to slot 2 (reserve 5 blocks; pool 62/4096 blocks in use) — first token 760
2026-09-22 02:34:55.070 INFO  sched: request 'chatcmpl-b8251eb73406c741' admitted to slot 3 (reserve 5 blocks; pool 68/4096 blocks in use) — first token 760
2026-09-22 02:34:58.991 INFO  stats: rank 0 | 10.0 s | decode 144.7 tok/s, 6.7 ms/tok, 43.5 ms/step (223 steps / 1448 tok, 97 % of wall) | mtp 1.67 tok/step/req, accept p1 67 % | prefill 4 prompts / 30 tok, 3 tok/s, 7.53 ms/tok, 56 ms avg (2 % of wall), 100 tok cached (4/4 hits) | live 4, queued 0 | pool 69/4096 blocks (2 %) | prefix cache 16/55 entries | requests +4 (shed 0, cancelled 0)
2026-09-22 02:35:01.468 INFO  sched: request 'chatcmpl-b8251eb73406c73f' retired (steps): 256 tok in 6.6 s — prefill 32 tok (24 cached) in 57 ms; decode 255 tok / 147 passes in 6.5 s: 39.1 tok/s, 25.6 ms/tok, 44 ms/pass, 1.73 tok/pass, accept p1 74 %
2026-09-22 02:35:01.690 INFO  sched: request 'chatcmpl-b8251eb73406c740' retired (steps): 256 tok in 6.7 s — prefill 32 tok (24 cached) in 57 ms; decode 255 tok / 151 passes in 6.7 s: 38.3 tok/s, 26.1 ms/tok, 44 ms/pass, 1.69 tok/pass, accept p1 69 %
2026-09-22 02:35:01.815 INFO  sched: request 'chatcmpl-b8251eb73406c741' retired (steps): 256 tok in 6.7 s — prefill 31 tok (24 cached) in 55 ms; decode 255 tok / 153 passes in 6.7 s: 38.1 tok/s, 26.2 ms/tok, 44 ms/pass, 1.67 tok/pass, accept p1 67 %
2026-09-22 02:35:01.866 INFO  sched: request 'chatcmpl-b8251eb73406c73e' retired (steps): 256 tok in 7.1 s — prefill 35 tok (28 cached) in 56 ms; decode 255 tok / 158 passes in 7.0 s: 36.4 tok/s, 27.5 ms/tok, 44 ms/pass, 1.61 tok/pass, accept p1 62 %
2026-09-22 02:35:01.949 INFO  sched: request 'chatcmpl-b8251eb73406c742' admitted to slot 0 (reserve 5 blocks; pool 60/4096 blocks in use) — first token 760
2026-09-22 02:35:02.031 INFO  sched: request 'chatcmpl-b8251eb73406c743' admitted to slot 1 (reserve 5 blocks; pool 66/4096 blocks in use) — first token 13962
2026-09-22 02:35:02.118 INFO  sched: request 'chatcmpl-b8251eb73406c744' admitted to slot 2 (reserve 5 blocks; pool 72/4096 blocks in use) — first token 760
2026-09-22 02:35:02.214 INFO  sched: request 'chatcmpl-b8251eb73406c745' admitted to slot 3 (reserve 5 blocks; pool 77/4096 blocks in use) — first token 760
2026-09-22 02:35:08.603 INFO  sched: request 'chatcmpl-b8251eb73406c743' retired (steps): 256 tok in 6.6 s — prefill 32 tok (24 cached) in 57 ms; decode 255 tok / 147 passes in 6.5 s: 39.1 tok/s, 25.6 ms/tok, 44 ms/pass, 1.73 tok/pass, accept p1 74 %
2026-09-22 02:35:08.866 INFO  sched: request 'chatcmpl-b8251eb73406c745' retired (steps): 256 tok in 6.7 s — prefill 32 tok (24 cached) in 58 ms; decode 255 tok / 151 passes in 6.6 s: 38.7 tok/s, 25.9 ms/tok, 44 ms/pass, 1.69 tok/pass, accept p1 69 %
2026-09-22 02:35:08.905 INFO  sched: request 'chatcmpl-b8251eb73406c744' retired (steps): 256 tok in 6.8 s — prefill 31 tok (24 cached) in 56 ms; decode 255 tok / 153 passes in 6.7 s: 37.9 tok/s, 26.4 ms/tok, 44 ms/pass, 1.67 tok/pass, accept p1 67 %
2026-09-22 02:35:08.979 INFO  sched: request 'chatcmpl-b8251eb73406c742' retired (steps): 256 tok in 7.0 s — prefill 35 tok (28 cached) in 57 ms; decode 255 tok / 158 passes in 7.0 s: 36.6 tok/s, 27.3 ms/tok, 44 ms/pass, 1.61 tok/pass, accept p1 62 %
2026-09-22 02:35:08.995 INFO  stats: rank 0 | 10.0 s | decode 144.0 tok/s, 6.7 ms/tok, 43.2 ms/step (224 steps / 1441 tok, 97 % of wall) | mtp 1.68 tok/step/req, accept p1 68 % | prefill 4 prompts / 30 tok, 3 tok/s, 7.58 ms/tok, 57 ms avg (2 % of wall), 100 tok cached (4/4 hits) | live 0, queued 0 | pool 55/4096 blocks (1 %) | prefix cache 18/55 entries | requests +4 (shed 0, cancelled 0)
2026-09-22 02:35:09.196 INFO  sched: request 'chatcmpl-b8251eb73406c746' prefix cache miss — 2 cut(s) probed against 18 entries; the nearest entry (position 292) shares the first 5 of the prompt's 51 tokens (the prompt differs from it from that token on)
2026-09-22 02:35:09.196 INFO  sched: request 'chatcmpl-b8251eb73406c746' admitted to slot 0 (reserve 5 blocks; pool 61/4096 blocks in use) — first token 71093
2026-09-22 02:35:12.333 INFO  sched: request 'chatcmpl-b8251eb73406c746' retired (steps): 256 tok in 3.1 s — prefill 51 tok (0 cached) in 196 ms; decode 255 tok / 132 passes in 2.9 s: 86.7 tok/s, 11.5 ms/tok, 22 ms/pass, 1.93 tok/pass, accept p1 94 %
2026-09-22 02:35:12.410 INFO  sched: request 'chatcmpl-b8251eb73406c747' admitted to slot 0 (reserve 5 blocks; pool 66/4096 blocks in use) — first token 71093
2026-09-22 02:35:15.550 INFO  sched: request 'chatcmpl-b8251eb73406c747' retired (steps): 256 tok in 3.1 s — prefill 51 tok (44 cached) in 56 ms; decode 255 tok / 132 passes in 3.1 s: 82.7 tok/s, 12.1 ms/tok, 23 ms/pass, 1.93 tok/pass, accept p1 94 %
2026-09-22 02:35:15.626 INFO  sched: request 'chatcmpl-b8251eb73406c748' admitted to slot 0 (reserve 5 blocks; pool 66/4096 blocks in use) — first token 71093
2026-09-22 02:35:18.765 INFO  sched: request 'chatcmpl-b8251eb73406c748' retired (steps): 256 tok in 3.1 s — prefill 51 tok (44 cached) in 55 ms; decode 255 tok / 132 passes in 3.1 s: 82.7 tok/s, 12.1 ms/tok, 23 ms/pass, 1.93 tok/pass, accept p1 94 %
2026-09-22 02:35:18.982 INFO  sched: request 'chatcmpl-b8251eb73406c749' prefix cache miss — 2 cut(s) probed against 20 entries; the nearest entry (position 304) shares the first 7 of the prompt's 47 tokens (the prompt differs from it from that token on)
2026-09-22 02:35:18.982 INFO  sched: request 'chatcmpl-b8251eb73406c749' admitted to slot 0 (reserve 5 blocks; pool 67/4096 blocks in use) — first token 71093
2026-09-22 02:35:19.004 INFO  stats: rank 0 | 10.0 s | decode 77.0 tok/s, 12.2 ms/tok, 23.7 ms/step (397 steps / 771 tok, 94 % of wall) | mtp 1.94 tok/step/req, accept p1 94 % | prefill 4 prompts / 112 tok, 11 tok/s, 4.44 ms/tok, 124 ms avg (5 % of wall), 88 tok cached (2/4 hits) | live 1, queued 1 | pool 68/4096 blocks (2 %) | prefix cache 21/55 entries | requests +5 (shed 0, cancelled 0)
2026-09-22 02:35:19.197 INFO  sched: request 'chatcmpl-b8251eb73406c74a' prefix cache miss — 2 cut(s) probed against 21 entries; the nearest entry (position 304) shares the first 8 of the prompt's 51 tokens (the prompt differs from it from that token on)
2026-09-22 02:35:19.197 INFO  sched: request 'chatcmpl-b8251eb73406c74a' admitted to slot 1 (reserve 5 blocks; pool 74/4096 blocks in use) — first token 71093
2026-09-22 02:35:23.184 INFO  sched: request 'chatcmpl-b8251eb73406c749' retired (steps): 256 tok in 4.2 s — prefill 47 tok (0 cached) in 191 ms; decode 255 tok / 134 passes in 4.0 s: 63.6 tok/s, 15.7 ms/tok, 30 ms/pass, 1.90 tok/pass, accept p1 91 %
2026-09-22 02:35:23.282 INFO  sched: request 'chatcmpl-b8251eb73406c74a' retired (steps): 256 tok in 4.1 s — prefill 51 tok (0 cached) in 192 ms; decode 255 tok / 137 passes in 3.9 s: 65.5 tok/s, 15.3 ms/tok, 28 ms/pass, 1.86 tok/pass, accept p1 87 %
2026-09-22 02:35:23.355 INFO  sched: request 'chatcmpl-b8251eb73406c74b' admitted to slot 0 (reserve 5 blocks; pool 78/4096 blocks in use) — first token 71093
2026-09-22 02:35:23.433 INFO  sched: request 'chatcmpl-b8251eb73406c74c' admitted to slot 1 (reserve 5 blocks; pool 84/4096 blocks in use) — first token 71093
2026-09-22 02:35:27.419 INFO  sched: request 'chatcmpl-b8251eb73406c74b' retired (steps): 256 tok in 4.1 s — prefill 47 tok (40 cached) in 57 ms; decode 255 tok / 134 passes in 4.0 s: 63.6 tok/s, 15.7 ms/tok, 30 ms/pass, 1.90 tok/pass, accept p1 91 %
2026-09-22 02:35:27.518 INFO  sched: request 'chatcmpl-b8251eb73406c74c' retired (steps): 256 tok in 4.1 s — prefill 51 tok (44 cached) in 53 ms; decode 255 tok / 137 passes in 4.0 s: 63.3 tok/s, 15.8 ms/tok, 29 ms/pass, 1.86 tok/pass, accept p1 87 %
2026-09-22 02:35:27.606 INFO  sched: request 'chatcmpl-b8251eb73406c74d' admitted to slot 0 (reserve 5 blocks; pool 78/4096 blocks in use) — first token 71093
2026-09-22 02:35:27.686 INFO  sched: request 'chatcmpl-b8251eb73406c74e' admitted to slot 1 (reserve 5 blocks; pool 84/4096 blocks in use) — first token 71093
2026-09-22 02:35:29.016 INFO  stats: rank 0 | 10.0 s | decode 119.4 tok/s, 8.0 ms/tok, 29.6 ms/step (321 steps / 1195 tok, 95 % of wall) | mtp 1.89 tok/step/req, accept p1 89 % | prefill 5 prompts / 79 tok, 8 tok/s, 5.25 ms/tok, 83 ms avg (4 % of wall), 168 tok cached (4/5 hits) | live 2, queued 0 | pool 85/4096 blocks (2 %) | prefix cache 24/55 entries | requests +4 (shed 0, cancelled 0)
2026-09-22 02:35:31.694 INFO  sched: request 'chatcmpl-b8251eb73406c74e' retired (steps): 256 tok in 4.0 s — prefill 47 tok (40 cached) in 55 ms; decode 255 tok / 134 passes in 4.0 s: 64.5 tok/s, 15.5 ms/tok, 29 ms/pass, 1.90 tok/pass, accept p1 91 %
2026-09-22 02:35:31.743 INFO  sched: request 'chatcmpl-b8251eb73406c74d' retired (steps): 256 tok in 4.1 s — prefill 51 tok (44 cached) in 57 ms; decode 255 tok / 137 passes in 4.1 s: 62.5 tok/s, 16.0 ms/tok, 30 ms/pass, 1.86 tok/pass, accept p1 87 %
2026-09-22 02:35:31.898 INFO  sched: request 'chatcmpl-b8251eb73406c74f' prefix cache miss — 1 cut(s) probed against 24 entries; the nearest entry (position 304) shares the first 3 of the prompt's 34 tokens (the prompt differs from it from that token on)
2026-09-22 02:35:31.898 INFO  sched: request 'chatcmpl-b8251eb73406c74f' admitted to slot 0 (reserve 5 blocks; pool 79/4096 blocks in use) — first token 71093
2026-09-22 02:35:32.051 INFO  sched: request 'chatcmpl-b8251eb73406c750' prefix cache miss — 1 cut(s) probed against 25 entries; the nearest entry (position 24) shares the first 5 of the prompt's 33 tokens (the prompt differs from it from that token on)
2026-09-22 02:35:32.051 INFO  sched: request 'chatcmpl-b8251eb73406c750' admitted to slot 1 (reserve 5 blocks; pool 85/4096 blocks in use) — first token 71093
2026-09-22 02:35:32.214 INFO  sched: request 'chatcmpl-b8251eb73406c751' prefix cache miss — 1 cut(s) probed against 26 entries; the nearest entry (position 24) shares the first 5 of the prompt's 33 tokens (the prompt differs from it from that token on)
2026-09-22 02:35:32.214 INFO  sched: request 'chatcmpl-b8251eb73406c751' admitted to slot 2 (reserve 5 blocks; pool 92/4096 blocks in use) — first token 71093
2026-09-22 02:35:32.439 INFO  sched: request 'chatcmpl-b8251eb73406c752' prefix cache miss — 2 cut(s) probed against 27 entries; the nearest entry (position 300) shares the first 8 of the prompt's 44 tokens (the prompt differs from it from that token on)
2026-09-22 02:35:32.439 INFO  sched: request 'chatcmpl-b8251eb73406c752' admitted to slot 3 (reserve 5 blocks; pool 99/4096 blocks in use) — first token 71093
2026-09-22 02:35:38.133 INFO  sched: request 'chatcmpl-b8251eb73406c74f' retired (steps): 256 tok in 6.2 s — prefill 34 tok (0 cached) in 134 ms; decode 255 tok / 132 passes in 6.1 s: 41.8 tok/s, 23.9 ms/tok, 46 ms/pass, 1.93 tok/pass, accept p1 93 %
2026-09-22 02:35:38.309 INFO  sched: request 'chatcmpl-b8251eb73406c750' retired (steps): 256 tok in 6.3 s — prefill 33 tok (0 cached) in 130 ms; decode 255 tok / 135 passes in 6.1 s: 41.6 tok/s, 24.0 ms/tok, 45 ms/pass, 1.89 tok/pass, accept p1 90 %
2026-09-22 02:35:38.354 INFO  sched: request 'chatcmpl-b8251eb73406c751' retired (steps): 256 tok in 6.1 s — prefill 33 tok (0 cached) in 133 ms; decode 255 tok / 135 passes in 6.0 s: 42.4 tok/s, 23.6 ms/tok, 44 ms/pass, 1.89 tok/pass, accept p1 90 %
2026-09-22 02:35:38.380 INFO  sched: request 'chatcmpl-b8251eb73406c752' retired (steps): 256 tok in 5.9 s — prefill 44 tok (0 cached) in 190 ms; decode 255 tok / 135 passes in 5.8 s: 44.3 tok/s, 22.6 ms/tok, 43 ms/pass, 1.89 tok/pass, accept p1 90 %
2026-09-22 02:35:38.460 INFO  sched: request 'chatcmpl-b8251eb73406c753' admitted to slot 0 (reserve 5 blocks; pool 102/4096 blocks in use) — first token 71093
2026-09-22 02:35:38.541 INFO  sched: request 'chatcmpl-b8251eb73406c754' admitted to slot 1 (reserve 5 blocks; pool 108/4096 blocks in use) — first token 71093
2026-09-22 02:35:38.627 INFO  sched: request 'chatcmpl-b8251eb73406c755' admitted to slot 2 (reserve 5 blocks; pool 113/4096 blocks in use) — first token 71093
2026-09-22 02:35:38.722 INFO  sched: request 'chatcmpl-b8251eb73406c756' admitted to slot 3 (reserve 5 blocks; pool 119/4096 blocks in use) — first token 71093
2026-09-22 02:35:39.024 INFO  stats: rank 0 | 10.0 s | decode 142.8 tok/s, 6.4 ms/tok, 38.0 ms/step (239 steps / 1429 tok, 91 % of wall) | mtp 1.90 tok/step/req, accept p1 90 % | prefill 8 prompts / 180 tok, 18 tok/s, 4.54 ms/tok, 102 ms avg (8 % of wall), 108 tok cached (4/8 hits) | live 4, queued 0 | pool 121/4096 blocks (3 %) | prefix cache 32/55 entries | requests +8 (shed 0, cancelled 0)
2026-09-22 02:35:44.449 INFO  sched: request 'chatcmpl-b8251eb73406c754' retired (steps): 256 tok in 5.9 s — prefill 34 tok (24 cached) in 57 ms; decode 255 tok / 132 passes in 5.9 s: 43.6 tok/s, 22.9 ms/tok, 44 ms/pass, 1.93 tok/pass, accept p1 93 %
2026-09-22 02:35:44.538 INFO  sched: request 'chatcmpl-b8251eb73406c753' retired (steps): 256 tok in 6.1 s — prefill 44 tok (36 cached) in 59 ms; decode 255 tok / 135 passes in 6.0 s: 42.4 tok/s, 23.6 ms/tok, 45 ms/pass, 1.89 tok/pass, accept p1 90 %
2026-09-22 02:35:44.665 INFO  sched: request 'chatcmpl-b8251eb73406c756' retired (steps): 256 tok in 5.9 s — prefill 33 tok (24 cached) in 58 ms; decode 255 tok / 135 passes in 5.9 s: 43.3 tok/s, 23.1 ms/tok, 44 ms/pass, 1.89 tok/pass, accept p1 90 %
2026-09-22 02:35:44.716 INFO  sched: request 'chatcmpl-b8251eb73406c755' retired (steps): 256 tok in 6.1 s — prefill 33 tok (24 cached) in 57 ms; decode 255 tok / 138 passes in 6.0 s: 42.3 tok/s, 23.7 ms/tok, 44 ms/pass, 1.85 tok/pass, accept p1 86 %
2026-09-22 02:35:44.797 INFO  sched: request 'chatcmpl-b8251eb73406c757' admitted to slot 0 (reserve 5 blocks; pool 107/4096 blocks in use) — first token 71093
2026-09-22 02:35:44.877 INFO  sched: request 'chatcmpl-b8251eb73406c758' admitted to slot 1 (reserve 5 blocks; pool 113/4096 blocks in use) — first token 71093
2026-09-22 02:35:44.965 INFO  sched: request 'chatcmpl-b8251eb73406c759' admitted to slot 2 (reserve 5 blocks; pool 118/4096 blocks in use) — first token 71093
2026-09-22 02:35:45.059 INFO  sched: request 'chatcmpl-b8251eb73406c75a' admitted to slot 3 (reserve 5 blocks; pool 124/4096 blocks in use) — first token 71093
2026-09-22 02:35:49.049 INFO  stats: rank 0 | 10.0 s | decode 164.2 tok/s, 5.9 ms/tok, 43.4 ms/step (224 steps / 1646 tok, 97 % of wall) | mtp 1.88 tok/step/req, accept p1 88 % | prefill 4 prompts / 36 tok, 4 tok/s, 6.46 ms/tok, 58 ms avg (2 % of wall), 108 tok cached (4/4 hits) | live 4, queued 0 | pool 126/4096 blocks (3 %) | prefix cache 33/55 entries | requests +4 (shed 0, cancelled 0)
2026-09-22 02:35:50.849 INFO  sched: request 'chatcmpl-b8251eb73406c759' retired (steps): 256 tok in 5.9 s — prefill 34 tok (24 cached) in 59 ms; decode 255 tok / 132 passes in 5.8 s: 43.8 tok/s, 22.8 ms/tok, 44 ms/pass, 1.93 tok/pass, accept p1 93 %
2026-09-22 02:35:50.895 INFO  sched: request 'chatcmpl-b8251eb73406c757' retired (steps): 256 tok in 6.1 s — prefill 44 tok (36 cached) in 60 ms; decode 255 tok / 135 passes in 6.0 s: 42.2 tok/s, 23.7 ms/tok, 45 ms/pass, 1.89 tok/pass, accept p1 90 %
2026-09-22 02:35:51.021 INFO  sched: request 'chatcmpl-b8251eb73406c758' retired (steps): 256 tok in 6.1 s — prefill 33 tok (24 cached) in 56 ms; decode 255 tok / 137 passes in 6.1 s: 41.9 tok/s, 23.9 ms/tok, 44 ms/pass, 1.86 tok/pass, accept p1 87 %
2026-09-22 02:35:51.099 INFO  sched: request 'chatcmpl-b8251eb73406c75a' retired (steps): 256 tok in 6.0 s — prefill 33 tok (24 cached) in 57 ms; decode 255 tok / 138 passes in 6.0 s: 42.6 tok/s, 23.5 ms/tok, 43 ms/pass, 1.85 tok/pass, accept p1 86 %
2026-09-22 02:35:51.314 INFO  sched: request 'chatcmpl-b8251eb73406c75b' prefix cache miss — 2 cut(s) probed against 34 entries; the nearest entry (position 304) shares the first 3 of the prompt's 48 tokens (the prompt differs from it from that token on)
2026-09-22 02:35:51.315 INFO  sched: request 'chatcmpl-b8251eb73406c75b' admitted to slot 0 (reserve 5 blocks; pool 113/4096 blocks in use) — first token 58
2026-09-22 02:35:54.385 INFO  sched: request 'chatcmpl-b8251eb73406c75b' retired (steps): 256 tok in 3.1 s — prefill 48 tok (0 cached) in 195 ms; decode 255 tok / 129 passes in 2.9 s: 88.7 tok/s, 11.3 ms/tok, 22 ms/pass, 1.98 tok/pass, accept p1 98 %
2026-09-22 02:35:54.452 INFO  sched: request 'chatcmpl-b8251eb73406c75c' admitted to slot 0 (reserve 5 blocks; pool 118/4096 blocks in use) — first token 58
2026-09-22 02:35:57.521 INFO  sched: request 'chatcmpl-b8251eb73406c75c' retired (steps): 256 tok in 3.1 s — prefill 48 tok (40 cached) in 56 ms; decode 255 tok / 129 passes in 3.0 s: 84.6 tok/s, 11.8 ms/tok, 23 ms/pass, 1.98 tok/pass, accept p1 98 %
2026-09-22 02:35:57.600 INFO  sched: request 'chatcmpl-b8251eb73406c75d' admitted to slot 0 (reserve 5 blocks; pool 118/4096 blocks in use) — first token 58
2026-09-22 02:35:59.050 INFO  stats: rank 0 | 10.0 s | decode 96.9 tok/s, 9.9 ms/tok, 26.2 ms/step (366 steps / 969 tok, 96 % of wall) | mtp 1.97 tok/step/req, accept p1 98 % | prefill 3 prompts / 64 tok, 6 tok/s, 4.83 ms/tok, 103 ms avg (3 % of wall), 80 tok cached (2/3 hits) | live 1, queued 0 | pool 119/4096 blocks (3 %) | prefix cache 36/55 entries | requests +3 (shed 0, cancelled 0)
2026-09-22 02:36:00.669 INFO  sched: request 'chatcmpl-b8251eb73406c75d' retired (steps): 256 tok in 3.1 s — prefill 48 tok (40 cached) in 58 ms; decode 255 tok / 129 passes in 3.0 s: 84.7 tok/s, 11.8 ms/tok, 23 ms/pass, 1.98 tok/pass, accept p1 98 %
2026-09-22 02:36:00.885 INFO  sched: request 'chatcmpl-b8251eb73406c75e' prefix cache miss — 2 cut(s) probed against 36 entries; the nearest entry (position 300) shares the first 17 of the prompt's 48 tokens (the prompt differs from it from that token on)
2026-09-22 02:36:00.885 INFO  sched: request 'chatcmpl-b8251eb73406c75e' admitted to slot 0 (reserve 5 blocks; pool 119/4096 blocks in use) — first token 58
2026-09-22 02:36:01.062 INFO  sched: request 'chatcmpl-b8251eb73406c75f' prefix cache miss — 1 cut(s) probed against 37 entries; the nearest entry (position 300) shares the first 17 of the prompt's 49 tokens (the prompt differs from it from that token on)
2026-09-22 02:36:01.062 INFO  sched: request 'chatcmpl-b8251eb73406c75f' admitted to slot 1 (reserve 5 blocks; pool 126/4096 blocks in use) — first token 58
2026-09-22 02:36:04.902 INFO  sched: request 'chatcmpl-b8251eb73406c75e' retired (steps): 256 tok in 4.0 s — prefill 48 tok (0 cached) in 195 ms; decode 255 tok / 128 passes in 3.8 s: 66.7 tok/s, 15.0 ms/tok, 30 ms/pass, 1.99 tok/pass, accept p1 100 %
2026-09-22 02:36:04.927 INFO  sched: request 'chatcmpl-b8251eb73406c75f' retired (steps): 256 tok in 3.9 s — prefill 49 tok (0 cached) in 153 ms; decode 255 tok / 128 passes in 3.7 s: 68.7 tok/s, 14.6 ms/tok, 29 ms/pass, 1.99 tok/pass, accept p1 99 %
2026-09-22 02:36:04.999 INFO  sched: request 'chatcmpl-b8251eb73406c760' admitted to slot 0 (reserve 5 blocks; pool 130/4096 blocks in use) — first token 58
2026-09-22 02:36:05.077 INFO  sched: request 'chatcmpl-b8251eb73406c761' admitted to slot 1 (reserve 5 blocks; pool 136/4096 blocks in use) — first token 58
2026-09-22 02:36:08.910 INFO  sched: request 'chatcmpl-b8251eb73406c760' retired (steps): 256 tok in 3.9 s — prefill 48 tok (40 cached) in 56 ms; decode 255 tok / 128 passes in 3.9 s: 66.2 tok/s, 15.1 ms/tok, 30 ms/pass, 1.99 tok/pass, accept p1 100 %
2026-09-22 02:36:08.936 INFO  sched: request 'chatcmpl-b8251eb73406c761' retired (steps): 256 tok in 3.9 s — prefill 49 tok (40 cached) in 54 ms; decode 255 tok / 128 passes in 3.8 s: 67.0 tok/s, 14.9 ms/tok, 30 ms/pass, 1.99 tok/pass, accept p1 99 %
2026-09-22 02:36:09.025 INFO  sched: request 'chatcmpl-b8251eb73406c762' admitted to slot 0 (reserve 5 blocks; pool 130/4096 blocks in use) — first token 58
2026-09-22 02:36:09.105 INFO  sched: request 'chatcmpl-b8251eb73406c763' admitted to slot 1 (reserve 5 blocks; pool 136/4096 blocks in use) — first token 58
2026-09-22 02:36:09.133 INFO  stats: rank 0 | 10.1 s | decode 115.6 tok/s, 8.1 ms/tok, 28.6 ms/step (328 steps / 1166 tok, 93 % of wall) | mtp 2.00 tok/step/req, accept p1 99 % | prefill 6 prompts / 131 tok, 13 tok/s, 4.38 ms/tok, 96 ms avg (6 % of wall), 160 tok cached (4/6 hits) | live 2, queued 0 | pool 136/4096 blocks (3 %) | prefix cache 40/55 entries | requests +6 (shed 0, cancelled 0)
2026-09-22 02:36:12.942 INFO  sched: request 'chatcmpl-b8251eb73406c762' retired (steps): 256 tok in 3.9 s — prefill 48 tok (40 cached) in 58 ms; decode 255 tok / 128 passes in 3.9 s: 66.1 tok/s, 15.1 ms/tok, 30 ms/pass, 1.99 tok/pass, accept p1 100 %
2026-09-22 02:36:12.967 INFO  sched: request 'chatcmpl-b8251eb73406c763' retired (steps): 256 tok in 3.9 s — prefill 49 tok (40 cached) in 56 ms; decode 255 tok / 128 passes in 3.8 s: 67.0 tok/s, 14.9 ms/tok, 30 ms/pass, 1.99 tok/pass, accept p1 99 %
2026-09-22 02:36:13.137 INFO  sched: request 'chatcmpl-b8251eb73406c764' prefix cache miss — 1 cut(s) probed against 40 entries; the nearest entry (position 304) shares the first 3 of the prompt's 37 tokens (the prompt differs from it from that token on)
2026-09-22 02:36:13.137 INFO  sched: request 'chatcmpl-b8251eb73406c764' admitted to slot 0 (reserve 5 blocks; pool 131/4096 blocks in use) — first token 58
2026-09-22 02:36:13.299 INFO  sched: request 'chatcmpl-b8251eb73406c765' prefix cache miss — 1 cut(s) probed against 41 entries; the nearest entry (position 28) shares the first 8 of the prompt's 34 tokens (the prompt differs from it from that token on)
2026-09-22 02:36:13.299 INFO  sched: request 'chatcmpl-b8251eb73406c765' admitted to slot 1 (reserve 5 blocks; pool 137/4096 blocks in use) — first token 58
2026-09-22 02:36:13.507 INFO  sched: request 'chatcmpl-b8251eb73406c766' prefix cache miss — 2 cut(s) probed against 42 entries; the nearest entry (position 28) shares the first 8 of the prompt's 35 tokens (the prompt differs from it from that token on)
2026-09-22 02:36:13.507 INFO  sched: request 'chatcmpl-b8251eb73406c766' admitted to slot 2 (reserve 5 blocks; pool 144/4096 blocks in use) — first token 58
2026-09-22 02:36:13.738 INFO  sched: request 'chatcmpl-b8251eb73406c767' prefix cache miss — 2 cut(s) probed against 43 entries; the nearest entry (position 304) shares the first 17 of the prompt's 47 tokens (the prompt differs from it from that token on)
2026-09-22 02:36:13.738 INFO  sched: request 'chatcmpl-b8251eb73406c767' admitted to slot 3 (reserve 5 blocks; pool 152/4096 blocks in use) — first token 58
2026-09-22 02:36:19.156 INFO  stats: rank 0 | 10.0 s | decode 146.9 tok/s, 6.3 ms/tok, 37.1 ms/step (251 steps / 1472 tok, 93 % of wall) | mtp 1.98 tok/step/req, accept p1 98 % | prefill 4 prompts / 153 tok, 15 tok/s, 4.27 ms/tok, 163 ms avg (7 % of wall), 0 tok cached (0/4 hits) | live 4, queued 0 | pool 153/4096 blocks (4 %) | prefix cache 44/55 entries | requests +4 (shed 0, cancelled 0)
2026-09-22 02:36:19.338 INFO  sched: request 'chatcmpl-b8251eb73406c764' retired (steps): 256 tok in 6.2 s — prefill 37 tok (0 cached) in 144 ms; decode 255 tok / 128 passes in 6.1 s: 42.1 tok/s, 23.8 ms/tok, 47 ms/pass, 1.99 tok/pass, accept p1 100 %
2026-09-22 02:36:19.426 INFO  sched: request 'chatcmpl-b8251eb73406c766' retired (steps): 256 tok in 5.9 s — prefill 35 tok (0 cached) in 179 ms; decode 255 tok / 128 passes in 5.7 s: 44.4 tok/s, 22.5 ms/tok, 45 ms/pass, 1.99 tok/pass, accept p1 100 %
2026-09-22 02:36:19.472 INFO  sched: request 'chatcmpl-b8251eb73406c767' retired (steps): 256 tok in 5.7 s — prefill 47 tok (0 cached) in 193 ms; decode 255 tok / 128 passes in 5.5 s: 46.0 tok/s, 21.7 ms/tok, 43 ms/pass, 1.99 tok/pass, accept p1 99 %
2026-09-22 02:36:19.597 INFO  sched: request 'chatcmpl-b8251eb73406c765' retired (steps): 256 tok in 6.3 s — prefill 34 tok (0 cached) in 138 ms; decode 255 tok / 135 passes in 6.2 s: 41.4 tok/s, 24.2 ms/tok, 46 ms/pass, 1.89 tok/pass, accept p1 89 %
2026-09-22 02:36:19.663 INFO  sched: request 'chatcmpl-b8251eb73406c768' admitted to slot 0 (reserve 5 blocks; pool 154/4096 blocks in use) — first token 58
2026-09-22 02:36:19.747 INFO  sched: request 'chatcmpl-b8251eb73406c769' admitted to slot 1 (reserve 5 blocks; pool 160/4096 blocks in use) — first token 58
2026-09-22 02:36:19.834 INFO  sched: request 'chatcmpl-b8251eb73406c76a' admitted to slot 2 (reserve 5 blocks; pool 165/4096 blocks in use) — first token 58
2026-09-22 02:36:19.927 INFO  sched: request 'chatcmpl-b8251eb73406c76b' admitted to slot 3 (reserve 5 blocks; pool 171/4096 blocks in use) — first token 58
2026-09-22 02:36:25.514 INFO  sched: request 'chatcmpl-b8251eb73406c768' retired (steps): 256 tok in 5.9 s — prefill 47 tok (40 cached) in 55 ms; decode 255 tok / 128 passes in 5.8 s: 44.0 tok/s, 22.7 ms/tok, 45 ms/pass, 1.99 tok/pass, accept p1 99 %
2026-09-22 02:36:25.603 INFO  sched: request 'chatcmpl-b8251eb73406c76a' retired (steps): 256 tok in 5.8 s — prefill 37 tok (28 cached) in 58 ms; decode 255 tok / 128 passes in 5.7 s: 44.6 tok/s, 22.4 ms/tok, 45 ms/pass, 1.99 tok/pass, accept p1 100 %
2026-09-22 02:36:25.647 INFO  sched: request 'chatcmpl-b8251eb73406c76b' retired (steps): 256 tok in 5.7 s — prefill 35 tok (28 cached) in 54 ms; decode 255 tok / 128 passes in 5.7 s: 45.0 tok/s, 22.2 ms/tok, 44 ms/pass, 1.99 tok/pass, accept p1 100 %
2026-09-22 02:36:25.774 INFO  sched: request 'chatcmpl-b8251eb73406c769' retired (steps): 256 tok in 6.0 s — prefill 34 tok (24 cached) in 60 ms; decode 255 tok / 135 passes in 6.0 s: 42.7 tok/s, 23.4 ms/tok, 44 ms/pass, 1.89 tok/pass, accept p1 89 %
2026-09-22 02:36:25.845 INFO  sched: request 'chatcmpl-b8251eb73406c76c' admitted to slot 0 (reserve 5 blocks; pool 154/4096 blocks in use) — first token 58
2026-09-22 02:36:25.930 INFO  sched: request 'chatcmpl-b8251eb73406c76d' admitted to slot 1 (reserve 5 blocks; pool 160/4096 blocks in use) — first token 58
2026-09-22 02:36:26.019 INFO  sched: request 'chatcmpl-b8251eb73406c76e' admitted to slot 2 (reserve 5 blocks; pool 165/4096 blocks in use) — first token 58
2026-09-22 02:36:26.111 INFO  sched: request 'chatcmpl-b8251eb73406c76f' admitted to slot 3 (reserve 5 blocks; pool 171/4096 blocks in use) — first token 58
2026-09-22 02:36:29.194 INFO  stats: rank 0 | 10.0 s | decode 163.5 tok/s, 5.8 ms/tok, 43.2 ms/step (220 steps / 1641 tok, 95 % of wall) | mtp 1.98 tok/step/req, accept p1 97 % | prefill 8 prompts / 66 tok, 7 tok/s, 6.89 ms/tok, 57 ms avg (5 % of wall), 240 tok cached (8/8 hits) | live 4, queued 0 | pool 173/4096 blocks (4 %) | prefix cache 48/55 entries | requests +8 (shed 0, cancelled 0)
2026-09-22 02:36:31.712 INFO  sched: request 'chatcmpl-b8251eb73406c76c' retired (steps): 256 tok in 5.9 s — prefill 47 tok (40 cached) in 56 ms; decode 255 tok / 128 passes in 5.8 s: 43.9 tok/s, 22.8 ms/tok, 45 ms/pass, 1.99 tok/pass, accept p1 99 %
2026-09-22 02:36:31.802 INFO  sched: request 'chatcmpl-b8251eb73406c76e' retired (steps): 256 tok in 5.8 s — prefill 37 tok (28 cached) in 58 ms; decode 255 tok / 128 passes in 5.7 s: 44.5 tok/s, 22.4 ms/tok, 45 ms/pass, 1.99 tok/pass, accept p1 100 %
2026-09-22 02:36:31.846 INFO  sched: request 'chatcmpl-b8251eb73406c76f' retired (steps): 256 tok in 5.7 s — prefill 35 tok (28 cached) in 54 ms; decode 255 tok / 128 passes in 5.7 s: 44.9 tok/s, 22.3 ms/tok, 44 ms/pass, 1.99 tok/pass, accept p1 100 %
2026-09-22 02:36:31.973 INFO  sched: request 'chatcmpl-b8251eb73406c76d' retired (steps): 256 tok in 6.0 s — prefill 34 tok (24 cached) in 60 ms; decode 255 tok / 135 passes in 6.0 s: 42.6 tok/s, 23.5 ms/tok, 44 ms/pass, 1.89 tok/pass, accept p1 89 %
2026-09-22 02:36:32.233 INFO  sched: request 'chatcmpl-b8251eb73406c770' prefix cache miss — 1 cut(s) probed against 48 entries; the nearest entry (position 304) shares the first 3 of the prompt's 73 tokens (the prompt differs from it from that token on)
2026-09-22 02:36:32.233 INFO  sched: request 'chatcmpl-b8251eb73406c770' admitted to slot 0 (reserve 6 blocks; pool 155/4096 blocks in use) — first token 8160
2026-09-22 02:36:35.472 INFO  sched: request 'chatcmpl-b8251eb73406c770' retired (steps): 256 tok in 3.2 s — prefill 73 tok (0 cached) in 177 ms; decode 255 tok / 136 passes in 3.1 s: 83.3 tok/s, 12.0 ms/tok, 23 ms/pass, 1.88 tok/pass, accept p1 88 %
2026-09-22 02:36:35.557 INFO  sched: request 'chatcmpl-b8251eb73406c771' admitted to slot 0 (reserve 6 blocks; pool 160/4096 blocks in use) — first token 8160
2026-09-22 02:36:38.797 INFO  sched: request 'chatcmpl-b8251eb73406c771' retired (steps): 256 tok in 3.2 s — prefill 73 tok (64 cached) in 58 ms; decode 255 tok / 136 passes in 3.2 s: 80.1 tok/s, 12.5 ms/tok, 23 ms/pass, 1.88 tok/pass, accept p1 88 %
2026-09-22 02:36:38.865 INFO  sched: request 'chatcmpl-b8251eb73406c772' admitted to slot 0 (reserve 6 blocks; pool 160/4096 blocks in use) — first token 8160
2026-09-22 02:36:39.198 INFO  stats: rank 0 | 10.0 s | decode 100.4 tok/s, 9.5 ms/tok, 27.3 ms/step (350 steps / 1004 tok, 96 % of wall) | mtp 1.92 tok/step/req, accept p1 92 % | prefill 3 prompts / 91 tok, 9 tok/s, 3.22 ms/tok, 98 ms avg (3 % of wall), 128 tok cached (2/3 hits) | live 1, queued 0 | pool 161/4096 blocks (4 %) | prefix cache 50/55 entries | requests +3 (shed 0, cancelled 0)
2026-09-22 02:36:42.107 INFO  sched: request 'chatcmpl-b8251eb73406c772' retired (steps): 256 tok in 3.2 s — prefill 73 tok (64 cached) in 58 ms; decode 255 tok / 136 passes in 3.2 s: 80.1 tok/s, 12.5 ms/tok, 23 ms/pass, 1.88 tok/pass, accept p1 88 %
2026-09-22 02:36:42.301 INFO  sched: request 'chatcmpl-b8251eb73406c773' prefix cache miss — 1 cut(s) probed against 50 entries; the nearest entry (position 328) shares the first 3 of the prompt's 54 tokens (the prompt differs from it from that token on)
2026-09-22 02:36:42.301 INFO  sched: request 'chatcmpl-b8251eb73406c773' admitted to slot 0 (reserve 5 blocks; pool 161/4096 blocks in use) — first token 8160
2026-09-22 02:36:42.533 INFO  sched: request 'chatcmpl-b8251eb73406c774' prefix cache miss — 2 cut(s) probed against 51 entries; the nearest entry (position 328) shares the first 4 of the prompt's 64 tokens (the prompt differs from it from that token on)
2026-09-22 02:36:42.533 INFO  sched: request 'chatcmpl-b8251eb73406c774' admitted to slot 1 (reserve 5 blocks; pool 167/4096 blocks in use) — first token 8160
2026-09-22 02:36:46.444 INFO  sched: request 'chatcmpl-b8251eb73406c773' retired (steps): 256 tok in 4.1 s — prefill 54 tok (0 cached) in 163 ms; decode 255 tok / 131 passes in 4.0 s: 64.1 tok/s, 15.6 ms/tok, 30 ms/pass, 1.95 tok/pass, accept p1 95 %
2026-09-22 02:36:46.469 INFO  sched: request 'chatcmpl-b8251eb73406c774' retired (steps): 256 tok in 3.9 s — prefill 64 tok (0 cached) in 208 ms; decode 255 tok / 131 passes in 3.7 s: 68.4 tok/s, 14.6 ms/tok, 28 ms/pass, 1.95 tok/pass, accept p1 95 %
2026-09-22 02:36:46.533 INFO  sched: request 'chatcmpl-b8251eb73406c775' admitted to slot 0 (reserve 5 blocks; pool 172/4096 blocks in use) — first token 8160
2026-09-22 02:36:46.616 INFO  sched: request 'chatcmpl-b8251eb73406c776' admitted to slot 1 (reserve 5 blocks; pool 177/4096 blocks in use) — first token 8160
2026-09-22 02:36:49.212 INFO  stats: rank 0 | 10.0 s | decode 107.6 tok/s, 8.8 ms/tok, 27.7 ms/step (342 steps / 1078 tok, 94 % of wall) | mtp 1.93 tok/step/req, accept p1 92 % | prefill 4 prompts / 136 tok, 14 tok/s, 3.59 ms/tok, 122 ms avg (5 % of wall), 100 tok cached (2/4 hits) | live 2, queued 0 | pool 178/4096 blocks (4 %) | prefix cache 53/55 entries | requests +4 (shed 0, cancelled 0)
2026-09-22 02:36:50.528 INFO  sched: request 'chatcmpl-b8251eb73406c775' retired (steps): 256 tok in 4.0 s — prefill 64 tok (56 cached) in 58 ms; decode 255 tok / 131 passes in 3.9 s: 64.8 tok/s, 15.4 ms/tok, 30 ms/pass, 1.95 tok/pass, accept p1 95 %
2026-09-22 02:36:50.552 INFO  sched: request 'chatcmpl-b8251eb73406c776' retired (steps): 256 tok in 3.9 s — prefill 54 tok (44 cached) in 59 ms; decode 255 tok / 131 passes in 3.9 s: 65.8 tok/s, 15.2 ms/tok, 30 ms/pass, 1.95 tok/pass, accept p1 95 %
2026-09-22 02:36:50.634 INFO  sched: request 'chatcmpl-b8251eb73406c777' admitted to slot 0 (reserve 5 blocks; pool 171/4096 blocks in use) — first token 8160
2026-09-22 02:36:50.714 INFO  sched: request 'chatcmpl-b8251eb73406c778' admitted to slot 1 (reserve 5 blocks; pool 176/4096 blocks in use) — first token 8160
2026-09-22 02:36:54.625 INFO  sched: request 'chatcmpl-b8251eb73406c777' retired (steps): 256 tok in 4.0 s — prefill 54 tok (44 cached) in 61 ms; decode 255 tok / 131 passes in 3.9 s: 64.9 tok/s, 15.4 ms/tok, 30 ms/pass, 1.95 tok/pass, accept p1 95 %
2026-09-22 02:36:54.650 INFO  sched: request 'chatcmpl-b8251eb73406c778' retired (steps): 256 tok in 3.9 s — prefill 64 tok (56 cached) in 56 ms; decode 255 tok / 131 passes in 3.9 s: 65.7 tok/s, 15.2 ms/tok, 30 ms/pass, 1.95 tok/pass, accept p1 95 %
2026-09-22 02:36:54.840 INFO  sched: request 'chatcmpl-b8251eb73406c779' prefix cache miss — 1 cut(s) probed against 53 entries; the nearest entry (position 328) shares the first 3 of the prompt's 37 tokens (the prompt differs from it from that token on)
2026-09-22 02:36:54.840 INFO  sched: request 'chatcmpl-b8251eb73406c779' admitted to slot 0 (reserve 5 blocks; pool 172/4096 blocks in use) — first token 13962
2026-09-22 02:36:55.041 INFO  sched: request 'chatcmpl-b8251eb73406c77a' prefix cache miss — 2 cut(s) probed against 54 entries; the nearest entry (position 28) shares the first 8 of the prompt's 39 tokens (the prompt differs from it from that token on)
2026-09-22 02:36:55.041 INFO  sched: request 'chatcmpl-b8251eb73406c77a' admitted to slot 1 (reserve 5 blocks; pool 178/4096 blocks in use) — first token 8160
2026-09-22 02:36:55.234 INFO  sched: request 'chatcmpl-b8251eb73406c77b' prefix cache miss — 1 cut(s) probed against 53 entries; the nearest entry (position 328) shares the first 4 of the prompt's 54 tokens (the prompt differs from it from that token on)
2026-09-22 02:36:55.234 INFO  sched: request 'chatcmpl-b8251eb73406c77b' admitted to slot 2 (reserve 5 blocks; pool 178/4096 blocks in use) — first token 8160
2026-09-22 02:36:55.448 INFO  sched: request 'chatcmpl-b8251eb73406c77c' prefix cache miss — 2 cut(s) probed against 52 entries; the nearest entry (position 32) shares the first 7 of the prompt's 35 tokens (the prompt differs from it from that token on)
2026-09-22 02:36:55.448 INFO  sched: request 'chatcmpl-b8251eb73406c77c' admitted to slot 3 (reserve 5 blocks; pool 179/4096 blocks in use) — first token 8160
2026-09-22 02:36:59.247 INFO  stats: rank 0 | 10.0 s | decode 134.3 tok/s, 6.8 ms/tok, 34.5 ms/step (265 steps / 1348 tok, 91 % of wall) | mtp 1.93 tok/step/req, accept p1 92 % | prefill 6 prompts / 183 tok, 18 tok/s, 4.24 ms/tok, 129 ms avg (8 % of wall), 100 tok cached (2/6 hits) | live 4, queued 0 | pool 174/4096 blocks (4 %) | prefix cache 51/55 entries | requests +6 (shed 0, cancelled 0)
2026-09-22 02:37:01.313 INFO  sched: request 'chatcmpl-b8251eb73406c77a' retired (steps): 256 tok in 6.3 s — prefill 39 tok (0 cached) in 178 ms; decode 255 tok / 134 passes in 6.1 s: 41.8 tok/s, 23.9 ms/tok, 45 ms/pass, 1.90 tok/pass, accept p1 90 %
2026-09-22 02:37:01.313 INFO  sched: request 'chatcmpl-b8251eb73406c779' retired (steps): 256 tok in 6.5 s — prefill 37 tok (0 cached) in 142 ms; decode 255 tok / 135 passes in 6.3 s: 40.3 tok/s, 24.8 ms/tok, 47 ms/pass, 1.89 tok/pass, accept p1 90 %
2026-09-22 02:37:01.359 INFO  sched: request 'chatcmpl-b8251eb73406c77b' retired (steps): 256 tok in 6.1 s — prefill 54 tok (0 cached) in 162 ms; decode 255 tok / 134 passes in 6.0 s: 42.8 tok/s, 23.4 ms/tok, 44 ms/pass, 1.90 tok/pass, accept p1 90 %
2026-09-22 02:37:01.483 INFO  sched: request 'chatcmpl-b8251eb73406c77c' retired (steps): 256 tok in 6.0 s — prefill 35 tok (0 cached) in 178 ms; decode 255 tok / 138 passes in 5.9 s: 43.5 tok/s, 23.0 ms/tok, 42 ms/pass, 1.85 tok/pass, accept p1 86 %
2026-09-22 02:37:01.552 INFO  sched: request 'chatcmpl-b8251eb73406c77d' admitted to slot 0 (reserve 5 blocks; pool 176/4096 blocks in use) — first token 8160
2026-09-22 02:37:01.632 INFO  sched: request 'chatcmpl-b8251eb73406c77e' admitted to slot 1 (reserve 5 blocks; pool 181/4096 blocks in use) — first token 8160
2026-09-22 02:37:01.718 INFO  sched: request 'chatcmpl-b8251eb73406c77f' admitted to slot 2 (reserve 5 blocks; pool 182/4096 blocks in use) — first token 8160
2026-09-22 02:37:01.814 INFO  sched: request 'chatcmpl-b8251eb73406c780' admitted to slot 3 (reserve 5 blocks; pool 183/4096 blocks in use) — first token 13962
2026-09-22 02:37:07.590 INFO  sched: request 'chatcmpl-b8251eb73406c77d' retired (steps): 256 tok in 6.0 s — prefill 54 tok (44 cached) in 59 ms; decode 255 tok / 133 passes in 6.0 s: 42.6 tok/s, 23.4 ms/tok, 45 ms/pass, 1.92 tok/pass, accept p1 92 %
2026-09-22 02:37:07.727 INFO  sched: request 'chatcmpl-b8251eb73406c77e' retired (steps): 256 tok in 6.1 s — prefill 35 tok (28 cached) in 56 ms; decode 255 tok / 135 passes in 6.0 s: 42.2 tok/s, 23.7 ms/tok, 45 ms/pass, 1.89 tok/pass, accept p1 89 %
2026-09-22 02:37:07.727 INFO  sched: request 'chatcmpl-b8251eb73406c77f' retired (steps): 256 tok in 6.0 s — prefill 39 tok (32 cached) in 56 ms; decode 255 tok / 134 passes in 6.0 s: 42.8 tok/s, 23.3 ms/tok, 44 ms/pass, 1.90 tok/pass, accept p1 90 %
2026-09-22 02:37:07.855 INFO  sched: request 'chatcmpl-b8251eb73406c780' retired (steps): 256 tok in 6.0 s — prefill 37 tok (28 cached) in 58 ms; decode 255 tok / 138 passes in 6.0 s: 42.6 tok/s, 23.5 ms/tok, 43 ms/pass, 1.85 tok/pass, accept p1 85 %
2026-09-22 02:37:07.932 INFO  sched: request 'chatcmpl-b8251eb73406c781' admitted to slot 0 (reserve 5 blocks; pool 170/4096 blocks in use) — first token 8160
2026-09-22 02:37:08.010 INFO  sched: request 'chatcmpl-b8251eb73406c782' admitted to slot 1 (reserve 5 blocks; pool 175/4096 blocks in use) — first token 8160
2026-09-22 02:37:08.095 INFO  sched: request 'chatcmpl-b8251eb73406c783' admitted to slot 2 (reserve 5 blocks; pool 182/4096 blocks in use) — first token 8160
2026-09-22 02:37:08.191 INFO  sched: request 'chatcmpl-b8251eb73406c784' admitted to slot 3 (reserve 5 blocks; pool 183/4096 blocks in use) — first token 13962
2026-09-22 02:37:09.285 INFO  stats: rank 0 | 10.0 s | decode 158.0 tok/s, 6.0 ms/tok, 43.0 ms/step (221 steps / 1586 tok, 95 % of wall) | mtp 1.89 tok/step/req, accept p1 89 % | prefill 8 prompts / 66 tok, 7 tok/s, 6.87 ms/tok, 57 ms avg (5 % of wall), 264 tok cached (8/8 hits) | live 4, queued 0 | pool 179/4096 blocks (4 %) | prefix cache 51/55 entries | requests +8 (shed 0, cancelled 0)
2026-09-22 02:37:13.976 INFO  sched: request 'chatcmpl-b8251eb73406c781' retired (steps): 256 tok in 6.0 s — prefill 54 tok (44 cached) in 61 ms; decode 255 tok / 133 passes in 6.0 s: 42.6 tok/s, 23.5 ms/tok, 45 ms/pass, 1.92 tok/pass, accept p1 92 %
2026-09-22 02:37:14.110 INFO  sched: request 'chatcmpl-b8251eb73406c782' retired (steps): 256 tok in 6.1 s — prefill 35 tok (28 cached) in 52 ms; decode 255 tok / 135 passes in 6.0 s: 42.2 tok/s, 23.7 ms/tok, 45 ms/pass, 1.89 tok/pass, accept p1 89 %
2026-09-22 02:37:14.111 INFO  sched: request 'chatcmpl-b8251eb73406c783' retired (steps): 256 tok in 6.0 s — prefill 39 tok (32 cached) in 54 ms; decode 255 tok / 134 passes in 6.0 s: 42.8 tok/s, 23.4 ms/tok, 44 ms/pass, 1.90 tok/pass, accept p1 90 %
2026-09-22 02:37:14.237 INFO  sched: request 'chatcmpl-b8251eb73406c784' retired (steps): 256 tok in 6.0 s — prefill 37 tok (28 cached) in 57 ms; decode 255 tok / 138 passes in 6.0 s: 42.6 tok/s, 23.5 ms/tok, 43 ms/pass, 1.85 tok/pass, accept p1 85 %
2026-09-22 02:37:14.465 INFO  sched: request 'chatcmpl-b8251eb73406c785' prefix cache miss — 2 cut(s) probed against 51 entries; the nearest entry (position 292) shares the first 5 of the prompt's 40 tokens (the prompt differs from it from that token on)
2026-09-22 02:37:14.465 INFO  sched: request 'chatcmpl-b8251eb73406c785' admitted to slot 0 (reserve 5 blocks; pool 161/4096 blocks in use) — first token 77517
2026-09-22 02:37:18.067 INFO  sched: request 'chatcmpl-b8251eb73406c785' retired (eos): 239 tok in 3.6 s — prefill 40 tok (0 cached) in 191 ms; decode 238 tok / 150 passes in 3.4 s: 69.8 tok/s, 14.3 ms/tok, 23 ms/pass, 1.59 tok/pass, accept p1 59 %
2026-09-22 02:37:18.135 INFO  sched: request 'chatcmpl-b8251eb73406c786' admitted to slot 0 (reserve 5 blocks; pool 166/4096 blocks in use) — first token 77517
2026-09-22 02:37:19.293 INFO  stats: rank 0 | 10.0 s | decode 113.3 tok/s, 8.5 ms/tok, 31.2 ms/step (310 steps / 1134 tok, 97 % of wall) | mtp 1.80 tok/step/req, accept p1 80 % | prefill 2 prompts / 48 tok, 5 tok/s, 5.18 ms/tok, 124 ms avg (2 % of wall), 32 tok cached (1/2 hits) | live 1, queued 0 | pool 167/4096 blocks (4 %) | prefix cache 53/55 entries | requests +2 (shed 0, cancelled 0)
2026-09-22 02:37:21.806 INFO  sched: request 'chatcmpl-b8251eb73406c786' retired (eos): 239 tok in 3.7 s — prefill 40 tok (32 cached) in 57 ms; decode 238 tok / 150 passes in 3.6 s: 65.9 tok/s, 15.2 ms/tok, 24 ms/pass, 1.59 tok/pass, accept p1 59 %
2026-09-22 02:37:21.890 INFO  sched: request 'chatcmpl-b8251eb73406c787' admitted to slot 0 (reserve 5 blocks; pool 166/4096 blocks in use) — first token 77517
2026-09-22 02:37:25.544 INFO  sched: request 'chatcmpl-b8251eb73406c787' retired (eos): 239 tok in 3.7 s — prefill 40 tok (32 cached) in 59 ms; decode 238 tok / 150 passes in 3.6 s: 66.2 tok/s, 15.1 ms/tok, 24 ms/pass, 1.59 tok/pass, accept p1 59 %
2026-09-22 02:37:25.778 INFO  sched: request 'chatcmpl-b8251eb73406c788' prefix cache miss — 2 cut(s) probed against 53 entries; the nearest entry (position 276) shares the first 12 of the prompt's 40 tokens (the prompt differs from it from that token on)
2026-09-22 02:37:25.778 INFO  sched: request 'chatcmpl-b8251eb73406c788' admitted to slot 0 (reserve 5 blocks; pool 167/4096 blocks in use) — first token 24531
2026-09-22 02:37:25.953 INFO  sched: request 'chatcmpl-b8251eb73406c789' prefix cache miss — 1 cut(s) probed against 53 entries; the nearest entry (position 276) shares the first 13 of the prompt's 41 tokens (the prompt differs from it from that token on)
2026-09-22 02:37:25.953 INFO  sched: request 'chatcmpl-b8251eb73406c789' admitted to slot 1 (reserve 5 blocks; pool 169/4096 blocks in use) — first token 32
2026-09-22 02:37:29.321 INFO  stats: rank 0 | 10.0 s | decode 79.9 tok/s, 11.9 ms/tok, 26.0 ms/step (367 steps / 801 tok, 95 % of wall) | mtp 1.67 tok/step/req, accept p1 67 % | prefill 3 prompts / 89 tok, 9 tok/s, 4.45 ms/tok, 132 ms avg (4 % of wall), 32 tok cached (1/3 hits) | live 2, queued 0 | pool 169/4096 blocks (4 %) | prefix cache 53/55 entries | requests +3 (shed 0, cancelled 0)
2026-09-22 02:37:30.245 INFO  sched: request 'chatcmpl-b8251eb73406c788' retired (steps): 256 tok in 4.5 s — prefill 40 tok (0 cached) in 188 ms; decode 255 tok / 144 passes in 4.3 s: 59.6 tok/s, 16.8 ms/tok, 30 ms/pass, 1.77 tok/pass, accept p1 77 %
2026-09-22 02:37:30.464 INFO  sched: request 'chatcmpl-b8251eb73406c789' retired (steps): 256 tok in 4.5 s — prefill 41 tok (0 cached) in 150 ms; decode 255 tok / 152 passes in 4.4 s: 58.5 tok/s, 17.1 ms/tok, 29 ms/pass, 1.68 tok/pass, accept p1 68 %
2026-09-22 02:37:30.544 INFO  sched: request 'chatcmpl-b8251eb73406c78a' admitted to slot 0 (reserve 5 blocks; pool 172/4096 blocks in use) — first token 32
2026-09-22 02:37:30.626 INFO  sched: request 'chatcmpl-b8251eb73406c78b' admitted to slot 1 (reserve 5 blocks; pool 177/4096 blocks in use) — first token 24531
2026-09-22 02:37:35.049 INFO  sched: request 'chatcmpl-b8251eb73406c78b' retired (steps): 256 tok in 4.4 s — prefill 40 tok (32 cached) in 57 ms; decode 255 tok / 144 passes in 4.4 s: 58.4 tok/s, 17.1 ms/tok, 30 ms/pass, 1.77 tok/pass, accept p1 77 %
2026-09-22 02:37:35.222 INFO  sched: request 'chatcmpl-b8251eb73406c78a' retired (steps): 256 tok in 4.7 s — prefill 41 tok (32 cached) in 59 ms; decode 255 tok / 152 passes in 4.6 s: 55.2 tok/s, 18.1 ms/tok, 30 ms/pass, 1.68 tok/pass, accept p1 68 %
2026-09-22 02:37:35.307 INFO  sched: request 'chatcmpl-b8251eb73406c78c' admitted to slot 0 (reserve 5 blocks; pool 170/4096 blocks in use) — first token 32
2026-09-22 02:37:35.417 INFO  sched: request 'chatcmpl-b8251eb73406c78d' admitted to slot 1 (reserve 5 blocks; pool 175/4096 blocks in use) — first token 24531
2026-09-22 02:37:39.346 INFO  stats: rank 0 | 10.0 s | decode 107.3 tok/s, 9.0 ms/tok, 30.1 ms/step (321 steps / 1076 tok, 97 % of wall) | mtp 1.72 tok/step/req, accept p1 72 % | prefill 4 prompts / 34 tok, 3 tok/s, 7.22 ms/tok, 61 ms avg (2 % of wall), 128 tok cached (4/4 hits) | live 2, queued 0 | pool 176/4096 blocks (4 %) | prefix cache 53/55 entries | requests +4 (shed 0, cancelled 0)
2026-09-22 02:37:39.799 INFO  sched: request 'chatcmpl-b8251eb73406c78d' retired (steps): 256 tok in 4.4 s — prefill 40 tok (32 cached) in 69 ms; decode 255 tok / 144 passes in 4.3 s: 59.1 tok/s, 16.9 ms/tok, 30 ms/pass, 1.77 tok/pass, accept p1 77 %
2026-09-22 02:37:39.974 INFO  sched: request 'chatcmpl-b8251eb73406c78c' retired (steps): 256 tok in 4.7 s — prefill 41 tok (32 cached) in 60 ms; decode 255 tok / 152 passes in 4.6 s: 55.4 tok/s, 18.1 ms/tok, 30 ms/pass, 1.68 tok/pass, accept p1 68 %
2026-09-22 02:37:40.180 INFO  sched: request 'chatcmpl-b8251eb73406c78e' prefix cache miss — 2 cut(s) probed against 53 entries; the nearest entry (position 296) shares the first 5 of the prompt's 31 tokens (the prompt differs from it from that token on)
2026-09-22 02:37:40.180 INFO  sched: request 'chatcmpl-b8251eb73406c78e' admitted to slot 0 (reserve 5 blocks; pool 171/4096 blocks in use) — first token 48218
2026-09-22 02:37:40.389 INFO  sched: request 'chatcmpl-b8251eb73406c78f' prefix cache miss — 2 cut(s) probed against 53 entries; the nearest entry (position 296) shares the first 12 of the prompt's 40 tokens (the prompt differs from it from that token on)
2026-09-22 02:37:40.389 INFO  sched: request 'chatcmpl-b8251eb73406c78f' admitted to slot 1 (reserve 5 blocks; pool 177/4096 blocks in use) — first token 623
2026-09-22 02:37:40.591 INFO  sched: request 'chatcmpl-b8251eb73406c790' prefix cache miss — 2 cut(s) probed against 52 entries; the nearest entry (position 296) shares the first 5 of the prompt's 31 tokens (the prompt differs from it from that token on)
2026-09-22 02:37:40.591 INFO  sched: request 'chatcmpl-b8251eb73406c790' admitted to slot 2 (reserve 5 blocks; pool 178/4096 blocks in use) — first token 30576
2026-09-22 02:37:40.802 INFO  sched: request 'chatcmpl-b8251eb73406c791' prefix cache miss — 2 cut(s) probed against 51 entries; the nearest entry (position 296) shares the first 5 of the prompt's 31 tokens (the prompt differs from it from that token on)
2026-09-22 02:37:40.802 INFO  sched: request 'chatcmpl-b8251eb73406c791' admitted to slot 3 (reserve 5 blocks; pool 175/4096 blocks in use) — first token 13923
2026-09-22 02:37:47.327 INFO  sched: request 'chatcmpl-b8251eb73406c78f' retired (steps): 256 tok in 6.9 s — prefill 40 tok (0 cached) in 185 ms; decode 255 tok / 146 passes in 6.8 s: 37.8 tok/s, 26.5 ms/tok, 46 ms/pass, 1.75 tok/pass, accept p1 75 %
2026-09-22 02:37:47.327 INFO  sched: request 'chatcmpl-b8251eb73406c78e' retired (steps): 256 tok in 7.1 s — prefill 31 tok (0 cached) in 175 ms; decode 255 tok / 147 passes in 7.0 s: 36.6 tok/s, 27.3 ms/tok, 47 ms/pass, 1.73 tok/pass, accept p1 73 %
2026-09-22 02:37:47.511 INFO  sched: request 'chatcmpl-b8251eb73406c790' retired (steps): 256 tok in 6.9 s — prefill 31 tok (0 cached) in 171 ms; decode 255 tok / 149 passes in 6.7 s: 37.8 tok/s, 26.5 ms/tok, 45 ms/pass, 1.71 tok/pass, accept p1 71 %
2026-09-22 02:37:47.511 INFO  sched: request 'chatcmpl-b8251eb73406c791' retired (steps): 256 tok in 6.7 s — prefill 31 tok (0 cached) in 172 ms; decode 255 tok / 148 passes in 6.5 s: 39.0 tok/s, 25.6 ms/tok, 44 ms/pass, 1.72 tok/pass, accept p1 72 %
2026-09-22 02:37:47.591 INFO  sched: request 'chatcmpl-b8251eb73406c792' admitted to slot 0 (reserve 5 blocks; pool 176/4096 blocks in use) — first token 623
2026-09-22 02:37:47.670 INFO  sched: request 'chatcmpl-b8251eb73406c793' admitted to slot 1 (reserve 5 blocks; pool 181/4096 blocks in use) — first token 30576
2026-09-22 02:37:47.757 INFO  sched: request 'chatcmpl-b8251eb73406c794' admitted to slot 2 (reserve 5 blocks; pool 182/4096 blocks in use) — first token 13923
2026-09-22 02:37:47.850 INFO  sched: request 'chatcmpl-b8251eb73406c795' admitted to slot 3 (reserve 5 blocks; pool 182/4096 blocks in use) — first token 48218
2026-09-22 02:37:49.379 INFO  stats: rank 0 | 10.0 s | decode 134.2 tok/s, 6.7 ms/tok, 42.8 ms/step (210 steps / 1346 tok, 90 % of wall) | mtp 1.75 tok/step/req, accept p1 74 % | prefill 8 prompts / 162 tok, 16 tok/s, 5.72 ms/tok, 116 ms avg (9 % of wall), 104 tok cached (4/8 hits) | live 4, queued 0 | pool 179/4096 blocks (4 %) | prefix cache 51/55 entries | requests +8 (shed 0, cancelled 0)
2026-09-22 02:37:54.147 INFO  sched: request 'chatcmpl-b8251eb73406c792' retired (steps): 256 tok in 6.6 s — prefill 40 tok (32 cached) in 59 ms; decode 255 tok / 144 passes in 6.5 s: 39.2 tok/s, 25.5 ms/tok, 45 ms/pass, 1.77 tok/pass, accept p1 77 %
2026-09-22 02:37:54.368 INFO  sched: request 'chatcmpl-b8251eb73406c795' retired (steps): 256 tok in 6.5 s — prefill 31 tok (24 cached) in 55 ms; decode 255 tok / 146 passes in 6.5 s: 39.5 tok/s, 25.3 ms/tok, 44 ms/pass, 1.75 tok/pass, accept p1 75 %
2026-09-22 02:37:54.405 INFO  sched: request 'chatcmpl-b8251eb73406c794' retired (steps): 256 tok in 6.6 s — prefill 31 tok (24 cached) in 56 ms; decode 255 tok / 148 passes in 6.6 s: 38.7 tok/s, 25.9 ms/tok, 45 ms/pass, 1.72 tok/pass, accept p1 72 %
2026-09-22 02:37:54.431 INFO  sched: request 'chatcmpl-b8251eb73406c793' retired (steps): 256 tok in 6.8 s — prefill 31 tok (24 cached) in 54 ms; decode 255 tok / 150 passes in 6.7 s: 38.0 tok/s, 26.3 ms/tok, 45 ms/pass, 1.70 tok/pass, accept p1 70 %
2026-09-22 02:37:54.504 INFO  sched: request 'chatcmpl-b8251eb73406c796' admitted to slot 0 (reserve 5 blocks; pool 175/4096 blocks in use) — first token 30576
2026-09-22 02:37:54.583 INFO  sched: request 'chatcmpl-b8251eb73406c797' admitted to slot 1 (reserve 5 blocks; pool 181/4096 blocks in use) — first token 13923
2026-09-22 02:37:54.673 INFO  sched: request 'chatcmpl-b8251eb73406c798' admitted to slot 2 (reserve 5 blocks; pool 181/4096 blocks in use) — first token 623
2026-09-22 02:37:54.767 INFO  sched: request 'chatcmpl-b8251eb73406c799' admitted to slot 3 (reserve 5 blocks; pool 183/4096 blocks in use) — first token 48218
2026-09-22 02:37:59.399 INFO  stats: rank 0 | 10.0 s | decode 152.0 tok/s, 6.4 ms/tok, 43.8 ms/step (222 steps / 1523 tok, 97 % of wall) | mtp 1.75 tok/step/req, accept p1 74 % | prefill 4 prompts / 29 tok, 3 tok/s, 7.80 ms/tok, 57 ms avg (2 % of wall), 104 tok cached (4/4 hits) | live 4, queued 0 | pool 183/4096 blocks (4 %) | prefix cache 51/55 entries | requests +4 (shed 0, cancelled 0)
2026-09-22 02:38:01.053 INFO  sched: request 'chatcmpl-b8251eb73406c798' retired (steps): 256 tok in 6.4 s — prefill 40 tok (32 cached) in 59 ms; decode 255 tok / 143 passes in 6.3 s: 40.3 tok/s, 24.8 ms/tok, 44 ms/pass, 1.78 tok/pass, accept p1 78 %
2026-09-22 02:38:01.100 INFO  sched: request 'chatcmpl-b8251eb73406c796' retired (steps): 256 tok in 6.6 s — prefill 31 tok (24 cached) in 57 ms; decode 255 tok / 146 passes in 6.5 s: 39.0 tok/s, 25.6 ms/tok, 45 ms/pass, 1.75 tok/pass, accept p1 75 %
2026-09-22 02:38:01.185 INFO  sched: request 'chatcmpl-b8251eb73406c797' retired (steps): 256 tok in 6.6 s — prefill 31 tok (24 cached) in 55 ms; decode 255 tok / 147 passes in 6.5 s: 38.9 tok/s, 25.7 ms/tok, 45 ms/pass, 1.73 tok/pass, accept p1 73 %
2026-09-22 02:38:01.210 INFO  sched: request 'chatcmpl-b8251eb73406c799' retired (steps): 256 tok in 6.4 s — prefill 31 tok (24 cached) in 55 ms; decode 255 tok / 146 passes in 6.4 s: 39.9 tok/s, 25.0 ms/tok, 44 ms/pass, 1.75 tok/pass, accept p1 75 %
2026-09-22 02:38:01.731 INFO  sched: request 'chatcmpl-b8251eb73406c79a' prefix cache miss — 1 cut(s) probed against 54 entries; the nearest entry (position 328) shares the first 3 of the prompt's 554 tokens (the prompt differs from it from that token on)
2026-09-22 02:38:01.731 INFO  sched: request 'chatcmpl-b8251eb73406c79a' admitted to slot 0 (reserve 9 blocks; pool 184/4096 blocks in use) — first token 760
2026-09-22 02:38:01.731 INFO  sched: request 'chatcmpl-b8251eb73406c79a' retired (steps): 1 tok in 0.0 s — prefill 554 tok (0 cached) in 369 ms; decode 0 tok / 0 passes in 0.0 s
2026-09-22 02:38:02.914 INFO  sched: request 'chatcmpl-b8251eb73406c79b' prefix cache miss — 3 cut(s) probed against 54 entries; the nearest entry (position 544) shares the first 14 of the prompt's 2063 tokens (the prompt differs from it from that token on)
2026-09-22 02:38:02.915 INFO  sched: request 'chatcmpl-b8251eb73406c79b' admitted to slot 0 (reserve 33 blocks; pool 216/4096 blocks in use) — first token 760
2026-09-22 02:38:02.915 INFO  sched: request 'chatcmpl-b8251eb73406c79b' retired (steps): 1 tok in 0.0 s — prefill 2063 tok (0 cached) in 1167 ms; decode 0 tok / 0 passes in 0.0 s
2026-09-22 02:38:04.059 INFO  sched: request 'chatcmpl-b8251eb73406c79c' prefix cache miss — 2 cut(s) probed against 54 entries; the nearest entry (position 2056) shares the first 20 of the prompt's 2054 tokens (the prompt differs from it from that token on)
2026-09-22 02:38:04.059 INFO  sched: request 'chatcmpl-b8251eb73406c79c' admitted to slot 0 (reserve 33 blocks; pool 247/4096 blocks in use) — first token 760
2026-09-22 02:38:04.059 INFO  sched: request 'chatcmpl-b8251eb73406c79c' retired (steps): 1 tok in 0.0 s — prefill 2054 tok (0 cached) in 1113 ms; decode 0 tok / 0 passes in 0.0 s
2026-09-22 02:38:05.133 INFO  sched: request 'chatcmpl-b8251eb73406c79d' prefix cache miss — 1 cut(s) probed against 54 entries; the nearest entry (position 2056) shares the first 20 of the prompt's 2038 tokens (the prompt differs from it from that token on)
2026-09-22 02:38:05.133 INFO  sched: request 'chatcmpl-b8251eb73406c79d' admitted to slot 0 (reserve 32 blocks; pool 278/4096 blocks in use) — first token 760
2026-09-22 02:38:05.133 INFO  sched: request 'chatcmpl-b8251eb73406c79d' retired (steps): 1 tok in 0.0 s — prefill 2038 tok (0 cached) in 1064 ms; decode 0 tok / 0 passes in 0.0 s
2026-09-22 02:38:09.589 INFO  sched: request 'chatcmpl-b8251eb73406c79e' prefix cache miss — 5 cut(s) probed against 54 entries; the nearest entry (position 2056) shares the first 15 of the prompt's 8091 tokens (the prompt differs from it from that token on)
2026-09-22 02:38:09.589 INFO  sched: request 'chatcmpl-b8251eb73406c79e' admitted to slot 0 (reserve 127 blocks; pool 400/4096 blocks in use) — first token 760
2026-09-22 02:38:09.590 INFO  sched: request 'chatcmpl-b8251eb73406c79e' retired (steps): 1 tok in 0.0 s — prefill 8091 tok (0 cached) in 4419 ms; decode 0 tok / 0 passes in 0.0 s
2026-09-22 02:38:09.590 INFO  stats: rank 0 | 10.2 s | decode 26.8 tok/s, 6.6 ms/tok, 43.7 ms/step (41 steps / 273 tok, 18 % of wall) | mtp 1.75 tok/step/req, accept p1 72 % | prefill 5 prompts / 14800 tok, 1452 tok/s, 0.55 ms/tok, 1626 ms avg (80 % of wall), 0 tok cached (0/5 hits) | live 0, queued 0 | pool 399/4096 blocks (10 %) | prefix cache 55/55 entries | requests +5 (shed 0, cancelled 0)
2026-09-22 02:38:14.067 INFO  sched: request 'chatcmpl-b8251eb73406c79f' prefix cache miss — 5 cut(s) probed against 54 entries; the nearest entry (position 8084) shares the first 20 of the prompt's 8132 tokens (the prompt differs from it from that token on)
2026-09-22 02:38:14.067 INFO  sched: request 'chatcmpl-b8251eb73406c79f' admitted to slot 0 (reserve 128 blocks; pool 523/4096 blocks in use) — first token 760
2026-09-22 02:38:14.068 INFO  sched: request 'chatcmpl-b8251eb73406c79f' retired (steps): 1 tok in 0.0 s — prefill 8132 tok (0 cached) in 4440 ms; decode 0 tok / 0 passes in 0.0 s
2026-09-22 02:38:18.700 INFO  sched: request 'chatcmpl-b8251eb73406c7a0' prefix cache miss — 6 cut(s) probed against 53 entries; the nearest entry (position 8132) shares the first 20 of the prompt's 8300 tokens (the prompt differs from it from that token on)
2026-09-22 02:38:18.700 INFO  sched: request 'chatcmpl-b8251eb73406c7a0' admitted to slot 0 (reserve 130 blocks; pool 643/4096 blocks in use) — first token 760
2026-09-22 02:38:18.701 INFO  sched: request 'chatcmpl-b8251eb73406c7a0' retired (steps): 1 tok in 0.0 s — prefill 8300 tok (0 cached) in 4596 ms; decode 0 tok / 0 passes in 0.0 s
2026-09-22 02:38:37.074 INFO  sched: request 'chatcmpl-b8251eb73406c7a1' prefix cache miss — 17 cut(s) probed against 53 entries; the nearest entry (position 8300) shares the first 15 of the prompt's 32664 tokens (the prompt differs from it from that token on)
2026-09-22 02:38:37.074 INFO  sched: request 'chatcmpl-b8251eb73406c7a1' admitted to slot 0 (reserve 511 blocks; pool 1148/4096 blocks in use) — first token 760
2026-09-22 02:38:37.075 INFO  sched: request 'chatcmpl-b8251eb73406c7a1' retired (steps): 1 tok in 0.0 s — prefill 32664 tok (0 cached) in 18315 ms; decode 0 tok / 0 passes in 0.0 s
2026-09-22 02:38:37.075 INFO  stats: rank 0 | 27.5 s | decode 0.1 tok/s, 0.0 ms/tok, 0.0 ms/step (0 steps / 3 tok, 0 % of wall) | prefill 3 prompts / 49096 tok, 1786 tok/s, 0.56 ms/tok, 9117 ms avg (100 % of wall), 0 tok cached (0/3 hits) | live 0, queued 0 | pool 1143/4096 blocks (28 %) | prefix cache 55/55 entries | requests +3 (shed 0, cancelled 0)
2026-09-22 02:38:55.529 INFO  sched: request 'chatcmpl-b8251eb73406c7a2' prefix cache miss — 16 cut(s) probed against 53 entries; the nearest entry (position 32664) shares the first 21 of the prompt's 32698 tokens (the prompt differs from it from that token on)
2026-09-22 02:38:55.530 INFO  sched: request 'chatcmpl-b8251eb73406c7a2' admitted to slot 0 (reserve 511 blocks; pool 1645/4096 blocks in use) — first token 760
2026-09-22 02:38:55.530 INFO  sched: request 'chatcmpl-b8251eb73406c7a2' retired (steps): 1 tok in 0.0 s — prefill 32698 tok (0 cached) in 18402 ms; decode 0 tok / 0 passes in 0.0 s
2026-09-22 02:38:55.530 INFO  stats: rank 0 | 18.5 s | decode 0.1 tok/s, 0.0 ms/tok, 0.0 ms/step (0 steps / 1 tok, 0 % of wall) | prefill 1 prompt / 32698 tok, 1772 tok/s, 0.56 ms/tok, 18402 ms avg (100 % of wall), 0 tok cached (0/1 hit) | live 0, queued 0 | pool 1644/4096 blocks (40 %) | prefix cache 55/55 entries | requests +1 (shed 0, cancelled 0)
2026-09-22 02:39:13.799 INFO  sched: request 'chatcmpl-b8251eb73406c7a3' prefix cache miss — 16 cut(s) probed against 53 entries; the nearest entry (position 32688) shares the first 21 of the prompt's 32653 tokens (the prompt differs from it from that token on)
2026-09-22 02:39:13.800 INFO  sched: request 'chatcmpl-b8251eb73406c7a3' admitted to slot 0 (reserve 511 blocks; pool 2154/4096 blocks in use) — first token 760
2026-09-22 02:39:13.800 INFO  sched: request 'chatcmpl-b8251eb73406c7a3' retired (steps): 1 tok in 0.0 s — prefill 32653 tok (0 cached) in 18221 ms; decode 0 tok / 0 passes in 0.0 s
2026-09-22 02:39:13.800 INFO  stats: rank 0 | 18.3 s | decode 0.1 tok/s, 0.0 ms/tok, 0.0 ms/step (0 steps / 1 tok, 0 % of wall) | prefill 1 prompt / 32653 tok, 1787 tok/s, 0.56 ms/tok, 18221 ms avg (100 % of wall), 0 tok cached (0/1 hit) | live 0, queued 0 | pool 2153/4096 blocks (53 %) | prefix cache 55/55 entries | requests +1 (shed 0, cancelled 0)
2026-09-22 02:39:14.064 INFO  sched: request 'chatcmpl-b8251eb73406c7a4' prefix cache miss — 2 cut(s) probed against 54 entries; an entry at this prompt's cut 56 was evicted (47 eviction(s) ago, last used at tick 256, now tick 6984; the arena holds 55 slots)
2026-09-22 02:39:14.065 INFO  sched: request 'chatcmpl-b8251eb73406c7a4' admitted to slot 0 (reserve 2 blocks; pool 2155/4096 blocks in use) — first token 2
2026-09-22 02:39:14.920 INFO  sched: request 'chatcmpl-b8251eb73406c7a4' retired (steps): 64 tok in 0.9 s — prefill 64 tok (0 cached) in 212 ms; decode 63 tok / 36 passes in 0.6 s: 97.9 tok/s, 10.2 ms/tok, 18 ms/pass, 1.75 tok/pass, accept p1 75 %
2026-09-22 02:39:15.090 INFO  sched: request 'chatcmpl-b8251eb73406c7a5' prefix cache miss — 1 cut(s) probed against 54 entries; an entry at this prompt's cut 28 was evicted (46 eviction(s) ago, last used at tick 600, now tick 7025; the arena holds 55 slots)
2026-09-22 02:39:15.090 INFO  sched: request 'chatcmpl-b8251eb73406c7a5' admitted to slot 0 (reserve 5 blocks; pool 2155/4096 blocks in use) — first token 760
2026-09-22 02:39:18.639 INFO  rank 0: slot 0 closed: 149 sampled decode steps, 0 fallbacks
2026-09-22 02:39:18.640 INFO  sched: request 'chatcmpl-b8251eb73406c7a5' retired (steps): 256 tok in 3.6 s — prefill 37 tok (0 cached) in 143 ms; decode 255 tok / 149 passes in 3.4 s: 74.8 tok/s, 13.4 ms/tok, 23 ms/pass, 1.71 tok/pass, accept p1 72 %
2026-09-22 02:39:18.708 INFO  sched: request 'chatcmpl-b8251eb73406c7a6' admitted to slot 0 (reserve 5 blocks; pool 2159/4096 blocks in use) — first token 760
2026-09-22 02:39:22.298 INFO  rank 0: slot 0 closed: 151 sampled decode steps, 0 fallbacks
2026-09-22 02:39:22.299 INFO  sched: request 'chatcmpl-b8251eb73406c7a6' retired (steps): 256 tok in 3.6 s — prefill 37 tok (28 cached) in 57 ms; decode 255 tok / 151 passes in 3.5 s: 72.2 tok/s, 13.9 ms/tok, 23 ms/pass, 1.69 tok/pass, accept p1 69 %
2026-09-22 02:39:22.363 INFO  sched: request 'chatcmpl-b8251eb73406c7a7' admitted to slot 0 (reserve 5 blocks; pool 2159/4096 blocks in use) — first token 760
2026-09-22 02:39:23.808 INFO  stats: rank 0 | 10.0 s | decode 67.5 tok/s, 13.9 ms/tok, 23.7 ms/step (397 steps / 676 tok, 94 % of wall) | mtp 1.70 tok/step/req, accept p1 70 % | prefill 4 prompts / 119 tok, 12 tok/s, 3.97 ms/tok, 118 ms avg (5 % of wall), 56 tok cached (2/4 hits) | live 1, queued 0 | pool 2155/4096 blocks (53 %) | prefix cache 54/55 entries | requests +4 (shed 0, cancelled 0)
2026-09-22 02:39:26.121 INFO  rank 0: slot 0 closed: 158 sampled decode steps, 0 fallbacks
2026-09-22 02:39:26.121 INFO  sched: request 'chatcmpl-b8251eb73406c7a7' retired (steps): 256 tok in 3.8 s — prefill 37 tok (28 cached) in 59 ms; decode 255 tok / 158 passes in 3.7 s: 68.9 tok/s, 14.5 ms/tok, 23 ms/pass, 1.61 tok/pass, accept p1 62 %
2026-09-22 02:39:26.310 INFO  sched: request 'chatcmpl-b8251eb73406c7a8' prefix cache miss — 2 cut(s) probed against 54 entries; an entry at this prompt's cut 28 was evicted (47 eviction(s) ago, last used at tick 1071, now tick 7487; the arena holds 55 slots)
2026-09-22 02:39:26.310 INFO  sched: request 'chatcmpl-b8251eb73406c7a8' admitted to slot 0 (reserve 5 blocks; pool 2159/4096 blocks in use) — first token 760
2026-09-22 02:39:26.511 INFO  sched: request 'chatcmpl-b8251eb73406c7a9' prefix cache miss — 2 cut(s) probed against 53 entries; an entry at this prompt's cut 28 was evicted (48 eviction(s) ago, last used at tick 1072, now tick 7488; the arena holds 55 slots)
2026-09-22 02:39:26.511 INFO  sched: request 'chatcmpl-b8251eb73406c7a9' admitted to slot 1 (reserve 5 blocks; pool 2160/4096 blocks in use) — first token 760
2026-09-22 02:39:26.719 INFO  sched: request 'chatcmpl-b8251eb73406c7aa' prefix cache miss — 2 cut(s) probed against 52 entries; an entry at this prompt's cut 28 was evicted (43 eviction(s) ago, last used at tick 1556, now tick 7489; the arena holds 55 slots)
2026-09-22 02:39:26.719 INFO  sched: request 'chatcmpl-b8251eb73406c7aa' admitted to slot 2 (reserve 5 blocks; pool 2157/4096 blocks in use) — first token 332
2026-09-22 02:39:26.931 INFO  sched: request 'chatcmpl-b8251eb73406c7ab' prefix cache miss — 2 cut(s) probed against 51 entries; an entry at this prompt's cut 24 was evicted (44 eviction(s) ago, last used at tick 1557, now tick 7490; the arena holds 55 slots)
2026-09-22 02:39:26.931 INFO  sched: request 'chatcmpl-b8251eb73406c7ab' admitted to slot 3 (reserve 5 blocks; pool 2154/4096 blocks in use) — first token 760
2026-09-22 02:39:33.249 INFO  rank 0: slot 0 closed: 146 sampled decode steps, 0 fallbacks
2026-09-22 02:39:33.249 INFO  sched: request 'chatcmpl-b8251eb73406c7a8' retired (steps): 256 tok in 6.9 s — prefill 36 tok (0 cached) in 183 ms; decode 255 tok / 146 passes in 6.8 s: 37.7 tok/s, 26.5 ms/tok, 46 ms/pass, 1.75 tok/pass, accept p1 75 %
2026-09-22 02:39:33.423 INFO  rank 0: slot 1 closed: 149 sampled decode steps, 0 fallbacks
2026-09-22 02:39:33.423 INFO  sched: request 'chatcmpl-b8251eb73406c7a9' retired (steps): 256 tok in 6.9 s — prefill 36 tok (0 cached) in 177 ms; decode 255 tok / 149 passes in 6.7 s: 37.9 tok/s, 26.4 ms/tok, 45 ms/pass, 1.71 tok/pass, accept p1 72 %
2026-09-22 02:39:33.548 INFO  rank 0: slot 2 closed: 151 sampled decode steps, 0 fallbacks
2026-09-22 02:39:33.549 INFO  sched: request 'chatcmpl-b8251eb73406c7aa' retired (steps): 256 tok in 6.8 s — prefill 35 tok (0 cached) in 177 ms; decode 255 tok / 151 passes in 6.7 s: 38.3 tok/s, 26.1 ms/tok, 44 ms/pass, 1.69 tok/pass, accept p1 70 %
2026-09-22 02:39:33.549 INFO  rank 0: slot 3 closed: 150 sampled decode steps, 0 fallbacks
2026-09-22 02:39:33.549 INFO  sched: request 'chatcmpl-b8251eb73406c7ab' retired (steps): 256 tok in 6.6 s — prefill 32 tok (0 cached) in 174 ms; decode 255 tok / 150 passes in 6.4 s: 39.6 tok/s, 25.3 ms/tok, 43 ms/pass, 1.70 tok/pass, accept p1 71 %
2026-09-22 02:39:33.634 INFO  sched: request 'chatcmpl-b8251eb73406c7ac' admitted to slot 0 (reserve 5 blocks; pool 2151/4096 blocks in use) — first token 760
2026-09-22 02:39:33.713 INFO  sched: request 'chatcmpl-b8251eb73406c7ad' admitted to slot 1 (reserve 5 blocks; pool 2156/4096 blocks in use) — first token 760
2026-09-22 02:39:33.800 INFO  sched: request 'chatcmpl-b8251eb73406c7ae' admitted to slot 2 (reserve 5 blocks; pool 2160/4096 blocks in use) — first token 760
2026-09-22 02:39:33.838 INFO  stats: rank 0 | 10.0 s | decode 118.9 tok/s, 7.6 ms/tok, 35.8 ms/step (253 steps / 1193 tok, 90 % of wall) | mtp 1.71 tok/step/req, accept p1 70 % | prefill 7 prompts / 162 tok, 16 tok/s, 5.44 ms/tok, 126 ms avg (9 % of wall), 80 tok cached (3/7 hits) | live 3, queued 1 | pool 2161/4096 blocks (53 %) | prefix cache 52/55 entries | requests +8 (shed 0, cancelled 0)
2026-09-22 02:39:33.900 INFO  sched: request 'chatcmpl-b8251eb73406c7af' admitted to slot 3 (reserve 5 blocks; pool 2166/4096 blocks in use) — first token 760
2026-09-22 02:39:40.417 INFO  rank 0: slot 0 closed: 150 sampled decode steps, 0 fallbacks
2026-09-22 02:39:40.418 INFO  sched: request 'chatcmpl-b8251eb73406c7ac' retired (steps): 256 tok in 6.8 s — prefill 36 tok (28 cached) in 59 ms; decode 255 tok / 150 passes in 6.7 s: 37.9 tok/s, 26.4 ms/tok, 45 ms/pass, 1.70 tok/pass, accept p1 71 %
2026-09-22 02:39:40.507 INFO  rank 0: slot 2 closed: 150 sampled decode steps, 0 fallbacks
2026-09-22 02:39:40.508 INFO  sched: request 'chatcmpl-b8251eb73406c7ae' retired (steps): 256 tok in 6.7 s — prefill 32 tok (24 cached) in 58 ms; decode 255 tok / 150 passes in 6.6 s: 38.3 tok/s, 26.1 ms/tok, 44 ms/pass, 1.70 tok/pass, accept p1 70 %
2026-09-22 02:39:40.552 INFO  rank 0: slot 3 closed: 150 sampled decode steps, 0 fallbacks
2026-09-22 02:39:40.552 INFO  sched: request 'chatcmpl-b8251eb73406c7af' retired (steps): 256 tok in 6.7 s — prefill 36 tok (28 cached) in 59 ms; decode 255 tok / 150 passes in 6.6 s: 38.7 tok/s, 25.9 ms/tok, 44 ms/pass, 1.70 tok/pass, accept p1 70 %
2026-09-22 02:39:40.605 INFO  rank 0: slot 1 closed: 154 sampled decode steps, 0 fallbacks
2026-09-22 02:39:40.605 INFO  sched: request 'chatcmpl-b8251eb73406c7ad' retired (steps): 256 tok in 6.9 s — prefill 35 tok (28 cached) in 54 ms; decode 255 tok / 154 passes in 6.8 s: 37.3 tok/s, 26.8 ms/tok, 44 ms/pass, 1.66 tok/pass, accept p1 66 %
2026-09-22 02:39:40.687 INFO  sched: request 'chatcmpl-b8251eb73406c7b0' admitted to slot 0 (reserve 5 blocks; pool 2167/4096 blocks in use) — first token 760
2026-09-22 02:39:40.766 INFO  sched: request 'chatcmpl-b8251eb73406c7b1' admitted to slot 1 (reserve 5 blocks; pool 2168/4096 blocks in use) — first token 760
2026-09-22 02:39:40.854 INFO  sched: request 'chatcmpl-b8251eb73406c7b2' admitted to slot 2 (reserve 5 blocks; pool 2172/4096 blocks in use) — first token 13962
2026-09-22 02:39:40.952 INFO  sched: request 'chatcmpl-b8251eb73406c7b3' admitted to slot 3 (reserve 5 blocks; pool 2174/4096 blocks in use) — first token 760
2026-09-22 02:39:43.851 INFO  stats: rank 0 | 10.0 s | decode 148.2 tok/s, 6.5 ms/tok, 43.6 ms/step (221 steps / 1484 tok, 96 % of wall) | mtp 1.71 tok/step/req, accept p1 71 % | prefill 5 prompts / 39 tok, 4 tok/s, 7.44 ms/tok, 58 ms avg (3 % of wall), 136 tok cached (5/5 hits) | live 4, queued 0 | pool 2170/4096 blocks (53 %) | prefix cache 51/55 entries | requests +4 (shed 0, cancelled 0)
2026-09-22 02:39:47.216 INFO  rank 0: slot 2 closed: 143 sampled decode steps, 0 fallbacks
2026-09-22 02:39:47.217 INFO  sched: request 'chatcmpl-b8251eb73406c7b2' retired (steps): 256 tok in 6.4 s — prefill 32 tok (24 cached) in 57 ms; decode 255 tok / 143 passes in 6.3 s: 40.4 tok/s, 24.7 ms/tok, 44 ms/pass, 1.78 tok/pass, accept p1 78 %
2026-09-22 02:39:47.435 INFO  rank 0: slot 3 closed: 147 sampled decode steps, 0 fallbacks
2026-09-22 02:39:47.435 INFO  sched: request 'chatcmpl-b8251eb73406c7b3' retired (steps): 256 tok in 6.5 s — prefill 36 tok (28 cached) in 58 ms; decode 255 tok / 147 passes in 6.4 s: 39.7 tok/s, 25.2 ms/tok, 44 ms/pass, 1.73 tok/pass, accept p1 73 %
2026-09-22 02:39:47.465 INFO  rank 0: slot 0 closed: 151 sampled decode steps, 0 fallbacks
2026-09-22 02:39:47.466 INFO  sched: request 'chatcmpl-b8251eb73406c7b0' retired (steps): 256 tok in 6.8 s — prefill 36 tok (28 cached) in 60 ms; decode 255 tok / 151 passes in 6.7 s: 38.0 tok/s, 26.3 ms/tok, 44 ms/pass, 1.69 tok/pass, accept p1 70 %
2026-09-22 02:39:47.566 INFO  rank 0: slot 1 closed: 154 sampled decode steps, 0 fallbacks
2026-09-22 02:39:47.566 INFO  sched: request 'chatcmpl-b8251eb73406c7b1' retired (steps): 256 tok in 6.8 s — prefill 35 tok (28 cached) in 55 ms; decode 255 tok / 154 passes in 6.7 s: 37.8 tok/s, 26.5 ms/tok, 44 ms/pass, 1.66 tok/pass, accept p1 66 %
2026-09-22 02:39:47.773 INFO  sched: request 'chatcmpl-b8251eb73406c7b4' prefix cache miss — 2 cut(s) probed against 54 entries; an entry at this prompt's cut 44 was evicted (50 eviction(s) ago, last used at tick 1990, now tick 7962; the arena holds 55 slots)
2026-09-22 02:39:47.773 INFO  sched: request 'chatcmpl-b8251eb73406c7b4' admitted to slot 0 (reserve 5 blocks; pool 2171/4096 blocks in use) — first token 71093
2026-09-22 02:39:51.021 INFO  rank 0: slot 0 closed: 136 sampled decode steps, 0 fallbacks
2026-09-22 02:39:51.021 INFO  sched: request 'chatcmpl-b8251eb73406c7b4' retired (steps): 256 tok in 3.2 s — prefill 51 tok (0 cached) in 191 ms; decode 255 tok / 136 passes in 3.1 s: 83.4 tok/s, 12.0 ms/tok, 22 ms/pass, 1.88 tok/pass, accept p1 88 %
2026-09-22 02:39:51.093 INFO  sched: request 'chatcmpl-b8251eb73406c7b5' admitted to slot 0 (reserve 5 blocks; pool 2175/4096 blocks in use) — first token 71093
2026-09-22 02:39:53.868 INFO  stats: rank 0 | 10.0 s | decode 102.6 tok/s, 9.4 ms/tok, 28.7 ms/step (338 steps / 1028 tok, 97 % of wall) | mtp 1.78 tok/step/req, accept p1 78 % | prefill 2 prompts / 58 tok, 6 tok/s, 4.26 ms/tok, 124 ms avg (2 % of wall), 44 tok cached (1/2 hits) | live 1, queued 0 | pool 2171/4096 blocks (53 %) | prefix cache 54/55 entries | requests +2 (shed 0, cancelled 0)
2026-09-22 02:39:54.370 INFO  rank 0: slot 0 closed: 137 sampled decode steps, 0 fallbacks
2026-09-22 02:39:54.370 INFO  sched: request 'chatcmpl-b8251eb73406c7b5' retired (steps): 256 tok in 3.3 s — prefill 51 tok (44 cached) in 56 ms; decode 255 tok / 137 passes in 3.2 s: 79.2 tok/s, 12.6 ms/tok, 24 ms/pass, 1.86 tok/pass, accept p1 87 %
2026-09-22 02:39:54.442 INFO  sched: request 'chatcmpl-b8251eb73406c7b6' admitted to slot 0 (reserve 5 blocks; pool 2175/4096 blocks in use) — first token 71093
2026-09-22 02:39:57.760 INFO  rank 0: slot 0 closed: 139 sampled decode steps, 0 fallbacks
2026-09-22 02:39:57.761 INFO  sched: request 'chatcmpl-b8251eb73406c7b6' retired (steps): 256 tok in 3.3 s — prefill 51 tok (44 cached) in 56 ms; decode 255 tok / 139 passes in 3.3 s: 78.2 tok/s, 12.8 ms/tok, 23 ms/pass, 1.83 tok/pass, accept p1 84 %
2026-09-22 02:39:57.966 INFO  sched: request 'chatcmpl-b8251eb73406c7b7' prefix cache miss — 2 cut(s) probed against 54 entries; an entry at this prompt's cut 40 was evicted (50 eviction(s) ago, last used at tick 2413, now tick 8383; the arena holds 55 slots)
2026-09-22 02:39:57.966 INFO  sched: request 'chatcmpl-b8251eb73406c7b7' admitted to slot 0 (reserve 5 blocks; pool 2171/4096 blocks in use) — first token 71093
2026-09-22 02:39:58.175 INFO  sched: request 'chatcmpl-b8251eb73406c7b8' prefix cache miss — 2 cut(s) probed against 53 entries; an entry at this prompt's cut 36 was evicted (46 eviction(s) ago, last used at tick 2839, now tick 8384; the arena holds 55 slots)
2026-09-22 02:39:58.175 INFO  sched: request 'chatcmpl-b8251eb73406c7b8' admitted to slot 1 (reserve 5 blocks; pool 2168/4096 blocks in use) — first token 71093
2026-09-22 02:39:58.397 INFO  sched: request 'chatcmpl-b8251eb73406c7b9' prefix cache miss — 2 cut(s) probed against 52 entries; an entry at this prompt's cut 44 was evicted (55 eviction(s) ago, last used at tick 2412, now tick 8385; the arena holds 55 slots)
2026-09-22 02:39:58.397 INFO  sched: request 'chatcmpl-b8251eb73406c7b9' admitted to slot 2 (reserve 5 blocks; pool 2165/4096 blocks in use) — first token 71093
2026-09-22 02:39:58.571 INFO  sched: request 'chatcmpl-b8251eb73406c7ba' prefix cache miss — 1 cut(s) probed against 51 entries; an entry at this prompt's cut 24 was evicted (48 eviction(s) ago, last used at tick 2841, now tick 8386; the arena holds 55 slots)
2026-09-22 02:39:58.571 INFO  sched: request 'chatcmpl-b8251eb73406c7ba' admitted to slot 3 (reserve 5 blocks; pool 2170/4096 blocks in use) — first token 71093
2026-09-22 02:40:03.892 INFO  stats: rank 0 | 10.0 s | decode 119.7 tok/s, 7.7 ms/tok, 32.6 ms/step (282 steps / 1200 tok, 92 % of wall) | mtp 1.87 tok/step/req, accept p1 86 % | prefill 5 prompts / 183 tok, 18 tok/s, 4.15 ms/tok, 152 ms avg (8 % of wall), 44 tok cached (1/5 hits) | live 4, queued 0 | pool 2169/4096 blocks (53 %) | prefix cache 51/55 entries | requests +5 (shed 0, cancelled 0)
2026-09-22 02:40:04.396 INFO  rank 0: slot 2 closed: 131 sampled decode steps, 0 fallbacks
2026-09-22 02:40:04.397 INFO  sched: request 'chatcmpl-b8251eb73406c7b9' retired (steps): 256 tok in 6.0 s — prefill 51 tok (0 cached) in 194 ms; decode 255 tok / 131 passes in 5.8 s: 43.9 tok/s, 22.8 ms/tok, 44 ms/pass, 1.95 tok/pass, accept p1 95 %
2026-09-22 02:40:04.575 INFO  rank 0: slot 3 closed: 134 sampled decode steps, 0 fallbacks
2026-09-22 02:40:04.576 INFO  sched: request 'chatcmpl-b8251eb73406c7ba' retired (steps): 256 tok in 6.0 s — prefill 34 tok (0 cached) in 135 ms; decode 255 tok / 134 passes in 5.9 s: 43.4 tok/s, 23.0 ms/tok, 44 ms/pass, 1.90 tok/pass, accept p1 91 %
2026-09-22 02:40:04.606 INFO  rank 0: slot 1 closed: 137 sampled decode steps, 0 fallbacks
2026-09-22 02:40:04.606 INFO  sched: request 'chatcmpl-b8251eb73406c7b8' retired (steps): 256 tok in 6.4 s — prefill 44 tok (0 cached) in 185 ms; decode 255 tok / 137 passes in 6.2 s: 40.8 tok/s, 24.5 ms/tok, 46 ms/pass, 1.86 tok/pass, accept p1 86 %
2026-09-22 02:40:04.657 INFO  rank 0: slot 0 closed: 140 sampled decode steps, 0 fallbacks
2026-09-22 02:40:04.658 INFO  sched: request 'chatcmpl-b8251eb73406c7b7' retired (steps): 256 tok in 6.7 s — prefill 47 tok (0 cached) in 190 ms; decode 255 tok / 140 passes in 6.5 s: 39.2 tok/s, 25.5 ms/tok, 46 ms/pass, 1.82 tok/pass, accept p1 82 %
2026-09-22 02:40:04.729 INFO  sched: request 'chatcmpl-b8251eb73406c7bb' admitted to slot 0 (reserve 5 blocks; pool 2171/4096 blocks in use) — first token 71093
2026-09-22 02:40:04.810 INFO  sched: request 'chatcmpl-b8251eb73406c7bc' admitted to slot 1 (reserve 5 blocks; pool 2176/4096 blocks in use) — first token 71093
2026-09-22 02:40:04.897 INFO  sched: request 'chatcmpl-b8251eb73406c7bd' admitted to slot 2 (reserve 5 blocks; pool 2181/4096 blocks in use) — first token 71093
2026-09-22 02:40:04.991 INFO  sched: request 'chatcmpl-b8251eb73406c7be' admitted to slot 3 (reserve 5 blocks; pool 2178/4096 blocks in use) — first token 71093
2026-09-22 02:40:10.909 INFO  rank 0: slot 3 closed: 132 sampled decode steps, 0 fallbacks
2026-09-22 02:40:10.910 INFO  sched: request 'chatcmpl-b8251eb73406c7be' retired (steps): 256 tok in 5.9 s — prefill 51 tok (44 cached) in 55 ms; decode 255 tok / 132 passes in 5.9 s: 43.5 tok/s, 23.0 ms/tok, 44 ms/pass, 1.93 tok/pass, accept p1 93 %
2026-09-22 02:40:10.990 INFO  rank 0: slot 2 closed: 135 sampled decode steps, 0 fallbacks
2026-09-22 02:40:10.991 INFO  sched: request 'chatcmpl-b8251eb73406c7bd' retired (steps): 256 tok in 6.1 s — prefill 44 tok (36 cached) in 58 ms; decode 255 tok / 135 passes in 6.0 s: 42.2 tok/s, 23.7 ms/tok, 45 ms/pass, 1.89 tok/pass, accept p1 90 %
2026-09-22 02:40:11.052 INFO  rank 0: slot 0 closed: 139 sampled decode steps, 0 fallbacks
2026-09-22 02:40:11.052 INFO  sched: request 'chatcmpl-b8251eb73406c7bb' retired (steps): 256 tok in 6.3 s — prefill 47 tok (40 cached) in 56 ms; decode 255 tok / 139 passes in 6.3 s: 40.7 tok/s, 24.6 ms/tok, 45 ms/pass, 1.83 tok/pass, accept p1 83 %
2026-09-22 02:40:11.102 INFO  rank 0: slot 1 closed: 140 sampled decode steps, 0 fallbacks
2026-09-22 02:40:11.103 INFO  sched: request 'chatcmpl-b8251eb73406c7bc' retired (steps): 256 tok in 6.3 s — prefill 34 tok (24 cached) in 57 ms; decode 255 tok / 140 passes in 6.2 s: 40.9 tok/s, 24.5 ms/tok, 45 ms/pass, 1.82 tok/pass, accept p1 82 %
2026-09-22 02:40:11.180 INFO  sched: request 'chatcmpl-b8251eb73406c7bf' admitted to slot 0 (reserve 5 blocks; pool 2175/4096 blocks in use) — first token 71093
2026-09-22 02:40:11.261 INFO  sched: request 'chatcmpl-b8251eb73406c7c0' admitted to slot 1 (reserve 5 blocks; pool 2172/4096 blocks in use) — first token 71093
2026-09-22 02:40:11.347 INFO  sched: request 'chatcmpl-b8251eb73406c7c1' admitted to slot 2 (reserve 5 blocks; pool 2145/4096 blocks in use) — first token 71093
2026-09-22 02:40:11.444 INFO  sched: request 'chatcmpl-b8251eb73406c7c2' admitted to slot 3 (reserve 5 blocks; pool 2119/4096 blocks in use) — first token 71093
2026-09-22 02:40:13.933 INFO  stats: rank 0 | 10.0 s | decode 156.4 tok/s, 6.0 ms/tok, 43.5 ms/step (218 steps / 1570 tok, 94 % of wall) | mtp 1.88 tok/step/req, accept p1 87 % | prefill 8 prompts / 64 tok, 6 tok/s, 7.09 ms/tok, 57 ms avg (5 % of wall), 288 tok cached (8/8 hits) | live 4, queued 0 | pool 2088/4096 blocks (51 %) | prefix cache 51/55 entries | requests +8 (shed 0, cancelled 0)
2026-09-22 02:40:17.395 INFO  rank 0: slot 1 closed: 135 sampled decode steps, 0 fallbacks
2026-09-22 02:40:17.395 INFO  sched: request 'chatcmpl-b8251eb73406c7c0' retired (steps): 256 tok in 6.1 s — prefill 51 tok (44 cached) in 55 ms; decode 255 tok / 135 passes in 6.1 s: 41.9 tok/s, 23.8 ms/tok, 45 ms/pass, 1.89 tok/pass, accept p1 90 %
2026-09-22 02:40:17.441 INFO  rank 0: slot 2 closed: 135 sampled decode steps, 0 fallbacks
2026-09-22 02:40:17.442 INFO  sched: request 'chatcmpl-b8251eb73406c7c1' retired (steps): 256 tok in 6.1 s — prefill 44 tok (36 cached) in 57 ms; decode 255 tok / 135 passes in 6.0 s: 42.2 tok/s, 23.7 ms/tok, 45 ms/pass, 1.89 tok/pass, accept p1 90 %
2026-09-22 02:40:17.442 INFO  rank 0: slot 3 closed: 134 sampled decode steps, 0 fallbacks
2026-09-22 02:40:17.442 INFO  sched: request 'chatcmpl-b8251eb73406c7c2' retired (steps): 256 tok in 6.0 s — prefill 34 tok (24 cached) in 59 ms; decode 255 tok / 134 passes in 5.9 s: 42.9 tok/s, 23.3 ms/tok, 44 ms/pass, 1.90 tok/pass, accept p1 90 %
2026-09-22 02:40:17.468 INFO  rank 0: slot 0 closed: 138 sampled decode steps, 0 fallbacks
2026-09-22 02:40:17.468 INFO  sched: request 'chatcmpl-b8251eb73406c7bf' retired (steps): 256 tok in 6.3 s — prefill 47 tok (40 cached) in 57 ms; decode 255 tok / 138 passes in 6.2 s: 40.9 tok/s, 24.4 ms/tok, 45 ms/pass, 1.85 tok/pass, accept p1 86 %
2026-09-22 02:40:17.690 INFO  sched: request 'chatcmpl-b8251eb73406c7c3' prefix cache miss — 2 cut(s) probed against 54 entries; an entry at this prompt's cut 40 was evicted (54 eviction(s) ago, last used at tick 3248, now tick 8814; the arena holds 55 slots)
2026-09-22 02:40:17.690 INFO  sched: request 'chatcmpl-b8251eb73406c7c3' admitted to slot 0 (reserve 5 blocks; pool 1963/4096 blocks in use) — first token 58
2026-09-22 02:40:20.755 INFO  rank 0: slot 0 closed: 128 sampled decode steps, 0 fallbacks
2026-09-22 02:40:20.755 INFO  sched: request 'chatcmpl-b8251eb73406c7c3' retired (steps): 256 tok in 3.1 s — prefill 48 tok (0 cached) in 196 ms; decode 255 tok / 128 passes in 2.9 s: 88.9 tok/s, 11.3 ms/tok, 22 ms/pass, 1.99 tok/pass, accept p1 99 %
2026-09-22 02:40:20.840 INFO  sched: request 'chatcmpl-b8251eb73406c7c4' admitted to slot 0 (reserve 5 blocks; pool 1966/4096 blocks in use) — first token 58
2026-09-22 02:40:23.907 INFO  rank 0: slot 0 closed: 128 sampled decode steps, 0 fallbacks
2026-09-22 02:40:23.907 INFO  sched: request 'chatcmpl-b8251eb73406c7c4' retired (steps): 256 tok in 3.1 s — prefill 48 tok (40 cached) in 59 ms; decode 255 tok / 128 passes in 3.0 s: 84.8 tok/s, 11.8 ms/tok, 24 ms/pass, 1.99 tok/pass, accept p1 100 %
2026-09-22 02:40:23.981 INFO  sched: request 'chatcmpl-b8251eb73406c7c5' admitted to slot 0 (reserve 5 blocks; pool 1844/4096 blocks in use) — first token 58
2026-09-22 02:40:24.004 INFO  stats: rank 0 | 10.1 s | decode 110.0 tok/s, 8.7 ms/tok, 28.7 ms/step (336 steps / 1108 tok, 96 % of wall) | mtp 1.95 tok/step/req, accept p1 95 % | prefill 3 prompts / 64 tok, 6 tok/s, 4.87 ms/tok, 104 ms avg (3 % of wall), 80 tok cached (2/3 hits) | live 1, queued 0 | pool 1844/4096 blocks (45 %) | prefix cache 54/55 entries | requests +3 (shed 0, cancelled 0)
2026-09-22 02:40:27.072 INFO  rank 0: slot 0 closed: 129 sampled decode steps, 0 fallbacks
2026-09-22 02:40:27.072 INFO  sched: request 'chatcmpl-b8251eb73406c7c5' retired (steps): 256 tok in 3.1 s — prefill 48 tok (40 cached) in 57 ms; decode 255 tok / 129 passes in 3.0 s: 84.0 tok/s, 11.9 ms/tok, 24 ms/pass, 1.98 tok/pass, accept p1 98 %
2026-09-22 02:40:27.246 INFO  sched: request 'chatcmpl-b8251eb73406c7c6' prefix cache miss — 1 cut(s) probed against 54 entries; an entry at this prompt's cut 40 was evicted (54 eviction(s) ago, last used at tick 3649, now tick 9210; the arena holds 55 slots)
2026-09-22 02:40:27.246 INFO  sched: request 'chatcmpl-b8251eb73406c7c6' admitted to slot 0 (reserve 5 blocks; pool 1815/4096 blocks in use) — first token 58
2026-09-22 02:40:27.445 INFO  sched: request 'chatcmpl-b8251eb73406c7c7' prefix cache miss — 2 cut(s) probed against 54 entries; an entry at this prompt's cut 28 was evicted (47 eviction(s) ago, last used at tick 4062, now tick 9211; the arena holds 55 slots)
2026-09-22 02:40:27.445 INFO  sched: request 'chatcmpl-b8251eb73406c7c7' admitted to slot 1 (reserve 5 blocks; pool 1725/4096 blocks in use) — first token 58
2026-09-22 02:40:27.668 INFO  sched: request 'chatcmpl-b8251eb73406c7c8' prefix cache miss — 2 cut(s) probed against 52 entries; an entry at this prompt's cut 40 was evicted (59 eviction(s) ago, last used at tick 3648, now tick 9212; the arena holds 55 slots)
2026-09-22 02:40:27.668 INFO  sched: request 'chatcmpl-b8251eb73406c7c8' admitted to slot 2 (reserve 5 blocks; pool 1221/4096 blocks in use) — first token 58
2026-09-22 02:40:27.902 INFO  sched: request 'chatcmpl-b8251eb73406c7c9' prefix cache miss — 2 cut(s) probed against 51 entries; an entry at this prompt's cut 40 was evicted (55 eviction(s) ago, last used at tick 4059, now tick 9213; the arena holds 55 slots)
2026-09-22 02:40:27.902 INFO  sched: request 'chatcmpl-b8251eb73406c7c9' admitted to slot 3 (reserve 5 blocks; pool 717/4096 blocks in use) — first token 58
2026-09-22 02:40:33.520 INFO  rank 0: slot 1 closed: 128 sampled decode steps, 0 fallbacks
2026-09-22 02:40:33.521 INFO  sched: request 'chatcmpl-b8251eb73406c7c7' retired (steps): 256 tok in 6.1 s — prefill 35 tok (0 cached) in 176 ms; decode 255 tok / 128 passes in 5.9 s: 43.2 tok/s, 23.1 ms/tok, 46 ms/pass, 1.99 tok/pass, accept p1 99 %
2026-09-22 02:40:33.567 INFO  rank 0: slot 2 closed: 128 sampled decode steps, 0 fallbacks
2026-09-22 02:40:33.568 INFO  sched: request 'chatcmpl-b8251eb73406c7c8' retired (steps): 256 tok in 5.9 s — prefill 48 tok (0 cached) in 193 ms; decode 255 tok / 128 passes in 5.7 s: 44.7 tok/s, 22.4 ms/tok, 45 ms/pass, 1.99 tok/pass, accept p1 100 %
2026-09-22 02:40:33.568 INFO  rank 0: slot 0 closed: 130 sampled decode steps, 0 fallbacks
2026-09-22 02:40:33.568 INFO  sched: request 'chatcmpl-b8251eb73406c7c6' retired (steps): 256 tok in 6.3 s — prefill 49 tok (0 cached) in 158 ms; decode 255 tok / 130 passes in 6.2 s: 41.4 tok/s, 24.2 ms/tok, 47 ms/pass, 1.96 tok/pass, accept p1 97 %
2026-09-22 02:40:33.594 INFO  rank 0: slot 3 closed: 128 sampled decode steps, 0 fallbacks
2026-09-22 02:40:33.594 INFO  sched: request 'chatcmpl-b8251eb73406c7c9' retired (steps): 256 tok in 5.7 s — prefill 47 tok (0 cached) in 194 ms; decode 255 tok / 128 passes in 5.5 s: 46.4 tok/s, 21.6 ms/tok, 43 ms/pass, 1.99 tok/pass, accept p1 100 %
2026-09-22 02:40:33.668 INFO  sched: request 'chatcmpl-b8251eb73406c7ca' admitted to slot 0 (reserve 5 blocks; pool 656/4096 blocks in use) — first token 58
2026-09-22 02:40:33.748 INFO  sched: request 'chatcmpl-b8251eb73406c7cb' admitted to slot 1 (reserve 5 blocks; pool 661/4096 blocks in use) — first token 58
2026-09-22 02:40:33.836 INFO  sched: request 'chatcmpl-b8251eb73406c7cc' admitted to slot 2 (reserve 5 blocks; pool 219/4096 blocks in use) — first token 58
2026-09-22 02:40:33.930 INFO  sched: request 'chatcmpl-b8251eb73406c7cd' admitted to slot 3 (reserve 5 blocks; pool 223/4096 blocks in use) — first token 58
2026-09-22 02:40:34.017 INFO  stats: rank 0 | 10.0 s | decode 130.7 tok/s, 6.9 ms/tok, 34.0 ms/step (264 steps / 1309 tok, 90 % of wall) | mtp 2.00 tok/step/req, accept p1 99 % | prefill 8 prompts / 210 tok, 21 tok/s, 4.53 ms/tok, 119 ms avg (9 % of wall), 148 tok cached (4/8 hits) | live 4, queued 0 | pool 219/4096 blocks (5 %) | prefix cache 51/55 entries | requests +8 (shed 0, cancelled 0)
2026-09-22 02:40:39.509 INFO  rank 0: slot 0 closed: 128 sampled decode steps, 0 fallbacks
2026-09-22 02:40:39.510 INFO  sched: request 'chatcmpl-b8251eb73406c7ca' retired (steps): 256 tok in 5.8 s — prefill 49 tok (40 cached) in 59 ms; decode 255 tok / 128 passes in 5.8 s: 44.1 tok/s, 22.7 ms/tok, 45 ms/pass, 1.99 tok/pass, accept p1 100 %
2026-09-22 02:40:39.602 INFO  rank 0: slot 1 closed: 129 sampled decode steps, 0 fallbacks
2026-09-22 02:40:39.602 INFO  sched: request 'chatcmpl-b8251eb73406c7cb' retired (steps): 256 tok in 5.9 s — prefill 47 tok (40 cached) in 56 ms; decode 255 tok / 129 passes in 5.8 s: 44.0 tok/s, 22.7 ms/tok, 45 ms/pass, 1.98 tok/pass, accept p1 98 %
2026-09-22 02:40:39.602 INFO  rank 0: slot 2 closed: 128 sampled decode steps, 0 fallbacks
2026-09-22 02:40:39.602 INFO  sched: request 'chatcmpl-b8251eb73406c7cc' retired (steps): 256 tok in 5.8 s — prefill 48 tok (40 cached) in 57 ms; decode 255 tok / 128 passes in 5.7 s: 44.7 tok/s, 22.4 ms/tok, 45 ms/pass, 1.99 tok/pass, accept p1 100 %
2026-09-22 02:40:39.654 INFO  rank 0: slot 3 closed: 129 sampled decode steps, 0 fallbacks
2026-09-22 02:40:39.654 INFO  sched: request 'chatcmpl-b8251eb73406c7cd' retired (steps): 256 tok in 5.7 s — prefill 35 tok (28 cached) in 56 ms; decode 255 tok / 129 passes in 5.7 s: 45.0 tok/s, 22.2 ms/tok, 44 ms/pass, 1.98 tok/pass, accept p1 98 %
2026-09-22 02:40:39.727 INFO  sched: request 'chatcmpl-b8251eb73406c7ce' admitted to slot 0 (reserve 5 blocks; pool 215/4096 blocks in use) — first token 58
2026-09-22 02:40:39.806 INFO  sched: request 'chatcmpl-b8251eb73406c7cf' admitted to slot 1 (reserve 5 blocks; pool 220/4096 blocks in use) — first token 58
2026-09-22 02:40:39.892 INFO  sched: request 'chatcmpl-b8251eb73406c7d0' admitted to slot 2 (reserve 5 blocks; pool 222/4096 blocks in use) — first token 58
2026-09-22 02:40:39.987 INFO  sched: request 'chatcmpl-b8251eb73406c7d1' admitted to slot 3 (reserve 5 blocks; pool 227/4096 blocks in use) — first token 58
2026-09-22 02:40:44.027 INFO  stats: rank 0 | 10.0 s | decode 173.2 tok/s, 5.6 ms/tok, 44.0 ms/step (221 steps / 1734 tok, 97 % of wall) | mtp 1.99 tok/step/req, accept p1 99 % | prefill 4 prompts / 31 tok, 3 tok/s, 7.31 ms/tok, 57 ms avg (2 % of wall), 148 tok cached (4/4 hits) | live 4, queued 0 | pool 223/4096 blocks (5 %) | prefix cache 51/55 entries | requests +4 (shed 0, cancelled 0)
2026-09-22 02:40:45.562 INFO  rank 0: slot 0 closed: 128 sampled decode steps, 0 fallbacks
2026-09-22 02:40:45.563 INFO  sched: request 'chatcmpl-b8251eb73406c7ce' retired (steps): 256 tok in 5.8 s — prefill 49 tok (40 cached) in 58 ms; decode 255 tok / 128 passes in 5.8 s: 44.1 tok/s, 22.7 ms/tok, 45 ms/pass, 1.99 tok/pass, accept p1 99 %
2026-09-22 02:40:45.609 INFO  rank 0: slot 1 closed: 128 sampled decode steps, 0 fallbacks
2026-09-22 02:40:45.609 INFO  sched: request 'chatcmpl-b8251eb73406c7cf' retired (steps): 256 tok in 5.8 s — prefill 47 tok (40 cached) in 56 ms; decode 255 tok / 128 passes in 5.7 s: 44.4 tok/s, 22.5 ms/tok, 45 ms/pass, 1.99 tok/pass, accept p1 99 %
2026-09-22 02:40:45.654 INFO  rank 0: slot 2 closed: 128 sampled decode steps, 0 fallbacks
2026-09-22 02:40:45.654 INFO  sched: request 'chatcmpl-b8251eb73406c7d0' retired (steps): 256 tok in 5.8 s — prefill 35 tok (28 cached) in 56 ms; decode 255 tok / 128 passes in 5.7 s: 44.7 tok/s, 22.4 ms/tok, 45 ms/pass, 1.99 tok/pass, accept p1 100 %
2026-09-22 02:40:45.681 INFO  rank 0: slot 3 closed: 128 sampled decode steps, 0 fallbacks
2026-09-22 02:40:45.681 INFO  sched: request 'chatcmpl-b8251eb73406c7d1' retired (steps): 256 tok in 5.7 s — prefill 48 tok (40 cached) in 58 ms; decode 255 tok / 128 passes in 5.6 s: 45.2 tok/s, 22.1 ms/tok, 44 ms/pass, 1.99 tok/pass, accept p1 100 %
2026-09-22 02:40:45.886 INFO  sched: request 'chatcmpl-b8251eb73406c7d2' prefix cache miss — 1 cut(s) probed against 54 entries; an entry at this prompt's cut 64 was evicted (58 eviction(s) ago, last used at tick 4490, now tick 9615; the arena holds 55 slots)
2026-09-22 02:40:45.886 INFO  sched: request 'chatcmpl-b8251eb73406c7d2' admitted to slot 0 (reserve 6 blocks; pool 220/4096 blocks in use) — first token 8160
2026-09-22 02:40:49.028 INFO  rank 0: slot 0 closed: 131 sampled decode steps, 0 fallbacks
2026-09-22 02:40:49.029 INFO  sched: request 'chatcmpl-b8251eb73406c7d2' retired (steps): 256 tok in 3.1 s — prefill 73 tok (0 cached) in 179 ms; decode 255 tok / 131 passes in 3.0 s: 86.1 tok/s, 11.6 ms/tok, 23 ms/pass, 1.95 tok/pass, accept p1 95 %
2026-09-22 02:40:49.097 INFO  sched: request 'chatcmpl-b8251eb73406c7d3' admitted to slot 0 (reserve 6 blocks; pool 220/4096 blocks in use) — first token 8160
2026-09-22 02:40:52.264 INFO  rank 0: slot 0 closed: 132 sampled decode steps, 0 fallbacks
2026-09-22 02:40:52.265 INFO  sched: request 'chatcmpl-b8251eb73406c7d3' retired (steps): 256 tok in 3.2 s — prefill 73 tok (64 cached) in 58 ms; decode 255 tok / 132 passes in 3.1 s: 82.0 tok/s, 12.2 ms/tok, 24 ms/pass, 1.93 tok/pass, accept p1 94 %
2026-09-22 02:40:52.328 INFO  sched: request 'chatcmpl-b8251eb73406c7d4' admitted to slot 0 (reserve 6 blocks; pool 220/4096 blocks in use) — first token 8160
2026-09-22 02:40:54.045 INFO  stats: rank 0 | 10.0 s | decode 92.9 tok/s, 10.4 ms/tok, 25.9 ms/step (372 steps / 931 tok, 96 % of wall) | mtp 1.95 tok/step/req, accept p1 95 % | prefill 3 prompts / 91 tok, 9 tok/s, 3.24 ms/tok, 98 ms avg (3 % of wall), 128 tok cached (2/3 hits) | live 1, queued 0 | pool 216/4096 blocks (5 %) | prefix cache 54/55 entries | requests +3 (shed 0, cancelled 0)
2026-09-22 02:40:55.514 INFO  rank 0: slot 0 closed: 133 sampled decode steps, 0 fallbacks
2026-09-22 02:40:55.515 INFO  sched: request 'chatcmpl-b8251eb73406c7d4' retired (steps): 256 tok in 3.2 s — prefill 73 tok (64 cached) in 57 ms; decode 255 tok / 133 passes in 3.1 s: 81.5 tok/s, 12.3 ms/tok, 24 ms/pass, 1.92 tok/pass, accept p1 92 %
2026-09-22 02:40:55.753 INFO  sched: request 'chatcmpl-b8251eb73406c7d5' prefix cache miss — 2 cut(s) probed against 54 entries; an entry at this prompt's cut 56 was evicted (58 eviction(s) ago, last used at tick 4902, now tick 10019; the arena holds 55 slots)
2026-09-22 02:40:55.753 INFO  sched: request 'chatcmpl-b8251eb73406c7d5' admitted to slot 0 (reserve 5 blocks; pool 216/4096 blocks in use) — first token 8160
2026-09-22 02:40:55.935 INFO  sched: request 'chatcmpl-b8251eb73406c7d6' prefix cache miss — 1 cut(s) probed against 53 entries; an entry at this prompt's cut 44 was evicted (61 eviction(s) ago, last used at tick 4901, now tick 10020; the arena holds 55 slots)
2026-09-22 02:40:55.935 INFO  sched: request 'chatcmpl-b8251eb73406c7d6' admitted to slot 1 (reserve 5 blocks; pool 212/4096 blocks in use) — first token 8160
2026-09-22 02:40:56.144 INFO  sched: request 'chatcmpl-b8251eb73406c7d7' prefix cache miss — 2 cut(s) probed against 53 entries; an entry at this prompt's cut 32 was evicted (52 eviction(s) ago, last used at tick 5331, now tick 10021; the arena holds 55 slots)
2026-09-22 02:40:56.144 INFO  sched: request 'chatcmpl-b8251eb73406c7d7' admitted to slot 2 (reserve 5 blocks; pool 213/4096 blocks in use) — first token 8160
2026-09-22 02:40:56.345 INFO  sched: request 'chatcmpl-b8251eb73406c7d8' prefix cache miss — 1 cut(s) probed against 51 entries; an entry at this prompt's cut 44 was evicted (57 eviction(s) ago, last used at tick 5329, now tick 10022; the arena holds 55 slots)
2026-09-22 02:40:56.345 INFO  sched: request 'chatcmpl-b8251eb73406c7d8' admitted to slot 3 (reserve 5 blocks; pool 215/4096 blocks in use) — first token 8160
2026-09-22 02:41:02.188 INFO  rank 0: slot 0 closed: 132 sampled decode steps, 0 fallbacks
2026-09-22 02:41:02.188 INFO  sched: request 'chatcmpl-b8251eb73406c7d5' retired (steps): 256 tok in 6.4 s — prefill 64 tok (0 cached) in 211 ms; decode 255 tok / 132 passes in 6.2 s: 41.0 tok/s, 24.4 ms/tok, 47 ms/pass, 1.93 tok/pass, accept p1 94 %
2026-09-22 02:41:02.235 INFO  rank 0: slot 1 closed: 132 sampled decode steps, 0 fallbacks
2026-09-22 02:41:02.236 INFO  sched: request 'chatcmpl-b8251eb73406c7d6' retired (steps): 256 tok in 6.3 s — prefill 54 tok (0 cached) in 159 ms; decode 255 tok / 132 passes in 6.1 s: 41.5 tok/s, 24.1 ms/tok, 47 ms/pass, 1.93 tok/pass, accept p1 93 %
2026-09-22 02:41:02.445 INFO  rank 0: slot 2 closed: 136 sampled decode steps, 0 fallbacks
2026-09-22 02:41:02.446 INFO  sched: request 'chatcmpl-b8251eb73406c7d7' retired (steps): 256 tok in 6.3 s — prefill 39 tok (0 cached) in 179 ms; decode 255 tok / 136 passes in 6.1 s: 41.6 tok/s, 24.0 ms/tok, 45 ms/pass, 1.88 tok/pass, accept p1 88 %
2026-09-22 02:41:02.446 INFO  rank 0: slot 3 closed: 135 sampled decode steps, 0 fallbacks
2026-09-22 02:41:02.446 INFO  sched: request 'chatcmpl-b8251eb73406c7d8' retired (steps): 256 tok in 6.1 s — prefill 54 tok (0 cached) in 162 ms; decode 255 tok / 135 passes in 5.9 s: 42.9 tok/s, 23.3 ms/tok, 44 ms/pass, 1.89 tok/pass, accept p1 89 %
2026-09-22 02:41:02.531 INFO  sched: request 'chatcmpl-b8251eb73406c7d9' admitted to slot 0 (reserve 5 blocks; pool 216/4096 blocks in use) — first token 8160
2026-09-22 02:41:02.615 INFO  sched: request 'chatcmpl-b8251eb73406c7da' admitted to slot 1 (reserve 5 blocks; pool 220/4096 blocks in use) — first token 8160
2026-09-22 02:41:02.706 INFO  sched: request 'chatcmpl-b8251eb73406c7db' admitted to slot 2 (reserve 5 blocks; pool 225/4096 blocks in use) — first token 8160
2026-09-22 02:41:02.800 INFO  sched: request 'chatcmpl-b8251eb73406c7dc' admitted to slot 3 (reserve 5 blocks; pool 227/4096 blocks in use) — first token 1206
2026-09-22 02:41:04.074 INFO  stats: rank 0 | 10.0 s | decode 137.8 tok/s, 6.5 ms/tok, 38.8 ms/step (231 steps / 1382 tok, 89 % of wall) | mtp 1.92 tok/step/req, accept p1 92 % | prefill 8 prompts / 246 tok, 25 tok/s, 3.85 ms/tok, 118 ms avg (9 % of wall), 176 tok cached (4/8 hits) | live 4, queued 0 | pool 219/4096 blocks (5 %) | prefix cache 51/55 entries | requests +8 (shed 0, cancelled 0)
2026-09-22 02:41:08.553 INFO  rank 0: slot 0 closed: 131 sampled decode steps, 0 fallbacks
2026-09-22 02:41:08.554 INFO  sched: request 'chatcmpl-b8251eb73406c7d9' retired (steps): 256 tok in 6.0 s — prefill 64 tok (56 cached) in 59 ms; decode 255 tok / 131 passes in 6.0 s: 42.8 tok/s, 23.4 ms/tok, 46 ms/pass, 1.95 tok/pass, accept p1 95 %
2026-09-22 02:41:08.643 INFO  rank 0: slot 1 closed: 132 sampled decode steps, 0 fallbacks
2026-09-22 02:41:08.644 INFO  sched: request 'chatcmpl-b8251eb73406c7da' retired (steps): 256 tok in 6.0 s — prefill 54 tok (44 cached) in 59 ms; decode 255 tok / 132 passes in 6.0 s: 42.7 tok/s, 23.4 ms/tok, 45 ms/pass, 1.93 tok/pass, accept p1 93 %
2026-09-22 02:41:08.690 INFO  rank 0: slot 3 closed: 131 sampled decode steps, 0 fallbacks
2026-09-22 02:41:08.690 INFO  sched: request 'chatcmpl-b8251eb73406c7dc' retired (steps): 256 tok in 5.9 s — prefill 39 tok (32 cached) in 56 ms; decode 255 tok / 131 passes in 5.8 s: 43.7 tok/s, 22.9 ms/tok, 45 ms/pass, 1.95 tok/pass, accept p1 95 %
2026-09-22 02:41:08.717 INFO  rank 0: slot 2 closed: 133 sampled decode steps, 0 fallbacks
2026-09-22 02:41:08.717 INFO  sched: request 'chatcmpl-b8251eb73406c7db' retired (steps): 256 tok in 6.0 s — prefill 54 tok (44 cached) in 60 ms; decode 255 tok / 133 passes in 6.0 s: 42.9 tok/s, 23.3 ms/tok, 45 ms/pass, 1.92 tok/pass, accept p1 92 %
2026-09-22 02:41:08.792 INFO  sched: request 'chatcmpl-b8251eb73406c7dd' admitted to slot 0 (reserve 5 blocks; pool 220/4096 blocks in use) — first token 8160
2026-09-22 02:41:08.875 INFO  sched: request 'chatcmpl-b8251eb73406c7de' admitted to slot 1 (reserve 5 blocks; pool 220/4096 blocks in use) — first token 8160
2026-09-22 02:41:08.966 INFO  sched: request 'chatcmpl-b8251eb73406c7df' admitted to slot 2 (reserve 5 blocks; pool 225/4096 blocks in use) — first token 8160
2026-09-22 02:41:09.060 INFO  sched: request 'chatcmpl-b8251eb73406c7e0' admitted to slot 3 (reserve 5 blocks; pool 227/4096 blocks in use) — first token 8160
2026-09-22 02:41:14.074 INFO  stats: rank 0 | 10.0 s | decode 166.4 tok/s, 5.8 ms/tok, 44.5 ms/step (218 steps / 1664 tok, 97 % of wall) | mtp 1.94 tok/step/req, accept p1 93 % | prefill 4 prompts / 35 tok, 3 tok/s, 6.69 ms/tok, 59 ms avg (2 % of wall), 176 tok cached (4/4 hits) | live 4, queued 0 | pool 222/4096 blocks (5 %) | prefix cache 51/55 entries | requests +4 (shed 0, cancelled 0)
2026-09-22 02:41:14.905 INFO  rank 0: slot 2 closed: 131 sampled decode steps, 0 fallbacks
2026-09-22 02:41:14.906 INFO  sched: request 'chatcmpl-b8251eb73406c7df' retired (steps): 256 tok in 5.9 s — prefill 54 tok (44 cached) in 61 ms; decode 255 tok / 131 passes in 5.9 s: 43.4 tok/s, 23.1 ms/tok, 45 ms/pass, 1.95 tok/pass, accept p1 95 %
2026-09-22 02:41:14.952 INFO  rank 0: slot 1 closed: 133 sampled decode steps, 0 fallbacks
2026-09-22 02:41:14.952 INFO  sched: request 'chatcmpl-b8251eb73406c7de' retired (steps): 256 tok in 6.1 s — prefill 54 tok (44 cached) in 59 ms; decode 255 tok / 133 passes in 6.0 s: 42.4 tok/s, 23.6 ms/tok, 45 ms/pass, 1.92 tok/pass, accept p1 92 %
2026-09-22 02:41:14.953 INFO  rank 0: slot 3 closed: 131 sampled decode steps, 0 fallbacks
2026-09-22 02:41:14.953 INFO  sched: request 'chatcmpl-b8251eb73406c7e0' retired (steps): 256 tok in 5.9 s — prefill 39 tok (32 cached) in 56 ms; decode 255 tok / 131 passes in 5.8 s: 43.7 tok/s, 22.9 ms/tok, 45 ms/pass, 1.95 tok/pass, accept p1 95 %
2026-09-22 02:41:15.006 INFO  rank 0: slot 0 closed: 136 sampled decode steps, 0 fallbacks
2026-09-22 02:41:15.006 INFO  sched: request 'chatcmpl-b8251eb73406c7dd' retired (steps): 256 tok in 6.2 s — prefill 64 tok (56 cached) in 59 ms; decode 255 tok / 136 passes in 6.2 s: 41.4 tok/s, 24.1 ms/tok, 45 ms/pass, 1.88 tok/pass, accept p1 88 %
2026-09-22 02:41:15.224 INFO  sched: request 'chatcmpl-b8251eb73406c7e1' prefix cache miss — 2 cut(s) probed against 54 entries; an entry at this prompt's cut 32 was evicted (62 eviction(s) ago, last used at tick 5784, now tick 10441; the arena holds 55 slots)
2026-09-22 02:41:15.224 INFO  sched: request 'chatcmpl-b8251eb73406c7e1' admitted to slot 0 (reserve 5 blocks; pool 220/4096 blocks in use) — first token 32
2026-09-22 02:41:18.784 INFO  rank 0: slot 0 closed: 149 sampled decode steps, 0 fallbacks
2026-09-22 02:41:18.784 INFO  sched: request 'chatcmpl-b8251eb73406c7e1' retired (steps): 256 tok in 3.6 s — prefill 40 tok (0 cached) in 191 ms; decode 255 tok / 149 passes in 3.4 s: 75.7 tok/s, 13.2 ms/tok, 23 ms/pass, 1.71 tok/pass, accept p1 72 %
2026-09-22 02:41:18.853 INFO  sched: request 'chatcmpl-b8251eb73406c7e2' admitted to slot 0 (reserve 5 blocks; pool 220/4096 blocks in use) — first token 77517
2026-09-22 02:41:22.407 INFO  rank 0: slot 0 closed: 149 sampled decode steps, 0 fallbacks
2026-09-22 02:41:22.416 INFO  sched: request 'chatcmpl-b8251eb73406c7e2' retired (steps): 256 tok in 3.6 s — prefill 40 tok (32 cached) in 59 ms; decode 255 tok / 149 passes in 3.5 s: 72.8 tok/s, 13.7 ms/tok, 24 ms/pass, 1.71 tok/pass, accept p1 72 %
2026-09-22 02:41:22.487 INFO  sched: request 'chatcmpl-b8251eb73406c7e3' admitted to slot 0 (reserve 5 blocks; pool 220/4096 blocks in use) — first token 760
2026-09-22 02:41:24.090 INFO  stats: rank 0 | 10.0 s | decode 76.9 tok/s, 12.5 ms/tok, 24.9 ms/step (386 steps / 770 tok, 96 % of wall) | mtp 1.74 tok/step/req, accept p1 74 % | prefill 3 prompts / 56 tok, 6 tok/s, 5.53 ms/tok, 103 ms avg (3 % of wall), 64 tok cached (2/3 hits) | live 1, queued 0 | pool 216/4096 blocks (5 %) | prefix cache 54/55 entries | requests +3 (shed 0, cancelled 0)
2026-09-22 02:41:26.221 INFO  rank 0: slot 0 closed: 156 sampled decode steps, 0 fallbacks
2026-09-22 02:41:26.221 INFO  sched: request 'chatcmpl-b8251eb73406c7e3' retired (steps): 256 tok in 3.7 s — prefill 40 tok (32 cached) in 60 ms; decode 255 tok / 156 passes in 3.7 s: 69.4 tok/s, 14.4 ms/tok, 24 ms/pass, 1.63 tok/pass, accept p1 64 %
2026-09-22 02:41:26.440 INFO  sched: request 'chatcmpl-b8251eb73406c7e4' prefix cache miss — 2 cut(s) probed against 54 entries; an entry at this prompt's cut 32 was evicted (62 eviction(s) ago, last used at tick 6258, now tick 10905; the arena holds 55 slots)
2026-09-22 02:41:26.440 INFO  sched: request 'chatcmpl-b8251eb73406c7e4' admitted to slot 0 (reserve 5 blocks; pool 216/4096 blocks in use) — first token 623
2026-09-22 02:41:26.614 INFO  sched: request 'chatcmpl-b8251eb73406c7e5' prefix cache miss — 1 cut(s) probed against 53 entries; an entry at this prompt's cut 32 was evicted (65 eviction(s) ago, last used at tick 6257, now tick 10906; the arena holds 55 slots)
2026-09-22 02:41:26.614 INFO  sched: request 'chatcmpl-b8251eb73406c7e5' admitted to slot 1 (reserve 5 blocks; pool 213/4096 blocks in use) — first token 32
2026-09-22 02:41:26.834 INFO  sched: request 'chatcmpl-b8251eb73406c7e6' prefix cache miss — 2 cut(s) probed against 53 entries; an entry at this prompt's cut 32 was evicted (55 eviction(s) ago, last used at tick 6726, now tick 10907; the arena holds 55 slots)
2026-09-22 02:41:26.834 INFO  sched: request 'chatcmpl-b8251eb73406c7e6' admitted to slot 2 (reserve 5 blocks; pool 214/4096 blocks in use) — first token 623
2026-09-22 02:41:27.048 INFO  sched: request 'chatcmpl-b8251eb73406c7e7' prefix cache miss — 2 cut(s) probed against 51 entries; an entry at this prompt's cut 24 was evicted (59 eviction(s) ago, last used at tick 6725, now tick 10908; the arena holds 55 slots)
2026-09-22 02:41:27.048 INFO  sched: request 'chatcmpl-b8251eb73406c7e7' admitted to slot 3 (reserve 5 blocks; pool 215/4096 blocks in use) — first token 13923
2026-09-22 02:41:33.273 INFO  rank 0: slot 0 closed: 144 sampled decode steps, 0 fallbacks
2026-09-22 02:41:33.273 INFO  sched: request 'chatcmpl-b8251eb73406c7e4' retired (steps): 256 tok in 6.8 s — prefill 40 tok (0 cached) in 188 ms; decode 255 tok / 144 passes in 6.6 s: 38.4 tok/s, 26.1 ms/tok, 46 ms/pass, 1.77 tok/pass, accept p1 78 %
2026-09-22 02:41:33.406 INFO  rank 0: slot 1 closed: 146 sampled decode steps, 0 fallbacks
2026-09-22 02:41:33.406 INFO  sched: request 'chatcmpl-b8251eb73406c7e5' retired (steps): 256 tok in 6.8 s — prefill 41 tok (0 cached) in 149 ms; decode 255 tok / 146 passes in 6.6 s: 38.4 tok/s, 26.0 ms/tok, 45 ms/pass, 1.75 tok/pass, accept p1 75 %
2026-09-22 02:41:33.451 INFO  rank 0: slot 3 closed: 145 sampled decode steps, 0 fallbacks
2026-09-22 02:41:33.452 INFO  sched: request 'chatcmpl-b8251eb73406c7e7' retired (steps): 256 tok in 6.4 s — prefill 31 tok (0 cached) in 174 ms; decode 255 tok / 145 passes in 6.2 s: 40.9 tok/s, 24.4 ms/tok, 43 ms/pass, 1.76 tok/pass, accept p1 76 %
2026-09-22 02:41:33.477 INFO  rank 0: slot 2 closed: 147 sampled decode steps, 0 fallbacks
2026-09-22 02:41:33.477 INFO  sched: request 'chatcmpl-b8251eb73406c7e6' retired (steps): 256 tok in 6.6 s — prefill 40 tok (0 cached) in 189 ms; decode 255 tok / 147 passes in 6.5 s: 39.5 tok/s, 25.3 ms/tok, 44 ms/pass, 1.73 tok/pass, accept p1 74 %
2026-09-22 02:41:33.554 INFO  sched: request 'chatcmpl-b8251eb73406c7e8' admitted to slot 0 (reserve 5 blocks; pool 216/4096 blocks in use) — first token 32
2026-09-22 02:41:33.636 INFO  sched: request 'chatcmpl-b8251eb73406c7e9' admitted to slot 1 (reserve 5 blocks; pool 221/4096 blocks in use) — first token 24531
2026-09-22 02:41:33.727 INFO  sched: request 'chatcmpl-b8251eb73406c7ea' admitted to slot 2 (reserve 5 blocks; pool 222/4096 blocks in use) — first token 760
2026-09-22 02:41:33.823 INFO  sched: request 'chatcmpl-b8251eb73406c7eb' admitted to slot 3 (reserve 5 blocks; pool 223/4096 blocks in use) — first token 13923
2026-09-22 02:41:34.134 INFO  stats: rank 0 | 10.0 s | decode 122.0 tok/s, 7.4 ms/tok, 36.3 ms/step (248 steps / 1225 tok, 90 % of wall) | mtp 1.74 tok/step/req, accept p1 73 % | prefill 8 prompts / 184 tok, 18 tok/s, 5.07 ms/tok, 117 ms avg (9 % of wall), 120 tok cached (4/8 hits) | live 4, queued 0 | pool 219/4096 blocks (5 %) | prefix cache 51/55 entries | requests +8 (shed 0, cancelled 0)
2026-09-22 02:41:40.048 INFO  rank 0: slot 2 closed: 141 sampled decode steps, 0 fallbacks
2026-09-22 02:41:40.049 INFO  sched: request 'chatcmpl-b8251eb73406c7ea' retired (steps): 256 tok in 6.3 s — prefill 40 tok (32 cached) in 58 ms; decode 255 tok / 141 passes in 6.3 s: 40.7 tok/s, 24.6 ms/tok, 44 ms/pass, 1.81 tok/pass, accept p1 81 %
2026-09-22 02:41:40.140 INFO  rank 0: slot 1 closed: 144 sampled decode steps, 0 fallbacks
2026-09-22 02:41:40.140 INFO  sched: request 'chatcmpl-b8251eb73406c7e9' retired (steps): 256 tok in 6.5 s — prefill 40 tok (32 cached) in 57 ms; decode 255 tok / 144 passes in 6.4 s: 39.6 tok/s, 25.3 ms/tok, 45 ms/pass, 1.77 tok/pass, accept p1 78 %
2026-09-22 02:41:40.346 INFO  rank 0: slot 0 closed: 150 sampled decode steps, 0 fallbacks
2026-09-22 02:41:40.346 INFO  sched: request 'chatcmpl-b8251eb73406c7e8' retired (steps): 256 tok in 6.8 s — prefill 41 tok (32 cached) in 61 ms; decode 255 tok / 150 passes in 6.7 s: 37.9 tok/s, 26.4 ms/tok, 45 ms/pass, 1.70 tok/pass, accept p1 71 %
2026-09-22 02:41:40.371 INFO  rank 0: slot 3 closed: 148 sampled decode steps, 0 fallbacks
2026-09-22 02:41:40.371 INFO  sched: request 'chatcmpl-b8251eb73406c7eb' retired (steps): 256 tok in 6.5 s — prefill 31 tok (24 cached) in 56 ms; decode 255 tok / 148 passes in 6.5 s: 39.3 tok/s, 25.5 ms/tok, 44 ms/pass, 1.72 tok/pass, accept p1 72 %
2026-09-22 02:41:40.441 INFO  sched: request 'chatcmpl-b8251eb73406c7ec' admitted to slot 0 (reserve 5 blocks; pool 220/4096 blocks in use) — first token 32
2026-09-22 02:41:40.521 INFO  sched: request 'chatcmpl-b8251eb73406c7ed' admitted to slot 1 (reserve 5 blocks; pool 225/4096 blocks in use) — first token 13923
2026-09-22 02:41:40.610 INFO  sched: request 'chatcmpl-b8251eb73406c7ee' admitted to slot 2 (reserve 5 blocks; pool 221/4096 blocks in use) — first token 24531
2026-09-22 02:41:40.707 INFO  sched: request 'chatcmpl-b8251eb73406c7ef' admitted to slot 3 (reserve 5 blocks; pool 223/4096 blocks in use) — first token 1206
2026-09-22 02:41:44.148 INFO  stats: rank 0 | 10.0 s | decode 152.2 tok/s, 6.4 ms/tok, 43.7 ms/step (222 steps / 1524 tok, 97 % of wall) | mtp 1.76 tok/step/req, accept p1 76 % | prefill 4 prompts / 32 tok, 3 tok/s, 7.29 ms/tok, 58 ms avg (2 % of wall), 120 tok cached (4/4 hits) | live 4, queued 0 | pool 223/4096 blocks (5 %) | prefix cache 51/55 entries | requests +4 (shed 0, cancelled 0)
2026-09-22 02:41:47.035 INFO  rank 0: slot 0 closed: 146 sampled decode steps, 0 fallbacks
2026-09-22 02:41:47.035 INFO  sched: request 'chatcmpl-b8251eb73406c7ec' retired (steps): 256 tok in 6.6 s — prefill 41 tok (32 cached) in 59 ms; decode 255 tok / 146 passes in 6.5 s: 39.0 tok/s, 25.6 ms/tok, 45 ms/pass, 1.75 tok/pass, accept p1 75 %
2026-09-22 02:41:47.082 INFO  rank 0: slot 3 closed: 144 sampled decode steps, 0 fallbacks
2026-09-22 02:41:47.082 INFO  sched: request 'chatcmpl-b8251eb73406c7ef' retired (steps): 256 tok in 6.4 s — prefill 40 tok (32 cached) in 59 ms; decode 255 tok / 144 passes in 6.3 s: 40.4 tok/s, 24.8 ms/tok, 44 ms/pass, 1.77 tok/pass, accept p1 77 %
2026-09-22 02:41:47.157 INFO  rank 0: slot 1 closed: 148 sampled decode steps, 0 fallbacks
2026-09-22 02:41:47.157 INFO  sched: request 'chatcmpl-b8251eb73406c7ed' retired (steps): 256 tok in 6.6 s — prefill 31 tok (24 cached) in 56 ms; decode 255 tok / 148 passes in 6.6 s: 38.8 tok/s, 25.8 ms/tok, 44 ms/pass, 1.72 tok/pass, accept p1 72 %
2026-09-22 02:41:47.234 INFO  rank 0: slot 2 closed: 150 sampled decode steps, 0 fallbacks
2026-09-22 02:41:47.234 INFO  sched: request 'chatcmpl-b8251eb73406c7ee' retired (steps): 256 tok in 6.6 s — prefill 40 tok (32 cached) in 60 ms; decode 255 tok / 150 passes in 6.6 s: 38.8 tok/s, 25.7 ms/tok, 44 ms/pass, 1.70 tok/pass, accept p1 70 %
2026-09-22 02:41:47.574 INFO  sched: request 'chatcmpl-b8251eb73406c7f0' prefix cache miss — 2 cut(s) probed against 54 entries; an entry at this prompt's cut 56 was evicted (147 eviction(s) ago, last used at tick 256, now tick 11386; the arena holds 55 slots)
2026-09-22 02:41:47.574 INFO  sched: request 'chatcmpl-b8251eb73406c7f0' admitted to slot 0 (reserve 2 blocks; pool 217/4096 blocks in use) — first token 2
2026-09-22 02:41:48.431 INFO  sched: request 'chatcmpl-b8251eb73406c7f0' retired (steps): 64 tok in 0.9 s — prefill 64 tok (0 cached) in 213 ms; decode 63 tok / 36 passes in 0.6 s: 97.8 tok/s, 10.2 ms/tok, 18 ms/pass, 1.75 tok/pass, accept p1 75 %
2026-09-22 02:41:48.506 INFO  sched: request 'chatcmpl-b8251eb73406c7f1' admitted to slot 0 (reserve 5 blocks; pool 217/4096 blocks in use) — first token 2
2026-09-22 02:41:51.963 INFO  sched: request 'chatcmpl-b8251eb73406c7f1' retired (steps): 256 tok in 3.5 s — prefill 64 tok (56 cached) in 59 ms; decode 255 tok / 145 passes in 3.4 s: 75.0 tok/s, 13.3 ms/tok, 23 ms/pass, 1.76 tok/pass, accept p1 77 %
2026-09-22 02:41:52.038 INFO  sched: request 'chatcmpl-b8251eb73406c7f2' admitted to slot 0 (reserve 5 blocks; pool 217/4096 blocks in use) — first token 2
2026-09-22 02:41:52.232 INFO  sched: request 'chatcmpl-b8251eb73406c7f3' prefix cache miss — 1 cut(s) probed against 53 entries; the nearest entry (position 316) shares the first 17 of the prompt's 61 tokens (the prompt differs from it from that token on)
2026-09-22 02:41:52.232 INFO  sched: request 'chatcmpl-b8251eb73406c7f3' admitted to slot 1 (reserve 5 blocks; pool 213/4096 blocks in use) — first token 2
2026-09-22 02:41:52.473 INFO  sched: request 'chatcmpl-b8251eb73406c7f4' prefix cache miss — 2 cut(s) probed against 53 entries; the nearest entry (position 316) shares the first 17 of the prompt's 64 tokens (the prompt differs from it from that token on)
2026-09-22 02:41:52.473 INFO  sched: request 'chatcmpl-b8251eb73406c7f4' admitted to slot 2 (reserve 5 blocks; pool 214/4096 blocks in use) — first token 2
2026-09-22 02:41:52.727 INFO  sched: request 'chatcmpl-b8251eb73406c7f5' prefix cache miss — 2 cut(s) probed against 52 entries; the nearest entry (position 316) shares the first 17 of the prompt's 68 tokens (the prompt differs from it from that token on)
2026-09-22 02:41:52.727 INFO  sched: request 'chatcmpl-b8251eb73406c7f5' admitted to slot 3 (reserve 6 blocks; pool 212/4096 blocks in use) — first token 2
2026-09-22 02:41:54.149 INFO  stats: rank 0 | 10.0 s | decode 103.1 tok/s, 8.6 ms/tok, 30.8 ms/step (288 steps / 1031 tok, 89 % of wall) | mtp 1.75 tok/step/req, accept p1 74 % | prefill 6 prompts / 273 tok, 27 tok/s, 3.39 ms/tok, 154 ms avg (9 % of wall), 112 tok cached (2/6 hits) | live 4, queued 0 | pool 213/4096 blocks (5 %) | prefix cache 51/55 entries | requests +6 (shed 0, cancelled 0)
2026-09-22 02:41:58.891 INFO  sched: request 'chatcmpl-b8251eb73406c7f4' retired (steps): 256 tok in 6.4 s — prefill 64 tok (0 cached) in 209 ms; decode 255 tok / 142 passes in 6.2 s: 41.1 tok/s, 24.3 ms/tok, 44 ms/pass, 1.80 tok/pass, accept p1 80 %
2026-09-22 02:41:58.981 INFO  sched: request 'chatcmpl-b8251eb73406c7f3' retired (steps): 256 tok in 6.7 s — prefill 61 tok (0 cached) in 170 ms; decode 255 tok / 145 passes in 6.6 s: 38.8 tok/s, 25.8 ms/tok, 45 ms/pass, 1.76 tok/pass, accept p1 77 %
2026-09-22 02:41:58.982 INFO  sched: request 'chatcmpl-b8251eb73406c7f2' retired (steps): 256 tok in 6.9 s — prefill 64 tok (56 cached) in 59 ms; decode 255 tok / 146 passes in 6.9 s: 37.0 tok/s, 27.0 ms/tok, 47 ms/pass, 1.75 tok/pass, accept p1 75 %
2026-09-22 02:41:59.178 INFO  sched: request 'chatcmpl-b8251eb73406c7f5' retired (steps): 256 tok in 6.5 s — prefill 68 tok (0 cached) in 216 ms; decode 255 tok / 151 passes in 6.2 s: 40.9 tok/s, 24.5 ms/tok, 41 ms/pass, 1.69 tok/pass, accept p1 69 %
2026-09-22 02:42:00.763 INFO  serve: stop — 0 in-flight request(s) retired through the drain pass on every rank, the queue shed, in 0 ms
2026-09-22 02:42:00.845 INFO  serve: stopped cleanly
2026-09-22 02:42:00.888 INFO  rank 0: graph engine sampling summary — 10416 sampled decode steps, 0 served by the exact gather fallback (0.0%), 128 candidates per rank
