2026-09-22 05:57:33.764 INFO  dgpp-serve 0.1.0+ga3ed8994a34c (git a3ed8994a34c)
2026-09-22 05:57:33.764 INFO  config /tmp/bus4/deployments/7bfe6e7e37f42a91/cluster.json: model Qwen/Qwen3.8-Flash-Next-FP8, world 2, rank 1, http :18080, fabric :29970, journal :29971
2026-09-22 05:57:33.765 INFO  model Qwen/Qwen3.8-Flash-Next-FP8 -> /home/stephen/.cache/huggingface/hub/models--Qwen--Qwen3.8-Flash-Next-FP8/snapshots/236dfdf285828023ca3bcd3f37366c58a3469b13
2026-09-22 05:57:33.765 INFO  journal: connected to rank 0 at 192.168.88.11:29971 (120000 attempt window)
2026-09-22 05:57:33.765 INFO  rank 1: settings from rank 0: model=Qwen/Qwen3.8-Flash-Next-FP8 world=2 fabric=29970 journal=29971 conc=4 kv=262144 kvdt=bf16 ngt=resident dw=checkpoint bfw=bf12+bf16 fp8head=gemv pf=bounded emsh=replicated maxtok=256 queue=8 eos=1 graph=1 compact=0 mtp=1 mtpd=1 mss=0 msrow=8 msbase=28 mslam=0 msmin=1 msad=1 batchmin=2 cand=128 pcgib=1.5 adm=full win=256 pfbudget=0 pfidle=0 pace=-1 inflight=-1 reasoning_in_content=0 rs=off
2026-09-22 05:57:33.766 INFO  config: model=Qwen/Qwen3.8-Flash-Next-FP8 world=2 fabric=29970 journal=29971 conc=4 kv=262144 kvdt=bf16 ngt=resident dw=checkpoint bfw=bf12+bf16 fp8head=gemv pf=bounded emsh=replicated maxtok=256 queue=8 eos=1 graph=1 compact=0 mtp=1 mtpd=1 mss=0 msrow=8 msbase=28 mslam=0 msmin=1 msad=1 batchmin=2 cand=128 pcgib=1.5 adm=full win=256 pfbudget=0 pfidle=0 pace=-1 inflight=-1 reasoning_in_content=0 rs=off (digest 894528b74510da4b)
2026-09-22 05:57:33.887 INFO  serve: model family qwen4_exp (/home/stephen/.cache/huggingface/hub/models--Qwen--Qwen3.8-Flash-Next-FP8/snapshots/236dfdf285828023ca3bcd3f37366c58a3469b13)
2026-09-22 05:57:33.887 INFO  serve: decode rows 8 (4 slot(s) x 2 row(s) per request, floor 8, the qwen4_exp family's cap 64)
2026-09-22 05:57:33.888 WARN  generation config /home/stephen/.cache/huggingface/hub/models--Qwen--Qwen3.8-Flash-Next-FP8/snapshots/236dfdf285828023ca3bcd3f37366c58a3469b13/generation_config.json omits min_p, repetition_penalty; using greedy-safe/neutral fallbacks for those fields
2026-09-22 05:57:33.888 INFO  generation defaults: temperature=1 top_p=0.95 top_k=20 min_p=0 repetition_penalty=1
2026-09-22 05:57:33.888 INFO  serve: sampling defaults temperature 1 top_p 0.95 top_k 20 min_p 0 repetition_penalty 1 (from generation_config.json; overrides: none)
2026-09-22 05:57:33.888 INFO  serve: request context limit 262144 tokens — the lesser of the 262144-token positional ceiling (the checkpoint's own rope) and the 262144-token K/V pool (engine.kv_capacity 262144); one request may reach the limit, the pool is what seats them all
2026-09-22 05:57:33.888 INFO  rank 1: prefix cache plan — 1.5 GiB budget, 27 slots of 55.263 MiB, 1.457 GiB allocated; cached K/V blocks share the 262144-token pool
2026-09-22 05:57:34.007 INFO  tokenizer: loaded vocab 248044 merges 247587 added 33 (revision 0x53952643d9dcd76d; qwen pattern, NFC, ignore_merges false)
2026-09-22 05:57:34.021 INFO  serve: grammar vocabulary built (248320 ids, tool markers present, call-turn EOS 248046)
2026-09-22 05:57:34.207 INFO  serve: JSON grammar tables built in 0.19 s
2026-09-22 05:57:34.427 INFO  bus: globaltimer offset 7488624872 ns (+-2 us)
2026-09-22 05:57:34.432 INFO  verbs: device roceP2p1s0f0 port 1 gid_index 3
2026-09-22 05:57:34.434 INFO  verbs: device rocep1s0f0 port 1 gid_index 3
2026-09-22 05:57:35.474 INFO  bus: rank 1 up — 1 peer(s) x 2 lane(s), lat 8x163840B, bulk 8x262144B, bulk pace 85.0 Gb/s per QP, window 4 per lane
2026-09-22 05:57:35.474 INFO  rank 1: boundary reducer host-driven
2026-09-22 05:57:35.596 INFO  rank 1: process memory locked (mlockall MCL_CURRENT, 14482 MiB)
2026-09-22 05:57:35.596 INFO  rank 1: resident image cache at /home/stephen/.cache/dgpp/resident
2026-09-22 05:57:35.596 INFO  bus engine: rank 1 pinned to cpu 19
2026-09-22 05:57:35.733 INFO  rank 1: memory plan for a 262144-token context — model weights (resident, n-gram table included) 87.29 GiB; loader staging (pinned host, freed when the last layer is resident) 1.83 GiB (1.83 GiB pinned); bf16 decode packing (12-bit companions) 2.46 GiB; gemm workspace (at least) 0.06 GiB; request slot state (GDN recurrent/conv, PLE conv, context) 0.22 GiB; spec snapshot rows 0.43 GiB; kv cache pool (K/V bf16, compressed index keys, rings) 3.45 GiB; activations (hyper state, rows, head) 1.02 GiB (0.00 GiB pinned); layer objects (GR sites, GDN, QSA, PLE) 1.80 GiB; moe scratch (routed slots, shared expert, graph tables) 0.45 GiB (0.01 GiB pinned); draft block (hyper-state window, ring snapshot, fusion scratch, mixer) 0.27 GiB (0.00 GiB pinned); vision tower weights (bf16, replicated) 0.84 GiB; vision workspace (patches, attention tiles, staged image rows) 0.29 GiB; prefix cache 1.46 GiB; engine 0.07 GiB
2026-09-22 05:57:35.733 INFO  rank 1: memory plan total 101.94 GiB (98.57 GiB device + 3.37 GiB pinned) + 4.00 GiB headroom against 116.82 GiB free (device free 108.28 GiB of 121.69 GiB, host available 116.82 GiB)
2026-09-22 05:57:35.733 INFO  memory ledger: rank 1 after the plan check — rss 1.09 GiB (anon 0.38, shmem 0.07, file 0.64; locked 14.14); device free 108.28 GiB, node available 116.82 GiB
2026-09-22 05:57:35.733 INFO  memory ledger: rank 1 after the bus — rss 1.09 GiB (anon 0.38, shmem 0.07, file 0.64; locked 14.14); device free 108.28 GiB, node available 116.82 GiB
2026-09-22 05:57:36.279 INFO  qwen loader: rank 1 resident footprint 87.3 GiB; device free 108.1 of 121.7 GiB, host available 116.7 GiB
2026-09-22 05:57:37.247 INFO  qwen loader: rank 1 resident image /home/stephen/.cache/dgpp/resident/6744668b075a2e44.img — 49/49 layers present, direct I/O
2026-09-22 05:57:37.259 INFO  l2 prefetch: on, window budget 12 MiB, boundary rate light, layer rate light
2026-09-22 05:57:59.270 INFO  qwen loader: rank 1 n-gram table rows [160000374, 320001446) resident (23.84 GiB, scale 0.00019931793)
2026-09-22 05:58:03.404 INFO  memory ledger: rank 1 after the model — rss 4.93 GiB (anon 0.53, shmem 1.90, file 2.50; locked 14.14); device free 73.47 GiB, node available 82.01 GiB
2026-09-22 05:58:03.404 INFO  rank 1: model constructed in 27.7s (resident, 4 request slots, 262144-token pool in bf16, 2048-row forwards)
2026-09-22 05:58:03.404 INFO  rank 1: prefix cache on — 27 snapshot slot(s) of 55.3 MiB (1.50 GiB asked)
2026-09-22 05:58:03.462 INFO  rank 1: graph engine samples on the device — 128 candidates per rank (8 rows x 2 ranks in a 163840-byte latency slot; the planned width is 128); constrained decoding available
2026-09-22 05:58:03.462 INFO  memory ledger: rank 1 after the graph engine — rss 4.93 GiB (anon 0.53, shmem 1.91, file 2.50; locked 14.14); device free 71.97 GiB, node available 80.51 GiB
2026-09-22 05:58:03.690 INFO  allreduce: device clock rate 2418000 kHz (stamps conversion)
2026-09-22 05:58:03.690 INFO  allreduce: rank 1 seq 1 launched (1 peers)
2026-09-22 05:58:03.690 INFO  allreduce: rank 1 seq 1 ready after 33.5us
2026-09-22 05:58:03.690 INFO  allreduce: rank 1 seq 1 done status=0 after 62.6us
2026-09-22 05:58:03.719 INFO  allreduce: rank 1 seq 2 launched (1 peers)
2026-09-22 05:58:03.719 INFO  allreduce: rank 1 seq 2 ready after 8.4us
2026-09-22 05:58:03.719 INFO  allreduce: rank 1 seq 2 done status=0 after 25.7us
2026-09-22 05:58:04.000 INFO  allreduce: rank 1 seq 3 launched (1 peers)
2026-09-22 05:58:04.000 INFO  allreduce: rank 1 seq 3 ready after 23.2us
2026-09-22 05:58:04.102 INFO  allreduce: rank 1 seq 3 done status=0 after 101617.5us
2026-09-22 05:58:04.103 INFO  allreduce: rank 1 seq 4 launched (1 peers)
2026-09-22 05:58:04.103 INFO  allreduce: rank 1 seq 4 ready after 6.8us
2026-09-22 05:58:04.103 INFO  allreduce: rank 1 seq 4 done status=0 after 23.6us
2026-09-22 05:58:04.103 INFO  allreduce: rank 1 seq 5 launched (1 peers)
2026-09-22 05:58:04.103 INFO  allreduce: rank 1 seq 5 ready after 8.4us
2026-09-22 05:58:04.103 INFO  allreduce: rank 1 seq 5 done status=0 after 31.1us
2026-09-22 05:58:04.104 INFO  allreduce: rank 1 seq 6 launched (1 peers)
2026-09-22 05:58:04.104 INFO  allreduce: rank 1 seq 6 ready after 7.6us
2026-09-22 05:58:04.104 INFO  allreduce: rank 1 seq 6 done status=0 after 32.0us
2026-09-22 05:58:04.315 INFO  allreduce: rank 1 seq 7 launched (1 peers)
2026-09-22 05:58:04.315 INFO  allreduce: rank 1 seq 7 ready after 14.2us
2026-09-22 05:58:04.408 INFO  allreduce: rank 1 seq 7 done status=0 after 93065.6us
2026-09-22 05:58:04.409 INFO  allreduce: rank 1 seq 8 launched (1 peers)
2026-09-22 05:58:04.409 INFO  allreduce: rank 1 seq 8 ready after 7.8us
2026-09-22 05:58:04.409 INFO  allreduce: rank 1 seq 8 done status=0 after 25.0us
2026-09-22 05:58:04.661 INFO  allreduce: rank 1 seq 9 launched (1 peers)
2026-09-22 05:58:04.661 INFO  allreduce: rank 1 seq 9 ready after 14.4us
2026-09-22 05:58:04.749 INFO  allreduce: rank 1 seq 9 done status=0 after 88520.2us
2026-09-22 05:58:04.750 INFO  allreduce: rank 1 seq 10 launched (1 peers)
2026-09-22 05:58:04.750 INFO  allreduce: rank 1 seq 10 ready after 7.8us
2026-09-22 05:58:04.750 INFO  allreduce: rank 1 seq 10 done status=0 after 25.0us
2026-09-22 05:58:04.960 INFO  allreduce: rank 1 seq 11 launched (1 peers)
2026-09-22 05:58:04.960 INFO  allreduce: rank 1 seq 11 ready after 14.4us
2026-09-22 05:58:05.054 INFO  allreduce: rank 1 seq 11 done status=0 after 94147.3us
2026-09-22 05:58:05.055 INFO  allreduce: rank 1 seq 12 launched (1 peers)
2026-09-22 05:58:05.055 INFO  allreduce: rank 1 seq 12 ready after 7.8us
2026-09-22 05:58:05.055 INFO  allreduce: rank 1 seq 12 done status=0 after 25.1us
2026-09-22 05:58:05.269 INFO  allreduce: rank 1 seq 13 launched (1 peers)
2026-09-22 05:58:05.269 INFO  allreduce: rank 1 seq 13 ready after 14.5us
2026-09-22 05:58:05.354 INFO  allreduce: rank 1 seq 13 done status=0 after 84956.2us
2026-09-22 05:58:05.355 INFO  allreduce: rank 1 seq 14 launched (1 peers)
2026-09-22 05:58:05.355 INFO  allreduce: rank 1 seq 14 ready after 9.4us
2026-09-22 05:58:05.355 INFO  allreduce: rank 1 seq 14 done status=0 after 27.1us
2026-09-22 05:58:05.571 INFO  allreduce: rank 1 seq 15 launched (1 peers)
2026-09-22 05:58:05.571 INFO  allreduce: rank 1 seq 15 ready after 14.8us
2026-09-22 05:58:05.657 INFO  allreduce: rank 1 seq 15 done status=0 after 85699.4us
2026-09-22 05:58:05.658 INFO  allreduce: rank 1 seq 16 launched (1 peers)
2026-09-22 05:58:05.658 INFO  allreduce: rank 1 seq 16 ready after 7.8us
2026-09-22 05:58:05.658 INFO  allreduce: rank 1 seq 16 done status=0 after 24.7us
2026-09-22 05:58:19.820 INFO  rank 1 bf12: 248 decode matrices packed (3.20 GiB of bf16 -> 2.41 GiB, 400914 escapes, widest row 15, 0 rows kept raw; 0 matrices kept bf16) in 1.3 s
2026-09-22 05:58:19.824 INFO  bus graph era: variant 0 recorded with 102 collective node(s)
2026-09-22 05:58:19.824 INFO  rank 1: graph variant 0 shape: 1708 nodes, 1808 edges: kernel 1708 empty 0 memcpy 0 memset 0 host 0 event 0 other 0; max in-degree 2
2026-09-22 05:58:19.828 INFO  rank 1: graph variant 0 instantiated — 9.2 MiB of device memory (4.2 GiB free)
2026-09-22 05:58:19.830 INFO  bus graph era: variant 1 recorded with 102 collective node(s)
2026-09-22 05:58:19.830 INFO  rank 1: graph variant 1 shape: 1708 nodes, 1808 edges: kernel 1708 empty 0 memcpy 0 memset 0 host 0 event 0 other 0; max in-degree 2
2026-09-22 05:58:19.834 INFO  rank 1: graph variant 1 instantiated — 9.7 MiB of device memory (4.2 GiB free)
2026-09-22 05:58:19.834 INFO  rank 1: serving scalar graph variants 0/1 captured for request slot 0 (2 rows, MTP)
2026-09-22 05:58:19.835 INFO  bus graph era: variant 8 recorded with 102 collective node(s)
2026-09-22 05:58:19.835 INFO  rank 1: graph variant 8 shape: 1712 nodes, 1812 edges: kernel 1712 empty 0 memcpy 0 memset 0 host 0 event 0 other 0; max in-degree 2
2026-09-22 05:58:19.841 INFO  rank 1: graph variant 8 instantiated — 11.4 MiB of device memory (4.2 GiB free)
2026-09-22 05:58:19.842 INFO  bus graph era: variant 9 recorded with 102 collective node(s)
2026-09-22 05:58:19.842 INFO  rank 1: graph variant 9 shape: 1712 nodes, 1812 edges: kernel 1712 empty 0 memcpy 0 memset 0 host 0 event 0 other 0; max in-degree 2
2026-09-22 05:58:19.846 INFO  rank 1: graph variant 9 instantiated — 9.7 MiB of device memory (4.2 GiB free)
2026-09-22 05:58:19.846 INFO  rank 1: serving row-batched graph variants 8/9 captured for 2 slots x 2 rows = 4 fixed rows, MTP (a batch is selected at 2+ live requests, the smallest that covers the live slots)
2026-09-22 05:58:19.854 INFO  bus graph era: variant 10 recorded with 102 collective node(s)
2026-09-22 05:58:19.854 INFO  rank 1: graph variant 10 shape: 2018 nodes, 2118 edges: kernel 2018 empty 0 memcpy 0 memset 0 host 0 event 0 other 0; max in-degree 2
2026-09-22 05:58:19.864 INFO  rank 1: graph variant 10 instantiated — 12.3 MiB of device memory (4.2 GiB free)
2026-09-22 05:58:19.866 INFO  bus graph era: variant 11 recorded with 102 collective node(s)
2026-09-22 05:58:19.866 INFO  rank 1: graph variant 11 shape: 2018 nodes, 2118 edges: kernel 2018 empty 0 memcpy 0 memset 0 host 0 event 0 other 0; max in-degree 2
2026-09-22 05:58:19.873 INFO  rank 1: graph variant 11 instantiated — 17.9 MiB of device memory (4.1 GiB free)
2026-09-22 05:58:19.873 INFO  rank 1: serving row-batched graph variants 10/11 captured for 3 slots x 2 rows = 6 fixed rows, MTP (a batch is selected at 2+ live requests, the smallest that covers the live slots)
2026-09-22 05:58:19.875 INFO  bus graph era: variant 12 recorded with 102 collective node(s)
2026-09-22 05:58:19.875 INFO  rank 1: graph variant 12 shape: 2020 nodes, 2120 edges: kernel 2020 empty 0 memcpy 0 memset 0 host 0 event 0 other 0; max in-degree 2
2026-09-22 05:58:19.883 INFO  rank 1: graph variant 12 instantiated — 28.0 MiB of device memory (4.1 GiB free)
2026-09-22 05:58:19.885 INFO  bus graph era: variant 13 recorded with 102 collective node(s)
2026-09-22 05:58:19.885 INFO  rank 1: graph variant 13 shape: 2020 nodes, 2120 edges: kernel 2020 empty 0 memcpy 0 memset 0 host 0 event 0 other 0; max in-degree 2
2026-09-22 05:58:19.892 INFO  rank 1: graph variant 13 instantiated — 20.1 MiB of device memory (4.1 GiB free)
2026-09-22 05:58:19.892 INFO  rank 1: serving row-batched graph variants 12/13 captured for 4 slots x 2 rows = 8 fixed rows, MTP (a batch is selected at 2+ live requests, the smallest that covers the live slots)
2026-09-22 05:58:19.955 INFO  bus graph era: variant 2 recorded with 102 collective node(s)
2026-09-22 05:58:19.956 INFO  rank 1: graph variant 2 shape: 1708 nodes, 1808 edges: kernel 1708 empty 0 memcpy 0 memset 0 host 0 event 0 other 0; max in-degree 2
2026-09-22 05:58:19.962 INFO  rank 1: graph variant 2 instantiated — 18.8 MiB of device memory (4.1 GiB free)
2026-09-22 05:58:19.964 INFO  bus graph era: variant 3 recorded with 102 collective node(s)
2026-09-22 05:58:19.964 INFO  rank 1: graph variant 3 shape: 1708 nodes, 1808 edges: kernel 1708 empty 0 memcpy 0 memset 0 host 0 event 0 other 0; max in-degree 2
2026-09-22 05:58:19.970 INFO  rank 1: graph variant 3 instantiated — 25.3 MiB of device memory (4.0 GiB free)
2026-09-22 05:58:19.970 INFO  rank 1: serving scalar graph variants 2/3 captured for request slot 1 (2 rows, MTP)
2026-09-22 05:58:20.035 INFO  bus graph era: variant 4 recorded with 102 collective node(s)
2026-09-22 05:58:20.035 INFO  rank 1: graph variant 4 shape: 1708 nodes, 1808 edges: kernel 1708 empty 0 memcpy 0 memset 0 host 0 event 0 other 0; max in-degree 2
2026-09-22 05:58:20.041 INFO  rank 1: graph variant 4 instantiated — 14.9 MiB of device memory (4.0 GiB free)
2026-09-22 05:58:20.042 INFO  bus graph era: variant 5 recorded with 102 collective node(s)
2026-09-22 05:58:20.042 INFO  rank 1: graph variant 5 shape: 1708 nodes, 1808 edges: kernel 1708 empty 0 memcpy 0 memset 0 host 0 event 0 other 0; max in-degree 2
2026-09-22 05:58:20.049 INFO  rank 1: graph variant 5 instantiated — 20.1 MiB of device memory (4.0 GiB free)
2026-09-22 05:58:20.049 INFO  rank 1: serving scalar graph variants 4/5 captured for request slot 2 (2 rows, MTP)
2026-09-22 05:58:20.113 INFO  bus graph era: variant 6 recorded with 102 collective node(s)
2026-09-22 05:58:20.113 INFO  rank 1: graph variant 6 shape: 1708 nodes, 1808 edges: kernel 1708 empty 0 memcpy 0 memset 0 host 0 event 0 other 0; max in-degree 2
2026-09-22 05:58:20.119 INFO  rank 1: graph variant 6 instantiated — 21.4 MiB of device memory (4.0 GiB free)
2026-09-22 05:58:20.121 INFO  bus graph era: variant 7 recorded with 102 collective node(s)
2026-09-22 05:58:20.121 INFO  rank 1: graph variant 7 shape: 1708 nodes, 1808 edges: kernel 1708 empty 0 memcpy 0 memset 0 host 0 event 0 other 0; max in-degree 2
2026-09-22 05:58:20.128 INFO  rank 1: graph variant 7 instantiated — 20.6 MiB of device memory (4.0 GiB free)
2026-09-22 05:58:20.128 INFO  rank 1: serving scalar graph variants 6/7 captured for request slot 3 (2 rows, MTP)
2026-09-22 05:58:20.129 INFO  rank 1: warm capture complete — 4 scalar variants and the row batches for 2 slots, 3 slots, 4 slots recorded before the first request
2026-09-22 05:58:20.129 INFO  memory ledger: rank 1 after the warm capture — rss 5.33 GiB (anon 0.92, shmem 1.92, file 2.50; locked 14.13); device free 3.97 GiB, node available 12.51 GiB
2026-09-22 05:58:20.129 INFO  rank 1: graph variants warm-captured in 16.67s
2026-09-22 05:58:20.129 INFO  rank 1: following rank 0's journal (admission full, window 256)
2026-09-22 05:58:22.659 INFO  journal: stop record — exiting
2026-09-22 05:58:22.738 INFO  rank 1: graph engine sampling summary — 0 sampled decode steps, 0 served by the exact gather fallback (0.0%), 128 candidates per rank
2026-09-22 05:58:24.375 INFO  rank 1: exited cleanly
2026-09-22 12:04:00.669 INFO  dgpp-serve 0.1.0+ga3ed8994a34c (git a3ed8994a34c)
2026-09-22 12:04:00.670 INFO  config /tmp/bus4/deployments/7bfe6e7e37f42a91/cluster.json: model Qwen/Qwen3.8-Flash-Next-FP8, world 2, rank 1, http :18080, fabric :29970, journal :29971
2026-09-22 12:04:00.670 INFO  model Qwen/Qwen3.8-Flash-Next-FP8 -> /home/stephen/.cache/huggingface/hub/models--Qwen--Qwen3.8-Flash-Next-FP8/snapshots/236dfdf285828023ca3bcd3f37366c58a3469b13
2026-09-22 12:04:00.671 INFO  journal: connected to rank 0 at 192.168.88.11:29971 (120000 attempt window)
2026-09-22 12:04:00.672 INFO  rank 1: settings from rank 0: model=Qwen/Qwen3.8-Flash-Next-FP8 world=2 fabric=29970 journal=29971 conc=4 kv=262144 kvdt=bf16 ngt=resident dw=checkpoint bfw=bf12+bf16 fp8head=gemv pf=bounded emsh=replicated maxtok=256 queue=8 eos=1 graph=1 compact=0 mtp=1 mtpd=1 mss=0 msrow=8 msbase=28 mslam=0 msmin=1 msad=1 batchmin=2 cand=128 pcgib=1.5 adm=full win=256 pfbudget=0 pfidle=0 pace=-1 inflight=-1 reasoning_in_content=0 rs=off
2026-09-22 12:04:00.672 INFO  config: model=Qwen/Qwen3.8-Flash-Next-FP8 world=2 fabric=29970 journal=29971 conc=4 kv=262144 kvdt=bf16 ngt=resident dw=checkpoint bfw=bf12+bf16 fp8head=gemv pf=bounded emsh=replicated maxtok=256 queue=8 eos=1 graph=1 compact=0 mtp=1 mtpd=1 mss=0 msrow=8 msbase=28 mslam=0 msmin=1 msad=1 batchmin=2 cand=128 pcgib=1.5 adm=full win=256 pfbudget=0 pfidle=0 pace=-1 inflight=-1 reasoning_in_content=0 rs=off (digest 894528b74510da4b)
2026-09-22 12:04:00.793 INFO  serve: model family qwen4_exp (/home/stephen/.cache/huggingface/hub/models--Qwen--Qwen3.8-Flash-Next-FP8/snapshots/236dfdf285828023ca3bcd3f37366c58a3469b13)
2026-09-22 12:04:00.793 INFO  serve: decode rows 8 (4 slot(s) x 2 row(s) per request, floor 8, the qwen4_exp family's cap 64)
2026-09-22 12:04:00.793 WARN  generation config /home/stephen/.cache/huggingface/hub/models--Qwen--Qwen3.8-Flash-Next-FP8/snapshots/236dfdf285828023ca3bcd3f37366c58a3469b13/generation_config.json omits min_p, repetition_penalty; using greedy-safe/neutral fallbacks for those fields
2026-09-22 12:04:00.793 INFO  generation defaults: temperature=1 top_p=0.95 top_k=20 min_p=0 repetition_penalty=1
2026-09-22 12:04:00.793 INFO  serve: sampling defaults temperature 1 top_p 0.95 top_k 20 min_p 0 repetition_penalty 1 (from generation_config.json; overrides: none)
2026-09-22 12:04:00.793 INFO  serve: request context limit 262144 tokens — the lesser of the 262144-token positional ceiling (the checkpoint's own rope) and the 262144-token K/V pool (engine.kv_capacity 262144); one request may reach the limit, the pool is what seats them all
2026-09-22 12:04:00.794 INFO  rank 1: prefix cache plan — 1.5 GiB budget, 27 slots of 55.263 MiB, 1.457 GiB allocated; cached K/V blocks share the 262144-token pool
2026-09-22 12:04:00.900 INFO  tokenizer: loaded vocab 248044 merges 247587 added 33 (revision 0x53952643d9dcd76d; qwen pattern, NFC, ignore_merges false)
2026-09-22 12:04:00.915 INFO  serve: grammar vocabulary built (248320 ids, tool markers present, call-turn EOS 248046)
2026-09-22 12:04:01.106 INFO  serve: JSON grammar tables built in 0.19 s
2026-09-22 12:04:01.331 INFO  bus: globaltimer offset 6263580707 ns (+-2 us)
2026-09-22 12:04:01.339 INFO  verbs: device roceP2p1s0f0 port 1 gid_index 3
2026-09-22 12:04:01.342 INFO  verbs: device rocep1s0f0 port 1 gid_index 3
2026-09-22 12:04:01.893 INFO  bus: rank 1 up — 1 peer(s) x 2 lane(s), lat 8x163840B, bulk 8x262144B, bulk pace 85.0 Gb/s per QP, window 4 per lane
2026-09-22 12:04:01.893 INFO  rank 1: boundary reducer host-driven
2026-09-22 12:04:01.999 INFO  rank 1: process memory locked (mlockall MCL_CURRENT, 14482 MiB)
2026-09-22 12:04:01.999 INFO  rank 1: resident image cache at /home/stephen/.cache/dgpp/resident
2026-09-22 12:04:02.001 INFO  bus engine: rank 1 pinned to cpu 19
2026-09-22 12:04:02.134 INFO  rank 1: memory plan for a 262144-token context — model weights (resident, n-gram table included) 87.29 GiB; loader staging (pinned host, freed when the last layer is resident) 1.83 GiB (1.83 GiB pinned); bf16 decode packing (12-bit companions) 2.46 GiB; gemm workspace (at least) 0.06 GiB; request slot state (GDN recurrent/conv, PLE conv, context) 0.22 GiB; spec snapshot rows 0.43 GiB; kv cache pool (K/V bf16, compressed index keys, rings) 3.45 GiB; activations (hyper state, rows, head) 1.02 GiB (0.00 GiB pinned); layer objects (GR sites, GDN, QSA, PLE) 1.80 GiB; moe scratch (routed slots, shared expert, graph tables) 0.45 GiB (0.01 GiB pinned); draft block (hyper-state window, ring snapshot, fusion scratch, mixer) 0.27 GiB (0.00 GiB pinned); vision tower weights (bf16, replicated) 0.84 GiB; vision workspace (patches, attention tiles, staged image rows) 0.29 GiB; prefix cache 1.46 GiB; engine 0.07 GiB
2026-09-22 12:04:02.134 INFO  rank 1: memory plan total 101.94 GiB (98.57 GiB device + 3.37 GiB pinned) + 4.00 GiB headroom against 116.75 GiB free (device free 113.01 GiB of 121.69 GiB, host available 116.75 GiB)
2026-09-22 12:04:02.134 INFO  memory ledger: rank 1 after the plan check — rss 1.09 GiB (anon 0.38, shmem 0.07, file 0.64; locked 14.14); device free 113.01 GiB, node available 116.75 GiB
2026-09-22 12:04:02.134 INFO  memory ledger: rank 1 after the bus — rss 1.09 GiB (anon 0.38, shmem 0.07, file 0.64; locked 14.14); device free 113.01 GiB, node available 116.75 GiB
2026-09-22 12:04:02.688 INFO  qwen loader: rank 1 resident footprint 87.3 GiB; device free 112.9 of 121.7 GiB, host available 116.6 GiB
2026-09-22 12:04:03.548 INFO  qwen loader: rank 1 resident image /home/stephen/.cache/dgpp/resident/6744668b075a2e44.img — 49/49 layers present, direct I/O
2026-09-22 12:04:03.562 INFO  l2 prefetch: on, window budget 12 MiB, boundary rate light, layer rate light
2026-09-22 12:04:26.759 INFO  qwen loader: rank 1 n-gram table rows [160000374, 320001446) resident (23.84 GiB, scale 0.00019931793)
2026-09-22 12:04:30.913 INFO  memory ledger: rank 1 after the model — rss 4.93 GiB (anon 0.53, shmem 1.90, file 2.50; locked 14.14); device free 77.62 GiB, node available 81.95 GiB
2026-09-22 12:04:30.913 INFO  rank 1: model constructed in 28.8s (resident, 4 request slots, 262144-token pool in bf16, 2048-row forwards)
2026-09-22 12:04:30.913 INFO  rank 1: prefix cache on — 27 snapshot slot(s) of 55.3 MiB (1.50 GiB asked)
2026-09-22 12:04:30.967 INFO  rank 1: graph engine samples on the device — 128 candidates per rank (8 rows x 2 ranks in a 163840-byte latency slot; the planned width is 128); constrained decoding available
2026-09-22 12:04:30.968 INFO  memory ledger: rank 1 after the graph engine — rss 4.93 GiB (anon 0.53, shmem 1.91, file 2.50; locked 14.14); device free 76.12 GiB, node available 80.45 GiB
2026-09-22 12:04:31.197 INFO  allreduce: device clock rate 2418000 kHz (stamps conversion)
2026-09-22 12:04:31.197 INFO  allreduce: rank 1 seq 1 launched (1 peers)
2026-09-22 12:04:31.197 INFO  allreduce: rank 1 seq 1 ready after 33.4us
2026-09-22 12:04:31.197 INFO  allreduce: rank 1 seq 1 done status=0 after 64.0us
2026-09-22 12:04:31.225 INFO  allreduce: rank 1 seq 2 launched (1 peers)
2026-09-22 12:04:31.225 INFO  allreduce: rank 1 seq 2 ready after 7.8us
2026-09-22 12:04:31.225 INFO  allreduce: rank 1 seq 2 done status=0 after 24.8us
2026-09-22 12:04:31.509 INFO  allreduce: rank 1 seq 3 launched (1 peers)
2026-09-22 12:04:31.509 INFO  allreduce: rank 1 seq 3 ready after 22.5us
2026-09-22 12:04:31.617 INFO  allreduce: rank 1 seq 3 done status=0 after 108415.8us
2026-09-22 12:04:31.618 INFO  allreduce: rank 1 seq 4 launched (1 peers)
2026-09-22 12:04:31.618 INFO  allreduce: rank 1 seq 4 ready after 7.1us
2026-09-22 12:04:31.618 INFO  allreduce: rank 1 seq 4 done status=0 after 23.9us
2026-09-22 12:04:31.618 INFO  allreduce: rank 1 seq 5 launched (1 peers)
2026-09-22 12:04:31.618 INFO  allreduce: rank 1 seq 5 ready after 7.9us
2026-09-22 12:04:31.618 INFO  allreduce: rank 1 seq 5 done status=0 after 32.4us
2026-09-22 12:04:31.619 INFO  allreduce: rank 1 seq 6 launched (1 peers)
2026-09-22 12:04:31.619 INFO  allreduce: rank 1 seq 6 ready after 7.6us
2026-09-22 12:04:31.619 INFO  allreduce: rank 1 seq 6 done status=0 after 39.4us
2026-09-22 12:04:31.832 INFO  allreduce: rank 1 seq 7 launched (1 peers)
2026-09-22 12:04:31.832 INFO  allreduce: rank 1 seq 7 ready after 14.4us
2026-09-22 12:04:31.930 INFO  allreduce: rank 1 seq 7 done status=0 after 98314.3us
2026-09-22 12:04:31.931 INFO  allreduce: rank 1 seq 8 launched (1 peers)
2026-09-22 12:04:31.931 INFO  allreduce: rank 1 seq 8 ready after 7.7us
2026-09-22 12:04:31.931 INFO  allreduce: rank 1 seq 8 done status=0 after 24.8us
2026-09-22 12:04:32.184 INFO  allreduce: rank 1 seq 9 launched (1 peers)
2026-09-22 12:04:32.184 INFO  allreduce: rank 1 seq 9 ready after 13.4us
2026-09-22 12:04:32.292 INFO  allreduce: rank 1 seq 9 done status=0 after 108081.7us
2026-09-22 12:04:32.293 INFO  allreduce: rank 1 seq 10 launched (1 peers)
2026-09-22 12:04:32.293 INFO  allreduce: rank 1 seq 10 ready after 7.9us
2026-09-22 12:04:32.293 INFO  allreduce: rank 1 seq 10 done status=0 after 25.0us
2026-09-22 12:04:32.503 INFO  allreduce: rank 1 seq 11 launched (1 peers)
2026-09-22 12:04:32.503 INFO  allreduce: rank 1 seq 11 ready after 14.4us
2026-09-22 12:04:32.607 INFO  allreduce: rank 1 seq 11 done status=0 after 103498.0us
2026-09-22 12:04:32.608 INFO  allreduce: rank 1 seq 12 launched (1 peers)
2026-09-22 12:04:32.608 INFO  allreduce: rank 1 seq 12 ready after 8.0us
2026-09-22 12:04:32.608 INFO  allreduce: rank 1 seq 12 done status=0 after 25.3us
2026-09-22 12:04:32.822 INFO  allreduce: rank 1 seq 13 launched (1 peers)
2026-09-22 12:04:32.822 INFO  allreduce: rank 1 seq 13 ready after 14.5us
2026-09-22 12:04:32.917 INFO  allreduce: rank 1 seq 13 done status=0 after 94717.4us
2026-09-22 12:04:32.918 INFO  allreduce: rank 1 seq 14 launched (1 peers)
2026-09-22 12:04:32.918 INFO  allreduce: rank 1 seq 14 ready after 9.1us
2026-09-22 12:04:32.918 INFO  allreduce: rank 1 seq 14 done status=0 after 26.5us
2026-09-22 12:04:33.134 INFO  allreduce: rank 1 seq 15 launched (1 peers)
2026-09-22 12:04:33.134 INFO  allreduce: rank 1 seq 15 ready after 14.5us
2026-09-22 12:04:33.234 INFO  allreduce: rank 1 seq 15 done status=0 after 99290.6us
2026-09-22 12:04:33.235 INFO  allreduce: rank 1 seq 16 launched (1 peers)
2026-09-22 12:04:33.235 INFO  allreduce: rank 1 seq 16 ready after 7.8us
2026-09-22 12:04:33.235 INFO  allreduce: rank 1 seq 16 done status=0 after 25.0us
2026-09-22 12:04:47.475 INFO  rank 1 bf12: 248 decode matrices packed (3.20 GiB of bf16 -> 2.41 GiB, 400914 escapes, widest row 15, 0 rows kept raw; 0 matrices kept bf16) in 1.2 s
2026-09-22 12:04:47.479 INFO  bus graph era: variant 0 recorded with 102 collective node(s)
2026-09-22 12:04:47.479 INFO  rank 1: graph variant 0 shape: 1708 nodes, 1808 edges: kernel 1708 empty 0 memcpy 0 memset 0 host 0 event 0 other 0; max in-degree 2
2026-09-22 12:04:47.487 INFO  rank 1: graph variant 0 instantiated — 9.2 MiB of device memory (8.2 GiB free)
2026-09-22 12:04:47.489 INFO  bus graph era: variant 1 recorded with 102 collective node(s)
2026-09-22 12:04:47.489 INFO  rank 1: graph variant 1 shape: 1708 nodes, 1808 edges: kernel 1708 empty 0 memcpy 0 memset 0 host 0 event 0 other 0; max in-degree 2
2026-09-22 12:04:47.495 INFO  rank 1: graph variant 1 instantiated — 9.2 MiB of device memory (8.2 GiB free)
2026-09-22 12:04:47.495 INFO  rank 1: serving scalar graph variants 0/1 captured for request slot 0 (2 rows, MTP)
2026-09-22 12:04:47.497 INFO  bus graph era: variant 8 recorded with 102 collective node(s)
2026-09-22 12:04:47.497 INFO  rank 1: graph variant 8 shape: 1712 nodes, 1812 edges: kernel 1712 empty 0 memcpy 0 memset 0 host 0 event 0 other 0; max in-degree 2
2026-09-22 12:04:47.504 INFO  rank 1: graph variant 8 instantiated — 11.8 MiB of device memory (8.1 GiB free)
2026-09-22 12:04:47.506 INFO  bus graph era: variant 9 recorded with 102 collective node(s)
2026-09-22 12:04:47.506 INFO  rank 1: graph variant 9 shape: 1712 nodes, 1812 edges: kernel 1712 empty 0 memcpy 0 memset 0 host 0 event 0 other 0; max in-degree 2
2026-09-22 12:04:47.512 INFO  rank 1: graph variant 9 instantiated — 9.2 MiB of device memory (8.1 GiB free)
2026-09-22 12:04:47.512 INFO  rank 1: serving row-batched graph variants 8/9 captured for 2 slots x 2 rows = 4 fixed rows, MTP (a batch is selected at 2+ live requests, the smallest that covers the live slots)
2026-09-22 12:04:47.525 INFO  bus graph era: variant 10 recorded with 102 collective node(s)
2026-09-22 12:04:47.525 INFO  rank 1: graph variant 10 shape: 2018 nodes, 2118 edges: kernel 2018 empty 0 memcpy 0 memset 0 host 0 event 0 other 0; max in-degree 2
2026-09-22 12:04:47.533 INFO  rank 1: graph variant 10 instantiated — 12.3 MiB of device memory (8.1 GiB free)
2026-09-22 12:04:47.535 INFO  bus graph era: variant 11 recorded with 102 collective node(s)
2026-09-22 12:04:47.535 INFO  rank 1: graph variant 11 shape: 2018 nodes, 2118 edges: kernel 2018 empty 0 memcpy 0 memset 0 host 0 event 0 other 0; max in-degree 2
2026-09-22 12:04:47.542 INFO  rank 1: graph variant 11 instantiated — 7.9 MiB of device memory (8.1 GiB free)
2026-09-22 12:04:47.542 INFO  rank 1: serving row-batched graph variants 10/11 captured for 3 slots x 2 rows = 6 fixed rows, MTP (a batch is selected at 2+ live requests, the smallest that covers the live slots)
2026-09-22 12:04:47.544 INFO  bus graph era: variant 12 recorded with 102 collective node(s)
2026-09-22 12:04:47.544 INFO  rank 1: graph variant 12 shape: 2020 nodes, 2120 edges: kernel 2020 empty 0 memcpy 0 memset 0 host 0 event 0 other 0; max in-degree 2
2026-09-22 12:04:47.552 INFO  rank 1: graph variant 12 instantiated — 14.5 MiB of device memory (8.1 GiB free)
2026-09-22 12:04:47.554 INFO  bus graph era: variant 13 recorded with 102 collective node(s)
2026-09-22 12:04:47.554 INFO  rank 1: graph variant 13 shape: 2020 nodes, 2120 edges: kernel 2020 empty 0 memcpy 0 memset 0 host 0 event 0 other 0; max in-degree 2
2026-09-22 12:04:47.561 INFO  rank 1: graph variant 13 instantiated — 10.1 MiB of device memory (8.1 GiB free)
2026-09-22 12:04:47.561 INFO  rank 1: serving row-batched graph variants 12/13 captured for 4 slots x 2 rows = 8 fixed rows, MTP (a batch is selected at 2+ live requests, the smallest that covers the live slots)
2026-09-22 12:04:47.624 INFO  bus graph era: variant 2 recorded with 102 collective node(s)
2026-09-22 12:04:47.624 INFO  rank 1: graph variant 2 shape: 1708 nodes, 1808 edges: kernel 1708 empty 0 memcpy 0 memset 0 host 0 event 0 other 0; max in-degree 2
2026-09-22 12:04:47.631 INFO  rank 1: graph variant 2 instantiated — 9.7 MiB of device memory (8.1 GiB free)
2026-09-22 12:04:47.632 INFO  bus graph era: variant 3 recorded with 102 collective node(s)
2026-09-22 12:04:47.632 INFO  rank 1: graph variant 3 shape: 1708 nodes, 1808 edges: kernel 1708 empty 0 memcpy 0 memset 0 host 0 event 0 other 0; max in-degree 2
2026-09-22 12:04:47.639 INFO  rank 1: graph variant 3 instantiated — 11.4 MiB of device memory (8.1 GiB free)
2026-09-22 12:04:47.639 INFO  rank 1: serving scalar graph variants 2/3 captured for request slot 1 (2 rows, MTP)
2026-09-22 12:04:47.702 INFO  bus graph era: variant 4 recorded with 102 collective node(s)
2026-09-22 12:04:47.702 INFO  rank 1: graph variant 4 shape: 1708 nodes, 1808 edges: kernel 1708 empty 0 memcpy 0 memset 0 host 0 event 0 other 0; max in-degree 2
2026-09-22 12:04:47.708 INFO  rank 1: graph variant 4 instantiated — 9.7 MiB of device memory (8.1 GiB free)
2026-09-22 12:04:47.709 INFO  bus graph era: variant 5 recorded with 102 collective node(s)
2026-09-22 12:04:47.710 INFO  rank 1: graph variant 5 shape: 1708 nodes, 1808 edges: kernel 1708 empty 0 memcpy 0 memset 0 host 0 event 0 other 0; max in-degree 2
2026-09-22 12:04:47.716 INFO  rank 1: graph variant 5 instantiated — 9.7 MiB of device memory (8.0 GiB free)
2026-09-22 12:04:47.716 INFO  rank 1: serving scalar graph variants 4/5 captured for request slot 2 (2 rows, MTP)
2026-09-22 12:04:47.781 INFO  bus graph era: variant 6 recorded with 102 collective node(s)
2026-09-22 12:04:47.781 INFO  rank 1: graph variant 6 shape: 1708 nodes, 1808 edges: kernel 1708 empty 0 memcpy 0 memset 0 host 0 event 0 other 0; max in-degree 2
2026-09-22 12:04:47.787 INFO  rank 1: graph variant 6 instantiated — 9.2 MiB of device memory (8.0 GiB free)
2026-09-22 12:04:47.788 INFO  bus graph era: variant 7 recorded with 102 collective node(s)
2026-09-22 12:04:47.788 INFO  rank 1: graph variant 7 shape: 1708 nodes, 1808 edges: kernel 1708 empty 0 memcpy 0 memset 0 host 0 event 0 other 0; max in-degree 2
2026-09-22 12:04:47.796 INFO  rank 1: graph variant 7 instantiated — 14.0 MiB of device memory (8.0 GiB free)
2026-09-22 12:04:47.796 INFO  rank 1: serving scalar graph variants 6/7 captured for request slot 3 (2 rows, MTP)
2026-09-22 12:04:47.796 INFO  rank 1: warm capture complete — 4 scalar variants and the row batches for 2 slots, 3 slots, 4 slots recorded before the first request
2026-09-22 12:04:47.796 INFO  memory ledger: rank 1 after the warm capture — rss 5.33 GiB (anon 0.91, shmem 1.92, file 2.50; locked 14.13); device free 8.03 GiB, node available 12.36 GiB
2026-09-22 12:04:47.796 INFO  rank 1: graph variants warm-captured in 16.83s
2026-09-22 12:04:47.796 INFO  rank 1: following rank 0's journal (admission full, window 256)
2026-09-22 12:04:49.591 INFO  sched: request 'chatcmpl-1062cbf6a2895bdd' prefix cache miss — 2 cut(s), the cache is empty
2026-09-22 12:04:49.591 INFO  sched: request 'chatcmpl-1062cbf6a2895bdd' admitted to slot 0 (reserve 35 blocks; pool 36/4096 blocks in use) — first token 71093
2026-09-22 12:04:49.911 INFO  sched: request 'chatcmpl-1062cbf6a2895bde' prefix cache miss — 1 cut(s) probed against 1 entries; the nearest entry (position 160) shares the first 34 of the prompt's 129 tokens (the prompt differs from it from that token on)
2026-09-22 12:04:49.911 INFO  sched: request 'chatcmpl-1062cbf6a2895bde' admitted to slot 1 (reserve 35 blocks; pool 73/4096 blocks in use) — first token 71093
2026-09-22 12:04:50.300 INFO  sched: request 'chatcmpl-1062cbf6a2895bdf' prefix cache miss — 2 cut(s) probed against 2 entries; the nearest entry (position 160) shares the first 41 of the prompt's 160 tokens (the prompt differs from it from that token on)
2026-09-22 12:04:50.300 INFO  sched: request 'chatcmpl-1062cbf6a2895bdf' admitted to slot 2 (reserve 35 blocks; pool 109/4096 blocks in use) — first token 71093
2026-09-22 12:04:50.723 INFO  sched: request 'chatcmpl-1062cbf6a2895be0' prefix cache miss — 2 cut(s) probed against 3 entries; the nearest entry (position 160) shares the first 41 of the prompt's 163 tokens (the prompt differs from it from that token on)
2026-09-22 12:04:50.723 INFO  sched: request 'chatcmpl-1062cbf6a2895be0' admitted to slot 3 (reserve 35 blocks; pool 147/4096 blocks in use) — first token 71093
2026-09-22 12:04:54.111 INFO  sched: request 'chatcmpl-1062cbf6a2895bde' retired (eos): 97 tok in 4.2 s — prefill 129 tok (0 cached) in 281 ms; decode 96 tok / 48 passes in 3.9 s: 24.5 tok/s, 40.8 ms/tok, 82 ms/pass, 2.00 tok/pass, accept p1 100 %
2026-09-22 12:04:54.630 INFO  sched: request 'chatcmpl-1062cbf6a2895be1' prefix cache miss — 1 cut(s) probed against 5 entries; the nearest entry (position 160) shares the first 41 of the prompt's 162 tokens (the prompt differs from it from that token on)
2026-09-22 12:04:54.630 INFO  sched: request 'chatcmpl-1062cbf6a2895be1' admitted to slot 1 (reserve 35 blocks; pool 151/4096 blocks in use) — first token 71093
2026-09-22 12:04:56.766 INFO  sched: request 'chatcmpl-1062cbf6a2895be0' retired (eos): 157 tok in 6.0 s — prefill 163 tok (0 cached) in 360 ms; decode 156 tok / 78 passes in 5.7 s: 27.5 tok/s, 36.4 ms/tok, 73 ms/pass, 2.00 tok/pass, accept p1 100 %
2026-09-22 12:04:57.084 INFO  sched: request 'chatcmpl-1062cbf6a2895bdd' retired (eos): 173 tok in 7.5 s — prefill 168 tok (0 cached) in 454 ms; decode 172 tok / 86 passes in 7.0 s: 24.4 tok/s, 40.9 ms/tok, 82 ms/pass, 2.00 tok/pass, accept p1 100 %
2026-09-22 12:04:57.369 INFO  sched: request 'chatcmpl-1062cbf6a2895be2' prefix cache miss — 1 cut(s) probed against 8 entries; the nearest entry (position 340) shares the first 41 of the prompt's 138 tokens (the prompt differs from it from that token on)
2026-09-22 12:04:57.369 INFO  sched: request 'chatcmpl-1062cbf6a2895be2' admitted to slot 0 (reserve 35 blocks; pool 127/4096 blocks in use) — first token 71093
2026-09-22 12:04:57.726 INFO  sched: request 'chatcmpl-1062cbf6a2895be3' prefix cache miss — 1 cut(s) probed against 9 entries; the nearest entry (position 340) shares the first 41 of the prompt's 158 tokens (the prompt differs from it from that token on)
2026-09-22 12:04:57.726 INFO  sched: request 'chatcmpl-1062cbf6a2895be3' admitted to slot 3 (reserve 35 blocks; pool 163/4096 blocks in use) — first token 71093
2026-09-22 12:04:57.948 INFO  stats: rank 1 | 10.1 s | decode 69.1 tok/s, 9.2 ms/tok, 71.0 ms/step (90 steps / 695 tok, 64 % of wall) | mtp 2.01 tok/step/req, accept p1 99 % | prefill 7 prompts / 1078 tok, 107 tok/s, 2.15 ms/tok, 331 ms avg (23 % of wall), 0 tok cached (0/7 hits) | live 4, queued 0 | pool 165/4096 blocks (4 %) | prefix cache 10/27 entries
2026-09-22 12:04:59.800 INFO  sched: request 'chatcmpl-1062cbf6a2895bdf' retired (eos): 224 tok in 9.5 s — prefill 160 tok (0 cached) in 342 ms; decode 223 tok / 113 passes in 9.2 s: 24.4 tok/s, 41.1 ms/tok, 81 ms/pass, 1.97 tok/pass, accept p1 98 %
2026-09-22 12:05:00.374 INFO  sched: request 'chatcmpl-1062cbf6a2895be4' prefix cache miss — 1 cut(s) probed against 11 entries; the nearest entry (position 380) shares the first 41 of the prompt's 138 tokens (the prompt differs from it from that token on)
2026-09-22 12:05:00.374 INFO  sched: request 'chatcmpl-1062cbf6a2895be4' admitted to slot 2 (reserve 35 blocks; pool 170/4096 blocks in use) — first token 71093
2026-09-22 12:05:01.490 INFO  sched: request 'chatcmpl-1062cbf6a2895be1' retired (eos): 164 tok in 6.9 s — prefill 162 tok (0 cached) in 299 ms; decode 163 tok / 82 passes in 6.6 s: 24.8 tok/s, 40.3 ms/tok, 80 ms/pass, 1.99 tok/pass, accept p1 100 %
2026-09-22 12:05:02.129 INFO  sched: request 'chatcmpl-1062cbf6a2895be5' prefix cache miss — 2 cut(s) probed against 13 entries; the nearest entry (position 380) shares the first 39 of the prompt's 160 tokens (the prompt differs from it from that token on)
2026-09-22 12:05:02.129 INFO  sched: request 'chatcmpl-1062cbf6a2895be5' admitted to slot 1 (reserve 35 blocks; pool 176/4096 blocks in use) — first token 71093
2026-09-22 12:05:03.625 INFO  sched: request 'chatcmpl-1062cbf6a2895be2' retired (eos): 144 tok in 6.3 s — prefill 138 tok (0 cached) in 285 ms; decode 143 tok / 72 passes in 6.0 s: 23.9 tok/s, 41.8 ms/tok, 83 ms/pass, 1.99 tok/pass, accept p1 99 %
2026-09-22 12:05:04.256 INFO  sched: request 'chatcmpl-1062cbf6a2895be6' prefix cache miss — 2 cut(s) probed against 15 entries; the nearest entry (position 152) shares the first 43 of the prompt's 144 tokens (the prompt differs from it from that token on)
2026-09-22 12:05:04.256 INFO  sched: request 'chatcmpl-1062cbf6a2895be6' admitted to slot 0 (reserve 35 blocks; pool 183/4096 blocks in use) — first token 71093
2026-09-22 12:05:05.228 INFO  sched: request 'chatcmpl-1062cbf6a2895be4' retired (eos): 112 tok in 4.9 s — prefill 138 tok (0 cached) in 281 ms; decode 111 tok / 56 passes in 4.6 s: 24.3 tok/s, 41.2 ms/tok, 82 ms/pass, 1.98 tok/pass, accept p1 100 %
2026-09-22 12:05:05.837 INFO  sched: request 'chatcmpl-1062cbf6a2895be7' prefix cache miss — 1 cut(s) probed against 17 entries; the nearest entry (position 224) shares the first 36 of the prompt's 194 tokens (the prompt differs from it from that token on)
2026-09-22 12:05:05.837 INFO  sched: request 'chatcmpl-1062cbf6a2895be7' admitted to slot 2 (reserve 36 blocks; pool 189/4096 blocks in use) — first token 71093
2026-09-22 12:05:06.971 INFO  sched: request 'chatcmpl-1062cbf6a2895be3' retired (eos): 214 tok in 9.2 s — prefill 158 tok (0 cached) in 294 ms; decode 213 tok / 107 passes in 9.0 s: 23.8 tok/s, 42.0 ms/tok, 84 ms/pass, 1.99 tok/pass, accept p1 100 %
2026-09-22 12:05:07.611 INFO  sched: request 'chatcmpl-1062cbf6a2895be8' prefix cache miss — 2 cut(s) probed against 19 entries; the nearest entry (position 380) shares the first 41 of the prompt's 127 tokens (the prompt differs from it from that token on)
2026-09-22 12:05:07.611 INFO  sched: request 'chatcmpl-1062cbf6a2895be8' admitted to slot 3 (reserve 34 blocks; pool 195/4096 blocks in use) — first token 71093
2026-09-22 12:05:07.982 INFO  stats: rank 1 | 10.0 s | decode 86.7 tok/s, 9.5 ms/tok, 72.8 ms/step (114 steps / 870 tok, 83 % of wall) | mtp 2.00 tok/step/req, accept p1 100 % | prefill 5 prompts / 763 tok, 76 tok/s, 2.11 ms/tok, 322 ms avg (16 % of wall), 0 tok cached (0/5 hits) | live 4, queued 0 | pool 196/4096 blocks (5 %) | prefix cache 20/27 entries
2026-09-22 12:05:09.104 INFO  sched: request 'chatcmpl-1062cbf6a2895be5' retired (eos): 163 tok in 7.0 s — prefill 160 tok (0 cached) in 351 ms; decode 162 tok / 81 passes in 6.6 s: 24.5 tok/s, 40.9 ms/tok, 82 ms/pass, 2.00 tok/pass, accept p1 100 %
2026-09-22 12:05:09.679 INFO  sched: request 'chatcmpl-1062cbf6a2895be9' prefix cache miss — 1 cut(s) probed against 21 entries; the nearest entry (position 320) shares the first 40 of the prompt's 149 tokens (the prompt differs from it from that token on)
2026-09-22 12:05:09.679 INFO  sched: request 'chatcmpl-1062cbf6a2895be9' admitted to slot 1 (reserve 35 blocks; pool 201/4096 blocks in use) — first token 71093
2026-09-22 12:05:11.093 INFO  sched: request 'chatcmpl-1062cbf6a2895be6' retired (eos): 160 tok in 6.8 s — prefill 144 tok (0 cached) in 338 ms; decode 159 tok / 80 passes in 6.5 s: 24.5 tok/s, 40.9 ms/tok, 81 ms/pass, 1.99 tok/pass, accept p1 100 %
2026-09-22 12:05:11.714 INFO  sched: request 'chatcmpl-1062cbf6a2895bea' prefix cache miss — 2 cut(s) probed against 23 entries; the nearest entry (position 224) shares the first 36 of the prompt's 115 tokens (the prompt differs from it from that token on)
2026-09-22 12:05:11.714 INFO  sched: request 'chatcmpl-1062cbf6a2895bea' admitted to slot 0 (reserve 34 blocks; pool 205/4096 blocks in use) — first token 71093
2026-09-22 12:05:13.509 INFO  sched: request 'chatcmpl-1062cbf6a2895be8' retired (eos): 140 tok in 5.9 s — prefill 127 tok (0 cached) in 326 ms; decode 139 tok / 71 passes in 5.6 s: 24.9 tok/s, 40.1 ms/tok, 78 ms/pass, 1.96 tok/pass, accept p1 97 %
2026-09-22 12:05:14.080 INFO  sched: request 'chatcmpl-1062cbf6a2895beb' prefix cache miss — 1 cut(s) probed against 23 entries; the nearest entry (position 380) shares the first 41 of the prompt's 102 tokens (the prompt differs from it from that token on)
2026-09-22 12:05:14.080 INFO  sched: request 'chatcmpl-1062cbf6a2895beb' admitted to slot 3 (reserve 34 blocks; pool 209/4096 blocks in use) — first token 71093
2026-09-22 12:05:14.975 INFO  sched: request 'chatcmpl-1062cbf6a2895be9' retired (eos): 128 tok in 5.3 s — prefill 149 tok (0 cached) in 286 ms; decode 127 tok / 64 passes in 5.0 s: 25.3 tok/s, 39.4 ms/tok, 78 ms/pass, 1.98 tok/pass, accept p1 100 %
2026-09-22 12:05:15.531 INFO  sched: request 'chatcmpl-1062cbf6a2895bec' prefix cache miss — 1 cut(s) probed against 23 entries; the nearest entry (position 224) shares the first 36 of the prompt's 114 tokens (the prompt differs from it from that token on)
2026-09-22 12:05:15.531 INFO  sched: request 'chatcmpl-1062cbf6a2895bec' admitted to slot 1 (reserve 34 blocks; pool 213/4096 blocks in use) — first token 71093
2026-09-22 12:05:16.201 INFO  sched: request 'chatcmpl-1062cbf6a2895bea' retired (eos): 107 tok in 4.5 s — prefill 115 tok (0 cached) in 330 ms; decode 106 tok / 54 passes in 4.2 s: 25.5 tok/s, 39.2 ms/tok, 77 ms/pass, 1.96 tok/pass, accept p1 98 %
2026-09-22 12:05:16.691 INFO  sched: request 'chatcmpl-1062cbf6a2895bed' prefix cache miss — 1 cut(s) probed against 23 entries; the nearest entry (position 220) shares the first 36 of the prompt's 113 tokens (the prompt differs from it from that token on)
2026-09-22 12:05:16.691 INFO  sched: request 'chatcmpl-1062cbf6a2895bed' admitted to slot 0 (reserve 34 blocks; pool 213/4096 blocks in use) — first token 71093
2026-09-22 12:05:17.584 INFO  sched: request 'chatcmpl-1062cbf6a2895be7' retired (eos): 270 tok in 11.7 s — prefill 194 tok (0 cached) in 315 ms; decode 269 tok / 136 passes in 11.4 s: 23.5 tok/s, 42.5 ms/tok, 84 ms/pass, 1.98 tok/pass, accept p1 98 %
2026-09-22 12:05:17.730 INFO  sched: request 'chatcmpl-1062cbf6a2895beb' retired (eos): 84 tok in 3.6 s — prefill 102 tok (0 cached) in 256 ms; decode 83 tok / 42 passes in 3.4 s: 24.5 tok/s, 40.9 ms/tok, 81 ms/pass, 1.98 tok/pass, accept p1 100 %
2026-09-22 12:05:18.114 INFO  sched: request 'chatcmpl-1062cbf6a2895bee' prefix cache miss — 1 cut(s) probed against 24 entries; the nearest entry (position 368) shares the first 42 of the prompt's 218 tokens (the prompt differs from it from that token on)
2026-09-22 12:05:18.114 INFO  sched: request 'chatcmpl-1062cbf6a2895bee' admitted to slot 2 (reserve 36 blocks; pool 179/4096 blocks in use) — first token 71093
2026-09-22 12:05:18.174 INFO  stats: rank 1 | 10.2 s | decode 84.9 tok/s, 9.6 ms/tok, 72.3 ms/step (115 steps / 865 tok, 82 % of wall) | mtp 1.99 tok/step/req, accept p1 99 % | prefill 6 prompts / 811 tok, 80 tok/s, 2.15 ms/tok, 291 ms avg (17 % of wall), 0 tok cached (0/6 hits) | live 3, queued 0 | pool 179/4096 blocks (4 %) | prefix cache 25/27 entries
2026-09-22 12:05:18.460 INFO  sched: request 'chatcmpl-1062cbf6a2895bef' prefix cache miss — 1 cut(s) probed against 24 entries; the nearest entry (position 460) shares the first 36 of the prompt's 133 tokens (the prompt differs from it from that token on)
2026-09-22 12:05:18.460 INFO  sched: request 'chatcmpl-1062cbf6a2895bef' admitted to slot 3 (reserve 35 blocks; pool 215/4096 blocks in use) — first token 71093
2026-09-22 12:05:19.792 INFO  sched: request 'chatcmpl-1062cbf6a2895bec' retired (eos): 92 tok in 4.3 s — prefill 114 tok (0 cached) in 268 ms; decode 91 tok / 46 passes in 4.0 s: 22.8 tok/s, 43.9 ms/tok, 87 ms/pass, 1.98 tok/pass, accept p1 100 %
2026-09-22 12:05:20.295 INFO  sched: request 'chatcmpl-1062cbf6a2895bf0' prefix cache miss — 1 cut(s) probed against 23 entries; the nearest entry (position 368) shares the first 41 of the prompt's 150 tokens (the prompt differs from it from that token on)
2026-09-22 12:05:20.295 INFO  sched: request 'chatcmpl-1062cbf6a2895bf0' admitted to slot 1 (reserve 35 blocks; pool 215/4096 blocks in use) — first token 71093
2026-09-22 12:05:20.523 INFO  sched: request 'chatcmpl-1062cbf6a2895bed' retired (eos): 81 tok in 3.8 s — prefill 113 tok (0 cached) in 271 ms; decode 80 tok / 40 passes in 3.6 s: 22.5 tok/s, 44.5 ms/tok, 89 ms/pass, 2.00 tok/pass, accept p1 100 %
2026-09-22 12:05:21.119 INFO  sched: request 'chatcmpl-1062cbf6a2895bf1' prefix cache miss — 2 cut(s) probed against 23 entries; the nearest entry (position 320) shares the first 43 of the prompt's 212 tokens (the prompt differs from it from that token on)
2026-09-22 12:05:21.119 INFO  sched: request 'chatcmpl-1062cbf6a2895bf1' admitted to slot 0 (reserve 36 blocks; pool 214/4096 blocks in use) — first token 71093
2026-09-22 12:05:25.065 INFO  sched: request 'chatcmpl-1062cbf6a2895bef' retired (eos): 161 tok in 6.6 s — prefill 133 tok (0 cached) in 282 ms; decode 160 tok / 80 passes in 6.3 s: 25.3 tok/s, 39.5 ms/tok, 79 ms/pass, 2.00 tok/pass, accept p1 100 %
2026-09-22 12:05:25.621 INFO  sched: request 'chatcmpl-1062cbf6a2895bf2' prefix cache miss — 1 cut(s) probed against 23 entries; the nearest entry (position 368) shares the first 41 of the prompt's 169 tokens (the prompt differs from it from that token on)
2026-09-22 12:05:25.621 INFO  sched: request 'chatcmpl-1062cbf6a2895bf2' admitted to slot 3 (reserve 35 blocks; pool 213/4096 blocks in use) — first token 71093
2026-09-22 12:05:28.247 INFO  stats: rank 1 | 10.1 s | decode 92.6 tok/s, 9.3 ms/tok, 73.2 ms/step (119 steps / 933 tok, 86 % of wall) | mtp 2.00 tok/step/req, accept p1 100 % | prefill 4 prompts / 664 tok, 66 tok/s, 1.88 ms/tok, 312 ms avg (12 % of wall), 0 tok cached (0/4 hits) | live 4, queued 0 | pool 211/4096 blocks (5 %) | prefix cache 23/27 entries
2026-09-22 12:05:28.549 INFO  sched: request 'chatcmpl-1062cbf6a2895bee' retired (eos): 248 tok in 10.4 s — prefill 218 tok (0 cached) in 334 ms; decode 247 tok / 124 passes in 10.1 s: 24.5 tok/s, 40.9 ms/tok, 81 ms/pass, 1.99 tok/pass, accept p1 99 %
2026-09-22 12:05:29.124 INFO  sched: request 'chatcmpl-1062cbf6a2895bf3' prefix cache miss — 1 cut(s) probed against 23 entries; the nearest entry (position 320) shares the first 40 of the prompt's 137 tokens (the prompt differs from it from that token on)
2026-09-22 12:05:29.124 INFO  sched: request 'chatcmpl-1062cbf6a2895bf3' admitted to slot 2 (reserve 35 blocks; pool 216/4096 blocks in use) — first token 71093
2026-09-22 12:05:31.798 INFO  sched: request 'chatcmpl-1062cbf6a2895bf1' retired (eos): 271 tok in 10.7 s — prefill 212 tok (0 cached) in 378 ms; decode 270 tok / 136 passes in 10.3 s: 26.2 tok/s, 38.2 ms/tok, 76 ms/pass, 1.99 tok/pass, accept p1 99 %
2026-09-22 12:05:31.870 INFO  sched: request 'chatcmpl-1062cbf6a2895bf0' retired (eos): 286 tok in 11.6 s — prefill 150 tok (0 cached) in 284 ms; decode 285 tok / 143 passes in 11.3 s: 25.2 tok/s, 39.6 ms/tok, 79 ms/pass, 1.99 tok/pass, accept p1 100 %
2026-09-22 12:05:32.376 INFO  sched: request 'chatcmpl-1062cbf6a2895bf4' prefix cache miss — 2 cut(s) probed against 24 entries; the nearest entry (position 460) shares the first 36 of the prompt's 87 tokens (the prompt differs from it from that token on)
2026-09-22 12:05:32.376 INFO  sched: request 'chatcmpl-1062cbf6a2895bf4' admitted to slot 0 (reserve 34 blocks; pool 187/4096 blocks in use) — first token 71093
2026-09-22 12:05:32.758 INFO  sched: request 'chatcmpl-1062cbf6a2895bf5' prefix cache miss — 2 cut(s) probed against 23 entries; the nearest entry (position 460) shares the first 36 of the prompt's 95 tokens (the prompt differs from it from that token on)
2026-09-22 12:05:32.758 INFO  sched: request 'chatcmpl-1062cbf6a2895bf5' admitted to slot 1 (reserve 34 blocks; pool 217/4096 blocks in use) — first token 71093
2026-09-22 12:05:32.910 INFO  sched: request 'chatcmpl-1062cbf6a2895bf2' retired (eos): 172 tok in 7.3 s — prefill 169 tok (0 cached) in 304 ms; decode 171 tok / 86 passes in 7.0 s: 24.5 tok/s, 40.8 ms/tok, 81 ms/pass, 1.99 tok/pass, accept p1 99 %
2026-09-22 12:05:33.469 INFO  sched: request 'chatcmpl-1062cbf6a2895bf6' prefix cache miss — 1 cut(s) probed against 23 entries; the nearest entry (position 464) shares the first 41 of the prompt's 177 tokens (the prompt differs from it from that token on)
2026-09-22 12:05:33.469 INFO  sched: request 'chatcmpl-1062cbf6a2895bf6' admitted to slot 3 (reserve 35 blocks; pool 218/4096 blocks in use) — first token 71093
2026-09-22 12:05:34.358 INFO  sched: request 'chatcmpl-1062cbf6a2895bf3' retired (eos): 119 tok in 5.2 s — prefill 137 tok (0 cached) in 283 ms; decode 118 tok / 59 passes in 5.0 s: 23.8 tok/s, 42.0 ms/tok, 84 ms/pass, 2.00 tok/pass, accept p1 100 %
2026-09-22 12:05:34.929 INFO  sched: request 'chatcmpl-1062cbf6a2895bf7' prefix cache miss — 1 cut(s) probed against 23 entries; the nearest entry (position 464) shares the first 41 of the prompt's 129 tokens (the prompt differs from it from that token on)
2026-09-22 12:05:34.929 INFO  sched: request 'chatcmpl-1062cbf6a2895bf7' admitted to slot 2 (reserve 35 blocks; pool 216/4096 blocks in use) — first token 71093
2026-09-22 12:05:35.229 INFO  sched: request 'chatcmpl-1062cbf6a2895bf4' retired (eos): 53 tok in 2.9 s — prefill 87 tok (0 cached) in 299 ms; decode 52 tok / 27 passes in 2.6 s: 20.4 tok/s, 49.1 ms/tok, 95 ms/pass, 1.93 tok/pass, accept p1 96 %
2026-09-22 12:05:35.742 INFO  sched: request 'chatcmpl-1062cbf6a2895bf8' prefix cache miss — 2 cut(s) probed against 23 entries; the nearest entry (position 460) shares the first 36 of the prompt's 91 tokens (the prompt differs from it from that token on)
2026-09-22 12:05:35.742 INFO  sched: request 'chatcmpl-1062cbf6a2895bf8' admitted to slot 0 (reserve 34 blocks; pool 215/4096 blocks in use) — first token 71093
2026-09-22 12:05:36.938 INFO  sched: request 'chatcmpl-1062cbf6a2895bf5' retired (eos): 91 tok in 4.2 s — prefill 95 tok (0 cached) in 306 ms; decode 90 tok / 45 passes in 3.9 s: 23.2 tok/s, 43.0 ms/tok, 86 ms/pass, 2.00 tok/pass, accept p1 100 %
2026-09-22 12:05:37.461 INFO  sched: request 'chatcmpl-1062cbf6a2895bf9' prefix cache miss — 2 cut(s) probed against 23 entries; the nearest entry (position 464) shares the first 41 of the prompt's 103 tokens (the prompt differs from it from that token on)
2026-09-22 12:05:37.461 INFO  sched: request 'chatcmpl-1062cbf6a2895bf9' admitted to slot 1 (reserve 34 blocks; pool 213/4096 blocks in use) — first token 71093
2026-09-22 12:05:38.205 INFO  sched: request 'chatcmpl-1062cbf6a2895bf8' retired (eos): 58 tok in 2.5 s — prefill 91 tok (0 cached) in 298 ms; decode 57 tok / 29 passes in 2.2 s: 26.3 tok/s, 38.0 ms/tok, 75 ms/pass, 1.97 tok/pass, accept p1 100 %
2026-09-22 12:05:38.276 INFO  stats: rank 1 | 10.0 s | decode 80.9 tok/s, 9.6 ms/tok, 72.4 ms/step (108 steps / 811 tok, 78 % of wall) | mtp 2.00 tok/step/req, accept p1 100 % | prefill 7 prompts / 819 tok, 82 tok/s, 2.54 ms/tok, 297 ms avg (21 % of wall), 0 tok cached (0/7 hits) | live 3, queued 0 | pool 175/4096 blocks (4 %) | prefix cache 24/27 entries
2026-09-22 12:05:38.701 INFO  sched: request 'chatcmpl-1062cbf6a2895bfa' prefix cache miss — 1 cut(s) probed against 23 entries; the nearest entry (position 464) shares the first 41 of the prompt's 133 tokens (the prompt differs from it from that token on)
2026-09-22 12:05:38.701 INFO  sched: request 'chatcmpl-1062cbf6a2895bfa' admitted to slot 0 (reserve 35 blocks; pool 207/4096 blocks in use) — first token 71093
2026-09-22 12:05:40.261 INFO  sched: request 'chatcmpl-1062cbf6a2895bf7' retired (eos): 119 tok in 5.3 s — prefill 129 tok (0 cached) in 279 ms; decode 118 tok / 60 passes in 5.1 s: 23.4 tok/s, 42.8 ms/tok, 84 ms/pass, 1.97 tok/pass, accept p1 98 %
2026-09-22 12:05:40.335 INFO  sched: request 'chatcmpl-1062cbf6a2895bf9' retired (eos): 70 tok in 2.9 s — prefill 103 tok (0 cached) in 305 ms; decode 69 tok / 35 passes in 2.6 s: 26.9 tok/s, 37.2 ms/tok, 73 ms/pass, 1.97 tok/pass, accept p1 100 %
2026-09-22 12:05:40.887 INFO  sched: request 'chatcmpl-1062cbf6a2895bfb' prefix cache miss — 2 cut(s) probed against 24 entries; the nearest entry (position 292) shares the first 36 of the prompt's 164 tokens (the prompt differs from it from that token on)
2026-09-22 12:05:40.887 INFO  sched: request 'chatcmpl-1062cbf6a2895bfb' admitted to slot 1 (reserve 35 blocks; pool 179/4096 blocks in use) — first token 71093
2026-09-22 12:05:41.310 INFO  sched: request 'chatcmpl-1062cbf6a2895bfc' prefix cache miss — 2 cut(s) probed against 23 entries; the nearest entry (position 292) shares the first 36 of the prompt's 155 tokens (the prompt differs from it from that token on)
2026-09-22 12:05:41.310 INFO  sched: request 'chatcmpl-1062cbf6a2895bfc' admitted to slot 2 (reserve 35 blocks; pool 211/4096 blocks in use) — first token 71093
2026-09-22 12:05:42.795 INFO  sched: request 'chatcmpl-1062cbf6a2895bf6' retired (eos): 202 tok in 9.3 s — prefill 177 tok (0 cached) in 310 ms; decode 201 tok / 101 passes in 9.0 s: 22.3 tok/s, 44.9 ms/tok, 89 ms/pass, 1.99 tok/pass, accept p1 99 %
2026-09-22 12:05:43.482 INFO  sched: request 'chatcmpl-1062cbf6a2895bfd' prefix cache miss — 1 cut(s) probed against 23 entries; the nearest entry (position 480) shares the first 35 of the prompt's 310 tokens (the prompt differs from it from that token on)
2026-09-22 12:05:43.482 INFO  sched: request 'chatcmpl-1062cbf6a2895bfd' admitted to slot 3 (reserve 37 blocks; pool 216/4096 blocks in use) — first token 71093
2026-09-22 12:05:43.635 INFO  sched: request 'chatcmpl-1062cbf6a2895bfa' retired (eos): 107 tok in 4.9 s — prefill 133 tok (0 cached) in 277 ms; decode 106 tok / 53 passes in 4.7 s: 22.8 tok/s, 43.9 ms/tok, 88 ms/pass, 2.00 tok/pass, accept p1 100 %
2026-09-22 12:05:44.292 INFO  sched: request 'chatcmpl-1062cbf6a2895bfe' prefix cache miss — 2 cut(s) probed against 23 entries; the nearest entry (position 184) shares the first 36 of the prompt's 196 tokens (the prompt differs from it from that token on)
2026-09-22 12:05:44.292 INFO  sched: request 'chatcmpl-1062cbf6a2895bfe' admitted to slot 0 (reserve 36 blocks; pool 215/4096 blocks in use) — first token 71093
2026-09-22 12:05:47.074 INFO  sched: request 'chatcmpl-1062cbf6a2895bfb' retired (eos): 139 tok in 6.2 s — prefill 164 tok (0 cached) in 346 ms; decode 138 tok / 69 passes in 5.8 s: 23.6 tok/s, 42.3 ms/tok, 85 ms/pass, 2.00 tok/pass, accept p1 100 %
2026-09-22 12:05:47.681 INFO  sched: request 'chatcmpl-1062cbf6a2895bff' prefix cache miss — 2 cut(s) probed against 23 entries; the nearest entry (position 300) shares the first 36 of the prompt's 120 tokens (the prompt differs from it from that token on)
2026-09-22 12:05:47.681 INFO  sched: request 'chatcmpl-1062cbf6a2895bff' admitted to slot 1 (reserve 34 blocks; pool 213/4096 blocks in use) — first token 71093
2026-09-22 12:05:48.280 INFO  stats: rank 1 | 10.0 s | decode 81.8 tok/s, 9.6 ms/tok, 72.8 ms/step (108 steps / 818 tok, 79 % of wall) | mtp 2.00 tok/step/req, accept p1 99 % | prefill 6 prompts / 1078 tok, 108 tok/s, 1.88 ms/tok, 338 ms avg (20 % of wall), 0 tok cached (0/6 hits) | live 4, queued 0 | pool 206/4096 blocks (5 %) | prefix cache 23/27 entries
2026-09-22 12:05:49.562 INFO  sched: request 'chatcmpl-1062cbf6a2895bfc' retired (eos): 193 tok in 8.3 s — prefill 155 tok (0 cached) in 343 ms; decode 192 tok / 97 passes in 7.9 s: 24.3 tok/s, 41.2 ms/tok, 82 ms/pass, 1.98 tok/pass, accept p1 99 %
2026-09-22 12:05:50.110 INFO  sched: request 'chatcmpl-1062cbf6a2895c00' prefix cache miss — 2 cut(s) probed against 23 entries; the nearest entry (position 344) shares the first 36 of the prompt's 131 tokens (the prompt differs from it from that token on)
2026-09-22 12:05:50.110 INFO  sched: request 'chatcmpl-1062cbf6a2895c00' admitted to slot 2 (reserve 35 blocks; pool 205/4096 blocks in use) — first token 71093
2026-09-22 12:05:51.236 INFO  sched: request 'chatcmpl-1062cbf6a2895bff' retired (eos): 87 tok in 3.6 s — prefill 120 tok (0 cached) in 319 ms; decode 86 tok / 43 passes in 3.2 s: 26.6 tok/s, 37.6 ms/tok, 75 ms/pass, 2.00 tok/pass, accept p1 100 %
2026-09-22 12:05:51.735 INFO  sched: request 'chatcmpl-1062cbf6a2895c01' prefix cache miss — 1 cut(s) probed against 23 entries; the nearest entry (position 344) shares the first 36 of the prompt's 129 tokens (the prompt differs from it from that token on)
2026-09-22 12:05:51.735 INFO  sched: request 'chatcmpl-1062cbf6a2895c01' admitted to slot 1 (reserve 35 blocks; pool 209/4096 blocks in use) — first token 71093
2026-09-22 12:05:53.994 INFO  sched: request 'chatcmpl-1062cbf6a2895c00' retired (eos): 97 tok in 3.9 s — prefill 131 tok (0 cached) in 328 ms; decode 96 tok / 48 passes in 3.6 s: 27.0 tok/s, 37.0 ms/tok, 74 ms/pass, 2.00 tok/pass, accept p1 100 %
2026-09-22 12:05:54.593 INFO  sched: request 'chatcmpl-1062cbf6a2895c02' prefix cache miss — 1 cut(s) probed against 23 entries; the nearest entry (position 188) shares the first 37 of the prompt's 169 tokens (the prompt differs from it from that token on)
2026-09-22 12:05:54.593 INFO  sched: request 'chatcmpl-1062cbf6a2895c02' admitted to slot 2 (reserve 35 blocks; pool 207/4096 blocks in use) — first token 71093
2026-09-22 12:05:55.643 INFO  sched: request 'chatcmpl-1062cbf6a2895bfe' retired (eos): 268 tok in 11.4 s — prefill 196 tok (0 cached) in 366 ms; decode 267 tok / 135 passes in 11.0 s: 24.3 tok/s, 41.1 ms/tok, 81 ms/pass, 1.98 tok/pass, accept p1 98 %
2026-09-22 12:05:56.179 INFO  sched: request 'chatcmpl-1062cbf6a2895c03' prefix cache miss — 1 cut(s) probed against 23 entries; the nearest entry (position 460) shares the first 36 of the prompt's 210 tokens (the prompt differs from it from that token on)
2026-09-22 12:05:56.179 INFO  sched: request 'chatcmpl-1062cbf6a2895c03' admitted to slot 0 (reserve 36 blocks; pool 211/4096 blocks in use) — first token 71093
2026-09-22 12:05:57.537 INFO  sched: request 'chatcmpl-1062cbf6a2895c01' retired (eos): 139 tok in 5.8 s — prefill 129 tok (0 cached) in 279 ms; decode 138 tok / 69 passes in 5.5 s: 25.0 tok/s, 40.0 ms/tok, 80 ms/pass, 2.00 tok/pass, accept p1 100 %
2026-09-22 12:05:58.098 INFO  sched: request 'chatcmpl-1062cbf6a2895c04' prefix cache miss — 2 cut(s) probed against 23 entries; the nearest entry (position 460) shares the first 36 of the prompt's 147 tokens (the prompt differs from it from that token on)
2026-09-22 12:05:58.098 INFO  sched: request 'chatcmpl-1062cbf6a2895c04' admitted to slot 1 (reserve 35 blocks; pool 213/4096 blocks in use) — first token 71093
2026-09-22 12:05:58.323 INFO  stats: rank 1 | 10.0 s | decode 86.4 tok/s, 9.6 ms/tok, 73.9 ms/step (113 steps / 868 tok, 83 % of wall) | mtp 1.99 tok/step/req, accept p1 98 % | prefill 5 prompts / 786 tok, 78 tok/s, 2.00 ms/tok, 314 ms avg (16 % of wall), 0 tok cached (0/5 hits) | live 4, queued 0 | pool 209/4096 blocks (5 %) | prefix cache 23/27 entries
2026-09-22 12:06:02.222 INFO  sched: request 'chatcmpl-1062cbf6a2895c03' retired (eos): 146 tok in 6.0 s — prefill 210 tok (0 cached) in 319 ms; decode 145 tok / 76 passes in 5.7 s: 25.3 tok/s, 39.5 ms/tok, 75 ms/pass, 1.91 tok/pass, accept p1 92 %
2026-09-22 12:06:02.882 INFO  sched: request 'chatcmpl-1062cbf6a2895c05' prefix cache miss — 2 cut(s) probed against 23 entries; the nearest entry (position 460) shares the first 36 of the prompt's 208 tokens (the prompt differs from it from that token on)
2026-09-22 12:06:02.882 INFO  sched: request 'chatcmpl-1062cbf6a2895c05' admitted to slot 0 (reserve 36 blocks; pool 216/4096 blocks in use) — first token 71093
2026-09-22 12:06:04.078 INFO  sched: request 'chatcmpl-1062cbf6a2895c02' retired (eos): 220 tok in 9.5 s — prefill 169 tok (0 cached) in 303 ms; decode 219 tok / 113 passes in 9.2 s: 23.9 tok/s, 41.9 ms/tok, 81 ms/pass, 1.94 tok/pass, accept p1 94 %
2026-09-22 12:06:04.608 INFO  sched: request 'chatcmpl-1062cbf6a2895c06' prefix cache miss — 1 cut(s) probed against 23 entries; the nearest entry (position 460) shares the first 36 of the prompt's 197 tokens (the prompt differs from it from that token on)
2026-09-22 12:06:04.608 INFO  sched: request 'chatcmpl-1062cbf6a2895c06' admitted to slot 2 (reserve 36 blocks; pool 221/4096 blocks in use) — first token 71093
2026-09-22 12:06:08.228 INFO  sched: request 'chatcmpl-1062cbf6a2895c04' retired (eos): 251 tok in 10.1 s — prefill 147 tok (0 cached) in 342 ms; decode 250 tok / 126 passes in 9.8 s: 25.5 tok/s, 39.2 ms/tok, 78 ms/pass, 1.98 tok/pass, accept p1 99 %
2026-09-22 12:06:08.373 INFO  stats: rank 1 | 10.1 s | decode 94.8 tok/s, 9.7 ms/tok, 74.1 ms/step (125 steps / 953 tok, 92 % of wall) | mtp 1.94 tok/step/req, accept p1 94 % | prefill 2 prompts / 405 tok, 40 tok/s, 1.69 ms/tok, 342 ms avg (7 % of wall), 0 tok cached (0/2 hits) | live 3, queued 0 | pool 189/4096 blocks (5 %) | prefix cache 24/27 entries
2026-09-22 12:06:08.874 INFO  sched: request 'chatcmpl-1062cbf6a2895c07' prefix cache miss — 2 cut(s) probed against 23 entries; the nearest entry (position 460) shares the first 36 of the prompt's 159 tokens (the prompt differs from it from that token on)
2026-09-22 12:06:08.874 INFO  sched: request 'chatcmpl-1062cbf6a2895c07' admitted to slot 1 (reserve 35 blocks; pool 222/4096 blocks in use) — first token 71093
2026-09-22 12:06:09.335 INFO  sched: request 'chatcmpl-1062cbf6a2895bfd' retired (eos): 581 tok in 25.9 s — prefill 310 tok (0 cached) in 376 ms; decode 580 tok / 301 passes in 25.5 s: 22.8 tok/s, 43.9 ms/tok, 85 ms/pass, 1.93 tok/pass, accept p1 93 %
2026-09-22 12:06:09.908 INFO  sched: request 'chatcmpl-1062cbf6a2895c08' prefix cache miss — 1 cut(s) probed against 23 entries; the nearest entry (position 460) shares the first 36 of the prompt's 206 tokens (the prompt differs from it from that token on)
2026-09-22 12:06:09.908 INFO  sched: request 'chatcmpl-1062cbf6a2895c08' admitted to slot 3 (reserve 36 blocks; pool 233/4096 blocks in use) — first token 71093
2026-09-22 12:06:11.332 INFO  sched: request 'chatcmpl-1062cbf6a2895c06' retired (eos): 163 tok in 6.7 s — prefill 197 tok (0 cached) in 311 ms; decode 162 tok / 81 passes in 6.4 s: 25.3 tok/s, 39.6 ms/tok, 79 ms/pass, 2.00 tok/pass, accept p1 100 %
2026-09-22 12:06:11.896 INFO  sched: request 'chatcmpl-1062cbf6a2895c09' prefix cache miss — 2 cut(s) probed against 23 entries; the nearest entry (position 460) shares the first 36 of the prompt's 147 tokens (the prompt differs from it from that token on)
2026-09-22 12:06:11.896 INFO  sched: request 'chatcmpl-1062cbf6a2895c09' admitted to slot 2 (reserve 35 blocks; pool 233/4096 blocks in use) — first token 71093
2026-09-22 12:06:12.952 INFO  sched: request 'chatcmpl-1062cbf6a2895c05' retired (eos): 235 tok in 10.1 s — prefill 208 tok (0 cached) in 372 ms; decode 234 tok / 117 passes in 9.7 s: 24.1 tok/s, 41.4 ms/tok, 83 ms/pass, 2.00 tok/pass, accept p1 100 %
2026-09-22 12:06:13.421 INFO  sched: request 'chatcmpl-1062cbf6a2895c0a' prefix cache miss — 1 cut(s) probed against 23 entries; the nearest entry (position 460) shares the first 36 of the prompt's 89 tokens (the prompt differs from it from that token on)
2026-09-22 12:06:13.421 INFO  sched: request 'chatcmpl-1062cbf6a2895c0a' admitted to slot 0 (reserve 34 blocks; pool 233/4096 blocks in use) — first token 71093
2026-09-22 12:06:14.708 INFO  sched: request 'chatcmpl-1062cbf6a2895c07' retired (eos): 132 tok in 5.8 s — prefill 159 tok (0 cached) in 350 ms; decode 131 tok / 66 passes in 5.5 s: 23.9 tok/s, 41.9 ms/tok, 83 ms/pass, 1.98 tok/pass, accept p1 100 %
2026-09-22 12:06:15.314 INFO  sched: request 'chatcmpl-1062cbf6a2895c0b' prefix cache miss — 2 cut(s) probed against 23 entries; the nearest entry (position 460) shares the first 36 of the prompt's 219 tokens (the prompt differs from it from that token on)
2026-09-22 12:06:15.314 INFO  sched: request 'chatcmpl-1062cbf6a2895c0b' admitted to slot 1 (reserve 36 blocks; pool 233/4096 blocks in use) — first token 71093
2026-09-22 12:06:16.065 INFO  sched: request 'chatcmpl-1062cbf6a2895c0a' retired (eos): 60 tok in 2.6 s — prefill 89 tok (0 cached) in 248 ms; decode 59 tok / 30 passes in 2.4 s: 24.6 tok/s, 40.6 ms/tok, 80 ms/pass, 1.97 tok/pass, accept p1 100 %
2026-09-22 12:06:16.563 INFO  sched: request 'chatcmpl-1062cbf6a2895c0c' prefix cache miss — 1 cut(s) probed against 23 entries; the nearest entry (position 460) shares the first 36 of the prompt's 125 tokens (the prompt differs from it from that token on)
2026-09-22 12:06:16.563 INFO  sched: request 'chatcmpl-1062cbf6a2895c0c' admitted to slot 0 (reserve 34 blocks; pool 232/4096 blocks in use) — first token 71093
2026-09-22 12:06:18.409 INFO  stats: rank 1 | 10.0 s | decode 83.4 tok/s, 9.6 ms/tok, 73.4 ms/step (109 steps / 837 tok, 80 % of wall) | mtp 2.00 tok/step/req, accept p1 100 % | prefill 6 prompts / 945 tok, 94 tok/s, 2.03 ms/tok, 320 ms avg (19 % of wall), 0 tok cached (0/6 hits) | live 4, queued 0 | pool 229/4096 blocks (6 %) | prefix cache 23/27 entries
2026-09-22 12:06:18.636 INFO  sched: request 'chatcmpl-1062cbf6a2895c08' retired (eos): 201 tok in 8.7 s — prefill 206 tok (0 cached) in 318 ms; decode 200 tok / 100 passes in 8.4 s: 23.8 tok/s, 42.1 ms/tok, 84 ms/pass, 2.00 tok/pass, accept p1 100 %
2026-09-22 12:06:18.701 INFO  sched: request 'chatcmpl-1062cbf6a2895c09' retired (eos): 157 tok in 6.8 s — prefill 147 tok (0 cached) in 342 ms; decode 156 tok / 79 passes in 6.5 s: 24.1 tok/s, 41.4 ms/tok, 82 ms/pass, 1.97 tok/pass, accept p1 99 %
2026-09-22 12:06:19.172 INFO  sched: request 'chatcmpl-1062cbf6a2895c0d' prefix cache miss — 1 cut(s) probed against 24 entries; the nearest entry (position 460) shares the first 36 of the prompt's 118 tokens (the prompt differs from it from that token on)
2026-09-22 12:06:19.172 INFO  sched: request 'chatcmpl-1062cbf6a2895c0d' admitted to slot 2 (reserve 34 blocks; pool 202/4096 blocks in use) — first token 71093
2026-09-22 12:06:19.585 INFO  sched: request 'chatcmpl-1062cbf6a2895c0e' prefix cache miss — 2 cut(s) probed against 24 entries; the nearest entry (position 460) shares the first 36 of the prompt's 163 tokens (the prompt differs from it from that token on)
2026-09-22 12:06:19.585 INFO  sched: request 'chatcmpl-1062cbf6a2895c0e' admitted to slot 3 (reserve 35 blocks; pool 234/4096 blocks in use) — first token 71093
2026-09-22 12:06:22.715 INFO  sched: request 'chatcmpl-1062cbf6a2895c0d' retired (eos): 87 tok in 3.5 s — prefill 118 tok (0 cached) in 273 ms; decode 86 tok / 43 passes in 3.3 s: 26.3 tok/s, 38.0 ms/tok, 76 ms/pass, 2.00 tok/pass, accept p1 100 %
2026-09-22 12:06:22.715 INFO  sched: request 'chatcmpl-1062cbf6a2895c0c' retired (eos): 151 tok in 6.2 s — prefill 125 tok (0 cached) in 276 ms; decode 150 tok / 76 passes in 5.9 s: 25.5 tok/s, 39.2 ms/tok, 77 ms/pass, 1.97 tok/pass, accept p1 97 %
2026-09-22 12:06:23.317 INFO  sched: request 'chatcmpl-1062cbf6a2895c0f' prefix cache miss — 2 cut(s) probed against 24 entries; the nearest entry (position 352) shares the first 37 of the prompt's 139 tokens (the prompt differs from it from that token on)
2026-09-22 12:06:23.317 INFO  sched: request 'chatcmpl-1062cbf6a2895c0f' admitted to slot 0 (reserve 35 blocks; pool 201/4096 blocks in use) — first token 71093
2026-09-22 12:06:23.696 INFO  sched: request 'chatcmpl-1062cbf6a2895c10' prefix cache miss — 1 cut(s) probed against 23 entries; the nearest entry (position 440) shares the first 36 of the prompt's 178 tokens (the prompt differs from it from that token on)
2026-09-22 12:06:23.696 INFO  sched: request 'chatcmpl-1062cbf6a2895c10' admitted to slot 2 (reserve 35 blocks; pool 231/4096 blocks in use) — first token 71093
2026-09-22 12:06:25.194 INFO  sched: request 'chatcmpl-1062cbf6a2895c0e' retired (eos): 134 tok in 5.6 s — prefill 163 tok (0 cached) in 349 ms; decode 133 tok / 67 passes in 5.3 s: 25.3 tok/s, 39.5 ms/tok, 79 ms/pass, 1.99 tok/pass, accept p1 100 %
2026-09-22 12:06:25.784 INFO  sched: request 'chatcmpl-1062cbf6a2895c11' prefix cache miss — 2 cut(s) probed against 23 entries; the nearest entry (position 440) shares the first 36 of the prompt's 128 tokens (the prompt differs from it from that token on)
2026-09-22 12:06:25.784 INFO  sched: request 'chatcmpl-1062cbf6a2895c11' admitted to slot 3 (reserve 34 blocks; pool 230/4096 blocks in use) — first token 71093
2026-09-22 12:06:27.892 INFO  sched: request 'chatcmpl-1062cbf6a2895c0b' retired (eos): 293 tok in 12.6 s — prefill 219 tok (0 cached) in 387 ms; decode 292 tok / 146 passes in 12.2 s: 24.0 tok/s, 41.7 ms/tok, 83 ms/pass, 2.00 tok/pass, accept p1 100 %
2026-09-22 12:06:28.440 INFO  sched: request 'chatcmpl-1062cbf6a2895c12' prefix cache miss — 1 cut(s) probed against 23 entries; the nearest entry (position 508) shares the first 36 of the prompt's 97 tokens (the prompt differs from it from that token on)
2026-09-22 12:06:28.440 INFO  sched: request 'chatcmpl-1062cbf6a2895c12' admitted to slot 1 (reserve 34 blocks; pool 229/4096 blocks in use) — first token 71093
2026-09-22 12:06:28.511 INFO  stats: rank 1 | 10.1 s | decode 84.3 tok/s, 9.6 ms/tok, 72.0 ms/step (113 steps / 852 tok, 81 % of wall) | mtp 2.00 tok/step/req, accept p1 100 % | prefill 6 prompts / 823 tok, 81 tok/s, 2.24 ms/tok, 307 ms avg (18 % of wall), 0 tok cached (0/6 hits) | live 4, queued 0 | pool 228/4096 blocks (6 %) | prefix cache 24/27 entries
2026-09-22 12:06:29.117 INFO  sched: request 'chatcmpl-1062cbf6a2895c0f' retired (eos): 133 tok in 5.8 s — prefill 139 tok (0 cached) in 329 ms; decode 132 tok / 66 passes in 5.5 s: 24.1 tok/s, 41.4 ms/tok, 83 ms/pass, 2.00 tok/pass, accept p1 100 %
2026-09-22 12:06:29.705 INFO  sched: request 'chatcmpl-1062cbf6a2895c13' prefix cache miss — 1 cut(s) probed against 23 entries; the nearest entry (position 508) shares the first 36 of the prompt's 189 tokens (the prompt differs from it from that token on)
2026-09-22 12:06:29.705 INFO  sched: request 'chatcmpl-1062cbf6a2895c13' admitted to slot 0 (reserve 35 blocks; pool 227/4096 blocks in use) — first token 71093
2026-09-22 12:06:30.079 INFO  sched: request 'chatcmpl-1062cbf6a2895c11' retired (eos): 100 tok in 4.3 s — prefill 128 tok (0 cached) in 336 ms; decode 99 tok / 50 passes in 4.0 s: 25.0 tok/s, 40.0 ms/tok, 79 ms/pass, 1.98 tok/pass, accept p1 98 %
2026-09-22 12:06:30.580 INFO  sched: request 'chatcmpl-1062cbf6a2895c14' prefix cache miss — 2 cut(s) probed against 23 entries; the nearest entry (position 508) shares the first 37 of the prompt's 100 tokens (the prompt differs from it from that token on)
2026-09-22 12:06:30.580 INFO  sched: request 'chatcmpl-1062cbf6a2895c14' admitted to slot 3 (reserve 34 blocks; pool 217/4096 blocks in use) — first token 71093
2026-09-22 12:06:31.030 INFO  sched: request 'chatcmpl-1062cbf6a2895c10' retired (eos): 166 tok in 7.3 s — prefill 178 tok (0 cached) in 302 ms; decode 165 tok / 83 passes in 7.0 s: 23.5 tok/s, 42.6 ms/tok, 85 ms/pass, 1.99 tok/pass, accept p1 100 %
2026-09-22 12:06:31.584 INFO  sched: request 'chatcmpl-1062cbf6a2895c15' prefix cache miss — 2 cut(s) probed against 23 entries; the nearest entry (position 508) shares the first 36 of the prompt's 139 tokens (the prompt differs from it from that token on)
2026-09-22 12:06:31.584 INFO  sched: request 'chatcmpl-1062cbf6a2895c15' admitted to slot 2 (reserve 35 blocks; pool 217/4096 blocks in use) — first token 71093
2026-09-22 12:06:31.659 INFO  sched: request 'chatcmpl-1062cbf6a2895c12' retired (eos): 63 tok in 3.2 s — prefill 97 tok (0 cached) in 253 ms; decode 62 tok / 31 passes in 3.0 s: 20.9 tok/s, 47.8 ms/tok, 96 ms/pass, 2.00 tok/pass, accept p1 100 %
2026-09-22 12:06:32.211 INFO  sched: request 'chatcmpl-1062cbf6a2895c16' prefix cache miss — 2 cut(s) probed against 23 entries; the nearest entry (position 508) shares the first 36 of the prompt's 136 tokens (the prompt differs from it from that token on)
2026-09-22 12:06:32.212 INFO  sched: request 'chatcmpl-1062cbf6a2895c16' admitted to slot 1 (reserve 35 blocks; pool 213/4096 blocks in use) — first token 71093
2026-09-22 12:06:35.930 INFO  sched: request 'chatcmpl-1062cbf6a2895c14' retired (eos): 126 tok in 5.4 s — prefill 100 tok (0 cached) in 312 ms; decode 125 tok / 63 passes in 5.0 s: 24.8 tok/s, 40.3 ms/tok, 80 ms/pass, 1.98 tok/pass, accept p1 98 %
2026-09-22 12:06:36.468 INFO  sched: request 'chatcmpl-1062cbf6a2895c17' prefix cache miss — 1 cut(s) probed against 23 entries; the nearest entry (position 508) shares the first 36 of the prompt's 169 tokens (the prompt differs from it from that token on)
2026-09-22 12:06:36.468 INFO  sched: request 'chatcmpl-1062cbf6a2895c17' admitted to slot 3 (reserve 35 blocks; pool 213/4096 blocks in use) — first token 71093
2026-09-22 12:06:36.909 INFO  sched: request 'chatcmpl-1062cbf6a2895c13' retired (eos): 161 tok in 7.2 s — prefill 189 tok (0 cached) in 305 ms; decode 160 tok / 81 passes in 6.9 s: 23.2 tok/s, 43.1 ms/tok, 85 ms/pass, 1.98 tok/pass, accept p1 99 %
2026-09-22 12:06:37.397 INFO  sched: request 'chatcmpl-1062cbf6a2895c18' prefix cache miss — 1 cut(s) probed against 23 entries; the nearest entry (position 508) shares the first 36 of the prompt's 113 tokens (the prompt differs from it from that token on)
2026-09-22 12:06:37.397 INFO  sched: request 'chatcmpl-1062cbf6a2895c18' admitted to slot 0 (reserve 34 blocks; pool 215/4096 blocks in use) — first token 71093
2026-09-22 12:06:38.294 INFO  sched: request 'chatcmpl-1062cbf6a2895c15' retired (eos): 157 tok in 6.7 s — prefill 139 tok (0 cached) in 332 ms; decode 156 tok / 79 passes in 6.4 s: 24.5 tok/s, 40.9 ms/tok, 81 ms/pass, 1.97 tok/pass, accept p1 99 %
2026-09-22 12:06:38.862 INFO  sched: request 'chatcmpl-1062cbf6a2895c19' prefix cache miss — 2 cut(s) probed against 23 entries; the nearest entry (position 508) shares the first 36 of the prompt's 151 tokens (the prompt differs from it from that token on)
2026-09-22 12:06:38.862 INFO  sched: request 'chatcmpl-1062cbf6a2895c19' admitted to slot 2 (reserve 35 blocks; pool 209/4096 blocks in use) — first token 71093
2026-09-22 12:06:38.935 INFO  stats: rank 1 | 10.4 s | decode 81.5 tok/s, 9.5 ms/tok, 72.3 ms/step (112 steps / 850 tok, 78 % of wall) | mtp 2.00 tok/step/req, accept p1 99 % | prefill 7 prompts / 997 tok, 96 tok/s, 2.20 ms/tok, 313 ms avg (21 % of wall), 0 tok cached (0/7 hits) | live 4, queued 0 | pool 209/4096 blocks (5 %) | prefix cache 23/27 entries
2026-09-22 12:06:39.316 INFO  sched: request 'chatcmpl-1062cbf6a2895c16' retired (eos): 168 tok in 7.1 s — prefill 136 tok (0 cached) in 335 ms; decode 167 tok / 84 passes in 6.8 s: 24.7 tok/s, 40.5 ms/tok, 81 ms/pass, 1.99 tok/pass, accept p1 99 %
2026-09-22 12:06:39.821 INFO  sched: request 'chatcmpl-1062cbf6a2895c1a' prefix cache miss — 1 cut(s) probed against 23 entries; the nearest entry (position 292) shares the first 53 of the prompt's 138 tokens (the prompt differs from it from that token on)
2026-09-22 12:06:39.821 INFO  sched: request 'chatcmpl-1062cbf6a2895c1a' admitted to slot 1 (reserve 35 blocks; pool 212/4096 blocks in use) — first token 71093
2026-09-22 12:06:42.653 INFO  sched: request 'chatcmpl-1062cbf6a2895c17' retired (eos): 142 tok in 6.2 s — prefill 169 tok (0 cached) in 292 ms; decode 141 tok / 71 passes in 5.9 s: 23.9 tok/s, 41.8 ms/tok, 83 ms/pass, 1.99 tok/pass, accept p1 100 %
2026-09-22 12:06:43.195 INFO  sched: request 'chatcmpl-1062cbf6a2895c1b' prefix cache miss — 1 cut(s) probed against 23 entries; the nearest entry (position 508) shares the first 36 of the prompt's 157 tokens (the prompt differs from it from that token on)
2026-09-22 12:06:43.195 INFO  sched: request 'chatcmpl-1062cbf6a2895c1b' admitted to slot 3 (reserve 35 blocks; pool 209/4096 blocks in use) — first token 71093
2026-09-22 12:06:44.008 INFO  sched: request 'chatcmpl-1062cbf6a2895c19' retired (eos): 125 tok in 5.1 s — prefill 151 tok (0 cached) in 348 ms; decode 124 tok / 62 passes in 4.8 s: 25.9 tok/s, 38.7 ms/tok, 77 ms/pass, 2.00 tok/pass, accept p1 100 %
2026-09-22 12:06:44.548 INFO  sched: request 'chatcmpl-1062cbf6a2895c1c' prefix cache miss — 1 cut(s) probed against 23 entries; the nearest entry (position 508) shares the first 37 of the prompt's 197 tokens (the prompt differs from it from that token on)
2026-09-22 12:06:44.548 INFO  sched: request 'chatcmpl-1062cbf6a2895c1c' admitted to slot 2 (reserve 36 blocks; pool 214/4096 blocks in use) — first token 71093
2026-09-22 12:06:46.188 INFO  sched: request 'chatcmpl-1062cbf6a2895c1a' retired (eos): 156 tok in 6.4 s — prefill 138 tok (0 cached) in 283 ms; decode 155 tok / 78 passes in 6.1 s: 25.5 tok/s, 39.2 ms/tok, 78 ms/pass, 1.99 tok/pass, accept p1 99 %
2026-09-22 12:06:46.335 INFO  sched: request 'chatcmpl-1062cbf6a2895c18' retired (eos): 202 tok in 8.9 s — prefill 113 tok (0 cached) in 270 ms; decode 201 tok / 104 passes in 8.7 s: 23.2 tok/s, 43.1 ms/tok, 83 ms/pass, 1.93 tok/pass, accept p1 94 %
2026-09-22 12:06:46.766 INFO  sched: request 'chatcmpl-1062cbf6a2895c1d' prefix cache miss — 2 cut(s) probed against 24 entries; the nearest entry (position 508) shares the first 34 of the prompt's 175 tokens (the prompt differs from it from that token on)
2026-09-22 12:06:46.766 INFO  sched: request 'chatcmpl-1062cbf6a2895c1d' admitted to slot 0 (reserve 35 blocks; pool 184/4096 blocks in use) — first token 71093
2026-09-22 12:06:47.122 INFO  sched: request 'chatcmpl-1062cbf6a2895c1e' prefix cache miss — 1 cut(s) probed against 23 entries; the nearest entry (position 168) shares the first 35 of the prompt's 133 tokens (the prompt differs from it from that token on)
2026-09-22 12:06:47.122 INFO  sched: request 'chatcmpl-1062cbf6a2895c1e' admitted to slot 1 (reserve 35 blocks; pool 212/4096 blocks in use) — first token 71093
2026-09-22 12:06:48.987 INFO  stats: rank 1 | 10.1 s | decode 88.0 tok/s, 9.5 ms/tok, 73.0 ms/step (115 steps / 885 tok, 84 % of wall) | mtp 1.99 tok/step/req, accept p1 98 % | prefill 5 prompts / 800 tok, 80 tok/s, 1.92 ms/tok, 307 ms avg (15 % of wall), 0 tok cached (0/5 hits) | live 4, queued 0 | pool 208/4096 blocks (5 %) | prefix cache 23/27 entries
2026-09-22 12:06:49.742 INFO  sched: request 'chatcmpl-1062cbf6a2895c1b' retired (eos): 150 tok in 6.5 s — prefill 157 tok (0 cached) in 290 ms; decode 149 tok / 75 passes in 6.3 s: 23.8 tok/s, 42.0 ms/tok, 83 ms/pass, 1.99 tok/pass, accept p1 100 %
2026-09-22 12:06:50.350 INFO  sched: request 'chatcmpl-1062cbf6a2895c1f' prefix cache miss — 2 cut(s) probed against 23 entries; the nearest entry (position 124) shares the first 36 of the prompt's 164 tokens (the prompt differs from it from that token on)
2026-09-22 12:06:50.350 INFO  sched: request 'chatcmpl-1062cbf6a2895c1f' admitted to slot 3 (reserve 35 blocks; pool 212/4096 blocks in use) — first token 71093
2026-09-22 12:06:53.100 INFO  sched: request 'chatcmpl-1062cbf6a2895c1e' retired (eos): 152 tok in 6.0 s — prefill 133 tok (0 cached) in 279 ms; decode 151 tok / 76 passes in 5.7 s: 26.5 tok/s, 37.7 ms/tok, 75 ms/pass, 1.99 tok/pass, accept p1 100 %
2026-09-22 12:06:53.756 INFO  sched: request 'chatcmpl-1062cbf6a2895c20' prefix cache miss — 1 cut(s) probed against 23 entries; the nearest entry (position 284) shares the first 36 of the prompt's 270 tokens (the prompt differs from it from that token on)
2026-09-22 12:06:53.756 INFO  sched: request 'chatcmpl-1062cbf6a2895c20' admitted to slot 1 (reserve 37 blocks; pool 215/4096 blocks in use) — first token 71093
2026-09-22 12:06:54.957 INFO  sched: request 'chatcmpl-1062cbf6a2895c1d' retired (eos): 192 tok in 8.2 s — prefill 175 tok (0 cached) in 358 ms; decode 191 tok / 97 passes in 7.8 s: 24.4 tok/s, 41.0 ms/tok, 81 ms/pass, 1.97 tok/pass, accept p1 97 %
2026-09-22 12:06:55.033 INFO  sched: request 'chatcmpl-1062cbf6a2895c1c' retired (eos): 247 tok in 10.5 s — prefill 197 tok (0 cached) in 323 ms; decode 246 tok / 123 passes in 10.2 s: 24.2 tok/s, 41.3 ms/tok, 83 ms/pass, 2.00 tok/pass, accept p1 100 %
2026-09-22 12:06:55.588 INFO  sched: request 'chatcmpl-1062cbf6a2895c21' prefix cache miss — 1 cut(s) probed against 24 entries; the nearest entry (position 284) shares the first 36 of the prompt's 377 tokens (the prompt differs from it from that token on)
2026-09-22 12:06:55.588 INFO  sched: request 'chatcmpl-1062cbf6a2895c21' admitted to slot 0 (reserve 38 blocks; pool 188/4096 blocks in use) — first token 71093
2026-09-22 12:06:55.982 INFO  sched: request 'chatcmpl-1062cbf6a2895c22' prefix cache miss — 1 cut(s) probed against 24 entries; the nearest entry (position 368) shares the first 36 of the prompt's 210 tokens (the prompt differs from it from that token on)
2026-09-22 12:06:55.982 INFO  sched: request 'chatcmpl-1062cbf6a2895c22' admitted to slot 2 (reserve 36 blocks; pool 222/4096 blocks in use) — first token 71093
2026-09-22 12:06:56.642 INFO  sched: request 'chatcmpl-1062cbf6a2895c1f' retired (eos): 140 tok in 6.3 s — prefill 164 tok (0 cached) in 352 ms; decode 139 tok / 70 passes in 5.9 s: 23.4 tok/s, 42.7 ms/tok, 85 ms/pass, 1.99 tok/pass, accept p1 99 %
2026-09-22 12:06:57.197 INFO  sched: request 'chatcmpl-1062cbf6a2895c23' prefix cache miss — 1 cut(s) probed against 23 entries; the nearest entry (position 368) shares the first 36 of the prompt's 173 tokens (the prompt differs from it from that token on)
2026-09-22 12:06:57.197 INFO  sched: request 'chatcmpl-1062cbf6a2895c23' admitted to slot 3 (reserve 35 blocks; pool 224/4096 blocks in use) — first token 71093
2026-09-22 12:06:59.047 INFO  stats: rank 1 | 10.1 s | decode 86.2 tok/s, 9.4 ms/tok, 72.5 ms/step (113 steps / 867 tok, 81 % of wall) | mtp 2.00 tok/step/req, accept p1 99 % | prefill 5 prompts / 1194 tok, 119 tok/s, 1.47 ms/tok, 351 ms avg (17 % of wall), 0 tok cached (0/5 hits) | live 4, queued 0 | pool 218/4096 blocks (5 %) | prefix cache 23/27 entries
2026-09-22 12:07:04.635 INFO  sched: request 'chatcmpl-1062cbf6a2895c22' retired (eos): 227 tok in 8.7 s — prefill 210 tok (0 cached) in 318 ms; decode 226 tok / 113 passes in 8.3 s: 27.1 tok/s, 36.9 ms/tok, 74 ms/pass, 2.00 tok/pass, accept p1 100 %
2026-09-22 12:07:04.857 INFO  sched: request 'chatcmpl-1062cbf6a2895c20' retired (eos): 272 tok in 11.1 s — prefill 270 tok (0 cached) in 364 ms; decode 271 tok / 136 passes in 10.7 s: 25.2 tok/s, 39.6 ms/tok, 79 ms/pass, 1.99 tok/pass, accept p1 99 %
2026-09-22 12:07:05.287 INFO  sched: request 'chatcmpl-1062cbf6a2895c24' prefix cache miss — 2 cut(s) probed against 24 entries; the nearest entry (position 540) shares the first 36 of the prompt's 167 tokens (the prompt differs from it from that token on)
2026-09-22 12:07:05.287 INFO  sched: request 'chatcmpl-1062cbf6a2895c24' admitted to slot 1 (reserve 35 blocks; pool 195/4096 blocks in use) — first token 71093
2026-09-22 12:07:05.784 INFO  sched: request 'chatcmpl-1062cbf6a2895c25' prefix cache miss — 2 cut(s) probed against 23 entries; the nearest entry (position 540) shares the first 36 of the prompt's 279 tokens (the prompt differs from it from that token on)
2026-09-22 12:07:05.784 INFO  sched: request 'chatcmpl-1062cbf6a2895c25' admitted to slot 2 (reserve 37 blocks; pool 228/4096 blocks in use) — first token 71093
2026-09-22 12:07:06.759 INFO  sched: request 'chatcmpl-1062cbf6a2895c23' retired (eos): 237 tok in 9.6 s — prefill 173 tok (0 cached) in 308 ms; decode 236 tok / 118 passes in 9.3 s: 25.5 tok/s, 39.2 ms/tok, 78 ms/pass, 2.00 tok/pass, accept p1 100 %
2026-09-22 12:07:07.270 INFO  sched: request 'chatcmpl-1062cbf6a2895c26' prefix cache miss — 1 cut(s) probed against 23 entries; the nearest entry (position 540) shares the first 36 of the prompt's 201 tokens (the prompt differs from it from that token on)
2026-09-22 12:07:07.270 INFO  sched: request 'chatcmpl-1062cbf6a2895c26' admitted to slot 3 (reserve 36 blocks; pool 231/4096 blocks in use) — first token 71093
2026-09-22 12:07:09.063 INFO  stats: rank 1 | 10.0 s | decode 94.2 tok/s, 9.3 ms/tok, 73.5 ms/step (120 steps / 944 tok, 88 % of wall) | mtp 2.00 tok/step/req, accept p1 100 % | prefill 3 prompts / 647 tok, 65 tok/s, 1.69 ms/tok, 365 ms avg (11 % of wall), 0 tok cached (0/3 hits) | live 4, queued 0 | pool 227/4096 blocks (6 %) | prefix cache 23/27 entries
2026-09-22 12:07:13.289 INFO  sched: request 'chatcmpl-1062cbf6a2895c21' retired (eos): 430 tok in 17.7 s — prefill 377 tok (0 cached) in 414 ms; decode 429 tok / 215 passes in 17.3 s: 24.8 tok/s, 40.3 ms/tok, 80 ms/pass, 2.00 tok/pass, accept p1 100 %
2026-09-22 12:07:13.850 INFO  sched: request 'chatcmpl-1062cbf6a2895c27' prefix cache miss — 1 cut(s) probed against 23 entries; the nearest entry (position 804) shares the first 36 of the prompt's 242 tokens (the prompt differs from it from that token on)
2026-09-22 12:07:13.850 INFO  sched: request 'chatcmpl-1062cbf6a2895c27' admitted to slot 0 (reserve 36 blocks; pool 237/4096 blocks in use) — first token 71093
2026-09-22 12:07:15.510 INFO  sched: request 'chatcmpl-1062cbf6a2895c26' retired (eos): 210 tok in 8.2 s — prefill 201 tok (0 cached) in 317 ms; decode 209 tok / 105 passes in 7.9 s: 26.4 tok/s, 37.9 ms/tok, 75 ms/pass, 1.99 tok/pass, accept p1 100 %
2026-09-22 12:07:15.573 INFO  sched: request 'chatcmpl-1062cbf6a2895c24' retired (eos): 244 tok in 10.3 s — prefill 167 tok (0 cached) in 355 ms; decode 243 tok / 123 passes in 9.9 s: 24.5 tok/s, 40.9 ms/tok, 81 ms/pass, 1.98 tok/pass, accept p1 98 %
2026-09-22 12:07:16.033 INFO  sched: request 'chatcmpl-1062cbf6a2895c28' prefix cache miss — 1 cut(s) probed against 24 entries; the nearest entry (position 804) shares the first 36 of the prompt's 126 tokens (the prompt differs from it from that token on)
2026-09-22 12:07:16.033 INFO  sched: request 'chatcmpl-1062cbf6a2895c28' admitted to slot 1 (reserve 34 blocks; pool 208/4096 blocks in use) — first token 71093
2026-09-22 12:07:16.405 INFO  sched: request 'chatcmpl-1062cbf6a2895c29' prefix cache miss — 1 cut(s) probed against 24 entries; the nearest entry (position 116) shares the first 37 of the prompt's 185 tokens (the prompt differs from it from that token on)
2026-09-22 12:07:16.405 INFO  sched: request 'chatcmpl-1062cbf6a2895c29' admitted to slot 3 (reserve 35 blocks; pool 239/4096 blocks in use) — first token 71093
2026-09-22 12:07:16.483 INFO  sched: request 'chatcmpl-1062cbf6a2895c25' retired (eos): 254 tok in 10.7 s — prefill 279 tok (0 cached) in 422 ms; decode 253 tok / 127 passes in 10.3 s: 24.6 tok/s, 40.6 ms/tok, 81 ms/pass, 1.99 tok/pass, accept p1 99 %
2026-09-22 12:07:17.000 INFO  sched: request 'chatcmpl-1062cbf6a2895c2a' prefix cache miss — 1 cut(s) probed against 23 entries; the nearest entry (position 176) shares the first 37 of the prompt's 158 tokens (the prompt differs from it from that token on)
2026-09-22 12:07:17.000 INFO  sched: request 'chatcmpl-1062cbf6a2895c2a' admitted to slot 2 (reserve 35 blocks; pool 240/4096 blocks in use) — first token 71093
2026-09-22 12:07:19.064 INFO  stats: rank 1 | 10.0 s | decode 91.3 tok/s, 9.5 ms/tok, 73.4 ms/step (118 steps / 913 tok, 87 % of wall) | mtp 1.99 tok/step/req, accept p1 99 % | prefill 4 prompts / 711 tok, 71 tok/s, 1.73 ms/tok, 307 ms avg (12 % of wall), 0 tok cached (0/4 hits) | live 4, queued 0 | pool 237/4096 blocks (6 %) | prefix cache 23/27 entries
2026-09-22 12:07:23.266 INFO  sched: request 'chatcmpl-1062cbf6a2895c2a' retired (eos): 169 tok in 6.3 s — prefill 158 tok (0 cached) in 301 ms; decode 168 tok / 85 passes in 6.0 s: 28.2 tok/s, 35.5 ms/tok, 70 ms/pass, 1.98 tok/pass, accept p1 98 %
2026-09-22 12:07:23.926 INFO  sched: request 'chatcmpl-1062cbf6a2895c2b' prefix cache miss — 2 cut(s) probed against 23 entries; the nearest entry (position 804) shares the first 36 of the prompt's 367 tokens (the prompt differs from it from that token on)
2026-09-22 12:07:23.926 INFO  sched: request 'chatcmpl-1062cbf6a2895c2b' admitted to slot 2 (reserve 38 blocks; pool 245/4096 blocks in use) — first token 71093
2026-09-22 12:07:24.587 INFO  sched: request 'chatcmpl-1062cbf6a2895c27' retired (eos): 255 tok in 10.7 s — prefill 242 tok (0 cached) in 342 ms; decode 254 tok / 128 passes in 10.4 s: 24.4 tok/s, 40.9 ms/tok, 81 ms/pass, 1.98 tok/pass, accept p1 99 %
2026-09-22 12:07:25.117 INFO  sched: request 'chatcmpl-1062cbf6a2895c2c' prefix cache miss — 1 cut(s) probed against 23 entries; the nearest entry (position 804) shares the first 36 of the prompt's 194 tokens (the prompt differs from it from that token on)
2026-09-22 12:07:25.117 INFO  sched: request 'chatcmpl-1062cbf6a2895c2c' admitted to slot 0 (reserve 36 blocks; pool 248/4096 blocks in use) — first token 71093
2026-09-22 12:07:26.309 INFO  sched: request 'chatcmpl-1062cbf6a2895c28' retired (eos): 239 tok in 10.3 s — prefill 126 tok (0 cached) in 277 ms; decode 238 tok / 121 passes in 10.0 s: 23.8 tok/s, 42.0 ms/tok, 83 ms/pass, 1.97 tok/pass, accept p1 98 %
2026-09-22 12:07:26.826 INFO  sched: request 'chatcmpl-1062cbf6a2895c2d' prefix cache miss — 1 cut(s) probed against 23 entries; the nearest entry (position 364) shares the first 37 of the prompt's 165 tokens (the prompt differs from it from that token on)
2026-09-22 12:07:26.826 INFO  sched: request 'chatcmpl-1062cbf6a2895c2d' admitted to slot 1 (reserve 35 blocks; pool 243/4096 blocks in use) — first token 71093
2026-09-22 12:07:29.077 INFO  stats: rank 1 | 10.0 s | decode 93.7 tok/s, 9.4 ms/tok, 73.1 ms/step (121 steps / 938 tok, 88 % of wall) | mtp 1.97 tok/step/req, accept p1 97 % | prefill 3 prompts / 726 tok, 73 tok/s, 1.46 ms/tok, 353 ms avg (11 % of wall), 0 tok cached (0/3 hits) | live 4, queued 0 | pool 243/4096 blocks (6 %) | prefix cache 23/27 entries
2026-09-22 12:07:32.664 INFO  sched: request 'chatcmpl-1062cbf6a2895c2c' retired (eos): 193 tok in 7.5 s — prefill 194 tok (0 cached) in 312 ms; decode 192 tok / 97 passes in 7.2 s: 26.5 tok/s, 37.7 ms/tok, 75 ms/pass, 1.98 tok/pass, accept p1 98 %
2026-09-22 12:07:33.264 INFO  sched: request 'chatcmpl-1062cbf6a2895c2e' prefix cache miss — 1 cut(s) probed against 23 entries; the nearest entry (position 804) shares the first 36 of the prompt's 322 tokens (the prompt differs from it from that token on)
2026-09-22 12:07:33.264 INFO  sched: request 'chatcmpl-1062cbf6a2895c2e' admitted to slot 0 (reserve 38 blocks; pool 250/4096 blocks in use) — first token 71093
2026-09-22 12:07:34.397 INFO  sched: request 'chatcmpl-1062cbf6a2895c29' retired (eos): 427 tok in 18.0 s — prefill 185 tok (0 cached) in 308 ms; decode 426 tok / 219 passes in 17.7 s: 24.1 tok/s, 41.5 ms/tok, 81 ms/pass, 1.95 tok/pass, accept p1 95 %
2026-09-22 12:07:34.462 INFO  sched: request 'chatcmpl-1062cbf6a2895c2d' retired (eos): 194 tok in 7.6 s — prefill 165 tok (0 cached) in 299 ms; decode 193 tok / 97 passes in 7.3 s: 26.3 tok/s, 38.0 ms/tok, 76 ms/pass, 1.99 tok/pass, accept p1 100 %
2026-09-22 12:07:34.924 INFO  sched: request 'chatcmpl-1062cbf6a2895c2f' prefix cache miss — 1 cut(s) probed against 24 entries; the nearest entry (position 804) shares the first 36 of the prompt's 122 tokens (the prompt differs from it from that token on)
2026-09-22 12:07:34.924 INFO  sched: request 'chatcmpl-1062cbf6a2895c2f' admitted to slot 1 (reserve 34 blocks; pool 224/4096 blocks in use) — first token 71093
2026-09-22 12:07:35.281 INFO  sched: request 'chatcmpl-1062cbf6a2895c30' prefix cache miss — 2 cut(s) probed against 24 entries; the nearest entry (position 804) shares the first 36 of the prompt's 87 tokens (the prompt differs from it from that token on)
2026-09-22 12:07:35.281 INFO  sched: request 'chatcmpl-1062cbf6a2895c30' admitted to slot 3 (reserve 34 blocks; pool 252/4096 blocks in use) — first token 71093
2026-09-22 12:07:39.085 INFO  stats: rank 1 | 10.0 s | decode 94.3 tok/s, 9.5 ms/tok, 73.4 ms/step (122 steps / 944 tok, 89 % of wall) | mtp 1.98 tok/step/req, accept p1 98 % | prefill 3 prompts / 531 tok, 53 tok/s, 1.79 ms/tok, 316 ms avg (9 % of wall), 0 tok cached (0/3 hits) | live 4, queued 0 | pool 244/4096 blocks (6 %) | prefix cache 23/27 entries
2026-09-22 12:07:39.841 INFO  sched: request 'chatcmpl-1062cbf6a2895c2b' retired (eos): 383 tok in 15.9 s — prefill 367 tok (0 cached) in 449 ms; decode 382 tok / 193 passes in 15.5 s: 24.7 tok/s, 40.5 ms/tok, 80 ms/pass, 1.98 tok/pass, accept p1 98 %
2026-09-22 12:07:40.422 INFO  sched: request 'chatcmpl-1062cbf6a2895c31' prefix cache miss — 2 cut(s) probed against 23 entries; the nearest entry (position 804) shares the first 36 of the prompt's 195 tokens (the prompt differs from it from that token on)
2026-09-22 12:07:40.422 INFO  sched: request 'chatcmpl-1062cbf6a2895c31' admitted to slot 2 (reserve 36 blocks; pool 253/4096 blocks in use) — first token 71093
2026-09-22 12:07:41.942 INFO  sched: request 'chatcmpl-1062cbf6a2895c2f' retired (eos): 169 tok in 7.0 s — prefill 122 tok (0 cached) in 275 ms; decode 168 tok / 85 passes in 6.7 s: 24.9 tok/s, 40.1 ms/tok, 79 ms/pass, 1.98 tok/pass, accept p1 99 %
2026-09-22 12:07:42.416 INFO  sched: request 'chatcmpl-1062cbf6a2895c32' prefix cache miss — 1 cut(s) probed against 23 entries; the nearest entry (position 804) shares the first 36 of the prompt's 97 tokens (the prompt differs from it from that token on)
2026-09-22 12:07:42.416 INFO  sched: request 'chatcmpl-1062cbf6a2895c32' admitted to slot 1 (reserve 34 blocks; pool 251/4096 blocks in use) — first token 71093
2026-09-22 12:07:44.811 INFO  sched: request 'chatcmpl-1062cbf6a2895c30' retired (eos): 236 tok in 9.5 s — prefill 87 tok (0 cached) in 292 ms; decode 235 tok / 119 passes in 9.2 s: 25.4 tok/s, 39.3 ms/tok, 78 ms/pass, 1.97 tok/pass, accept p1 97 %
2026-09-22 12:07:45.414 INFO  sched: request 'chatcmpl-1062cbf6a2895c33' prefix cache miss — 2 cut(s) probed against 23 entries; the nearest entry (position 748) shares the first 36 of the prompt's 179 tokens (the prompt differs from it from that token on)
2026-09-22 12:07:45.414 INFO  sched: request 'chatcmpl-1062cbf6a2895c33' admitted to slot 3 (reserve 35 blocks; pool 245/4096 blocks in use) — first token 71093
2026-09-22 12:07:46.533 INFO  sched: request 'chatcmpl-1062cbf6a2895c32' retired (eos): 102 tok in 4.1 s — prefill 97 tok (0 cached) in 251 ms; decode 101 tok / 51 passes in 3.9 s: 26.1 tok/s, 38.3 ms/tok, 76 ms/pass, 1.98 tok/pass, accept p1 100 %
2026-09-22 12:07:47.176 INFO  sched: request 'chatcmpl-1062cbf6a2895c34' prefix cache miss — 2 cut(s) probed against 23 entries; the nearest entry (position 748) shares the first 36 of the prompt's 316 tokens (the prompt differs from it from that token on)
2026-09-22 12:07:47.176 INFO  sched: request 'chatcmpl-1062cbf6a2895c34' admitted to slot 1 (reserve 37 blocks; pool 238/4096 blocks in use) — first token 71093
2026-09-22 12:07:48.153 INFO  sched: request 'chatcmpl-1062cbf6a2895c31' retired (eos): 180 tok in 7.7 s — prefill 195 tok (0 cached) in 362 ms; decode 179 tok / 90 passes in 7.4 s: 24.3 tok/s, 41.2 ms/tok, 82 ms/pass, 1.99 tok/pass, accept p1 100 %
2026-09-22 12:07:48.776 INFO  sched: request 'chatcmpl-1062cbf6a2895c35' prefix cache miss — 2 cut(s) probed against 23 entries; the nearest entry (position 748) shares the first 36 of the prompt's 255 tokens (the prompt differs from it from that token on)
2026-09-22 12:07:48.776 INFO  sched: request 'chatcmpl-1062cbf6a2895c35' admitted to slot 2 (reserve 36 blocks; pool 244/4096 blocks in use) — first token 71093
2026-09-22 12:07:49.155 INFO  stats: rank 1 | 10.1 s | decode 85.0 tok/s, 9.5 ms/tok, 73.6 ms/step (111 steps / 856 tok, 81 % of wall) | mtp 2.00 tok/step/req, accept p1 100 % | prefill 5 prompts / 1042 tok, 103 tok/s, 1.72 ms/tok, 358 ms avg (18 % of wall), 0 tok cached (0/5 hits) | live 4, queued 0 | pool 235/4096 blocks (6 %) | prefix cache 23/27 entries
2026-09-22 12:07:53.154 INFO  sched: request 'chatcmpl-1062cbf6a2895c33' retired (eos): 184 tok in 7.7 s — prefill 179 tok (0 cached) in 350 ms; decode 183 tok / 92 passes in 7.4 s: 24.8 tok/s, 40.4 ms/tok, 80 ms/pass, 1.99 tok/pass, accept p1 99 %
2026-09-22 12:07:53.700 INFO  sched: request 'chatcmpl-1062cbf6a2895c36' prefix cache miss — 1 cut(s) probed against 23 entries; the nearest entry (position 748) shares the first 36 of the prompt's 157 tokens (the prompt differs from it from that token on)
2026-09-22 12:07:53.700 INFO  sched: request 'chatcmpl-1062cbf6a2895c36' admitted to slot 3 (reserve 35 blocks; pool 241/4096 blocks in use) — first token 71093
2026-09-22 12:07:55.678 INFO  sched: request 'chatcmpl-1062cbf6a2895c2e' retired (eos): 530 tok in 22.4 s — prefill 322 tok (0 cached) in 382 ms; decode 529 tok / 265 passes in 22.0 s: 24.0 tok/s, 41.6 ms/tok, 83 ms/pass, 2.00 tok/pass, accept p1 100 %
2026-09-22 12:07:56.274 INFO  sched: request 'chatcmpl-1062cbf6a2895c37' prefix cache miss — 1 cut(s) probed against 23 entries; the nearest entry (position 848) shares the first 36 of the prompt's 169 tokens (the prompt differs from it from that token on)
2026-09-22 12:07:56.274 INFO  sched: request 'chatcmpl-1062cbf6a2895c37' admitted to slot 0 (reserve 35 blocks; pool 246/4096 blocks in use) — first token 71093
2026-09-22 12:07:59.172 INFO  stats: rank 1 | 10.0 s | decode 99.0 tok/s, 9.4 ms/tok, 74.0 ms/step (126 steps / 992 tok, 93 % of wall) | mtp 2.00 tok/step/req, accept p1 100 % | prefill 2 prompts / 326 tok, 33 tok/s, 1.81 ms/tok, 296 ms avg (6 % of wall), 0 tok cached (0/2 hits) | live 4, queued 0 | pool 238/4096 blocks (6 %) | prefix cache 23/27 entries
2026-09-22 12:08:00.821 INFO  sched: request 'chatcmpl-1062cbf6a2895c35' retired (eos): 302 tok in 12.0 s — prefill 255 tok (0 cached) in 402 ms; decode 301 tok / 153 passes in 11.6 s: 25.9 tok/s, 38.7 ms/tok, 76 ms/pass, 1.97 tok/pass, accept p1 97 %
2026-09-22 12:08:01.412 INFO  sched: request 'chatcmpl-1062cbf6a2895c38' prefix cache miss — 1 cut(s) probed against 23 entries; the nearest entry (position 608) shares the first 37 of the prompt's 154 tokens (the prompt differs from it from that token on)
2026-09-22 12:08:01.412 INFO  sched: request 'chatcmpl-1062cbf6a2895c38' admitted to slot 2 (reserve 35 blocks; pool 246/4096 blocks in use) — first token 71093
2026-09-22 12:08:01.564 INFO  sched: request 'chatcmpl-1062cbf6a2895c34' retired (eos): 351 tok in 14.4 s — prefill 316 tok (0 cached) in 423 ms; decode 350 tok / 175 passes in 14.0 s: 25.1 tok/s, 39.9 ms/tok, 80 ms/pass, 2.00 tok/pass, accept p1 100 %
2026-09-22 12:08:02.136 INFO  sched: request 'chatcmpl-1062cbf6a2895c39' prefix cache miss — 2 cut(s) probed against 23 entries; the nearest entry (position 848) shares the first 36 of the prompt's 180 tokens (the prompt differs from it from that token on)
2026-09-22 12:08:02.136 INFO  sched: request 'chatcmpl-1062cbf6a2895c39' admitted to slot 1 (reserve 35 blocks; pool 249/4096 blocks in use) — first token 71093
2026-09-22 12:08:02.807 INFO  sched: request 'chatcmpl-1062cbf6a2895c37' retired (eos): 158 tok in 6.5 s — prefill 169 tok (0 cached) in 301 ms; decode 157 tok / 79 passes in 6.2 s: 25.2 tok/s, 39.7 ms/tok, 79 ms/pass, 1.99 tok/pass, accept p1 100 %
2026-09-22 12:08:03.024 INFO  sched: request 'chatcmpl-1062cbf6a2895c36' retired (eos): 225 tok in 9.3 s — prefill 157 tok (0 cached) in 291 ms; decode 224 tok / 112 passes in 9.0 s: 24.8 tok/s, 40.3 ms/tok, 81 ms/pass, 2.00 tok/pass, accept p1 100 %
2026-09-22 12:08:03.365 INFO  sched: request 'chatcmpl-1062cbf6a2895c3a' prefix cache miss — 2 cut(s) probed against 24 entries; the nearest entry (position 848) shares the first 36 of the prompt's 156 tokens (the prompt differs from it from that token on)
2026-09-22 12:08:03.365 INFO  sched: request 'chatcmpl-1062cbf6a2895c3a' admitted to slot 0 (reserve 35 blocks; pool 219/4096 blocks in use) — first token 71093
2026-09-22 12:08:03.859 INFO  sched: request 'chatcmpl-1062cbf6a2895c3b' prefix cache miss — 2 cut(s) probed against 23 entries; the nearest entry (position 848) shares the first 34 of the prompt's 371 tokens (the prompt differs from it from that token on)
2026-09-22 12:08:03.859 INFO  sched: request 'chatcmpl-1062cbf6a2895c3b' admitted to slot 3 (reserve 38 blocks; pool 243/4096 blocks in use) — first token 71093
2026-09-22 12:08:09.213 INFO  stats: rank 1 | 10.0 s | decode 89.8 tok/s, 9.4 ms/tok, 73.4 ms/step (116 steps / 902 tok, 85 % of wall) | mtp 1.99 tok/step/req, accept p1 98 % | prefill 4 prompts / 861 tok, 86 tok/s, 1.65 ms/tok, 355 ms avg (14 % of wall), 0 tok cached (0/4 hits) | live 4, queued 0 | pool 242/4096 blocks (6 %) | prefix cache 23/27 entries
2026-09-22 12:08:09.372 INFO  sched: request 'chatcmpl-1062cbf6a2895c38' retired (eos): 184 tok in 8.0 s — prefill 154 tok (0 cached) in 296 ms; decode 183 tok / 92 passes in 7.7 s: 23.9 tok/s, 41.9 ms/tok, 83 ms/pass, 1.99 tok/pass, accept p1 99 %
2026-09-22 12:08:10.051 INFO  sched: request 'chatcmpl-1062cbf6a2895c3c' prefix cache miss — 2 cut(s) probed against 23 entries; the nearest entry (position 848) shares the first 36 of the prompt's 223 tokens (the prompt differs from it from that token on)
2026-09-22 12:08:10.051 INFO  sched: request 'chatcmpl-1062cbf6a2895c3c' admitted to slot 2 (reserve 36 blocks; pool 249/4096 blocks in use) — first token 71093
2026-09-22 12:08:11.792 INFO  sched: request 'chatcmpl-1062cbf6a2895c39' retired (eos): 223 tok in 9.7 s — prefill 180 tok (0 cached) in 355 ms; decode 222 tok / 114 passes in 9.3 s: 23.9 tok/s, 41.9 ms/tok, 82 ms/pass, 1.95 tok/pass, accept p1 96 %
2026-09-22 12:08:12.455 INFO  sched: request 'chatcmpl-1062cbf6a2895c3d' prefix cache miss — 2 cut(s) probed against 23 entries; the nearest entry (position 848) shares the first 36 of the prompt's 204 tokens (the prompt differs from it from that token on)
2026-09-22 12:08:12.455 INFO  sched: request 'chatcmpl-1062cbf6a2895c3d' admitted to slot 1 (reserve 36 blocks; pool 245/4096 blocks in use) — first token 71093
2026-09-22 12:08:14.277 INFO  sched: request 'chatcmpl-1062cbf6a2895c3a' retired (eos): 256 tok in 10.9 s — prefill 156 tok (0 cached) in 341 ms; decode 255 tok / 130 passes in 10.6 s: 24.1 tok/s, 41.5 ms/tok, 81 ms/pass, 1.96 tok/pass, accept p1 96 %
2026-09-22 12:08:14.865 INFO  sched: request 'chatcmpl-1062cbf6a2895c3e' prefix cache miss — 1 cut(s) probed against 23 entries; the nearest entry (position 848) shares the first 36 of the prompt's 161 tokens (the prompt differs from it from that token on)
2026-09-22 12:08:14.865 INFO  sched: request 'chatcmpl-1062cbf6a2895c3e' admitted to slot 0 (reserve 35 blocks; pool 246/4096 blocks in use) — first token 71093
2026-09-22 12:08:19.235 INFO  stats: rank 1 | 10.0 s | decode 92.0 tok/s, 9.6 ms/tok, 74.5 ms/step (119 steps / 922 tok, 88 % of wall) | mtp 1.99 tok/step/req, accept p1 98 % | prefill 3 prompts / 588 tok, 59 tok/s, 1.79 ms/tok, 351 ms avg (10 % of wall), 0 tok cached (0/3 hits) | live 4, queued 0 | pool 242/4096 blocks (6 %) | prefix cache 23/27 entries
2026-09-22 12:08:20.577 INFO  sched: request 'chatcmpl-1062cbf6a2895c3e' retired (eos): 153 tok in 5.7 s — prefill 161 tok (0 cached) in 296 ms; decode 152 tok / 76 passes in 5.4 s: 28.1 tok/s, 35.6 ms/tok, 71 ms/pass, 2.00 tok/pass, accept p1 100 %
2026-09-22 12:08:21.121 INFO  sched: request 'chatcmpl-1062cbf6a2895c3f' prefix cache miss — 2 cut(s) probed against 23 entries; the nearest entry (position 196) shares the first 37 of the prompt's 116 tokens (the prompt differs from it from that token on)
2026-09-22 12:08:21.121 INFO  sched: request 'chatcmpl-1062cbf6a2895c3f' admitted to slot 0 (reserve 34 blocks; pool 246/4096 blocks in use) — first token 71093
2026-09-22 12:08:21.645 INFO  sched: request 'chatcmpl-1062cbf6a2895c3c' retired (eos): 282 tok in 11.6 s — prefill 223 tok (0 cached) in 387 ms; decode 281 tok / 141 passes in 11.2 s: 25.1 tok/s, 39.9 ms/tok, 79 ms/pass, 1.99 tok/pass, accept p1 100 %
2026-09-22 12:08:22.242 INFO  sched: request 'chatcmpl-1062cbf6a2895c40' prefix cache miss — 2 cut(s) probed against 23 entries; the nearest entry (position 848) shares the first 36 of the prompt's 211 tokens (the prompt differs from it from that token on)
2026-09-22 12:08:22.242 INFO  sched: request 'chatcmpl-1062cbf6a2895c40' admitted to slot 2 (reserve 36 blocks; pool 250/4096 blocks in use) — first token 71093
2026-09-22 12:08:23.739 INFO  sched: request 'chatcmpl-1062cbf6a2895c3b' retired (eos): 483 tok in 19.9 s — prefill 371 tok (0 cached) in 430 ms; decode 482 tok / 242 passes in 19.4 s: 24.8 tok/s, 40.4 ms/tok, 80 ms/pass, 1.99 tok/pass, accept p1 100 %
2026-09-22 12:08:24.353 INFO  sched: request 'chatcmpl-1062cbf6a2895c41' prefix cache miss — 2 cut(s) probed against 23 entries; the nearest entry (position 848) shares the first 36 of the prompt's 183 tokens (the prompt differs from it from that token on)
2026-09-22 12:08:24.353 INFO  sched: request 'chatcmpl-1062cbf6a2895c41' admitted to slot 3 (reserve 35 blocks; pool 254/4096 blocks in use) — first token 71093
2026-09-22 12:08:24.429 INFO  sched: request 'chatcmpl-1062cbf6a2895c3d' retired (eos): 284 tok in 12.0 s — prefill 204 tok (0 cached) in 369 ms; decode 283 tok / 142 passes in 11.6 s: 24.4 tok/s, 41.0 ms/tok, 82 ms/pass, 1.99 tok/pass, accept p1 100 %
2026-09-22 12:08:24.940 INFO  sched: request 'chatcmpl-1062cbf6a2895c42' prefix cache miss — 1 cut(s) probed against 23 entries; the nearest entry (position 848) shares the first 36 of the prompt's 162 tokens (the prompt differs from it from that token on)
2026-09-22 12:08:24.940 INFO  sched: request 'chatcmpl-1062cbf6a2895c42' admitted to slot 1 (reserve 35 blocks; pool 256/4096 blocks in use) — first token 71093
2026-09-22 12:08:26.498 INFO  sched: request 'chatcmpl-1062cbf6a2895c3f' retired (eos): 119 tok in 5.4 s — prefill 116 tok (0 cached) in 322 ms; decode 118 tok / 59 passes in 5.1 s: 23.3 tok/s, 42.8 ms/tok, 86 ms/pass, 2.00 tok/pass, accept p1 100 %
2026-09-22 12:08:27.001 INFO  sched: request 'chatcmpl-1062cbf6a2895c43' prefix cache miss — 1 cut(s) probed against 23 entries; the nearest entry (position 664) shares the first 36 of the prompt's 142 tokens (the prompt differs from it from that token on)
2026-09-22 12:08:27.001 INFO  sched: request 'chatcmpl-1062cbf6a2895c43' admitted to slot 0 (reserve 35 blocks; pool 247/4096 blocks in use) — first token 71093
2026-09-22 12:08:29.242 INFO  stats: rank 1 | 10.0 s | decode 87.2 tok/s, 9.4 ms/tok, 73.0 ms/step (113 steps / 873 tok, 82 % of wall) | mtp 2.00 tok/step/req, accept p1 100 % | prefill 5 prompts / 814 tok, 81 tok/s, 2.02 ms/tok, 328 ms avg (16 % of wall), 0 tok cached (0/5 hits) | live 4, queued 0 | pool 239/4096 blocks (6 %) | prefix cache 23/27 entries
2026-09-22 12:08:31.163 INFO  sched: request 'chatcmpl-1062cbf6a2895c42' retired (eos): 159 tok in 6.2 s — prefill 162 tok (0 cached) in 295 ms; decode 158 tok / 80 passes in 5.9 s: 26.7 tok/s, 37.5 ms/tok, 74 ms/pass, 1.98 tok/pass, accept p1 99 %
2026-09-22 12:08:31.308 INFO  sched: request 'chatcmpl-1062cbf6a2895c40' retired (eos): 220 tok in 9.1 s — prefill 211 tok (0 cached) in 377 ms; decode 219 tok / 110 passes in 8.7 s: 25.2 tok/s, 39.7 ms/tok, 79 ms/pass, 1.99 tok/pass, accept p1 100 %
2026-09-22 12:08:31.447 INFO  sched: request 'chatcmpl-1062cbf6a2895c41' retired (eos): 177 tok in 7.1 s — prefill 183 tok (0 cached) in 360 ms; decode 176 tok / 88 passes in 6.7 s: 26.1 tok/s, 38.3 ms/tok, 77 ms/pass, 2.00 tok/pass, accept p1 100 %
2026-09-22 12:08:31.763 INFO  sched: request 'chatcmpl-1062cbf6a2895c44' prefix cache miss — 1 cut(s) probed against 25 entries; the nearest entry (position 664) shares the first 36 of the prompt's 197 tokens (the prompt differs from it from that token on)
2026-09-22 12:08:31.763 INFO  sched: request 'chatcmpl-1062cbf6a2895c44' admitted to slot 1 (reserve 36 blocks; pool 184/4096 blocks in use) — first token 71093
2026-09-22 12:08:32.162 INFO  sched: request 'chatcmpl-1062cbf6a2895c45' prefix cache miss — 2 cut(s) probed against 25 entries; the nearest entry (position 504) shares the first 36 of the prompt's 163 tokens (the prompt differs from it from that token on)
2026-09-22 12:08:32.162 INFO  sched: request 'chatcmpl-1062cbf6a2895c45' admitted to slot 2 (reserve 35 blocks; pool 209/4096 blocks in use) — first token 71093
2026-09-22 12:08:32.609 INFO  sched: request 'chatcmpl-1062cbf6a2895c46' prefix cache miss — 1 cut(s) probed against 23 entries; the nearest entry (position 504) shares the first 36 of the prompt's 333 tokens (the prompt differs from it from that token on)
2026-09-22 12:08:32.609 INFO  sched: request 'chatcmpl-1062cbf6a2895c46' admitted to slot 3 (reserve 38 blocks; pool 237/4096 blocks in use) — first token 71093
2026-09-22 12:08:35.188 INFO  sched: request 'chatcmpl-1062cbf6a2895c43' retired (eos): 191 tok in 8.2 s — prefill 142 tok (0 cached) in 288 ms; decode 190 tok / 97 passes in 7.9 s: 24.1 tok/s, 41.6 ms/tok, 81 ms/pass, 1.96 tok/pass, accept p1 97 %
2026-09-22 12:08:35.778 INFO  sched: request 'chatcmpl-1062cbf6a2895c47' prefix cache miss — 1 cut(s) probed against 23 entries; the nearest entry (position 504) shares the first 36 of the prompt's 173 tokens (the prompt differs from it from that token on)
2026-09-22 12:08:35.778 INFO  sched: request 'chatcmpl-1062cbf6a2895c47' admitted to slot 0 (reserve 35 blocks; pool 242/4096 blocks in use) — first token 71093
2026-09-22 12:08:39.296 INFO  stats: rank 1 | 10.1 s | decode 90.6 tok/s, 9.4 ms/tok, 72.9 ms/step (118 steps / 911 tok, 86 % of wall) | mtp 1.98 tok/step/req, accept p1 98 % | prefill 4 prompts / 866 tok, 86 tok/s, 1.55 ms/tok, 337 ms avg (13 % of wall), 0 tok cached (0/4 hits) | live 4, queued 0 | pool 237/4096 blocks (6 %) | prefix cache 23/27 entries
2026-09-22 12:08:39.749 INFO  sched: request 'chatcmpl-1062cbf6a2895c45' retired (eos): 185 tok in 7.6 s — prefill 163 tok (0 cached) in 349 ms; decode 184 tok / 93 passes in 7.2 s: 25.4 tok/s, 39.3 ms/tok, 78 ms/pass, 1.98 tok/pass, accept p1 98 %
2026-09-22 12:08:40.449 INFO  sched: request 'chatcmpl-1062cbf6a2895c48' prefix cache miss — 2 cut(s) probed against 23 entries; the nearest entry (position 504) shares the first 36 of the prompt's 267 tokens (the prompt differs from it from that token on)
2026-09-22 12:08:40.449 INFO  sched: request 'chatcmpl-1062cbf6a2895c48' admitted to slot 2 (reserve 37 blocks; pool 244/4096 blocks in use) — first token 71093
2026-09-22 12:08:41.127 INFO  sched: request 'chatcmpl-1062cbf6a2895c44' retired (eos): 213 tok in 9.4 s — prefill 197 tok (0 cached) in 316 ms; decode 212 tok / 107 passes in 9.0 s: 23.4 tok/s, 42.7 ms/tok, 85 ms/pass, 1.98 tok/pass, accept p1 98 %
2026-09-22 12:08:41.651 INFO  sched: request 'chatcmpl-1062cbf6a2895c49' prefix cache miss — 1 cut(s) probed against 23 entries; the nearest entry (position 484) shares the first 37 of the prompt's 173 tokens (the prompt differs from it from that token on)
2026-09-22 12:08:41.651 INFO  sched: request 'chatcmpl-1062cbf6a2895c49' admitted to slot 1 (reserve 35 blocks; pool 243/4096 blocks in use) — first token 71093
2026-09-22 12:08:45.390 INFO  sched: request 'chatcmpl-1062cbf6a2895c47' retired (eos): 236 tok in 9.6 s — prefill 173 tok (0 cached) in 298 ms; decode 235 tok / 119 passes in 9.3 s: 25.2 tok/s, 39.6 ms/tok, 78 ms/pass, 1.97 tok/pass, accept p1 97 %
2026-09-22 12:08:46.126 INFO  sched: request 'chatcmpl-1062cbf6a2895c4a' prefix cache miss — 2 cut(s) probed against 23 entries; the nearest entry (position 504) shares the first 36 of the prompt's 348 tokens (the prompt differs from it from that token on)
2026-09-22 12:08:46.126 INFO  sched: request 'chatcmpl-1062cbf6a2895c4a' admitted to slot 0 (reserve 38 blocks; pool 246/4096 blocks in use) — first token 71093
2026-09-22 12:08:49.367 INFO  stats: rank 1 | 10.1 s | decode 92.0 tok/s, 9.5 ms/tok, 74.1 ms/step (119 steps / 926 tok, 88 % of wall) | mtp 1.99 tok/step/req, accept p1 98 % | prefill 3 prompts / 788 tok, 78 tok/s, 1.47 ms/tok, 385 ms avg (11 % of wall), 0 tok cached (0/3 hits) | live 4, queued 0 | pool 242/4096 blocks (6 %) | prefix cache 23/27 entries
2026-09-22 12:08:51.987 INFO  sched: request 'chatcmpl-1062cbf6a2895c46' retired (eos): 479 tok in 19.4 s — prefill 333 tok (0 cached) in 384 ms; decode 478 tok / 240 passes in 19.0 s: 25.2 tok/s, 39.7 ms/tok, 79 ms/pass, 1.99 tok/pass, accept p1 100 %
2026-09-22 12:08:52.639 INFO  sched: request 'chatcmpl-1062cbf6a2895c4b' prefix cache miss — 2 cut(s) probed against 23 entries; the nearest entry (position 808) shares the first 36 of the prompt's 247 tokens (the prompt differs from it from that token on)
2026-09-22 12:08:52.640 INFO  sched: request 'chatcmpl-1062cbf6a2895c4b' admitted to slot 3 (reserve 36 blocks; pool 252/4096 blocks in use) — first token 71093
2026-09-22 12:08:52.940 INFO  sched: request 'chatcmpl-1062cbf6a2895c49' retired (eos): 274 tok in 11.3 s — prefill 173 tok (0 cached) in 305 ms; decode 273 tok / 140 passes in 11.0 s: 24.9 tok/s, 40.2 ms/tok, 78 ms/pass, 1.95 tok/pass, accept p1 96 %
2026-09-22 12:08:53.532 INFO  sched: request 'chatcmpl-1062cbf6a2895c4c' prefix cache miss — 2 cut(s) probed against 23 entries; the nearest entry (position 808) shares the first 36 of the prompt's 200 tokens (the prompt differs from it from that token on)
2026-09-22 12:08:53.532 INFO  sched: request 'chatcmpl-1062cbf6a2895c4c' admitted to slot 1 (reserve 36 blocks; pool 251/4096 blocks in use) — first token 71093
2026-09-22 12:08:54.207 INFO  sched: request 'chatcmpl-1062cbf6a2895c48' retired (eos): 327 tok in 13.8 s — prefill 267 tok (0 cached) in 406 ms; decode 326 tok / 164 passes in 13.4 s: 24.4 tok/s, 41.0 ms/tok, 81 ms/pass, 1.99 tok/pass, accept p1 99 %
2026-09-22 12:08:54.744 INFO  sched: request 'chatcmpl-1062cbf6a2895c4d' prefix cache miss — 1 cut(s) probed against 23 entries; the nearest entry (position 808) shares the first 36 of the prompt's 209 tokens (the prompt differs from it from that token on)
2026-09-22 12:08:54.744 INFO  sched: request 'chatcmpl-1062cbf6a2895c4d' admitted to slot 2 (reserve 36 blocks; pool 246/4096 blocks in use) — first token 71093
2026-09-22 12:08:59.387 INFO  stats: rank 1 | 10.0 s | decode 93.2 tok/s, 9.4 ms/tok, 73.6 ms/step (120 steps / 934 tok, 88 % of wall) | mtp 1.99 tok/step/req, accept p1 99 % | prefill 3 prompts / 656 tok, 65 tok/s, 1.65 ms/tok, 362 ms avg (11 % of wall), 0 tok cached (0/3 hits) | live 4, queued 0 | pool 239/4096 blocks (6 %) | prefix cache 23/27 entries
2026-09-22 12:09:02.491 INFO  sched: request 'chatcmpl-1062cbf6a2895c4a' retired (eos): 407 tok in 16.4 s — prefill 348 tok (0 cached) in 444 ms; decode 406 tok / 205 passes in 15.9 s: 25.5 tok/s, 39.2 ms/tok, 78 ms/pass, 1.98 tok/pass, accept p1 98 %
2026-09-22 12:09:02.565 INFO  sched: request 'chatcmpl-1062cbf6a2895c4d' retired (eos): 208 tok in 7.8 s — prefill 209 tok (0 cached) in 318 ms; decode 207 tok / 105 passes in 7.5 s: 27.6 tok/s, 36.2 ms/tok, 71 ms/pass, 1.97 tok/pass, accept p1 98 %
2026-09-22 12:09:03.100 INFO  sched: request 'chatcmpl-1062cbf6a2895c4e' prefix cache miss — 1 cut(s) probed against 24 entries; the nearest entry (position 808) shares the first 36 of the prompt's 230 tokens (the prompt differs from it from that token on)
2026-09-22 12:09:03.100 INFO  sched: request 'chatcmpl-1062cbf6a2895c4e' admitted to slot 0 (reserve 36 blocks; pool 218/4096 blocks in use) — first token 71093
2026-09-22 12:09:03.507 INFO  sched: request 'chatcmpl-1062cbf6a2895c4f' prefix cache miss — 2 cut(s) probed against 24 entries; the nearest entry (position 808) shares the first 36 of the prompt's 131 tokens (the prompt differs from it from that token on)
2026-09-22 12:09:03.507 INFO  sched: request 'chatcmpl-1062cbf6a2895c4f' admitted to slot 2 (reserve 35 blocks; pool 250/4096 blocks in use) — first token 71093
2026-09-22 12:09:05.014 INFO  sched: request 'chatcmpl-1062cbf6a2895c4c' retired (eos): 279 tok in 11.5 s — prefill 200 tok (0 cached) in 368 ms; decode 278 tok / 141 passes in 11.1 s: 25.0 tok/s, 40.0 ms/tok, 79 ms/pass, 1.97 tok/pass, accept p1 97 %
2026-09-22 12:09:05.770 INFO  sched: request 'chatcmpl-1062cbf6a2895c50' prefix cache miss — 2 cut(s) probed against 23 entries; the nearest entry (position 808) shares the first 36 of the prompt's 380 tokens (the prompt differs from it from that token on)
2026-09-22 12:09:05.770 INFO  sched: request 'chatcmpl-1062cbf6a2895c50' admitted to slot 1 (reserve 38 blocks; pool 249/4096 blocks in use) — first token 71093
2026-09-22 12:09:06.980 INFO  sched: request 'chatcmpl-1062cbf6a2895c4b' retired (eos): 335 tok in 14.3 s — prefill 247 tok (0 cached) in 399 ms; decode 334 tok / 168 passes in 13.9 s: 24.0 tok/s, 41.7 ms/tok, 83 ms/pass, 1.99 tok/pass, accept p1 99 %
2026-09-22 12:09:07.569 INFO  sched: request 'chatcmpl-1062cbf6a2895c51' prefix cache miss — 1 cut(s) probed against 23 entries; the nearest entry (position 808) shares the first 36 of the prompt's 218 tokens (the prompt differs from it from that token on)
2026-09-22 12:09:07.569 INFO  sched: request 'chatcmpl-1062cbf6a2895c51' admitted to slot 3 (reserve 36 blocks; pool 253/4096 blocks in use) — first token 71093
2026-09-22 12:09:09.442 INFO  stats: rank 1 | 10.1 s | decode 88.3 tok/s, 9.6 ms/tok, 73.2 ms/step (116 steps / 888 tok, 84 % of wall) | mtp 1.98 tok/step/req, accept p1 98 % | prefill 4 prompts / 959 tok, 95 tok/s, 1.52 ms/tok, 364 ms avg (14 % of wall), 0 tok cached (0/4 hits) | live 4, queued 0 | pool 253/4096 blocks (6 %) | prefix cache 23/27 entries
2026-09-22 12:09:11.027 INFO  sched: request 'chatcmpl-1062cbf6a2895c4f' retired (eos): 180 tok in 7.5 s — prefill 131 tok (0 cached) in 331 ms; decode 179 tok / 90 passes in 7.2 s: 24.9 tok/s, 40.2 ms/tok, 80 ms/pass, 1.99 tok/pass, accept p1 100 %
2026-09-22 12:09:11.711 INFO  sched: request 'chatcmpl-1062cbf6a2895c52' prefix cache miss — 2 cut(s) probed against 23 entries; the nearest entry (position 808) shares the first 36 of the prompt's 231 tokens (the prompt differs from it from that token on)
2026-09-22 12:09:11.711 INFO  sched: request 'chatcmpl-1062cbf6a2895c52' admitted to slot 2 (reserve 36 blocks; pool 258/4096 blocks in use) — first token 71093
2026-09-22 12:09:15.414 INFO  sched: request 'chatcmpl-1062cbf6a2895c51' retired (eos): 198 tok in 7.8 s — prefill 218 tok (0 cached) in 332 ms; decode 197 tok / 99 passes in 7.5 s: 26.2 tok/s, 38.1 ms/tok, 76 ms/pass, 1.99 tok/pass, accept p1 100 %
2026-09-22 12:09:15.987 INFO  sched: request 'chatcmpl-1062cbf6a2895c53' prefix cache miss — 1 cut(s) probed against 23 entries; the nearest entry (position 808) shares the first 36 of the prompt's 197 tokens (the prompt differs from it from that token on)
2026-09-22 12:09:15.987 INFO  sched: request 'chatcmpl-1062cbf6a2895c53' admitted to slot 3 (reserve 36 blocks; pool 259/4096 blocks in use) — first token 71093
2026-09-22 12:09:19.465 INFO  stats: rank 1 | 10.0 s | decode 96.0 tok/s, 9.6 ms/tok, 74.2 ms/step (124 steps / 962 tok, 92 % of wall) | mtp 1.97 tok/step/req, accept p1 97 % | prefill 2 prompts / 428 tok, 43 tok/s, 1.65 ms/tok, 354 ms avg (7 % of wall), 0 tok cached (0/2 hits) | live 4, queued 0 | pool 254/4096 blocks (6 %) | prefix cache 23/27 entries
2026-09-22 12:09:21.104 INFO  sched: request 'chatcmpl-1062cbf6a2895c50' retired (eos): 383 tok in 15.3 s — prefill 380 tok (0 cached) in 462 ms; decode 382 tok / 191 passes in 14.9 s: 25.7 tok/s, 38.9 ms/tok, 78 ms/pass, 2.00 tok/pass, accept p1 100 %
2026-09-22 12:09:21.253 INFO  sched: request 'chatcmpl-1062cbf6a2895c4e' retired (eos): 420 tok in 18.2 s — prefill 230 tok (0 cached) in 332 ms; decode 419 tok / 218 passes in 17.8 s: 23.5 tok/s, 42.5 ms/tok, 82 ms/pass, 1.92 tok/pass, accept p1 92 %
2026-09-22 12:09:21.653 INFO  sched: request 'chatcmpl-1062cbf6a2895c54' prefix cache miss — 1 cut(s) probed against 24 entries; the nearest entry (position 808) shares the first 36 of the prompt's 217 tokens (the prompt differs from it from that token on)
2026-09-22 12:09:21.653 INFO  sched: request 'chatcmpl-1062cbf6a2895c54' admitted to slot 0 (reserve 36 blocks; pool 237/4096 blocks in use) — first token 71093
2026-09-22 12:09:22.144 INFO  sched: request 'chatcmpl-1062cbf6a2895c55' prefix cache miss — 2 cut(s) probed against 24 entries; the nearest entry (position 808) shares the first 36 of the prompt's 276 tokens (the prompt differs from it from that token on)
2026-09-22 12:09:22.144 INFO  sched: request 'chatcmpl-1062cbf6a2895c55' admitted to slot 1 (reserve 37 blocks; pool 268/4096 blocks in use) — first token 71093
2026-09-22 12:09:23.621 INFO  sched: request 'chatcmpl-1062cbf6a2895c52' retired (eos): 290 tok in 11.9 s — prefill 231 tok (0 cached) in 391 ms; decode 289 tok / 145 passes in 11.5 s: 25.1 tok/s, 39.9 ms/tok, 79 ms/pass, 1.99 tok/pass, accept p1 99 %
2026-09-22 12:09:24.197 INFO  sched: request 'chatcmpl-1062cbf6a2895c56' prefix cache miss — 1 cut(s) probed against 23 entries; the nearest entry (position 808) shares the first 36 of the prompt's 145 tokens (the prompt differs from it from that token on)
2026-09-22 12:09:24.197 INFO  sched: request 'chatcmpl-1062cbf6a2895c56' admitted to slot 2 (reserve 35 blocks; pool 268/4096 blocks in use) — first token 71093
2026-09-22 12:09:28.539 INFO  sched: request 'chatcmpl-1062cbf6a2895c53' retired (eos): 307 tok in 12.6 s — prefill 197 tok (0 cached) in 317 ms; decode 306 tok / 154 passes in 12.2 s: 25.0 tok/s, 40.0 ms/tok, 79 ms/pass, 1.99 tok/pass, accept p1 99 %
2026-09-22 12:09:29.146 INFO  sched: request 'chatcmpl-1062cbf6a2895c57' prefix cache miss — 2 cut(s) probed against 23 entries; the nearest entry (position 760) shares the first 36 of the prompt's 183 tokens (the prompt differs from it from that token on)
2026-09-22 12:09:29.146 INFO  sched: request 'chatcmpl-1062cbf6a2895c57' admitted to slot 3 (reserve 35 blocks; pool 263/4096 blocks in use) — first token 71093
2026-09-22 12:09:29.514 INFO  stats: rank 1 | 10.0 s | decode 90.3 tok/s, 9.4 ms/tok, 73.1 ms/step (117 steps / 907 tok, 85 % of wall) | mtp 1.99 tok/step/req, accept p1 98 % | prefill 4 prompts / 821 tok, 82 tok/s, 1.68 ms/tok, 346 ms avg (14 % of wall), 0 tok cached (0/4 hits) | live 4, queued 0 | pool 256/4096 blocks (6 %) | prefix cache 23/27 entries
2026-09-22 12:09:30.121 INFO  sched: request 'chatcmpl-1062cbf6a2895c56' retired (eos): 150 tok in 5.9 s — prefill 145 tok (0 cached) in 286 ms; decode 149 tok / 75 passes in 5.6 s: 26.4 tok/s, 37.8 ms/tok, 75 ms/pass, 1.99 tok/pass, accept p1 100 %
2026-09-22 12:09:30.761 INFO  sched: request 'chatcmpl-1062cbf6a2895c58' prefix cache miss — 2 cut(s) probed against 23 entries; the nearest entry (position 500) shares the first 37 of the prompt's 280 tokens (the prompt differs from it from that token on)
2026-09-22 12:09:30.761 INFO  sched: request 'chatcmpl-1062cbf6a2895c58' admitted to slot 2 (reserve 37 blocks; pool 264/4096 blocks in use) — first token 71093
2026-09-22 12:09:33.527 INFO  sched: request 'chatcmpl-1062cbf6a2895c55' retired (eos): 276 tok in 11.4 s — prefill 276 tok (0 cached) in 416 ms; decode 275 tok / 139 passes in 11.0 s: 25.1 tok/s, 39.9 ms/tok, 79 ms/pass, 1.98 tok/pass, accept p1 99 %
2026-09-22 12:09:33.820 INFO  sched: request 'chatcmpl-1062cbf6a2895c54' retired (eos): 287 tok in 12.2 s — prefill 217 tok (0 cached) in 327 ms; decode 286 tok / 144 passes in 11.8 s: 24.2 tok/s, 41.4 ms/tok, 82 ms/pass, 1.99 tok/pass, accept p1 99 %
2026-09-22 12:09:34.254 INFO  sched: request 'chatcmpl-1062cbf6a2895c59' prefix cache miss — 2 cut(s) probed against 24 entries; the nearest entry (position 760) shares the first 36 of the prompt's 335 tokens (the prompt differs from it from that token on)
2026-09-22 12:09:34.254 INFO  sched: request 'chatcmpl-1062cbf6a2895c59' admitted to slot 0 (reserve 38 blocks; pool 235/4096 blocks in use) — first token 71093
2026-09-22 12:09:34.632 INFO  sched: request 'chatcmpl-1062cbf6a2895c5a' prefix cache miss — 1 cut(s) probed against 23 entries; the nearest entry (position 760) shares the first 36 of the prompt's 185 tokens (the prompt differs from it from that token on)
2026-09-22 12:09:34.632 INFO  sched: request 'chatcmpl-1062cbf6a2895c5a' admitted to slot 1 (reserve 35 blocks; pool 253/4096 blocks in use) — first token 71093
2026-09-22 12:09:37.253 INFO  sched: request 'chatcmpl-1062cbf6a2895c57' retired (eos): 186 tok in 8.1 s — prefill 183 tok (0 cached) in 355 ms; decode 185 tok / 93 passes in 7.8 s: 23.9 tok/s, 41.9 ms/tok, 83 ms/pass, 1.99 tok/pass, accept p1 99 %
2026-09-22 12:09:37.916 INFO  sched: request 'chatcmpl-1062cbf6a2895c5b' prefix cache miss — 2 cut(s) probed against 23 entries; the nearest entry (position 760) shares the first 36 of the prompt's 292 tokens (the prompt differs from it from that token on)
2026-09-22 12:09:37.916 INFO  sched: request 'chatcmpl-1062cbf6a2895c5b' admitted to slot 3 (reserve 37 blocks; pool 260/4096 blocks in use) — first token 71093
2026-09-22 12:09:39.557 INFO  stats: rank 1 | 10.0 s | decode 88.2 tok/s, 9.4 ms/tok, 73.4 ms/step (114 steps / 886 tok, 83 % of wall) | mtp 2.00 tok/step/req, accept p1 99 % | prefill 4 prompts / 1092 tok, 109 tok/s, 1.44 ms/tok, 392 ms avg (16 % of wall), 0 tok cached (0/4 hits) | live 4, queued 0 | pool 253/4096 blocks (6 %) | prefix cache 23/27 entries
2026-09-22 12:09:43.686 INFO  sched: request 'chatcmpl-1062cbf6a2895c5a' retired (eos): 229 tok in 9.1 s — prefill 185 tok (0 cached) in 303 ms; decode 228 tok / 116 passes in 8.8 s: 26.1 tok/s, 38.4 ms/tok, 75 ms/pass, 1.97 tok/pass, accept p1 97 %
2026-09-22 12:09:44.278 INFO  sched: request 'chatcmpl-1062cbf6a2895c5c' prefix cache miss — 1 cut(s) probed against 23 entries; the nearest entry (position 760) shares the first 36 of the prompt's 309 tokens (the prompt differs from it from that token on)
2026-09-22 12:09:44.278 INFO  sched: request 'chatcmpl-1062cbf6a2895c5c' admitted to slot 1 (reserve 37 blocks; pool 260/4096 blocks in use) — first token 71093
2026-09-22 12:09:44.507 INFO  sched: request 'chatcmpl-1062cbf6a2895c58' retired (eos): 328 tok in 13.7 s — prefill 280 tok (0 cached) in 419 ms; decode 327 tok / 164 passes in 13.3 s: 24.5 tok/s, 40.8 ms/tok, 81 ms/pass, 1.99 tok/pass, accept p1 99 %
2026-09-22 12:09:45.080 INFO  sched: request 'chatcmpl-1062cbf6a2895c5d' prefix cache miss — 2 cut(s) probed against 23 entries; the nearest entry (position 760) shares the first 36 of the prompt's 167 tokens (the prompt differs from it from that token on)
2026-09-22 12:09:45.080 INFO  sched: request 'chatcmpl-1062cbf6a2895c5d' admitted to slot 2 (reserve 35 blocks; pool 258/4096 blocks in use) — first token 71093
2026-09-22 12:09:49.604 INFO  stats: rank 1 | 10.0 s | decode 96.7 tok/s, 9.5 ms/tok, 74.4 ms/step (124 steps / 972 tok, 92 % of wall) | mtp 1.98 tok/step/req, accept p1 98 % | prefill 2 prompts / 476 tok, 47 tok/s, 1.51 ms/tok, 360 ms avg (7 % of wall), 0 tok cached (0/2 hits) | live 4, queued 0 | pool 255/4096 blocks (6 %) | prefix cache 23/27 entries
2026-09-22 12:09:51.620 INFO  sched: request 'chatcmpl-1062cbf6a2895c5b' retired (eos): 345 tok in 13.7 s — prefill 292 tok (0 cached) in 411 ms; decode 344 tok / 173 passes in 13.3 s: 25.9 tok/s, 38.6 ms/tok, 77 ms/pass, 1.99 tok/pass, accept p1 99 %
2026-09-22 12:09:52.369 INFO  sched: request 'chatcmpl-1062cbf6a2895c5e' prefix cache miss — 2 cut(s) probed against 23 entries; the nearest entry (position 760) shares the first 36 of the prompt's 451 tokens (the prompt differs from it from that token on)
2026-09-22 12:09:52.369 INFO  sched: request 'chatcmpl-1062cbf6a2895c5e' admitted to slot 3 (reserve 40 blocks; pool 267/4096 blocks in use) — first token 71093
2026-09-22 12:09:54.489 INFO  sched: request 'chatcmpl-1062cbf6a2895c5d' retired (eos): 235 tok in 9.4 s — prefill 167 tok (0 cached) in 351 ms; decode 234 tok / 119 passes in 9.1 s: 25.8 tok/s, 38.7 ms/tok, 76 ms/pass, 1.97 tok/pass, accept p1 97 %
2026-09-22 12:09:55.150 INFO  sched: request 'chatcmpl-1062cbf6a2895c5f' prefix cache miss — 1 cut(s) probed against 23 entries; the nearest entry (position 760) shares the first 36 of the prompt's 285 tokens (the prompt differs from it from that token on)
2026-09-22 12:09:55.150 INFO  sched: request 'chatcmpl-1062cbf6a2895c5f' admitted to slot 2 (reserve 37 blocks; pool 268/4096 blocks in use) — first token 71093
2026-09-22 12:09:58.178 INFO  sched: request 'chatcmpl-1062cbf6a2895c59' retired (eos): 572 tok in 23.9 s — prefill 335 tok (0 cached) in 434 ms; decode 571 tok / 289 passes in 23.5 s: 24.3 tok/s, 41.1 ms/tok, 81 ms/pass, 1.98 tok/pass, accept p1 98 %
2026-09-22 12:09:58.746 INFO  sched: request 'chatcmpl-1062cbf6a2895c60' prefix cache miss — 1 cut(s) probed against 23 entries; the nearest entry (position 904) shares the first 36 of the prompt's 118 tokens (the prompt differs from it from that token on)
2026-09-22 12:09:58.746 INFO  sched: request 'chatcmpl-1062cbf6a2895c60' admitted to slot 0 (reserve 34 blocks; pool 258/4096 blocks in use) — first token 71093
2026-09-22 12:09:59.644 INFO  stats: rank 1 | 10.0 s | decode 91.5 tok/s, 9.6 ms/tok, 73.9 ms/step (119 steps / 919 tok, 88 % of wall) | mtp 1.98 tok/step/req, accept p1 98 % | prefill 3 prompts / 854 tok, 85 tok/s, 1.33 ms/tok, 379 ms avg (11 % of wall), 0 tok cached (0/3 hits) | live 4, queued 0 | pool 258/4096 blocks (6 %) | prefix cache 23/27 entries
2026-09-22 12:10:02.741 INFO  sched: request 'chatcmpl-1062cbf6a2895c5c' retired (eos): 446 tok in 18.5 s — prefill 309 tok (0 cached) in 369 ms; decode 445 tok / 226 passes in 18.1 s: 24.6 tok/s, 40.7 ms/tok, 80 ms/pass, 1.97 tok/pass, accept p1 97 %
2026-09-22 12:10:03.334 INFO  sched: request 'chatcmpl-1062cbf6a2895c61' prefix cache miss — 1 cut(s) probed against 23 entries; the nearest entry (position 636) shares the first 37 of the prompt's 177 tokens (the prompt differs from it from that token on)
2026-09-22 12:10:03.334 INFO  sched: request 'chatcmpl-1062cbf6a2895c61' admitted to slot 1 (reserve 35 blocks; pool 267/4096 blocks in use) — first token 71093
2026-09-22 12:10:04.763 INFO  sched: request 'chatcmpl-1062cbf6a2895c60' retired (eos): 152 tok in 6.0 s — prefill 118 tok (0 cached) in 275 ms; decode 151 tok / 76 passes in 5.7 s: 26.3 tok/s, 38.0 ms/tok, 76 ms/pass, 1.99 tok/pass, accept p1 99 %
2026-09-22 12:10:05.296 INFO  sched: request 'chatcmpl-1062cbf6a2895c62' prefix cache miss — 1 cut(s) probed against 23 entries; the nearest entry (position 904) shares the first 34 of the prompt's 206 tokens (the prompt differs from it from that token on)
2026-09-22 12:10:05.296 INFO  sched: request 'chatcmpl-1062cbf6a2895c62' admitted to slot 0 (reserve 36 blocks; pool 265/4096 blocks in use) — first token 71093
2026-09-22 12:10:09.666 INFO  stats: rank 1 | 10.0 s | decode 97.2 tok/s, 9.6 ms/tok, 74.6 ms/step (125 steps / 974 tok, 93 % of wall) | mtp 1.98 tok/step/req, accept p1 97 % | prefill 2 prompts / 383 tok, 38 tok/s, 1.60 ms/tok, 307 ms avg (6 % of wall), 0 tok cached (0/2 hits) | live 4, queued 0 | pool 256/4096 blocks (6 %) | prefix cache 23/27 entries
2026-09-22 12:10:13.053 INFO  sched: request 'chatcmpl-1062cbf6a2895c62' retired (eos): 204 tok in 7.8 s — prefill 206 tok (0 cached) in 316 ms; decode 203 tok / 103 passes in 7.4 s: 27.3 tok/s, 36.7 ms/tok, 72 ms/pass, 1.97 tok/pass, accept p1 97 %
2026-09-22 12:10:13.573 INFO  sched: request 'chatcmpl-1062cbf6a2895c63' prefix cache miss — 1 cut(s) probed against 23 entries; the nearest entry (position 904) shares the first 36 of the prompt's 182 tokens (the prompt differs from it from that token on)
2026-09-22 12:10:13.573 INFO  sched: request 'chatcmpl-1062cbf6a2895c63' admitted to slot 0 (reserve 35 blocks; pool 262/4096 blocks in use) — first token 71093
2026-09-22 12:10:19.736 INFO  sched: request 'chatcmpl-1062cbf6a2895c5f' retired (eos): 613 tok in 24.6 s — prefill 285 tok (0 cached) in 367 ms; decode 612 tok / 311 passes in 24.2 s: 25.3 tok/s, 39.6 ms/tok, 78 ms/pass, 1.97 tok/pass, accept p1 97 %
2026-09-22 12:10:19.736 INFO  stats: rank 1 | 10.1 s | decode 97.1 tok/s, 9.9 ms/tok, 74.2 ms/step (130 steps / 978 tok, 96 % of wall) | mtp 1.89 tok/step/req, accept p1 89 % | prefill 1 prompt / 182 tok, 18 tok/s, 1.67 ms/tok, 303 ms avg (3 % of wall), 0 tok cached (0/1 hit) | live 3, queued 0 | pool 235/4096 blocks (6 %) | prefix cache 24/27 entries
2026-09-22 12:10:20.247 INFO  sched: request 'chatcmpl-1062cbf6a2895c64' prefix cache miss — 1 cut(s) probed against 23 entries; the nearest entry (position 904) shares the first 36 of the prompt's 146 tokens (the prompt differs from it from that token on)
2026-09-22 12:10:20.247 INFO  sched: request 'chatcmpl-1062cbf6a2895c64' admitted to slot 2 (reserve 35 blocks; pool 270/4096 blocks in use) — first token 71093
2026-09-22 12:10:23.208 INFO  sched: request 'chatcmpl-1062cbf6a2895c63' retired (eos): 247 tok in 9.6 s — prefill 182 tok (0 cached) in 303 ms; decode 246 tok / 125 passes in 9.3 s: 26.4 tok/s, 37.9 ms/tok, 75 ms/pass, 1.97 tok/pass, accept p1 97 %
2026-09-22 12:10:23.811 INFO  sched: request 'chatcmpl-1062cbf6a2895c65' prefix cache miss — 1 cut(s) probed against 23 entries; the nearest entry (position 904) shares the first 36 of the prompt's 186 tokens (the prompt differs from it from that token on)
2026-09-22 12:10:23.811 INFO  sched: request 'chatcmpl-1062cbf6a2895c65' admitted to slot 0 (reserve 35 blocks; pool 261/4096 blocks in use) — first token 71093
2026-09-22 12:10:26.004 INFO  sched: request 'chatcmpl-1062cbf6a2895c64' retired (eos): 146 tok in 5.8 s — prefill 146 tok (0 cached) in 291 ms; decode 145 tok / 73 passes in 5.5 s: 26.5 tok/s, 37.7 ms/tok, 75 ms/pass, 1.99 tok/pass, accept p1 99 %
2026-09-22 12:10:26.588 INFO  sched: request 'chatcmpl-1062cbf6a2895c66' prefix cache miss — 2 cut(s) probed against 23 entries; the nearest entry (position 904) shares the first 36 of the prompt's 188 tokens (the prompt differs from it from that token on)
2026-09-22 12:10:26.588 INFO  sched: request 'chatcmpl-1062cbf6a2895c66' admitted to slot 2 (reserve 35 blocks; pool 264/4096 blocks in use) — first token 71093
2026-09-22 12:10:29.779 INFO  stats: rank 1 | 10.0 s | decode 89.7 tok/s, 9.9 ms/tok, 74.1 ms/step (121 steps / 901 tok, 89 % of wall) | mtp 1.90 tok/step/req, accept p1 89 % | prefill 3 prompts / 520 tok, 52 tok/s, 1.85 ms/tok, 321 ms avg (10 % of wall), 0 tok cached (0/3 hits) | live 4, queued 0 | pool 260/4096 blocks (6 %) | prefix cache 23/27 entries
2026-09-22 12:10:32.218 INFO  sched: request 'chatcmpl-1062cbf6a2895c65' retired (eos): 213 tok in 8.4 s — prefill 186 tok (0 cached) in 313 ms; decode 212 tok / 106 passes in 8.1 s: 26.2 tok/s, 38.2 ms/tok, 76 ms/pass, 2.00 tok/pass, accept p1 100 %
2026-09-22 12:10:32.708 INFO  sched: request 'chatcmpl-1062cbf6a2895c67' prefix cache miss — 1 cut(s) probed against 23 entries; the nearest entry (position 636) shares the first 37 of the prompt's 118 tokens (the prompt differs from it from that token on)
2026-09-22 12:10:32.708 INFO  sched: request 'chatcmpl-1062cbf6a2895c67' admitted to slot 0 (reserve 34 blocks; pool 264/4096 blocks in use) — first token 71093
2026-09-22 12:10:35.430 INFO  sched: request 'chatcmpl-1062cbf6a2895c66' retired (eos): 226 tok in 8.8 s — prefill 188 tok (0 cached) in 358 ms; decode 225 tok / 113 passes in 8.5 s: 26.5 tok/s, 37.7 ms/tok, 75 ms/pass, 1.99 tok/pass, accept p1 100 %
2026-09-22 12:10:36.062 INFO  sched: request 'chatcmpl-1062cbf6a2895c68' prefix cache miss — 2 cut(s) probed against 23 entries; the nearest entry (position 904) shares the first 36 of the prompt's 143 tokens (the prompt differs from it from that token on)
2026-09-22 12:10:36.062 INFO  sched: request 'chatcmpl-1062cbf6a2895c68' admitted to slot 2 (reserve 35 blocks; pool 265/4096 blocks in use) — first token 71093
2026-09-22 12:10:39.484 INFO  sched: request 'chatcmpl-1062cbf6a2895c67' retired (eos): 168 tok in 6.8 s — prefill 118 tok (0 cached) in 272 ms; decode 167 tok / 85 passes in 6.5 s: 25.7 tok/s, 38.9 ms/tok, 77 ms/pass, 1.96 tok/pass, accept p1 98 %
2026-09-22 12:10:40.121 INFO  sched: request 'chatcmpl-1062cbf6a2895c69' prefix cache miss — 2 cut(s) probed against 23 entries; the nearest entry (position 904) shares the first 36 of the prompt's 152 tokens (the prompt differs from it from that token on)
2026-09-22 12:10:40.121 INFO  sched: request 'chatcmpl-1062cbf6a2895c69' admitted to slot 0 (reserve 35 blocks; pool 261/4096 blocks in use) — first token 71093
2026-09-22 12:10:40.192 INFO  stats: rank 1 | 10.4 s | decode 89.9 tok/s, 10.0 ms/tok, 74.6 ms/step (125 steps / 936 tok, 90 % of wall) | mtp 1.91 tok/step/req, accept p1 91 % | prefill 3 prompts / 413 tok, 40 tok/s, 2.31 ms/tok, 318 ms avg (9 % of wall), 0 tok cached (0/3 hits) | live 4, queued 0 | pool 252/4096 blocks (6 %) | prefix cache 23/27 entries
2026-09-22 12:10:41.561 INFO  sched: request 'chatcmpl-1062cbf6a2895c5e' retired (eos): 1175 tok in 49.2 s — prefill 451 tok (0 cached) in 494 ms; decode 1174 tok / 607 passes in 48.7 s: 24.1 tok/s, 41.5 ms/tok, 80 ms/pass, 1.93 tok/pass, accept p1 93 %
2026-09-22 12:10:41.691 INFO  sched: request 'chatcmpl-1062cbf6a2895c68' retired (eos): 140 tok in 5.6 s — prefill 143 tok (0 cached) in 342 ms; decode 139 tok / 70 passes in 5.3 s: 26.3 tok/s, 38.0 ms/tok, 76 ms/pass, 1.99 tok/pass, accept p1 100 %
2026-09-22 12:10:42.184 INFO  sched: request 'chatcmpl-1062cbf6a2895c6a' prefix cache miss — 2 cut(s) probed against 24 entries; the nearest entry (position 1624) shares the first 36 of the prompt's 263 tokens (the prompt differs from it from that token on)
2026-09-22 12:10:42.184 INFO  sched: request 'chatcmpl-1062cbf6a2895c6a' admitted to slot 2 (reserve 37 blocks; pool 242/4096 blocks in use) — first token 71093
2026-09-22 12:10:42.576 INFO  sched: request 'chatcmpl-1062cbf6a2895c6b' prefix cache miss — 1 cut(s) probed against 23 entries; the nearest entry (position 1624) shares the first 34 of the prompt's 214 tokens (the prompt differs from it from that token on)
2026-09-22 12:10:42.576 INFO  sched: request 'chatcmpl-1062cbf6a2895c6b' admitted to slot 3 (reserve 36 blocks; pool 272/4096 blocks in use) — first token 71093
2026-09-22 12:10:47.330 INFO  sched: request 'chatcmpl-1062cbf6a2895c69' retired (eos): 171 tok in 7.2 s — prefill 152 tok (0 cached) in 340 ms; decode 170 tok / 87 passes in 6.9 s: 24.7 tok/s, 40.4 ms/tok, 79 ms/pass, 1.95 tok/pass, accept p1 95 %
2026-09-22 12:10:47.995 INFO  sched: request 'chatcmpl-1062cbf6a2895c6c' prefix cache miss — 2 cut(s) probed against 23 entries; the nearest entry (position 1624) shares the first 36 of the prompt's 203 tokens (the prompt differs from it from that token on)
2026-09-22 12:10:47.995 INFO  sched: request 'chatcmpl-1062cbf6a2895c6c' admitted to slot 0 (reserve 36 blocks; pool 263/4096 blocks in use) — first token 71093
2026-09-22 12:10:50.199 INFO  stats: rank 1 | 10.0 s | decode 91.7 tok/s, 9.6 ms/tok, 74.0 ms/step (119 steps / 918 tok, 88 % of wall) | mtp 1.97 tok/step/req, accept p1 97 % | prefill 3 prompts / 680 tok, 68 tok/s, 1.61 ms/tok, 364 ms avg (11 % of wall), 0 tok cached (0/3 hits) | live 4, queued 0 | pool 251/4096 blocks (6 %) | prefix cache 23/27 entries
2026-09-22 12:10:52.098 INFO  sched: request 'chatcmpl-1062cbf6a2895c6b' retired (eos): 241 tok in 9.5 s — prefill 214 tok (0 cached) in 327 ms; decode 240 tok / 121 passes in 9.2 s: 26.1 tok/s, 38.3 ms/tok, 76 ms/pass, 1.98 tok/pass, accept p1 99 %
2026-09-22 12:10:52.665 INFO  sched: request 'chatcmpl-1062cbf6a2895c6d' prefix cache miss — 1 cut(s) probed against 23 entries; the nearest entry (position 1624) shares the first 36 of the prompt's 201 tokens (the prompt differs from it from that token on)
2026-09-22 12:10:52.665 INFO  sched: request 'chatcmpl-1062cbf6a2895c6d' admitted to slot 3 (reserve 36 blocks; pool 257/4096 blocks in use) — first token 71093
2026-09-22 12:10:57.051 INFO  sched: request 'chatcmpl-1062cbf6a2895c61' retired (eos): 1209 tok in 53.7 s — prefill 177 tok (0 cached) in 297 ms; decode 1208 tok / 662 passes in 53.4 s: 22.6 tok/s, 44.2 ms/tok, 81 ms/pass, 1.82 tok/pass, accept p1 82 %
2026-09-22 12:10:57.643 INFO  sched: request 'chatcmpl-1062cbf6a2895c6e' prefix cache miss — 1 cut(s) probed against 23 entries; the nearest entry (position 1624) shares the first 36 of the prompt's 169 tokens (the prompt differs from it from that token on)
2026-09-22 12:10:57.643 INFO  sched: request 'chatcmpl-1062cbf6a2895c6e' admitted to slot 1 (reserve 35 blocks; pool 275/4096 blocks in use) — first token 71093
2026-09-22 12:10:59.217 INFO  sched: request 'chatcmpl-1062cbf6a2895c6c' retired (eos): 281 tok in 11.2 s — prefill 203 tok (0 cached) in 370 ms; decode 280 tok / 141 passes in 10.9 s: 25.8 tok/s, 38.8 ms/tok, 77 ms/pass, 1.99 tok/pass, accept p1 99 %
2026-09-22 12:10:59.365 INFO  sched: request 'chatcmpl-1062cbf6a2895c6a' retired (eos): 418 tok in 17.2 s — prefill 263 tok (0 cached) in 394 ms; decode 417 tok / 211 passes in 16.8 s: 24.8 tok/s, 40.3 ms/tok, 80 ms/pass, 1.98 tok/pass, accept p1 98 %
2026-09-22 12:10:59.784 INFO  sched: request 'chatcmpl-1062cbf6a2895c6f' prefix cache miss — 2 cut(s) probed against 24 entries; the nearest entry (position 280) shares the first 37 of the prompt's 172 tokens (the prompt differs from it from that token on)
2026-09-22 12:10:59.784 INFO  sched: request 'chatcmpl-1062cbf6a2895c6f' admitted to slot 0 (reserve 35 blocks; pool 248/4096 blocks in use) — first token 71093
2026-09-22 12:11:00.232 INFO  sched: request 'chatcmpl-1062cbf6a2895c70' prefix cache miss — 2 cut(s) probed against 23 entries; the nearest entry (position 1624) shares the first 36 of the prompt's 216 tokens (the prompt differs from it from that token on)
2026-09-22 12:11:00.232 INFO  sched: request 'chatcmpl-1062cbf6a2895c70' admitted to slot 2 (reserve 36 blocks; pool 271/4096 blocks in use) — first token 71093
2026-09-22 12:11:00.301 INFO  stats: rank 1 | 10.1 s | decode 89.0 tok/s, 9.6 ms/tok, 74.0 ms/step (117 steps / 899 tok, 86 % of wall) | mtp 1.98 tok/step/req, accept p1 97 % | prefill 4 prompts / 758 tok, 75 tok/s, 1.76 ms/tok, 333 ms avg (13 % of wall), 0 tok cached (0/4 hits) | live 4, queued 0 | pool 265/4096 blocks (6 %) | prefix cache 23/27 entries
2026-09-22 12:11:04.632 INFO  sched: request 'chatcmpl-1062cbf6a2895c6d' retired (eos): 290 tok in 12.0 s — prefill 201 tok (0 cached) in 313 ms; decode 289 tok / 146 passes in 11.7 s: 24.8 tok/s, 40.3 ms/tok, 80 ms/pass, 1.98 tok/pass, accept p1 99 %
2026-09-22 12:11:05.232 INFO  sched: request 'chatcmpl-1062cbf6a2895c71' prefix cache miss — 1 cut(s) probed against 23 entries; the nearest entry (position 1624) shares the first 36 of the prompt's 257 tokens (the prompt differs from it from that token on)
2026-09-22 12:11:05.232 INFO  sched: request 'chatcmpl-1062cbf6a2895c71' admitted to slot 3 (reserve 37 blocks; pool 273/4096 blocks in use) — first token 71093
2026-09-22 12:11:05.977 INFO  sched: request 'chatcmpl-1062cbf6a2895c6e' retired (eos): 192 tok in 8.3 s — prefill 169 tok (0 cached) in 299 ms; decode 191 tok / 98 passes in 8.0 s: 23.8 tok/s, 42.1 ms/tok, 82 ms/pass, 1.95 tok/pass, accept p1 95 %
2026-09-22 12:11:06.584 INFO  sched: request 'chatcmpl-1062cbf6a2895c72' prefix cache miss — 2 cut(s) probed against 23 entries; the nearest entry (position 1624) shares the first 36 of the prompt's 240 tokens (the prompt differs from it from that token on)
2026-09-22 12:11:06.584 INFO  sched: request 'chatcmpl-1062cbf6a2895c72' admitted to slot 1 (reserve 36 blocks; pool 275/4096 blocks in use) — first token 71093
2026-09-22 12:11:10.325 INFO  sched: request 'chatcmpl-1062cbf6a2895c6f' retired (eos): 253 tok in 10.5 s — prefill 172 tok (0 cached) in 346 ms; decode 252 tok / 127 passes in 10.2 s: 24.7 tok/s, 40.5 ms/tok, 80 ms/pass, 1.98 tok/pass, accept p1 98 %
2026-09-22 12:11:10.325 INFO  stats: rank 1 | 10.0 s | decode 97.4 tok/s, 9.4 ms/tok, 73.5 ms/step (125 steps / 976 tok, 92 % of wall) | mtp 1.98 tok/step/req, accept p1 98 % | prefill 2 prompts / 497 tok, 50 tok/s, 1.47 ms/tok, 365 ms avg (7 % of wall), 0 tok cached (0/2 hits) | live 3, queued 0 | pool 240/4096 blocks (6 %) | prefix cache 24/27 entries
2026-09-22 12:11:10.901 INFO  sched: request 'chatcmpl-1062cbf6a2895c73' prefix cache miss — 1 cut(s) probed against 23 entries; the nearest entry (position 1624) shares the first 36 of the prompt's 133 tokens (the prompt differs from it from that token on)
2026-09-22 12:11:10.901 INFO  sched: request 'chatcmpl-1062cbf6a2895c73' admitted to slot 0 (reserve 35 blocks; pool 275/4096 blocks in use) — first token 71093
2026-09-22 12:11:16.516 INFO  sched: request 'chatcmpl-1062cbf6a2895c72' retired (eos): 259 tok in 9.9 s — prefill 240 tok (0 cached) in 386 ms; decode 258 tok / 129 passes in 9.5 s: 27.0 tok/s, 37.0 ms/tok, 74 ms/pass, 2.00 tok/pass, accept p1 100 %
2026-09-22 12:11:17.096 INFO  sched: request 'chatcmpl-1062cbf6a2895c74' prefix cache miss — 2 cut(s) probed against 23 entries; the nearest entry (position 1624) shares the first 36 of the prompt's 183 tokens (the prompt differs from it from that token on)
2026-09-22 12:11:17.096 INFO  sched: request 'chatcmpl-1062cbf6a2895c74' admitted to slot 1 (reserve 35 blocks; pool 275/4096 blocks in use) — first token 71093
2026-09-22 12:11:18.680 INFO  sched: request 'chatcmpl-1062cbf6a2895c71' retired (eos): 331 tok in 13.4 s — prefill 257 tok (0 cached) in 345 ms; decode 330 tok / 166 passes in 13.1 s: 25.2 tok/s, 39.7 ms/tok, 79 ms/pass, 1.99 tok/pass, accept p1 99 %
2026-09-22 12:11:18.743 INFO  sched: request 'chatcmpl-1062cbf6a2895c73' retired (eos): 199 tok in 7.8 s — prefill 133 tok (0 cached) in 281 ms; decode 198 tok / 100 passes in 7.6 s: 26.2 tok/s, 38.2 ms/tok, 76 ms/pass, 1.98 tok/pass, accept p1 99 %
2026-09-22 12:11:19.234 INFO  sched: request 'chatcmpl-1062cbf6a2895c75' prefix cache miss — 1 cut(s) probed against 24 entries; the nearest entry (position 1624) shares the first 36 of the prompt's 278 tokens (the prompt differs from it from that token on)
2026-09-22 12:11:19.234 INFO  sched: request 'chatcmpl-1062cbf6a2895c75' admitted to slot 0 (reserve 37 blocks; pool 250/4096 blocks in use) — first token 71093
2026-09-22 12:11:19.734 INFO  sched: request 'chatcmpl-1062cbf6a2895c76' prefix cache miss — 2 cut(s) probed against 24 entries; the nearest entry (position 1384) shares the first 36 of the prompt's 324 tokens (the prompt differs from it from that token on)
2026-09-22 12:11:19.734 INFO  sched: request 'chatcmpl-1062cbf6a2895c76' admitted to slot 3 (reserve 38 blocks; pool 263/4096 blocks in use) — first token 71093
2026-09-22 12:11:20.337 INFO  stats: rank 1 | 10.0 s | decode 88.6 tok/s, 9.5 ms/tok, 73.6 ms/step (115 steps / 887 tok, 84 % of wall) | mtp 1.98 tok/step/req, accept p1 98 % | prefill 4 prompts / 918 tok, 92 tok/s, 1.57 ms/tok, 361 ms avg (14 % of wall), 0 tok cached (0/4 hits) | live 4, queued 0 | pool 260/4096 blocks (6 %) | prefix cache 23/27 entries
2026-09-22 12:11:25.094 INFO  sched: request 'chatcmpl-1062cbf6a2895c74' retired (eos): 190 tok in 8.0 s — prefill 183 tok (0 cached) in 362 ms; decode 189 tok / 96 passes in 7.6 s: 24.8 tok/s, 40.4 ms/tok, 80 ms/pass, 1.97 tok/pass, accept p1 97 %
2026-09-22 12:11:25.615 INFO  sched: request 'chatcmpl-1062cbf6a2895c77' prefix cache miss — 1 cut(s) probed against 23 entries; the nearest entry (position 1384) shares the first 36 of the prompt's 170 tokens (the prompt differs from it from that token on)
2026-09-22 12:11:25.616 INFO  sched: request 'chatcmpl-1062cbf6a2895c77' admitted to slot 1 (reserve 35 blocks; pool 265/4096 blocks in use) — first token 71093
2026-09-22 12:11:29.623 INFO  sched: request 'chatcmpl-1062cbf6a2895c75' retired (eos): 257 tok in 10.4 s — prefill 278 tok (0 cached) in 367 ms; decode 256 tok / 128 passes in 10.0 s: 25.5 tok/s, 39.2 ms/tok, 78 ms/pass, 2.00 tok/pass, accept p1 100 %
2026-09-22 12:11:30.109 INFO  sched: request 'chatcmpl-1062cbf6a2895c78' prefix cache miss — 1 cut(s) probed against 23 entries; the nearest entry (position 1384) shares the first 36 of the prompt's 113 tokens (the prompt differs from it from that token on)
2026-09-22 12:11:30.110 INFO  sched: request 'chatcmpl-1062cbf6a2895c78' admitted to slot 0 (reserve 34 blocks; pool 266/4096 blocks in use) — first token 71093
2026-09-22 12:11:30.407 INFO  stats: rank 1 | 10.1 s | decode 98.0 tok/s, 9.5 ms/tok, 74.5 ms/step (126 steps / 987 tok, 93 % of wall) | mtp 1.98 tok/step/req, accept p1 98 % | prefill 2 prompts / 283 tok, 28 tok/s, 2.00 ms/tok, 283 ms avg (6 % of wall), 0 tok cached (0/2 hits) | live 4, queued 0 | pool 259/4096 blocks (6 %) | prefix cache 23/27 entries
2026-09-22 12:11:32.739 INFO  sched: request 'chatcmpl-1062cbf6a2895c77' retired (eos): 182 tok in 7.1 s — prefill 170 tok (0 cached) in 300 ms; decode 181 tok / 91 passes in 6.8 s: 26.5 tok/s, 37.7 ms/tok, 75 ms/pass, 1.99 tok/pass, accept p1 99 %
2026-09-22 12:11:33.377 INFO  sched: request 'chatcmpl-1062cbf6a2895c79' prefix cache miss — 2 cut(s) probed against 23 entries; the nearest entry (position 1384) shares the first 36 of the prompt's 156 tokens (the prompt differs from it from that token on)
2026-09-22 12:11:33.377 INFO  sched: request 'chatcmpl-1062cbf6a2895c79' admitted to slot 1 (reserve 35 blocks; pool 265/4096 blocks in use) — first token 71093
2026-09-22 12:11:35.719 INFO  sched: request 'chatcmpl-1062cbf6a2895c78' retired (eos): 138 tok in 5.6 s — prefill 113 tok (0 cached) in 266 ms; decode 137 tok / 70 passes in 5.3 s: 25.6 tok/s, 39.0 ms/tok, 76 ms/pass, 1.96 tok/pass, accept p1 97 %
2026-09-22 12:11:35.943 INFO  sched: request 'chatcmpl-1062cbf6a2895c76' retired (eos): 406 tok in 16.2 s — prefill 324 tok (0 cached) in 436 ms; decode 405 tok / 203 passes in 15.8 s: 25.7 tok/s, 38.9 ms/tok, 78 ms/pass, 2.00 tok/pass, accept p1 100 %
2026-09-22 12:11:36.305 INFO  sched: request 'chatcmpl-1062cbf6a2895c7a' prefix cache miss — 1 cut(s) probed against 24 entries; the nearest entry (position 728) shares the first 36 of the prompt's 154 tokens (the prompt differs from it from that token on)
2026-09-22 12:11:36.305 INFO  sched: request 'chatcmpl-1062cbf6a2895c7a' admitted to slot 0 (reserve 35 blocks; pool 221/4096 blocks in use) — first token 71093
2026-09-22 12:11:36.713 INFO  sched: request 'chatcmpl-1062cbf6a2895c7b' prefix cache miss — 2 cut(s) probed against 24 entries; the nearest entry (position 728) shares the first 36 of the prompt's 164 tokens (the prompt differs from it from that token on)
2026-09-22 12:11:36.713 INFO  sched: request 'chatcmpl-1062cbf6a2895c7b' admitted to slot 3 (reserve 35 blocks; pool 249/4096 blocks in use) — first token 71093
2026-09-22 12:11:40.412 INFO  stats: rank 1 | 10.0 s | decode 93.1 tok/s, 9.6 ms/tok, 74.2 ms/step (120 steps / 932 tok, 89 % of wall) | mtp 1.98 tok/step/req, accept p1 98 % | prefill 3 prompts / 474 tok, 47 tok/s, 2.09 ms/tok, 331 ms avg (10 % of wall), 0 tok cached (0/3 hits) | live 4, queued 0 | pool 238/4096 blocks (6 %) | prefix cache 23/27 entries
2026-09-22 12:11:40.569 INFO  sched: request 'chatcmpl-1062cbf6a2895c70' retired (eos): 958 tok in 40.3 s — prefill 216 tok (0 cached) in 372 ms; decode 957 tok / 489 passes in 40.0 s: 23.9 tok/s, 41.8 ms/tok, 82 ms/pass, 1.96 tok/pass, accept p1 96 %
2026-09-22 12:11:41.315 INFO  sched: request 'chatcmpl-1062cbf6a2895c7c' prefix cache miss — 2 cut(s) probed against 23 entries; the nearest entry (position 1172) shares the first 36 of the prompt's 347 tokens (the prompt differs from it from that token on)
2026-09-22 12:11:41.315 INFO  sched: request 'chatcmpl-1062cbf6a2895c7c' admitted to slot 2 (reserve 38 blocks; pool 259/4096 blocks in use) — first token 71093
2026-09-22 12:11:42.882 INFO  sched: request 'chatcmpl-1062cbf6a2895c7a' retired (eos): 152 tok in 6.6 s — prefill 154 tok (0 cached) in 299 ms; decode 151 tok / 77 passes in 6.3 s: 24.1 tok/s, 41.6 ms/tok, 82 ms/pass, 1.96 tok/pass, accept p1 97 %
2026-09-22 12:11:43.527 INFO  sched: request 'chatcmpl-1062cbf6a2895c7d' prefix cache miss — 1 cut(s) probed against 23 entries; the nearest entry (position 1172) shares the first 36 of the prompt's 258 tokens (the prompt differs from it from that token on)
2026-09-22 12:11:43.527 INFO  sched: request 'chatcmpl-1062cbf6a2895c7d' admitted to slot 0 (reserve 37 blocks; pool 257/4096 blocks in use) — first token 71093
2026-09-22 12:11:45.612 INFO  sched: request 'chatcmpl-1062cbf6a2895c7b' retired (eos): 207 tok in 8.9 s — prefill 164 tok (0 cached) in 346 ms; decode 206 tok / 108 passes in 8.6 s: 24.1 tok/s, 41.5 ms/tok, 79 ms/pass, 1.91 tok/pass, accept p1 91 %
2026-09-22 12:11:46.163 INFO  sched: request 'chatcmpl-1062cbf6a2895c7e' prefix cache miss — 1 cut(s) probed against 23 entries; the nearest entry (position 1172) shares the first 36 of the prompt's 158 tokens (the prompt differs from it from that token on)
2026-09-22 12:11:46.163 INFO  sched: request 'chatcmpl-1062cbf6a2895c7e' admitted to slot 3 (reserve 35 blocks; pool 257/4096 blocks in use) — first token 71093
2026-09-22 12:11:46.315 INFO  sched: request 'chatcmpl-1062cbf6a2895c79' retired (eos): 296 tok in 12.9 s — prefill 156 tok (0 cached) in 347 ms; decode 295 tok / 150 passes in 12.6 s: 23.4 tok/s, 42.7 ms/tok, 84 ms/pass, 1.97 tok/pass, accept p1 97 %
2026-09-22 12:11:46.861 INFO  sched: request 'chatcmpl-1062cbf6a2895c7f' prefix cache miss — 2 cut(s) probed against 23 entries; the nearest entry (position 1172) shares the first 36 of the prompt's 131 tokens (the prompt differs from it from that token on)
2026-09-22 12:11:46.861 INFO  sched: request 'chatcmpl-1062cbf6a2895c7f' admitted to slot 1 (reserve 35 blocks; pool 258/4096 blocks in use) — first token 71093
2026-09-22 12:11:50.458 INFO  stats: rank 1 | 10.0 s | decode 88.3 tok/s, 9.6 ms/tok, 73.3 ms/step (116 steps / 887 tok, 85 % of wall) | mtp 1.98 tok/step/req, accept p1 97 % | prefill 4 prompts / 894 tok, 89 tok/s, 1.59 ms/tok, 356 ms avg (14 % of wall), 0 tok cached (0/4 hits) | live 4, queued 0 | pool 251/4096 blocks (6 %) | prefix cache 23/27 entries
2026-09-22 12:11:51.289 INFO  sched: request 'chatcmpl-1062cbf6a2895c7f' retired (eos): 119 tok in 4.4 s — prefill 131 tok (0 cached) in 326 ms; decode 118 tok / 59 passes in 4.1 s: 28.8 tok/s, 34.8 ms/tok, 70 ms/pass, 2.00 tok/pass, accept p1 100 %
2026-09-22 12:11:51.873 INFO  sched: request 'chatcmpl-1062cbf6a2895c80' prefix cache miss — 1 cut(s) probed against 23 entries; the nearest entry (position 1172) shares the first 36 of the prompt's 153 tokens (the prompt differs from it from that token on)
2026-09-22 12:11:51.873 INFO  sched: request 'chatcmpl-1062cbf6a2895c80' admitted to slot 1 (reserve 35 blocks; pool 254/4096 blocks in use) — first token 71093
2026-09-22 12:11:53.599 INFO  sched: request 'chatcmpl-1062cbf6a2895c7e' retired (eos): 183 tok in 7.4 s — prefill 158 tok (0 cached) in 297 ms; decode 182 tok / 91 passes in 7.1 s: 25.5 tok/s, 39.2 ms/tok, 78 ms/pass, 2.00 tok/pass, accept p1 100 %
2026-09-22 12:11:54.425 INFO  sched: request 'chatcmpl-1062cbf6a2895c7d' retired (eos): 272 tok in 10.9 s — prefill 258 tok (0 cached) in 348 ms; decode 271 tok / 136 passes in 10.5 s: 25.7 tok/s, 38.9 ms/tok, 78 ms/pass, 1.99 tok/pass, accept p1 99 %
2026-09-22 12:11:54.970 INFO  sched: request 'chatcmpl-1062cbf6a2895c7c' retired (eos): 341 tok in 13.7 s — prefill 347 tok (0 cached) in 454 ms; decode 340 tok / 170 passes in 13.2 s: 25.8 tok/s, 38.8 ms/tok, 78 ms/pass, 2.00 tok/pass, accept p1 100 %
2026-09-22 12:11:56.555 INFO  sched: request 'chatcmpl-1062cbf6a2895c80' retired (eos): 176 tok in 4.7 s — prefill 153 tok (0 cached) in 291 ms; decode 175 tok / 88 passes in 4.4 s: 39.9 tok/s, 25.1 ms/tok, 50 ms/pass, 1.99 tok/pass, accept p1 99 %
2026-09-22 12:11:56.974 INFO  sched: request 'chatcmpl-1062cbf6a2895c81' prefix cache miss — 1 cut(s) probed against 26 entries; the nearest entry (position 1172) shares the first 3 of the prompt's 93 tokens (the prompt differs from it from that token on)
2026-09-22 12:11:56.974 INFO  sched: request 'chatcmpl-1062cbf6a2895c81' admitted to slot 0 (reserve 34 blocks; pool 157/4096 blocks in use) — first token 1206
2026-09-22 12:11:57.265 INFO  sched: request 'chatcmpl-1062cbf6a2895c82' prefix cache miss — 1 cut(s) probed against 26 entries; the nearest entry (position 1172) shares the first 3 of the prompt's 101 tokens (the prompt differs from it from that token on)
2026-09-22 12:11:57.265 INFO  sched: request 'chatcmpl-1062cbf6a2895c82' admitted to slot 1 (reserve 34 blocks; pool 191/4096 blocks in use) — first token 8160
2026-09-22 12:11:57.546 INFO  sched: request 'chatcmpl-1062cbf6a2895c83' prefix cache miss — 1 cut(s) probed against 26 entries; the nearest entry (position 1172) shares the first 3 of the prompt's 62 tokens (the prompt differs from it from that token on)
2026-09-22 12:11:57.546 INFO  sched: request 'chatcmpl-1062cbf6a2895c83' admitted to slot 2 (reserve 33 blocks; pool 224/4096 blocks in use) — first token 1206
2026-09-22 12:11:57.895 INFO  sched: request 'chatcmpl-1062cbf6a2895c84' prefix cache miss — 2 cut(s) probed against 24 entries; the nearest entry (position 1172) shares the first 3 of the prompt's 71 tokens (the prompt differs from it from that token on)
2026-09-22 12:11:57.895 INFO  sched: request 'chatcmpl-1062cbf6a2895c84' admitted to slot 3 (reserve 34 blocks; pool 244/4096 blocks in use) — first token 1206
2026-09-22 12:12:00.506 INFO  stats: rank 1 | 10.0 s | decode 77.5 tok/s, 10.8 ms/tok, 59.4 ms/step (142 steps / 779 tok, 84 % of wall) | mtp 1.96 tok/step/req, accept p1 94 % | prefill 5 prompts / 480 tok, 48 tok/s, 2.74 ms/tok, 263 ms avg (13 % of wall), 0 tok cached (0/5 hits) | live 4, queued 0 | pool 239/4096 blocks (6 %) | prefix cache 23/27 entries
2026-09-22 12:12:05.396 INFO  sched: request 'chatcmpl-1062cbf6a2895c82' retired (eos): 201 tok in 8.1 s — prefill 101 tok (0 cached) in 253 ms; decode 200 tok / 104 passes in 7.9 s: 25.4 tok/s, 39.4 ms/tok, 76 ms/pass, 1.92 tok/pass, accept p1 93 %
2026-09-22 12:12:05.471 INFO  sched: request 'chatcmpl-1062cbf6a2895c83' retired (eos): 200 tok in 7.9 s — prefill 62 tok (0 cached) in 234 ms; decode 199 tok / 104 passes in 7.7 s: 25.9 tok/s, 38.6 ms/tok, 74 ms/pass, 1.91 tok/pass, accept p1 92 %
2026-09-22 12:12:05.807 INFO  sched: request 'chatcmpl-1062cbf6a2895c85' prefix cache miss — 2 cut(s) probed against 24 entries; the nearest entry (position 1172) shares the first 3 of the prompt's 147 tokens (the prompt differs from it from that token on)
2026-09-22 12:12:05.807 INFO  sched: request 'chatcmpl-1062cbf6a2895c85' admitted to slot 1 (reserve 35 blocks; pool 215/4096 blocks in use) — first token 1206
2026-09-22 12:12:06.184 INFO  sched: request 'chatcmpl-1062cbf6a2895c86' prefix cache miss — 2 cut(s) probed against 23 entries; the nearest entry (position 1172) shares the first 3 of the prompt's 91 tokens (the prompt differs from it from that token on)
2026-09-22 12:12:06.184 INFO  sched: request 'chatcmpl-1062cbf6a2895c86' admitted to slot 2 (reserve 34 blocks; pool 235/4096 blocks in use) — first token 1206
2026-09-22 12:12:07.837 INFO  sched: request 'chatcmpl-1062cbf6a2895c84' retired (eos): 247 tok in 9.9 s — prefill 71 tok (0 cached) in 287 ms; decode 246 tok / 126 passes in 9.7 s: 25.5 tok/s, 39.2 ms/tok, 77 ms/pass, 1.95 tok/pass, accept p1 96 %
2026-09-22 12:12:08.141 INFO  sched: request 'chatcmpl-1062cbf6a2895c87' prefix cache miss — 1 cut(s) probed against 23 entries; the nearest entry (position 1172) shares the first 3 of the prompt's 77 tokens (the prompt differs from it from that token on)
2026-09-22 12:12:08.141 INFO  sched: request 'chatcmpl-1062cbf6a2895c87' admitted to slot 3 (reserve 34 blocks; pool 238/4096 blocks in use) — first token 8160
2026-09-22 12:12:10.562 INFO  stats: rank 1 | 10.1 s | decode 95.0 tok/s, 9.5 ms/tok, 73.1 ms/step (124 steps / 955 tok, 90 % of wall) | mtp 1.94 tok/step/req, accept p1 94 % | prefill 3 prompts / 315 tok, 31 tok/s, 2.79 ms/tok, 292 ms avg (9 % of wall), 0 tok cached (0/3 hits) | live 4, queued 0 | pool 220/4096 blocks (5 %) | prefix cache 23/27 entries
2026-09-22 12:12:17.193 INFO  sched: request 'chatcmpl-1062cbf6a2895c87' retired (eos): 243 tok in 9.1 s — prefill 77 tok (0 cached) in 241 ms; decode 242 tok / 122 passes in 8.8 s: 27.5 tok/s, 36.4 ms/tok, 72 ms/pass, 1.98 tok/pass, accept p1 99 %
2026-09-22 12:12:17.516 INFO  sched: request 'chatcmpl-1062cbf6a2895c88' prefix cache miss — 1 cut(s) probed against 23 entries; the nearest entry (position 684) shares the first 3 of the prompt's 106 tokens (the prompt differs from it from that token on)
2026-09-22 12:12:17.516 INFO  sched: request 'chatcmpl-1062cbf6a2895c88' admitted to slot 3 (reserve 34 blocks; pool 224/4096 blocks in use) — first token 1206
2026-09-22 12:12:17.971 INFO  sched: request 'chatcmpl-1062cbf6a2895c85' retired (eos): 300 tok in 12.2 s — prefill 147 tok (0 cached) in 336 ms; decode 299 tok / 153 passes in 11.8 s: 25.3 tok/s, 39.6 ms/tok, 77 ms/pass, 1.95 tok/pass, accept p1 95 %
2026-09-22 12:12:18.371 INFO  sched: request 'chatcmpl-1062cbf6a2895c89' prefix cache miss — 2 cut(s) probed against 23 entries; the nearest entry (position 684) shares the first 3 of the prompt's 140 tokens (the prompt differs from it from that token on)
2026-09-22 12:12:18.371 INFO  sched: request 'chatcmpl-1062cbf6a2895c89' admitted to slot 1 (reserve 35 blocks; pool 227/4096 blocks in use) — first token 1206
2026-09-22 12:12:20.615 INFO  stats: rank 1 | 10.1 s | decode 97.9 tok/s, 9.5 ms/tok, 73.7 ms/step (127 steps / 984 tok, 93 % of wall) | mtp 1.94 tok/step/req, accept p1 94 % | prefill 2 prompts / 246 tok, 24 tok/s, 2.38 ms/tok, 293 ms avg (6 % of wall), 0 tok cached (0/2 hits) | live 4, queued 0 | pool 222/4096 blocks (5 %) | prefix cache 23/27 entries
2026-09-22 12:12:20.768 INFO  sched: request 'chatcmpl-1062cbf6a2895c81' retired (eos): 561 tok in 23.8 s — prefill 93 tok (0 cached) in 253 ms; decode 560 tok / 292 passes in 23.5 s: 23.8 tok/s, 42.0 ms/tok, 81 ms/pass, 1.92 tok/pass, accept p1 92 %
2026-09-22 12:12:21.142 INFO  sched: request 'chatcmpl-1062cbf6a2895c8a' prefix cache miss — 2 cut(s) probed against 23 entries; the nearest entry (position 684) shares the first 3 of the prompt's 96 tokens (the prompt differs from it from that token on)
2026-09-22 12:12:21.142 INFO  sched: request 'chatcmpl-1062cbf6a2895c8a' admitted to slot 0 (reserve 34 blocks; pool 232/4096 blocks in use) — first token 1206
2026-09-22 12:12:25.083 INFO  sched: request 'chatcmpl-1062cbf6a2895c86' retired (eos): 460 tok in 18.9 s — prefill 91 tok (0 cached) in 301 ms; decode 459 tok / 239 passes in 18.6 s: 24.7 tok/s, 40.5 ms/tok, 78 ms/pass, 1.92 tok/pass, accept p1 92 %
2026-09-22 12:12:25.460 INFO  sched: request 'chatcmpl-1062cbf6a2895c8b' prefix cache miss — 2 cut(s) probed against 23 entries; the nearest entry (position 260) shares the first 4 of the prompt's 96 tokens (the prompt differs from it from that token on)
2026-09-22 12:12:25.460 INFO  sched: request 'chatcmpl-1062cbf6a2895c8b' admitted to slot 2 (reserve 34 blocks; pool 234/4096 blocks in use) — first token 8160
2026-09-22 12:12:30.651 INFO  stats: rank 1 | 10.0 s | decode 98.4 tok/s, 9.4 ms/tok, 73.4 ms/step (127 steps / 988 tok, 93 % of wall) | mtp 1.95 tok/step/req, accept p1 95 % | prefill 2 prompts / 192 tok, 19 tok/s, 3.14 ms/tok, 301 ms avg (6 % of wall), 0 tok cached (0/2 hits) | live 4, queued 0 | pool 231/4096 blocks (6 %) | prefix cache 23/27 entries
2026-09-22 12:12:33.268 INFO  sched: request 'chatcmpl-1062cbf6a2895c8a' retired (eos): 310 tok in 12.1 s — prefill 96 tok (0 cached) in 302 ms; decode 309 tok / 159 passes in 11.8 s: 26.1 tok/s, 38.3 ms/tok, 74 ms/pass, 1.94 tok/pass, accept p1 95 %
2026-09-22 12:12:33.600 INFO  sched: request 'chatcmpl-1062cbf6a2895c8c' prefix cache miss — 1 cut(s) probed against 23 entries; the nearest entry (position 316) shares the first 4 of the prompt's 101 tokens (the prompt differs from it from that token on)
2026-09-22 12:12:33.600 INFO  sched: request 'chatcmpl-1062cbf6a2895c8c' admitted to slot 0 (reserve 34 blocks; pool 237/4096 blocks in use) — first token 1206
2026-09-22 12:12:37.173 INFO  sched: request 'chatcmpl-1062cbf6a2895c88' retired (eos): 477 tok in 19.7 s — prefill 106 tok (0 cached) in 260 ms; decode 476 tok / 248 passes in 19.4 s: 24.5 tok/s, 40.7 ms/tok, 78 ms/pass, 1.92 tok/pass, accept p1 92 %
2026-09-22 12:12:37.545 INFO  sched: request 'chatcmpl-1062cbf6a2895c8d' prefix cache miss — 2 cut(s) probed against 23 entries; the nearest entry (position 684) shares the first 3 of the prompt's 103 tokens (the prompt differs from it from that token on)
2026-09-22 12:12:37.545 INFO  sched: request 'chatcmpl-1062cbf6a2895c8d' admitted to slot 3 (reserve 34 blocks; pool 232/4096 blocks in use) — first token 1206
2026-09-22 12:12:40.702 INFO  stats: rank 1 | 10.1 s | decode 98.4 tok/s, 9.5 ms/tok, 73.8 ms/step (127 steps / 989 tok, 93 % of wall) | mtp 1.95 tok/step/req, accept p1 95 % | prefill 2 prompts / 204 tok, 20 tok/s, 2.75 ms/tok, 281 ms avg (6 % of wall), 0 tok cached (0/2 hits) | live 4, queued 0 | pool 223/4096 blocks (5 %) | prefix cache 23/27 entries
2026-09-22 12:12:43.573 INFO  sched: request 'chatcmpl-1062cbf6a2895c8b' retired (eos): 458 tok in 18.1 s — prefill 96 tok (0 cached) in 300 ms; decode 457 tok / 235 passes in 17.8 s: 25.7 tok/s, 39.0 ms/tok, 76 ms/pass, 1.94 tok/pass, accept p1 95 %
2026-09-22 12:12:43.903 INFO  sched: request 'chatcmpl-1062cbf6a2895c8e' prefix cache miss — 1 cut(s) probed against 23 entries; the nearest entry (position 652) shares the first 3 of the prompt's 94 tokens (the prompt differs from it from that token on)
2026-09-22 12:12:43.903 INFO  sched: request 'chatcmpl-1062cbf6a2895c8e' admitted to slot 2 (reserve 34 blocks; pool 225/4096 blocks in use) — first token 9764
2026-09-22 12:12:44.510 INFO  sched: request 'chatcmpl-1062cbf6a2895c89' retired (eos): 648 tok in 26.1 s — prefill 140 tok (0 cached) in 326 ms; decode 647 tok / 331 passes in 25.8 s: 25.1 tok/s, 39.9 ms/tok, 78 ms/pass, 1.95 tok/pass, accept p1 95 %
2026-09-22 12:12:44.881 INFO  sched: request 'chatcmpl-1062cbf6a2895c8f' prefix cache miss — 2 cut(s) probed against 23 entries; the nearest entry (position 784) shares the first 3 of the prompt's 88 tokens (the prompt differs from it from that token on)
2026-09-22 12:12:44.881 INFO  sched: request 'chatcmpl-1062cbf6a2895c8f' admitted to slot 1 (reserve 34 blocks; pool 237/4096 blocks in use) — first token 8160
2026-09-22 12:12:50.749 INFO  stats: rank 1 | 10.0 s | decode 98.4 tok/s, 9.5 ms/tok, 73.9 ms/step (127 steps / 989 tok, 93 % of wall) | mtp 1.95 tok/step/req, accept p1 95 % | prefill 2 prompts / 182 tok, 18 tok/s, 3.03 ms/tok, 276 ms avg (5 % of wall), 0 tok cached (0/2 hits) | live 4, queued 0 | pool 237/4096 blocks (6 %) | prefix cache 23/27 entries
2026-09-22 12:12:53.079 INFO  sched: request 'chatcmpl-1062cbf6a2895c8c' retired (eos): 489 tok in 19.5 s — prefill 101 tok (0 cached) in 254 ms; decode 488 tok / 249 passes in 19.2 s: 25.4 tok/s, 39.4 ms/tok, 77 ms/pass, 1.96 tok/pass, accept p1 96 %
2026-09-22 12:12:53.430 INFO  sched: request 'chatcmpl-1062cbf6a2895c90' prefix cache miss — 1 cut(s) probed against 23 entries; the nearest entry (position 552) shares the first 4 of the prompt's 130 tokens (the prompt differs from it from that token on)
2026-09-22 12:12:53.430 INFO  sched: request 'chatcmpl-1062cbf6a2895c90' admitted to slot 0 (reserve 35 blocks; pool 247/4096 blocks in use) — first token 1206
2026-09-22 12:12:56.945 INFO  sched: request 'chatcmpl-1062cbf6a2895c8f' retired (eos): 312 tok in 12.1 s — prefill 88 tok (0 cached) in 296 ms; decode 311 tok / 158 passes in 11.8 s: 26.4 tok/s, 37.8 ms/tok, 74 ms/pass, 1.97 tok/pass, accept p1 97 %
2026-09-22 12:12:57.262 INFO  sched: request 'chatcmpl-1062cbf6a2895c91' prefix cache miss — 1 cut(s) probed against 23 entries; the nearest entry (position 784) shares the first 3 of the prompt's 89 tokens (the prompt differs from it from that token on)
2026-09-22 12:12:57.262 INFO  sched: request 'chatcmpl-1062cbf6a2895c91' admitted to slot 1 (reserve 34 blocks; pool 246/4096 blocks in use) — first token 1206
2026-09-22 12:13:00.800 INFO  stats: rank 1 | 10.1 s | decode 96.7 tok/s, 9.7 ms/tok, 74.1 ms/step (127 steps / 972 tok, 94 % of wall) | mtp 1.92 tok/step/req, accept p1 92 % | prefill 2 prompts / 219 tok, 22 tok/s, 2.36 ms/tok, 259 ms avg (5 % of wall), 0 tok cached (0/2 hits) | live 4, queued 0 | pool 246/4096 blocks (6 %) | prefix cache 23/27 entries
2026-09-22 12:13:04.177 INFO  sched: request 'chatcmpl-1062cbf6a2895c90' retired (eos): 266 tok in 10.7 s — prefill 130 tok (0 cached) in 275 ms; decode 265 tok / 140 passes in 10.5 s: 25.3 tok/s, 39.5 ms/tok, 75 ms/pass, 1.89 tok/pass, accept p1 90 %
2026-09-22 12:13:04.500 INFO  sched: request 'chatcmpl-1062cbf6a2895c92' prefix cache miss — 1 cut(s) probed against 23 entries; the nearest entry (position 784) shares the first 3 of the prompt's 94 tokens (the prompt differs from it from that token on)
2026-09-22 12:13:04.500 INFO  sched: request 'chatcmpl-1062cbf6a2895c92' admitted to slot 0 (reserve 34 blocks; pool 251/4096 blocks in use) — first token 1206
2026-09-22 12:13:06.756 INFO  sched: request 'chatcmpl-1062cbf6a2895c91' retired (eos): 235 tok in 9.5 s — prefill 89 tok (0 cached) in 242 ms; decode 234 tok / 123 passes in 9.3 s: 25.3 tok/s, 39.5 ms/tok, 75 ms/pass, 1.90 tok/pass, accept p1 90 %
2026-09-22 12:13:07.065 INFO  sched: request 'chatcmpl-1062cbf6a2895c93' prefix cache miss — 1 cut(s) probed against 23 entries; the nearest entry (position 784) shares the first 3 of the prompt's 65 tokens (the prompt differs from it from that token on)
2026-09-22 12:13:07.065 INFO  sched: request 'chatcmpl-1062cbf6a2895c93' admitted to slot 1 (reserve 34 blocks; pool 251/4096 blocks in use) — first token 8160
2026-09-22 12:13:07.815 INFO  sched: request 'chatcmpl-1062cbf6a2895c8e' retired (eos): 588 tok in 23.9 s — prefill 94 tok (0 cached) in 255 ms; decode 587 tok / 302 passes in 23.7 s: 24.8 tok/s, 40.3 ms/tok, 78 ms/pass, 1.94 tok/pass, accept p1 95 %
2026-09-22 12:13:08.140 INFO  sched: request 'chatcmpl-1062cbf6a2895c94' prefix cache miss — 1 cut(s) probed against 23 entries; the nearest entry (position 784) shares the first 3 of the prompt's 101 tokens (the prompt differs from it from that token on)
2026-09-22 12:13:08.140 INFO  sched: request 'chatcmpl-1062cbf6a2895c94' admitted to slot 2 (reserve 34 blocks; pool 257/4096 blocks in use) — first token 1206
2026-09-22 12:13:10.828 INFO  stats: rank 1 | 10.0 s | decode 91.2 tok/s, 10.0 ms/tok, 74.0 ms/step (124 steps / 915 tok, 92 % of wall) | mtp 1.86 tok/step/req, accept p1 85 % | prefill 3 prompts / 260 tok, 26 tok/s, 2.81 ms/tok, 244 ms avg (7 % of wall), 0 tok cached (0/3 hits) | live 4, queued 0 | pool 251/4096 blocks (6 %) | prefix cache 23/27 entries
2026-09-22 12:13:14.210 INFO  sched: request 'chatcmpl-1062cbf6a2895c93' retired (eos): 178 tok in 7.1 s — prefill 65 tok (0 cached) in 232 ms; decode 177 tok / 92 passes in 6.9 s: 25.6 tok/s, 39.1 ms/tok, 75 ms/pass, 1.92 tok/pass, accept p1 93 %
2026-09-22 12:13:14.588 INFO  sched: request 'chatcmpl-1062cbf6a2895c95' prefix cache miss — 2 cut(s) probed against 23 entries; the nearest entry (position 784) shares the first 3 of the prompt's 99 tokens (the prompt differs from it from that token on)
2026-09-22 12:13:14.588 INFO  sched: request 'chatcmpl-1062cbf6a2895c95' admitted to slot 1 (reserve 34 blocks; pool 254/4096 blocks in use) — first token 8160
2026-09-22 12:13:19.712 INFO  sched: request 'chatcmpl-1062cbf6a2895c92' retired (eos): 372 tok in 15.2 s — prefill 94 tok (0 cached) in 247 ms; decode 371 tok / 192 passes in 15.0 s: 24.8 tok/s, 40.3 ms/tok, 78 ms/pass, 1.93 tok/pass, accept p1 94 %
2026-09-22 12:13:20.029 INFO  sched: request 'chatcmpl-1062cbf6a2895c96' prefix cache miss — 1 cut(s) probed against 23 entries; the nearest entry (position 784) shares the first 3 of the prompt's 82 tokens (the prompt differs from it from that token on)
2026-09-22 12:13:20.029 INFO  sched: request 'chatcmpl-1062cbf6a2895c96' admitted to slot 0 (reserve 34 blocks; pool 251/4096 blocks in use) — first token 8160
2026-09-22 12:13:20.861 INFO  stats: rank 1 | 10.0 s | decode 96.1 tok/s, 9.7 ms/tok, 74.3 ms/step (126 steps / 964 tok, 93 % of wall) | mtp 1.92 tok/step/req, accept p1 92 % | prefill 2 prompts / 181 tok, 18 tok/s, 3.00 ms/tok, 272 ms avg (5 % of wall), 0 tok cached (0/2 hits) | live 4, queued 0 | pool 243/4096 blocks (6 %) | prefix cache 23/27 entries
2026-09-22 12:13:24.859 INFO  sched: request 'chatcmpl-1062cbf6a2895c94' retired (eos): 418 tok in 16.7 s — prefill 101 tok (0 cached) in 252 ms; decode 417 tok / 215 passes in 16.5 s: 25.3 tok/s, 39.5 ms/tok, 77 ms/pass, 1.94 tok/pass, accept p1 94 %
2026-09-22 12:13:25.236 INFO  sched: request 'chatcmpl-1062cbf6a2895c97' prefix cache miss — 2 cut(s) probed against 23 entries; the nearest entry (position 784) shares the first 3 of the prompt's 91 tokens (the prompt differs from it from that token on)
2026-09-22 12:13:25.236 INFO  sched: request 'chatcmpl-1062cbf6a2895c97' admitted to slot 2 (reserve 34 blocks; pool 251/4096 blocks in use) — first token 1206
2026-09-22 12:13:27.873 INFO  sched: request 'chatcmpl-1062cbf6a2895c96' retired (eos): 194 tok in 7.8 s — prefill 82 tok (0 cached) in 241 ms; decode 193 tok / 100 passes in 7.6 s: 25.4 tok/s, 39.4 ms/tok, 76 ms/pass, 1.93 tok/pass, accept p1 93 %
2026-09-22 12:13:28.243 INFO  sched: request 'chatcmpl-1062cbf6a2895c98' prefix cache miss — 2 cut(s) probed against 23 entries; the nearest entry (position 552) shares the first 4 of the prompt's 76 tokens (the prompt differs from it from that token on)
2026-09-22 12:13:28.243 INFO  sched: request 'chatcmpl-1062cbf6a2895c98' admitted to slot 0 (reserve 34 blocks; pool 249/4096 blocks in use) — first token 1206
2026-09-22 12:13:29.693 INFO  sched: request 'chatcmpl-1062cbf6a2895c8d' retired (eos): 1198 tok in 52.1 s — prefill 103 tok (0 cached) in 307 ms; decode 1197 tok / 655 passes in 51.8 s: 23.1 tok/s, 43.3 ms/tok, 79 ms/pass, 1.83 tok/pass, accept p1 83 %
2026-09-22 12:13:30.056 INFO  sched: request 'chatcmpl-1062cbf6a2895c99' prefix cache miss — 2 cut(s) probed against 23 entries; the nearest entry (position 1300) shares the first 3 of the prompt's 75 tokens (the prompt differs from it from that token on)
2026-09-22 12:13:30.056 INFO  sched: request 'chatcmpl-1062cbf6a2895c99' admitted to slot 3 (reserve 34 blocks; pool 260/4096 blocks in use) — first token 1206
2026-09-22 12:13:30.870 INFO  stats: rank 1 | 10.0 s | decode 92.0 tok/s, 9.8 ms/tok, 74.3 ms/step (121 steps / 921 tok, 90 % of wall) | mtp 1.91 tok/step/req, accept p1 91 % | prefill 3 prompts / 242 tok, 24 tok/s, 3.69 ms/tok, 297 ms avg (9 % of wall), 0 tok cached (0/3 hits) | live 4, queued 0 | pool 252/4096 blocks (6 %) | prefix cache 23/27 entries
2026-09-22 12:13:33.710 INFO  sched: request 'chatcmpl-1062cbf6a2895c97' retired (eos): 203 tok in 8.5 s — prefill 91 tok (0 cached) in 300 ms; decode 202 tok / 105 passes in 8.2 s: 24.7 tok/s, 40.5 ms/tok, 78 ms/pass, 1.92 tok/pass, accept p1 93 %
2026-09-22 12:13:34.089 INFO  sched: request 'chatcmpl-1062cbf6a2895c9a' prefix cache miss — 2 cut(s) probed against 23 entries; the nearest entry (position 1300) shares the first 3 of the prompt's 103 tokens (the prompt differs from it from that token on)
2026-09-22 12:13:34.089 INFO  sched: request 'chatcmpl-1062cbf6a2895c9a' admitted to slot 2 (reserve 34 blocks; pool 256/4096 blocks in use) — first token 1206
2026-09-22 12:13:34.688 INFO  sched: request 'chatcmpl-1062cbf6a2895c95' retired (eos): 485 tok in 20.1 s — prefill 99 tok (0 cached) in 303 ms; decode 484 tok / 248 passes in 19.8 s: 24.4 tok/s, 40.9 ms/tok, 80 ms/pass, 1.95 tok/pass, accept p1 95 %
2026-09-22 12:13:35.018 INFO  sched: request 'chatcmpl-1062cbf6a2895c9b' prefix cache miss — 1 cut(s) probed against 23 entries; the nearest entry (position 1300) shares the first 3 of the prompt's 105 tokens (the prompt differs from it from that token on)
2026-09-22 12:13:35.019 INFO  sched: request 'chatcmpl-1062cbf6a2895c9b' admitted to slot 1 (reserve 34 blocks; pool 253/4096 blocks in use) — first token 1206
2026-09-22 12:13:37.167 INFO  sched: request 'chatcmpl-1062cbf6a2895c98' retired (eos): 209 tok in 8.9 s — prefill 76 tok (0 cached) in 294 ms; decode 208 tok / 108 passes in 8.6 s: 24.1 tok/s, 41.5 ms/tok, 80 ms/pass, 1.93 tok/pass, accept p1 94 %
2026-09-22 12:13:37.483 INFO  sched: request 'chatcmpl-1062cbf6a2895c9c' prefix cache miss — 1 cut(s) probed against 23 entries; the nearest entry (position 1300) shares the first 3 of the prompt's 93 tokens (the prompt differs from it from that token on)
2026-09-22 12:13:37.483 INFO  sched: request 'chatcmpl-1062cbf6a2895c9c' admitted to slot 0 (reserve 34 blocks; pool 248/4096 blocks in use) — first token 1206
2026-09-22 12:13:40.899 INFO  sched: request 'chatcmpl-1062cbf6a2895c99' retired (eos): 258 tok in 10.8 s — prefill 75 tok (0 cached) in 298 ms; decode 257 tok / 135 passes in 10.5 s: 24.4 tok/s, 41.0 ms/tok, 78 ms/pass, 1.90 tok/pass, accept p1 91 %
2026-09-22 12:13:40.899 INFO  stats: rank 1 | 10.0 s | decode 94.6 tok/s, 9.6 ms/tok, 73.3 ms/step (124 steps / 949 tok, 91 % of wall) | mtp 1.92 tok/step/req, accept p1 92 % | prefill 3 prompts / 301 tok, 30 tok/s, 2.67 ms/tok, 268 ms avg (8 % of wall), 0 tok cached (0/3 hits) | live 3, queued 0 | pool 213/4096 blocks (5 %) | prefix cache 24/27 entries
2026-09-22 12:13:41.204 INFO  sched: request 'chatcmpl-1062cbf6a2895c9d' prefix cache miss — 1 cut(s) probed against 23 entries; the nearest entry (position 1300) shares the first 3 of the prompt's 86 tokens (the prompt differs from it from that token on)
2026-09-22 12:13:41.204 INFO  sched: request 'chatcmpl-1062cbf6a2895c9d' admitted to slot 3 (reserve 34 blocks; pool 247/4096 blocks in use) — first token 1206
2026-09-22 12:13:47.209 INFO  sched: request 'chatcmpl-1062cbf6a2895c9c' retired (eos): 248 tok in 9.7 s — prefill 93 tok (0 cached) in 244 ms; decode 247 tok / 128 passes in 9.5 s: 26.0 tok/s, 38.4 ms/tok, 74 ms/pass, 1.93 tok/pass, accept p1 94 %
2026-09-22 12:13:47.544 INFO  sched: request 'chatcmpl-1062cbf6a2895c9e' prefix cache miss — 1 cut(s) probed against 23 entries; the nearest entry (position 1300) shares the first 3 of the prompt's 105 tokens (the prompt differs from it from that token on)
2026-09-22 12:13:47.544 INFO  sched: request 'chatcmpl-1062cbf6a2895c9e' admitted to slot 0 (reserve 34 blocks; pool 246/4096 blocks in use) — first token 1206
2026-09-22 12:13:48.586 INFO  sched: request 'chatcmpl-1062cbf6a2895c9a' retired (eos): 354 tok in 14.5 s — prefill 103 tok (0 cached) in 304 ms; decode 353 tok / 182 passes in 14.2 s: 24.9 tok/s, 40.2 ms/tok, 78 ms/pass, 1.94 tok/pass, accept p1 94 %
2026-09-22 12:13:48.958 INFO  sched: request 'chatcmpl-1062cbf6a2895c9f' prefix cache miss — 2 cut(s) probed against 23 entries; the nearest entry (position 1300) shares the first 3 of the prompt's 75 tokens (the prompt differs from it from that token on)
2026-09-22 12:13:48.958 INFO  sched: request 'chatcmpl-1062cbf6a2895c9f' admitted to slot 2 (reserve 34 blocks; pool 248/4096 blocks in use) — first token 8160
2026-09-22 12:13:50.068 INFO  sched: request 'chatcmpl-1062cbf6a2895c9b' retired (eos): 373 tok in 15.0 s — prefill 105 tok (0 cached) in 257 ms; decode 372 tok / 189 passes in 14.8 s: 25.1 tok/s, 39.8 ms/tok, 78 ms/pass, 1.97 tok/pass, accept p1 97 %
2026-09-22 12:13:50.447 INFO  sched: request 'chatcmpl-1062cbf6a2895ca0' prefix cache miss — 2 cut(s) probed against 23 entries; the nearest entry (position 96) shares the first 4 of the prompt's 99 tokens (the prompt differs from it from that token on)
2026-09-22 12:13:50.447 INFO  sched: request 'chatcmpl-1062cbf6a2895ca0' admitted to slot 1 (reserve 34 blocks; pool 246/4096 blocks in use) — first token 1206
2026-09-22 12:13:50.967 INFO  stats: rank 1 | 10.1 s | decode 93.7 tok/s, 9.4 ms/tok, 73.1 ms/step (121 steps / 943 tok, 88 % of wall) | mtp 1.96 tok/step/req, accept p1 96 % | prefill 4 prompts / 365 tok, 36 tok/s, 3.03 ms/tok, 276 ms avg (11 % of wall), 0 tok cached (0/4 hits) | live 4, queued 0 | pool 243/4096 blocks (6 %) | prefix cache 23/27 entries
2026-09-22 12:13:51.123 INFO  sched: request 'chatcmpl-1062cbf6a2895c9d' retired (eos): 236 tok in 9.9 s — prefill 86 tok (0 cached) in 242 ms; decode 235 tok / 122 passes in 9.7 s: 24.3 tok/s, 41.2 ms/tok, 79 ms/pass, 1.93 tok/pass, accept p1 93 %
2026-09-22 12:13:51.422 INFO  sched: request 'chatcmpl-1062cbf6a2895ca1' prefix cache miss — 1 cut(s) probed against 23 entries; the nearest entry (position 1300) shares the first 3 of the prompt's 77 tokens (the prompt differs from it from that token on)
2026-09-22 12:13:51.422 INFO  sched: request 'chatcmpl-1062cbf6a2895ca1' admitted to slot 3 (reserve 34 blocks; pool 247/4096 blocks in use) — first token 1206
2026-09-22 12:13:58.526 INFO  sched: request 'chatcmpl-1062cbf6a2895ca1' retired (eos): 186 tok in 7.1 s — prefill 77 tok (0 cached) in 236 ms; decode 185 tok / 96 passes in 6.9 s: 26.9 tok/s, 37.1 ms/tok, 72 ms/pass, 1.93 tok/pass, accept p1 93 %
2026-09-22 12:13:58.878 INFO  sched: request 'chatcmpl-1062cbf6a2895ca2' prefix cache miss — 2 cut(s) probed against 23 entries; the nearest entry (position 96) shares the first 4 of the prompt's 67 tokens (the prompt differs from it from that token on)
2026-09-22 12:13:58.878 INFO  sched: request 'chatcmpl-1062cbf6a2895ca2' admitted to slot 3 (reserve 34 blocks; pool 244/4096 blocks in use) — first token 9764
2026-09-22 12:13:59.849 INFO  sched: request 'chatcmpl-1062cbf6a2895c9e' retired (eos): 297 tok in 12.3 s — prefill 105 tok (0 cached) in 262 ms; decode 296 tok / 151 passes in 12.0 s: 24.6 tok/s, 40.7 ms/tok, 80 ms/pass, 1.96 tok/pass, accept p1 97 %
2026-09-22 12:13:59.923 INFO  sched: request 'chatcmpl-1062cbf6a2895c9f' retired (eos): 267 tok in 11.0 s — prefill 75 tok (0 cached) in 296 ms; decode 266 tok / 137 passes in 10.7 s: 24.9 tok/s, 40.1 ms/tok, 78 ms/pass, 1.94 tok/pass, accept p1 95 %
2026-09-22 12:14:00.162 INFO  sched: request 'chatcmpl-1062cbf6a2895ca3' prefix cache miss — 1 cut(s) probed against 24 entries; the nearest entry (position 1300) shares the first 3 of the prompt's 77 tokens (the prompt differs from it from that token on)
2026-09-22 12:14:00.162 INFO  sched: request 'chatcmpl-1062cbf6a2895ca3' admitted to slot 0 (reserve 34 blocks; pool 213/4096 blocks in use) — first token 8160
2026-09-22 12:14:00.530 INFO  sched: request 'chatcmpl-1062cbf6a2895ca4' prefix cache miss — 2 cut(s) probed against 24 entries; the nearest entry (position 1300) shares the first 3 of the prompt's 88 tokens (the prompt differs from it from that token on)
2026-09-22 12:14:00.530 INFO  sched: request 'chatcmpl-1062cbf6a2895ca4' admitted to slot 2 (reserve 34 blocks; pool 243/4096 blocks in use) — first token 8160
2026-09-22 12:14:01.030 INFO  stats: rank 1 | 10.1 s | decode 94.5 tok/s, 9.4 ms/tok, 72.9 ms/step (122 steps / 951 tok, 88 % of wall) | mtp 1.96 tok/step/req, accept p1 96 % | prefill 4 prompts / 309 tok, 31 tok/s, 3.43 ms/tok, 265 ms avg (11 % of wall), 0 tok cached (0/4 hits) | live 4, queued 0 | pool 223/4096 blocks (5 %) | prefix cache 23/27 entries
2026-09-22 12:14:04.268 INFO  sched: request 'chatcmpl-1062cbf6a2895ca0' retired (eos): 343 tok in 13.8 s — prefill 99 tok (0 cached) in 306 ms; decode 342 tok / 173 passes in 13.5 s: 25.3 tok/s, 39.5 ms/tok, 78 ms/pass, 1.98 tok/pass, accept p1 98 %
2026-09-22 12:14:04.581 INFO  sched: request 'chatcmpl-1062cbf6a2895ca5' prefix cache miss — 1 cut(s) probed against 23 entries; the nearest entry (position 580) shares the first 3 of the prompt's 78 tokens (the prompt differs from it from that token on)
2026-09-22 12:14:04.581 INFO  sched: request 'chatcmpl-1062cbf6a2895ca5' admitted to slot 1 (reserve 34 blocks; pool 229/4096 blocks in use) — first token 8160
2026-09-22 12:14:08.437 INFO  sched: request 'chatcmpl-1062cbf6a2895ca3' retired (eos): 208 tok in 8.3 s — prefill 77 tok (0 cached) in 238 ms; decode 207 tok / 105 passes in 8.0 s: 25.8 tok/s, 38.8 ms/tok, 77 ms/pass, 1.97 tok/pass, accept p1 97 %
2026-09-22 12:14:08.817 INFO  sched: request 'chatcmpl-1062cbf6a2895ca6' prefix cache miss — 2 cut(s) probed against 23 entries; the nearest entry (position 260) shares the first 4 of the prompt's 99 tokens (the prompt differs from it from that token on)
2026-09-22 12:14:08.817 INFO  sched: request 'chatcmpl-1062cbf6a2895ca6' admitted to slot 0 (reserve 34 blocks; pool 229/4096 blocks in use) — first token 1206
2026-09-22 12:14:09.568 INFO  sched: request 'chatcmpl-1062cbf6a2895ca4' retired (eos): 222 tok in 9.0 s — prefill 88 tok (0 cached) in 295 ms; decode 221 tok / 115 passes in 8.7 s: 25.3 tok/s, 39.6 ms/tok, 76 ms/pass, 1.92 tok/pass, accept p1 93 %
2026-09-22 12:14:09.928 INFO  sched: request 'chatcmpl-1062cbf6a2895ca7' prefix cache miss — 2 cut(s) probed against 23 entries; the nearest entry (position 260) shares the first 4 of the prompt's 80 tokens (the prompt differs from it from that token on)
2026-09-22 12:14:09.928 INFO  sched: request 'chatcmpl-1062cbf6a2895ca7' admitted to slot 2 (reserve 34 blocks; pool 222/4096 blocks in use) — first token 1206
2026-09-22 12:14:11.039 INFO  sched: request 'chatcmpl-1062cbf6a2895ca2' retired (eos): 286 tok in 12.2 s — prefill 67 tok (0 cached) in 289 ms; decode 285 tok / 146 passes in 11.9 s: 24.0 tok/s, 41.7 ms/tok, 81 ms/pass, 1.95 tok/pass, accept p1 95 %
2026-09-22 12:14:11.039 INFO  stats: rank 1 | 10.0 s | decode 94.7 tok/s, 9.6 ms/tok, 73.1 ms/step (124 steps / 948 tok, 91 % of wall) | mtp 1.92 tok/step/req, accept p1 92 % | prefill 3 prompts / 257 tok, 26 tok/s, 3.22 ms/tok, 276 ms avg (8 % of wall), 0 tok cached (0/3 hits) | live 3, queued 0 | pool 191/4096 blocks (5 %) | prefix cache 24/27 entries
2026-09-22 12:14:11.359 INFO  sched: request 'chatcmpl-1062cbf6a2895ca8' prefix cache miss — 1 cut(s) probed against 23 entries; the nearest entry (position 476) shares the first 3 of the prompt's 109 tokens (the prompt differs from it from that token on)
2026-09-22 12:14:11.359 INFO  sched: request 'chatcmpl-1062cbf6a2895ca8' admitted to slot 3 (reserve 34 blocks; pool 225/4096 blocks in use) — first token 8160
2026-09-22 12:14:14.665 INFO  sched: request 'chatcmpl-1062cbf6a2895ca5' retired (eos): 237 tok in 10.1 s — prefill 78 tok (0 cached) in 240 ms; decode 236 tok / 125 passes in 9.8 s: 24.0 tok/s, 41.7 ms/tok, 79 ms/pass, 1.89 tok/pass, accept p1 89 %
2026-09-22 12:14:15.031 INFO  sched: request 'chatcmpl-1062cbf6a2895ca9' prefix cache miss — 2 cut(s) probed against 23 entries; the nearest entry (position 476) shares the first 3 of the prompt's 80 tokens (the prompt differs from it from that token on)
2026-09-22 12:14:15.031 INFO  sched: request 'chatcmpl-1062cbf6a2895ca9' admitted to slot 1 (reserve 34 blocks; pool 223/4096 blocks in use) — first token 8160
2026-09-22 12:14:21.059 INFO  stats: rank 1 | 10.0 s | decode 98.9 tok/s, 9.4 ms/tok, 73.2 ms/step (128 steps / 991 tok, 93 % of wall) | mtp 1.94 tok/step/req, accept p1 94 % | prefill 2 prompts / 189 tok, 19 tok/s, 2.90 ms/tok, 274 ms avg (5 % of wall), 0 tok cached (0/2 hits) | live 4, queued 0 | pool 219/4096 blocks (5 %) | prefix cache 23/27 entries
2026-09-22 12:14:21.140 INFO  sched: request 'chatcmpl-1062cbf6a2895ca6' retired (eos): 298 tok in 12.3 s — prefill 99 tok (0 cached) in 303 ms; decode 297 tok / 155 passes in 12.0 s: 24.7 tok/s, 40.5 ms/tok, 78 ms/pass, 1.92 tok/pass, accept p1 92 %
2026-09-22 12:14:21.560 INFO  sched: request 'chatcmpl-1062cbf6a2895caa' prefix cache miss — 2 cut(s) probed against 23 entries; the nearest entry (position 476) shares the first 3 of the prompt's 163 tokens (the prompt differs from it from that token on)
2026-09-22 12:14:21.560 INFO  sched: request 'chatcmpl-1062cbf6a2895caa' admitted to slot 0 (reserve 35 blocks; pool 226/4096 blocks in use) — first token 8160
2026-09-22 12:14:22.757 INFO  sched: request 'chatcmpl-1062cbf6a2895ca7' retired (eos): 313 tok in 12.8 s — prefill 80 tok (0 cached) in 285 ms; decode 312 tok / 161 passes in 12.5 s: 24.9 tok/s, 40.2 ms/tok, 78 ms/pass, 1.94 tok/pass, accept p1 94 %
2026-09-22 12:14:23.099 INFO  sched: request 'chatcmpl-1062cbf6a2895cab' prefix cache miss — 1 cut(s) probed against 23 entries; the nearest entry (position 476) shares the first 3 of the prompt's 118 tokens (the prompt differs from it from that token on)
2026-09-22 12:14:23.099 INFO  sched: request 'chatcmpl-1062cbf6a2895cab' admitted to slot 2 (reserve 34 blocks; pool 224/4096 blocks in use) — first token 1206
2026-09-22 12:14:27.968 INFO  sched: request 'chatcmpl-1062cbf6a2895ca9' retired (eos): 318 tok in 12.9 s — prefill 80 tok (0 cached) in 292 ms; decode 317 tok / 165 passes in 12.6 s: 25.1 tok/s, 39.9 ms/tok, 77 ms/pass, 1.92 tok/pass, accept p1 93 %
2026-09-22 12:14:28.289 INFO  sched: request 'chatcmpl-1062cbf6a2895cac' prefix cache miss — 1 cut(s) probed against 23 entries; the nearest entry (position 440) shares the first 3 of the prompt's 97 tokens (the prompt differs from it from that token on)
2026-09-22 12:14:28.289 INFO  sched: request 'chatcmpl-1062cbf6a2895cac' admitted to slot 1 (reserve 34 blocks; pool 224/4096 blocks in use) — first token 8160
2026-09-22 12:14:30.083 INFO  sched: request 'chatcmpl-1062cbf6a2895ca8' retired (eos): 464 tok in 18.7 s — prefill 109 tok (0 cached) in 256 ms; decode 463 tok / 236 passes in 18.5 s: 25.1 tok/s, 39.9 ms/tok, 78 ms/pass, 1.96 tok/pass, accept p1 96 %
2026-09-22 12:14:30.410 INFO  sched: request 'chatcmpl-1062cbf6a2895cad' prefix cache miss — 1 cut(s) probed against 23 entries; the nearest entry (position 572) shares the first 3 of the prompt's 113 tokens (the prompt differs from it from that token on)
2026-09-22 12:14:30.410 INFO  sched: request 'chatcmpl-1062cbf6a2895cad' admitted to slot 3 (reserve 34 blocks; pool 228/4096 blocks in use) — first token 1206
2026-09-22 12:14:31.076 INFO  stats: rank 1 | 10.0 s | decode 91.4 tok/s, 9.6 ms/tok, 73.7 ms/step (119 steps / 916 tok, 88 % of wall) | mtp 1.94 tok/step/req, accept p1 94 % | prefill 4 prompts / 491 tok, 49 tok/s, 2.28 ms/tok, 280 ms avg (11 % of wall), 0 tok cached (0/4 hits) | live 4, queued 0 | pool 223/4096 blocks (5 %) | prefix cache 23/27 entries
2026-09-22 12:14:32.125 INFO  sched: request 'chatcmpl-1062cbf6a2895cab' retired (eos): 222 tok in 9.0 s — prefill 118 tok (0 cached) in 266 ms; decode 221 tok / 114 passes in 8.8 s: 25.2 tok/s, 39.6 ms/tok, 77 ms/pass, 1.94 tok/pass, accept p1 95 %
2026-09-22 12:14:32.479 INFO  sched: request 'chatcmpl-1062cbf6a2895cae' prefix cache miss — 1 cut(s) probed against 23 entries; the nearest entry (position 572) shares the first 3 of the prompt's 130 tokens (the prompt differs from it from that token on)
2026-09-22 12:14:32.479 INFO  sched: request 'chatcmpl-1062cbf6a2895cae' admitted to slot 2 (reserve 35 blocks; pool 229/4096 blocks in use) — first token 8160
2026-09-22 12:14:38.169 INFO  sched: request 'chatcmpl-1062cbf6a2895caa' retired (eos): 391 tok in 16.6 s — prefill 163 tok (0 cached) in 346 ms; decode 390 tok / 209 passes in 16.3 s: 24.0 tok/s, 41.7 ms/tok, 78 ms/pass, 1.87 tok/pass, accept p1 87 %
2026-09-22 12:14:38.517 INFO  sched: request 'chatcmpl-1062cbf6a2895caf' prefix cache miss — 1 cut(s) probed against 23 entries; the nearest entry (position 572) shares the first 3 of the prompt's 130 tokens (the prompt differs from it from that token on)
2026-09-22 12:14:38.517 INFO  sched: request 'chatcmpl-1062cbf6a2895caf' admitted to slot 0 (reserve 35 blocks; pool 227/4096 blocks in use) — first token 1206
2026-09-22 12:14:41.110 INFO  stats: rank 1 | 10.0 s | decode 98.4 tok/s, 9.5 ms/tok, 73.1 ms/step (128 steps / 987 tok, 93 % of wall) | mtp 1.94 tok/step/req, accept p1 93 % | prefill 2 prompts / 260 tok, 26 tok/s, 2.14 ms/tok, 278 ms avg (6 % of wall), 0 tok cached (0/2 hits) | live 4, queued 0 | pool 226/4096 blocks (6 %) | prefix cache 23/27 entries
2026-09-22 12:14:41.636 INFO  sched: request 'chatcmpl-1062cbf6a2895cac' retired (eos): 331 tok in 13.3 s — prefill 97 tok (0 cached) in 245 ms; decode 330 tok / 169 passes in 13.1 s: 25.2 tok/s, 39.7 ms/tok, 78 ms/pass, 1.95 tok/pass, accept p1 95 %
2026-09-22 12:14:41.952 INFO  sched: request 'chatcmpl-1062cbf6a2895cb0' prefix cache miss — 1 cut(s) probed against 23 entries; the nearest entry (position 396) shares the first 4 of the prompt's 86 tokens (the prompt differs from it from that token on)
2026-09-22 12:14:41.952 INFO  sched: request 'chatcmpl-1062cbf6a2895cb0' admitted to slot 1 (reserve 34 blocks; pool 233/4096 blocks in use) — first token 8160
2026-09-22 12:14:44.847 INFO  sched: request 'chatcmpl-1062cbf6a2895cad' retired (eos): 359 tok in 14.4 s — prefill 113 tok (0 cached) in 262 ms; decode 358 tok / 184 passes in 14.2 s: 25.3 tok/s, 39.6 ms/tok, 77 ms/pass, 1.95 tok/pass, accept p1 95 %
2026-09-22 12:14:45.152 INFO  sched: request 'chatcmpl-1062cbf6a2895cb1' prefix cache miss — 1 cut(s) probed against 23 entries; the nearest entry (position 572) shares the first 3 of the prompt's 73 tokens (the prompt differs from it from that token on)
2026-09-22 12:14:45.152 INFO  sched: request 'chatcmpl-1062cbf6a2895cb1' admitted to slot 3 (reserve 34 blocks; pool 233/4096 blocks in use) — first token 1206
2026-09-22 12:14:51.112 INFO  stats: rank 1 | 10.0 s | decode 100.2 tok/s, 9.4 ms/tok, 73.5 ms/step (128 steps / 1002 tok, 94 % of wall) | mtp 1.96 tok/step/req, accept p1 96 % | prefill 2 prompts / 159 tok, 16 tok/s, 3.06 ms/tok, 244 ms avg (5 % of wall), 0 tok cached (0/2 hits) | live 4, queued 0 | pool 228/4096 blocks (6 %) | prefix cache 23/27 entries
2026-09-22 12:14:51.868 INFO  sched: request 'chatcmpl-1062cbf6a2895caf' retired (eos): 335 tok in 13.4 s — prefill 130 tok (0 cached) in 274 ms; decode 334 tok / 173 passes in 13.1 s: 25.5 tok/s, 39.2 ms/tok, 76 ms/pass, 1.93 tok/pass, accept p1 93 %
2026-09-22 12:14:52.233 INFO  sched: request 'chatcmpl-1062cbf6a2895cb2' prefix cache miss — 2 cut(s) probed against 23 entries; the nearest entry (position 572) shares the first 3 of the prompt's 79 tokens (the prompt differs from it from that token on)
2026-09-22 12:14:52.234 INFO  sched: request 'chatcmpl-1062cbf6a2895cb2' admitted to slot 0 (reserve 34 blocks; pool 235/4096 blocks in use) — first token 1206
2026-09-22 12:14:52.687 INFO  sched: request 'chatcmpl-1062cbf6a2895cae' retired (eos): 510 tok in 20.2 s — prefill 130 tok (0 cached) in 281 ms; decode 509 tok / 258 passes in 19.9 s: 25.5 tok/s, 39.1 ms/tok, 77 ms/pass, 1.97 tok/pass, accept p1 98 %
2026-09-22 12:14:53.000 INFO  sched: request 'chatcmpl-1062cbf6a2895cb3' prefix cache miss — 1 cut(s) probed against 23 entries; the nearest entry (position 636) shares the first 3 of the prompt's 73 tokens (the prompt differs from it from that token on)
2026-09-22 12:14:53.000 INFO  sched: request 'chatcmpl-1062cbf6a2895cb3' admitted to slot 2 (reserve 34 blocks; pool 237/4096 blocks in use) — first token 1206
2026-09-22 12:14:54.624 INFO  sched: request 'chatcmpl-1062cbf6a2895cb1' retired (eos): 231 tok in 9.5 s — prefill 73 tok (0 cached) in 243 ms; decode 230 tok / 120 passes in 9.2 s: 24.9 tok/s, 40.1 ms/tok, 77 ms/pass, 1.92 tok/pass, accept p1 92 %
2026-09-22 12:14:54.927 INFO  sched: request 'chatcmpl-1062cbf6a2895cb4' prefix cache miss — 1 cut(s) probed against 23 entries; the nearest entry (position 636) shares the first 3 of the prompt's 85 tokens (the prompt differs from it from that token on)
2026-09-22 12:14:54.927 INFO  sched: request 'chatcmpl-1062cbf6a2895cb4' admitted to slot 3 (reserve 34 blocks; pool 237/4096 blocks in use) — first token 1206
2026-09-22 12:14:58.786 INFO  sched: request 'chatcmpl-1062cbf6a2895cb0' retired (eos): 421 tok in 16.8 s — prefill 86 tok (0 cached) in 245 ms; decode 420 tok / 213 passes in 16.6 s: 25.3 tok/s, 39.5 ms/tok, 78 ms/pass, 1.97 tok/pass, accept p1 98 %
2026-09-22 12:14:59.119 INFO  sched: request 'chatcmpl-1062cbf6a2895cb5' prefix cache miss — 1 cut(s) probed against 23 entries; the nearest entry (position 636) shares the first 3 of the prompt's 98 tokens (the prompt differs from it from that token on)
2026-09-22 12:14:59.119 INFO  sched: request 'chatcmpl-1062cbf6a2895cb5' admitted to slot 1 (reserve 34 blocks; pool 240/4096 blocks in use) — first token 1206
2026-09-22 12:15:01.121 INFO  stats: rank 1 | 10.0 s | decode 93.9 tok/s, 9.4 ms/tok, 73.3 ms/step (121 steps / 940 tok, 89 % of wall) | mtp 1.96 tok/step/req, accept p1 96 % | prefill 4 prompts / 335 tok, 33 tok/s, 3.07 ms/tok, 257 ms avg (10 % of wall), 0 tok cached (0/4 hits) | live 4, queued 0 | pool 234/4096 blocks (6 %) | prefix cache 23/27 entries
2026-09-22 12:15:03.956 INFO  sched: request 'chatcmpl-1062cbf6a2895cb2' retired (eos): 293 tok in 11.7 s — prefill 79 tok (0 cached) in 292 ms; decode 292 tok / 148 passes in 11.4 s: 25.5 tok/s, 39.1 ms/tok, 77 ms/pass, 1.97 tok/pass, accept p1 97 %
2026-09-22 12:15:04.365 INFO  sched: request 'chatcmpl-1062cbf6a2895cb6' prefix cache miss — 2 cut(s) probed against 23 entries; the nearest entry (position 636) shares the first 3 of the prompt's 136 tokens (the prompt differs from it from that token on)
2026-09-22 12:15:04.365 INFO  sched: request 'chatcmpl-1062cbf6a2895cb6' admitted to slot 0 (reserve 35 blocks; pool 239/4096 blocks in use) — first token 1206
2026-09-22 12:15:06.160 INFO  sched: request 'chatcmpl-1062cbf6a2895cb4' retired (eos): 279 tok in 11.2 s — prefill 85 tok (0 cached) in 240 ms; decode 278 tok / 143 passes in 11.0 s: 25.3 tok/s, 39.5 ms/tok, 77 ms/pass, 1.94 tok/pass, accept p1 95 %
2026-09-22 12:15:06.490 INFO  sched: request 'chatcmpl-1062cbf6a2895cb7' prefix cache miss — 1 cut(s) probed against 23 entries; the nearest entry (position 552) shares the first 4 of the prompt's 117 tokens (the prompt differs from it from that token on)
2026-09-22 12:15:06.490 INFO  sched: request 'chatcmpl-1062cbf6a2895cb7' admitted to slot 3 (reserve 34 blocks; pool 238/4096 blocks in use) — first token 8160
2026-09-22 12:15:06.789 INFO  sched: request 'chatcmpl-1062cbf6a2895cb3' retired (eos): 334 tok in 13.8 s — prefill 73 tok (0 cached) in 238 ms; decode 333 tok / 171 passes in 13.6 s: 24.6 tok/s, 40.7 ms/tok, 79 ms/pass, 1.95 tok/pass, accept p1 95 %
2026-09-22 12:15:07.108 INFO  sched: request 'chatcmpl-1062cbf6a2895cb8' prefix cache miss — 1 cut(s) probed against 23 entries; the nearest entry (position 636) shares the first 3 of the prompt's 86 tokens (the prompt differs from it from that token on)
2026-09-22 12:15:07.108 INFO  sched: request 'chatcmpl-1062cbf6a2895cb8' admitted to slot 2 (reserve 34 blocks; pool 238/4096 blocks in use) — first token 8160
2026-09-22 12:15:11.174 INFO  stats: rank 1 | 10.1 s | decode 94.5 tok/s, 9.6 ms/tok, 73.4 ms/step (124 steps / 950 tok, 90 % of wall) | mtp 1.93 tok/step/req, accept p1 92 % | prefill 3 prompts / 339 tok, 34 tok/s, 2.49 ms/tok, 281 ms avg (8 % of wall), 0 tok cached (0/3 hits) | live 4, queued 0 | pool 229/4096 blocks (6 %) | prefix cache 23/27 entries
2026-09-22 12:15:13.719 INFO  sched: request 'chatcmpl-1062cbf6a2895cb8' retired (eos): 170 tok in 6.6 s — prefill 86 tok (0 cached) in 243 ms; decode 169 tok / 89 passes in 6.4 s: 26.5 tok/s, 37.7 ms/tok, 72 ms/pass, 1.90 tok/pass, accept p1 91 %
2026-09-22 12:15:14.033 INFO  sched: request 'chatcmpl-1062cbf6a2895cb9' prefix cache miss — 1 cut(s) probed against 23 entries; the nearest entry (position 636) shares the first 3 of the prompt's 81 tokens (the prompt differs from it from that token on)
2026-09-22 12:15:14.033 INFO  sched: request 'chatcmpl-1062cbf6a2895cb9' admitted to slot 2 (reserve 34 blocks; pool 233/4096 blocks in use) — first token 1206
2026-09-22 12:15:17.171 INFO  sched: request 'chatcmpl-1062cbf6a2895cb7' retired (eos): 268 tok in 10.7 s — prefill 117 tok (0 cached) in 268 ms; decode 267 tok / 137 passes in 10.4 s: 25.6 tok/s, 39.0 ms/tok, 76 ms/pass, 1.95 tok/pass, accept p1 95 %
2026-09-22 12:15:17.496 INFO  sched: request 'chatcmpl-1062cbf6a2895cba' prefix cache miss — 1 cut(s) probed against 23 entries; the nearest entry (position 128) shares the first 4 of the prompt's 113 tokens (the prompt differs from it from that token on)
2026-09-22 12:15:17.496 INFO  sched: request 'chatcmpl-1062cbf6a2895cba' admitted to slot 3 (reserve 34 blocks; pool 233/4096 blocks in use) — first token 1206
2026-09-22 12:15:18.096 INFO  sched: request 'chatcmpl-1062cbf6a2895cb6' retired (eos): 328 tok in 13.7 s — prefill 136 tok (0 cached) in 333 ms; decode 327 tok / 171 passes in 13.4 s: 24.4 tok/s, 41.0 ms/tok, 78 ms/pass, 1.91 tok/pass, accept p1 92 %
2026-09-22 12:15:18.487 INFO  sched: request 'chatcmpl-1062cbf6a2895cbb' prefix cache miss — 2 cut(s) probed against 23 entries; the nearest entry (position 636) shares the first 3 of the prompt's 120 tokens (the prompt differs from it from that token on)
2026-09-22 12:15:18.487 INFO  sched: request 'chatcmpl-1062cbf6a2895cbb' admitted to slot 0 (reserve 34 blocks; pool 230/4096 blocks in use) — first token 1206
2026-09-22 12:15:19.529 INFO  sched: request 'chatcmpl-1062cbf6a2895cb5' retired (eos): 487 tok in 20.4 s — prefill 98 tok (0 cached) in 259 ms; decode 486 tok / 252 passes in 20.2 s: 24.1 tok/s, 41.5 ms/tok, 80 ms/pass, 1.93 tok/pass, accept p1 93 %
2026-09-22 12:15:19.884 INFO  sched: request 'chatcmpl-1062cbf6a2895cbc' prefix cache miss — 2 cut(s) probed against 23 entries; the nearest entry (position 460) shares the first 4 of the prompt's 68 tokens (the prompt differs from it from that token on)
2026-09-22 12:15:19.884 INFO  sched: request 'chatcmpl-1062cbf6a2895cbc' admitted to slot 1 (reserve 34 blocks; pool 234/4096 blocks in use) — first token 1206
2026-09-22 12:15:21.213 INFO  stats: rank 1 | 10.0 s | decode 92.2 tok/s, 9.5 ms/tok, 73.5 ms/step (120 steps / 926 tok, 88 % of wall) | mtp 1.95 tok/step/req, accept p1 94 % | prefill 4 prompts / 382 tok, 38 tok/s, 2.89 ms/tok, 276 ms avg (11 % of wall), 0 tok cached (0/4 hits) | live 4, queued 0 | pool 227/4096 blocks (6 %) | prefix cache 23/27 entries
2026-09-22 12:15:22.631 INFO  sched: request 'chatcmpl-1062cbf6a2895cb9' retired (eos): 206 tok in 8.6 s — prefill 81 tok (0 cached) in 240 ms; decode 205 tok / 104 passes in 8.4 s: 24.5 tok/s, 40.8 ms/tok, 80 ms/pass, 1.97 tok/pass, accept p1 97 %
2026-09-22 12:15:22.945 INFO  sched: request 'chatcmpl-1062cbf6a2895cbd' prefix cache miss — 1 cut(s) probed against 23 entries; the nearest entry (position 460) shares the first 4 of the prompt's 74 tokens (the prompt differs from it from that token on)
2026-09-22 12:15:22.945 INFO  sched: request 'chatcmpl-1062cbf6a2895cbd' admitted to slot 2 (reserve 34 blocks; pool 231/4096 blocks in use) — first token 1206
2026-09-22 12:15:27.088 INFO  sched: request 'chatcmpl-1062cbf6a2895cbc' retired (eos): 182 tok in 7.2 s — prefill 68 tok (0 cached) in 283 ms; decode 181 tok / 94 passes in 6.9 s: 26.2 tok/s, 38.2 ms/tok, 74 ms/pass, 1.93 tok/pass, accept p1 94 %
2026-09-22 12:15:27.416 INFO  sched: request 'chatcmpl-1062cbf6a2895cbe' prefix cache miss — 1 cut(s) probed against 23 entries; the nearest entry (position 636) shares the first 3 of the prompt's 98 tokens (the prompt differs from it from that token on)
2026-09-22 12:15:27.416 INFO  sched: request 'chatcmpl-1062cbf6a2895cbe' admitted to slot 1 (reserve 34 blocks; pool 227/4096 blocks in use) — first token 1206
2026-09-22 12:15:31.269 INFO  stats: rank 1 | 10.1 s | decode 99.1 tok/s, 9.5 ms/tok, 73.3 ms/step (129 steps / 997 tok, 94 % of wall) | mtp 1.94 tok/step/req, accept p1 94 % | prefill 2 prompts / 172 tok, 17 tok/s, 2.87 ms/tok, 247 ms avg (5 % of wall), 0 tok cached (0/2 hits) | live 4, queued 0 | pool 218/4096 blocks (5 %) | prefix cache 23/27 entries
2026-09-22 12:15:36.740 INFO  sched: request 'chatcmpl-1062cbf6a2895cba' retired (eos): 476 tok in 19.2 s — prefill 113 tok (0 cached) in 262 ms; decode 475 tok / 244 passes in 19.0 s: 25.0 tok/s, 40.0 ms/tok, 78 ms/pass, 1.95 tok/pass, accept p1 95 %
2026-09-22 12:15:37.112 INFO  sched: request 'chatcmpl-1062cbf6a2895cbf' prefix cache miss — 2 cut(s) probed against 23 entries; the nearest entry (position 588) shares the first 3 of the prompt's 104 tokens (the prompt differs from it from that token on)
2026-09-22 12:15:37.112 INFO  sched: request 'chatcmpl-1062cbf6a2895cbf' admitted to slot 3 (reserve 34 blocks; pool 228/4096 blocks in use) — first token 8160
2026-09-22 12:15:37.419 INFO  sched: request 'chatcmpl-1062cbf6a2895cbe' retired (eos): 255 tok in 10.0 s — prefill 98 tok (0 cached) in 253 ms; decode 254 tok / 130 passes in 9.8 s: 26.1 tok/s, 38.4 ms/tok, 75 ms/pass, 1.95 tok/pass, accept p1 96 %
2026-09-22 12:15:37.753 INFO  sched: request 'chatcmpl-1062cbf6a2895cc0' prefix cache miss — 1 cut(s) probed against 23 entries; the nearest entry (position 588) shares the first 3 of the prompt's 105 tokens (the prompt differs from it from that token on)
2026-09-22 12:15:37.753 INFO  sched: request 'chatcmpl-1062cbf6a2895cc0' admitted to slot 1 (reserve 34 blocks; pool 229/4096 blocks in use) — first token 8160
2026-09-22 12:15:37.977 INFO  sched: request 'chatcmpl-1062cbf6a2895cbd' retired (eos): 363 tok in 15.0 s — prefill 74 tok (0 cached) in 241 ms; decode 362 tok / 191 passes in 14.8 s: 24.5 tok/s, 40.9 ms/tok, 77 ms/pass, 1.90 tok/pass, accept p1 90 %
2026-09-22 12:15:38.322 INFO  sched: request 'chatcmpl-1062cbf6a2895cc1' prefix cache miss — 1 cut(s) probed against 23 entries; the nearest entry (position 588) shares the first 3 of the prompt's 129 tokens (the prompt differs from it from that token on)
2026-09-22 12:15:38.322 INFO  sched: request 'chatcmpl-1062cbf6a2895cc1' admitted to slot 2 (reserve 35 blocks; pool 229/4096 blocks in use) — first token 1206
2026-09-22 12:15:41.328 INFO  stats: rank 1 | 10.1 s | decode 92.4 tok/s, 9.8 ms/tok, 73.5 ms/step (124 steps / 929 tok, 91 % of wall) | mtp 1.88 tok/step/req, accept p1 88 % | prefill 3 prompts / 338 tok, 34 tok/s, 2.46 ms/tok, 277 ms avg (8 % of wall), 0 tok cached (0/3 hits) | live 4, queued 0 | pool 222/4096 blocks (5 %) | prefix cache 23/27 entries
2026-09-22 12:15:43.027 INFO  sched: request 'chatcmpl-1062cbf6a2895cbb' retired (eos): 570 tok in 24.5 s — prefill 120 tok (0 cached) in 317 ms; decode 569 tok / 309 passes in 24.2 s: 23.5 tok/s, 42.6 ms/tok, 78 ms/pass, 1.84 tok/pass, accept p1 84 %
2026-09-22 12:15:43.391 INFO  sched: request 'chatcmpl-1062cbf6a2895cc2' prefix cache miss — 2 cut(s) probed against 23 entries; the nearest entry (position 688) shares the first 3 of the prompt's 83 tokens (the prompt differs from it from that token on)
2026-09-22 12:15:43.391 INFO  sched: request 'chatcmpl-1062cbf6a2895cc2' admitted to slot 0 (reserve 34 blocks; pool 235/4096 blocks in use) — first token 8160
2026-09-22 12:15:51.052 INFO  sched: request 'chatcmpl-1062cbf6a2895cc1' retired (eos): 323 tok in 12.7 s — prefill 129 tok (0 cached) in 271 ms; decode 322 tok / 167 passes in 12.5 s: 25.8 tok/s, 38.7 ms/tok, 75 ms/pass, 1.93 tok/pass, accept p1 93 %
2026-09-22 12:15:51.389 INFO  sched: request 'chatcmpl-1062cbf6a2895cc3' prefix cache miss — 1 cut(s) probed against 23 entries; the nearest entry (position 688) shares the first 3 of the prompt's 94 tokens (the prompt differs from it from that token on)
2026-09-22 12:15:51.389 INFO  sched: request 'chatcmpl-1062cbf6a2895cc3' admitted to slot 2 (reserve 34 blocks; pool 235/4096 blocks in use) — first token 1206
2026-09-22 12:15:51.459 INFO  stats: rank 1 | 10.1 s | decode 96.7 tok/s, 9.7 ms/tok, 74.2 ms/step (128 steps / 980 tok, 94 % of wall) | mtp 1.92 tok/step/req, accept p1 92 % | prefill 2 prompts / 177 tok, 17 tok/s, 3.13 ms/tok, 277 ms avg (5 % of wall), 0 tok cached (0/2 hits) | live 4, queued 0 | pool 235/4096 blocks (6 %) | prefix cache 24/27 entries
2026-09-22 12:15:52.138 INFO  sched: request 'chatcmpl-1062cbf6a2895cbf' retired (eos): 351 tok in 15.0 s — prefill 104 tok (0 cached) in 307 ms; decode 350 tok / 187 passes in 14.7 s: 23.8 tok/s, 42.1 ms/tok, 79 ms/pass, 1.87 tok/pass, accept p1 88 %
2026-09-22 12:15:52.471 INFO  sched: request 'chatcmpl-1062cbf6a2895cc4' prefix cache miss — 1 cut(s) probed against 23 entries; the nearest entry (position 588) shares the first 4 of the prompt's 90 tokens (the prompt differs from it from that token on)
2026-09-22 12:15:52.471 INFO  sched: request 'chatcmpl-1062cbf6a2895cc4' admitted to slot 3 (reserve 34 blocks; pool 236/4096 blocks in use) — first token 8160
2026-09-22 12:15:53.446 INFO  sched: request 'chatcmpl-1062cbf6a2895cc2' retired (eos): 247 tok in 10.1 s — prefill 83 tok (0 cached) in 292 ms; decode 246 tok / 127 passes in 9.8 s: 25.2 tok/s, 39.7 ms/tok, 77 ms/pass, 1.94 tok/pass, accept p1 94 %
2026-09-22 12:15:53.768 INFO  sched: request 'chatcmpl-1062cbf6a2895cc5' prefix cache miss — 1 cut(s) probed against 23 entries; the nearest entry (position 84) shares the first 5 of the prompt's 73 tokens (the prompt differs from it from that token on)
2026-09-22 12:15:53.768 INFO  sched: request 'chatcmpl-1062cbf6a2895cc5' admitted to slot 0 (reserve 34 blocks; pool 237/4096 blocks in use) — first token 8160
2026-09-22 12:15:57.143 INFO  sched: request 'chatcmpl-1062cbf6a2895cc0' retired (eos): 474 tok in 19.4 s — prefill 105 tok (0 cached) in 254 ms; decode 473 tok / 242 passes in 19.1 s: 24.7 tok/s, 40.5 ms/tok, 79 ms/pass, 1.95 tok/pass, accept p1 95 %
2026-09-22 12:15:57.512 INFO  sched: request 'chatcmpl-1062cbf6a2895cc6' prefix cache miss — 2 cut(s) probed against 23 entries; the nearest entry (position 688) shares the first 3 of the prompt's 88 tokens (the prompt differs from it from that token on)
2026-09-22 12:15:57.512 INFO  sched: request 'chatcmpl-1062cbf6a2895cc6' admitted to slot 1 (reserve 34 blocks; pool 240/4096 blocks in use) — first token 1206
2026-09-22 12:16:01.514 INFO  stats: rank 1 | 10.1 s | decode 96.3 tok/s, 9.5 ms/tok, 73.9 ms/step (124 steps / 968 tok, 91 % of wall) | mtp 1.96 tok/step/req, accept p1 96 % | prefill 3 prompts / 251 tok, 25 tok/s, 3.18 ms/tok, 266 ms avg (8 % of wall), 0 tok cached (0/3 hits) | live 4, queued 0 | pool 233/4096 blocks (6 %) | prefix cache 23/27 entries
2026-09-22 12:16:03.319 INFO  sched: request 'chatcmpl-1062cbf6a2895cc3' retired (eos): 290 tok in 11.9 s — prefill 94 tok (0 cached) in 261 ms; decode 289 tok / 149 passes in 11.7 s: 24.8 tok/s, 40.4 ms/tok, 78 ms/pass, 1.94 tok/pass, accept p1 95 %
2026-09-22 12:16:03.637 INFO  sched: request 'chatcmpl-1062cbf6a2895cc7' prefix cache miss — 1 cut(s) probed against 23 entries; the nearest entry (position 688) shares the first 3 of the prompt's 89 tokens (the prompt differs from it from that token on)
2026-09-22 12:16:03.637 INFO  sched: request 'chatcmpl-1062cbf6a2895cc7' admitted to slot 2 (reserve 34 blocks; pool 238/4096 blocks in use) — first token 1206
2026-09-22 12:16:05.786 INFO  sched: request 'chatcmpl-1062cbf6a2895cc5' retired (eos): 299 tok in 12.0 s — prefill 73 tok (0 cached) in 242 ms; decode 298 tok / 153 passes in 11.8 s: 25.3 tok/s, 39.5 ms/tok, 77 ms/pass, 1.95 tok/pass, accept p1 95 %
2026-09-22 12:16:06.154 INFO  sched: request 'chatcmpl-1062cbf6a2895cc8' prefix cache miss — 2 cut(s) probed against 23 entries; the nearest entry (position 688) shares the first 3 of the prompt's 80 tokens (the prompt differs from it from that token on)
2026-09-22 12:16:06.154 INFO  sched: request 'chatcmpl-1062cbf6a2895cc8' admitted to slot 0 (reserve 34 blocks; pool 234/4096 blocks in use) — first token 8160
2026-09-22 12:16:07.070 INFO  sched: request 'chatcmpl-1062cbf6a2895cc6' retired (eos): 231 tok in 9.6 s — prefill 88 tok (0 cached) in 296 ms; decode 230 tok / 120 passes in 9.3 s: 24.8 tok/s, 40.3 ms/tok, 77 ms/pass, 1.92 tok/pass, accept p1 92 %
2026-09-22 12:16:07.410 INFO  sched: request 'chatcmpl-1062cbf6a2895cc9' prefix cache miss — 1 cut(s) probed against 23 entries; the nearest entry (position 688) shares the first 3 of the prompt's 86 tokens (the prompt differs from it from that token on)
2026-09-22 12:16:07.410 INFO  sched: request 'chatcmpl-1062cbf6a2895cc9' admitted to slot 1 (reserve 34 blocks; pool 234/4096 blocks in use) — first token 1206
2026-09-22 12:16:07.792 INFO  sched: request 'chatcmpl-1062cbf6a2895cc4' retired (eos): 372 tok in 15.3 s — prefill 90 tok (0 cached) in 260 ms; decode 371 tok / 186 passes in 15.1 s: 24.6 tok/s, 40.6 ms/tok, 81 ms/pass, 1.99 tok/pass, accept p1 99 %
2026-09-22 12:16:08.092 INFO  sched: request 'chatcmpl-1062cbf6a2895cca' prefix cache miss — 1 cut(s) probed against 23 entries; the nearest entry (position 688) shares the first 3 of the prompt's 81 tokens (the prompt differs from it from that token on)
2026-09-22 12:16:08.092 INFO  sched: request 'chatcmpl-1062cbf6a2895cca' admitted to slot 3 (reserve 34 blocks; pool 239/4096 blocks in use) — first token 8160
2026-09-22 12:16:11.536 INFO  stats: rank 1 | 10.0 s | decode 91.5 tok/s, 9.7 ms/tok, 74.6 ms/step (119 steps / 917 tok, 89 % of wall) | mtp 1.94 tok/step/req, accept p1 94 % | prefill 4 prompts / 336 tok, 34 tok/s, 3.11 ms/tok, 261 ms avg (10 % of wall), 0 tok cached (0/4 hits) | live 4, queued 0 | pool 230/4096 blocks (6 %) | prefix cache 23/27 entries
2026-09-22 12:16:12.754 INFO  sched: request 'chatcmpl-1062cbf6a2895cc8' retired (eos): 162 tok in 6.6 s — prefill 80 tok (0 cached) in 295 ms; decode 161 tok / 81 passes in 6.3 s: 25.5 tok/s, 39.2 ms/tok, 78 ms/pass, 1.99 tok/pass, accept p1 99 %
2026-09-22 12:16:13.175 INFO  sched: request 'chatcmpl-1062cbf6a2895ccb' prefix cache miss — 2 cut(s) probed against 23 entries; the nearest entry (position 688) shares the first 3 of the prompt's 159 tokens (the prompt differs from it from that token on)
2026-09-22 12:16:13.175 INFO  sched: request 'chatcmpl-1062cbf6a2895ccb' admitted to slot 0 (reserve 35 blocks; pool 234/4096 blocks in use) — first token 1206
2026-09-22 12:16:17.525 INFO  sched: request 'chatcmpl-1062cbf6a2895cca' retired (eos): 228 tok in 9.4 s — prefill 81 tok (0 cached) in 238 ms; decode 227 tok / 122 passes in 9.2 s: 24.7 tok/s, 40.5 ms/tok, 75 ms/pass, 1.86 tok/pass, accept p1 86 %
2026-09-22 12:16:17.846 INFO  sched: request 'chatcmpl-1062cbf6a2895ccc' prefix cache miss — 1 cut(s) probed against 23 entries; the nearest entry (position 688) shares the first 3 of the prompt's 102 tokens (the prompt differs from it from that token on)
2026-09-22 12:16:17.846 INFO  sched: request 'chatcmpl-1062cbf6a2895ccc' admitted to slot 3 (reserve 34 blocks; pool 233/4096 blocks in use) — first token 1206
2026-09-22 12:16:18.375 INFO  sched: request 'chatcmpl-1062cbf6a2895cc9' retired (eos): 265 tok in 11.0 s — prefill 86 tok (0 cached) in 267 ms; decode 264 tok / 136 passes in 10.7 s: 24.7 tok/s, 40.5 ms/tok, 79 ms/pass, 1.94 tok/pass, accept p1 94 %
2026-09-22 12:16:18.719 INFO  sched: request 'chatcmpl-1062cbf6a2895ccd' prefix cache miss — 1 cut(s) probed against 23 entries; the nearest entry (position 688) shares the first 3 of the prompt's 122 tokens (the prompt differs from it from that token on)
2026-09-22 12:16:18.719 INFO  sched: request 'chatcmpl-1062cbf6a2895ccd' admitted to slot 1 (reserve 34 blocks; pool 232/4096 blocks in use) — first token 1206
2026-09-22 12:16:19.185 INFO  sched: request 'chatcmpl-1062cbf6a2895cc7' retired (eos): 362 tok in 15.5 s — prefill 89 tok (0 cached) in 245 ms; decode 361 tok / 185 passes in 15.3 s: 23.6 tok/s, 42.4 ms/tok, 83 ms/pass, 1.95 tok/pass, accept p1 95 %
2026-09-22 12:16:19.499 INFO  sched: request 'chatcmpl-1062cbf6a2895cce' prefix cache miss — 1 cut(s) probed against 23 entries; the nearest entry (position 452) shares the first 4 of the prompt's 81 tokens (the prompt differs from it from that token on)
2026-09-22 12:16:19.499 INFO  sched: request 'chatcmpl-1062cbf6a2895cce' admitted to slot 2 (reserve 34 blocks; pool 227/4096 blocks in use) — first token 8160
2026-09-22 12:16:21.539 INFO  stats: rank 1 | 10.0 s | decode 92.2 tok/s, 9.5 ms/tok, 73.9 ms/step (119 steps / 922 tok, 88 % of wall) | mtp 1.95 tok/step/req, accept p1 94 % | prefill 4 prompts / 464 tok, 46 tok/s, 2.41 ms/tok, 279 ms avg (11 % of wall), 0 tok cached (0/4 hits) | live 4, queued 0 | pool 222/4096 blocks (5 %) | prefix cache 23/27 entries
2026-09-22 12:16:31.561 INFO  stats: rank 1 | 10.0 s | decode 103.1 tok/s, 9.6 ms/tok, 75.3 ms/step (132 steps / 1033 tok, 99 % of wall) | mtp 1.96 tok/step/req, accept p1 96 % | prefill 0 prompts / 0 tok, 0 tok cached (0/0 hits) | live 4, queued 0 | pool 222/4096 blocks (5 %) | prefix cache 23/27 entries
2026-09-22 12:16:32.392 INFO  sched: request 'chatcmpl-1062cbf6a2895cce' retired (eos): 334 tok in 12.9 s — prefill 81 tok (0 cached) in 240 ms; decode 333 tok / 170 passes in 12.7 s: 26.3 tok/s, 38.0 ms/tok, 74 ms/pass, 1.96 tok/pass, accept p1 96 %
2026-09-22 12:16:32.758 INFO  sched: request 'chatcmpl-1062cbf6a2895ccf' prefix cache miss — 2 cut(s) probed against 23 entries; the nearest entry (position 576) shares the first 3 of the prompt's 79 tokens (the prompt differs from it from that token on)
2026-09-22 12:16:32.758 INFO  sched: request 'chatcmpl-1062cbf6a2895ccf' admitted to slot 2 (reserve 34 blocks; pool 228/4096 blocks in use) — first token 1206
2026-09-22 12:16:33.881 INFO  sched: request 'chatcmpl-1062cbf6a2895ccd' retired (eos): 380 tok in 15.2 s — prefill 122 tok (0 cached) in 271 ms; decode 379 tok / 193 passes in 14.9 s: 25.5 tok/s, 39.3 ms/tok, 77 ms/pass, 1.96 tok/pass, accept p1 97 %
2026-09-22 12:16:34.257 INFO  sched: request 'chatcmpl-1062cbf6a2895cd0' prefix cache miss — 2 cut(s) probed against 23 entries; the nearest entry (position 576) shares the first 3 of the prompt's 84 tokens (the prompt differs from it from that token on)
2026-09-22 12:16:34.257 INFO  sched: request 'chatcmpl-1062cbf6a2895cd0' admitted to slot 1 (reserve 34 blocks; pool 228/4096 blocks in use) — first token 1206
2026-09-22 12:16:35.147 INFO  sched: request 'chatcmpl-1062cbf6a2895ccb' retired (eos): 537 tok in 22.0 s — prefill 159 tok (0 cached) in 347 ms; decode 536 tok / 274 passes in 21.6 s: 24.8 tok/s, 40.3 ms/tok, 79 ms/pass, 1.96 tok/pass, accept p1 96 %
2026-09-22 12:16:35.507 INFO  sched: request 'chatcmpl-1062cbf6a2895cd1' prefix cache miss — 2 cut(s) probed against 23 entries; the nearest entry (position 692) shares the first 3 of the prompt's 71 tokens (the prompt differs from it from that token on)
2026-09-22 12:16:35.507 INFO  sched: request 'chatcmpl-1062cbf6a2895cd1' admitted to slot 0 (reserve 34 blocks; pool 230/4096 blocks in use) — first token 8160
2026-09-22 12:16:40.104 INFO  sched: request 'chatcmpl-1062cbf6a2895ccc' retired (eos): 535 tok in 22.3 s — prefill 102 tok (0 cached) in 259 ms; decode 534 tok / 276 passes in 22.0 s: 24.3 tok/s, 41.2 ms/tok, 80 ms/pass, 1.93 tok/pass, accept p1 93 %
2026-09-22 12:16:40.487 INFO  sched: request 'chatcmpl-1062cbf6a2895cd2' prefix cache miss — 2 cut(s) probed against 23 entries; the nearest entry (position 692) shares the first 3 of the prompt's 95 tokens (the prompt differs from it from that token on)
2026-09-22 12:16:40.487 INFO  sched: request 'chatcmpl-1062cbf6a2895cd2' admitted to slot 3 (reserve 34 blocks; pool 233/4096 blocks in use) — first token 1206
2026-09-22 12:16:41.620 INFO  stats: rank 1 | 10.1 s | decode 90.7 tok/s, 9.6 ms/tok, 74.3 ms/step (118 steps / 912 tok, 87 % of wall) | mtp 1.95 tok/step/req, accept p1 94 % | prefill 4 prompts / 329 tok, 33 tok/s, 3.60 ms/tok, 296 ms avg (12 % of wall), 0 tok cached (0/4 hits) | live 4, queued 0 | pool 227/4096 blocks (6 %) | prefix cache 23/27 entries
2026-09-22 12:16:45.092 INFO  sched: request 'chatcmpl-1062cbf6a2895ccf' retired (eos): 295 tok in 12.3 s — prefill 79 tok (0 cached) in 291 ms; decode 294 tok / 152 passes in 12.0 s: 24.4 tok/s, 41.0 ms/tok, 79 ms/pass, 1.93 tok/pass, accept p1 94 %
2026-09-22 12:16:45.403 INFO  sched: request 'chatcmpl-1062cbf6a2895cd3' prefix cache miss — 1 cut(s) probed against 23 entries; the nearest entry (position 692) shares the first 3 of the prompt's 66 tokens (the prompt differs from it from that token on)
2026-09-22 12:16:45.403 INFO  sched: request 'chatcmpl-1062cbf6a2895cd3' admitted to slot 2 (reserve 34 blocks; pool 233/4096 blocks in use) — first token 8160
2026-09-22 12:16:45.855 INFO  sched: request 'chatcmpl-1062cbf6a2895cd0' retired (eos): 279 tok in 11.6 s — prefill 84 tok (0 cached) in 300 ms; decode 278 tok / 143 passes in 11.3 s: 24.6 tok/s, 40.6 ms/tok, 79 ms/pass, 1.94 tok/pass, accept p1 94 %
2026-09-22 12:16:46.225 INFO  sched: request 'chatcmpl-1062cbf6a2895cd4' prefix cache miss — 2 cut(s) probed against 23 entries; the nearest entry (position 692) shares the first 3 of the prompt's 68 tokens (the prompt differs from it from that token on)
2026-09-22 12:16:46.225 INFO  sched: request 'chatcmpl-1062cbf6a2895cd4' admitted to slot 1 (reserve 34 blocks; pool 233/4096 blocks in use) — first token 1206
2026-09-22 12:16:47.048 INFO  sched: request 'chatcmpl-1062cbf6a2895cd1' retired (eos): 279 tok in 11.5 s — prefill 71 tok (0 cached) in 286 ms; decode 278 tok / 142 passes in 11.3 s: 24.7 tok/s, 40.5 ms/tok, 79 ms/pass, 1.96 tok/pass, accept p1 96 %
2026-09-22 12:16:47.397 INFO  sched: request 'chatcmpl-1062cbf6a2895cd5' prefix cache miss — 2 cut(s) probed against 23 entries; the nearest entry (position 460) shares the first 4 of the prompt's 60 tokens (the prompt differs from it from that token on)
2026-09-22 12:16:47.397 INFO  sched: request 'chatcmpl-1062cbf6a2895cd5' admitted to slot 0 (reserve 33 blocks; pool 233/4096 blocks in use) — first token 9764
2026-09-22 12:16:49.940 INFO  sched: request 'chatcmpl-1062cbf6a2895cd2' retired (eos): 220 tok in 9.5 s — prefill 95 tok (0 cached) in 308 ms; decode 219 tok / 115 passes in 9.1 s: 23.9 tok/s, 41.8 ms/tok, 80 ms/pass, 1.90 tok/pass, accept p1 91 %
2026-09-22 12:16:50.324 INFO  sched: request 'chatcmpl-1062cbf6a2895cd6' prefix cache miss — 2 cut(s) probed against 23 entries; the nearest entry (position 692) shares the first 3 of the prompt's 119 tokens (the prompt differs from it from that token on)
2026-09-22 12:16:50.324 INFO  sched: request 'chatcmpl-1062cbf6a2895cd6' admitted to slot 3 (reserve 34 blocks; pool 230/4096 blocks in use) — first token 1206
2026-09-22 12:16:51.665 INFO  stats: rank 1 | 10.0 s | decode 91.1 tok/s, 9.6 ms/tok, 74.2 ms/step (119 steps / 915 tok, 88 % of wall) | mtp 1.94 tok/step/req, accept p1 93 % | prefill 4 prompts / 313 tok, 31 tok/s, 3.60 ms/tok, 282 ms avg (11 % of wall), 0 tok cached (0/4 hits) | live 4, queued 0 | pool 226/4096 blocks (6 %) | prefix cache 23/27 entries
2026-09-22 12:16:53.739 INFO  sched: request 'chatcmpl-1062cbf6a2895cd4' retired (eos): 182 tok in 7.5 s — prefill 68 tok (0 cached) in 296 ms; decode 181 tok / 93 passes in 7.2 s: 25.1 tok/s, 39.9 ms/tok, 78 ms/pass, 1.95 tok/pass, accept p1 96 %
2026-09-22 12:16:54.135 INFO  sched: request 'chatcmpl-1062cbf6a2895cd7' prefix cache miss — 2 cut(s) probed against 23 entries; the nearest entry (position 692) shares the first 3 of the prompt's 124 tokens (the prompt differs from it from that token on)
2026-09-22 12:16:54.135 INFO  sched: request 'chatcmpl-1062cbf6a2895cd7' admitted to slot 1 (reserve 34 blocks; pool 230/4096 blocks in use) — first token 1206
2026-09-22 12:16:54.509 INFO  sched: request 'chatcmpl-1062cbf6a2895cd3' retired (eos): 206 tok in 9.1 s — prefill 66 tok (0 cached) in 235 ms; decode 205 tok / 106 passes in 8.9 s: 23.1 tok/s, 43.3 ms/tok, 84 ms/pass, 1.93 tok/pass, accept p1 93 %
2026-09-22 12:16:54.893 INFO  sched: request 'chatcmpl-1062cbf6a2895cd8' prefix cache miss — 2 cut(s) probed against 23 entries; the nearest entry (position 52) shares the first 4 of the prompt's 115 tokens (the prompt differs from it from that token on)
2026-09-22 12:16:54.893 INFO  sched: request 'chatcmpl-1062cbf6a2895cd8' admitted to slot 2 (reserve 34 blocks; pool 230/4096 blocks in use) — first token 8160
2026-09-22 12:17:01.715 INFO  stats: rank 1 | 10.1 s | decode 97.0 tok/s, 9.6 ms/tok, 73.4 ms/step (127 steps / 975 tok, 93 % of wall) | mtp 1.93 tok/step/req, accept p1 92 % | prefill 2 prompts / 239 tok, 24 tok/s, 2.64 ms/tok, 315 ms avg (6 % of wall), 0 tok cached (0/2 hits) | live 4, queued 0 | pool 225/4096 blocks (5 %) | prefix cache 23/27 entries
2026-09-22 12:17:02.464 INFO  sched: request 'chatcmpl-1062cbf6a2895cd5' retired (eos): 372 tok in 15.1 s — prefill 60 tok (0 cached) in 274 ms; decode 371 tok / 190 passes in 14.8 s: 25.1 tok/s, 39.9 ms/tok, 78 ms/pass, 1.95 tok/pass, accept p1 95 %
2026-09-22 12:17:02.782 INFO  sched: request 'chatcmpl-1062cbf6a2895cd9' prefix cache miss — 1 cut(s) probed against 23 entries; the nearest entry (position 692) shares the first 3 of the prompt's 74 tokens (the prompt differs from it from that token on)
2026-09-22 12:17:02.782 INFO  sched: request 'chatcmpl-1062cbf6a2895cd9' admitted to slot 0 (reserve 34 blocks; pool 231/4096 blocks in use) — first token 9764
2026-09-22 12:17:03.973 INFO  sched: request 'chatcmpl-1062cbf6a2895cd6' retired (eos): 330 tok in 13.6 s — prefill 119 tok (0 cached) in 320 ms; decode 329 tok / 172 passes in 13.3 s: 24.7 tok/s, 40.5 ms/tok, 77 ms/pass, 1.91 tok/pass, accept p1 91 %
2026-09-22 12:17:04.284 INFO  sched: request 'chatcmpl-1062cbf6a2895cda' prefix cache miss — 1 cut(s) probed against 23 entries; the nearest entry (position 692) shares the first 3 of the prompt's 86 tokens (the prompt differs from it from that token on)
2026-09-22 12:17:04.284 INFO  sched: request 'chatcmpl-1062cbf6a2895cda' admitted to slot 3 (reserve 34 blocks; pool 231/4096 blocks in use) — first token 8160
2026-09-22 12:17:06.592 INFO  sched: request 'chatcmpl-1062cbf6a2895cd7' retired (eos): 305 tok in 12.5 s — prefill 124 tok (0 cached) in 320 ms; decode 304 tok / 157 passes in 12.1 s: 25.0 tok/s, 39.9 ms/tok, 77 ms/pass, 1.94 tok/pass, accept p1 94 %
2026-09-22 12:17:06.943 INFO  sched: request 'chatcmpl-1062cbf6a2895cdb' prefix cache miss — 1 cut(s) probed against 23 entries; the nearest entry (position 692) shares the first 3 of the prompt's 122 tokens (the prompt differs from it from that token on)
2026-09-22 12:17:06.943 INFO  sched: request 'chatcmpl-1062cbf6a2895cdb' admitted to slot 1 (reserve 34 blocks; pool 231/4096 blocks in use) — first token 1206
2026-09-22 12:17:11.409 INFO  sched: request 'chatcmpl-1062cbf6a2895cd9' retired (eos): 211 tok in 8.6 s — prefill 74 tok (0 cached) in 244 ms; decode 210 tok / 109 passes in 8.4 s: 25.0 tok/s, 39.9 ms/tok, 77 ms/pass, 1.93 tok/pass, accept p1 94 %
2026-09-22 12:17:11.772 INFO  sched: request 'chatcmpl-1062cbf6a2895cdc' prefix cache miss — 2 cut(s) probed against 23 entries; the nearest entry (position 692) shares the first 3 of the prompt's 72 tokens (the prompt differs from it from that token on)
2026-09-22 12:17:11.772 INFO  sched: request 'chatcmpl-1062cbf6a2895cdc' admitted to slot 0 (reserve 34 blocks; pool 226/4096 blocks in use) — first token 8160
2026-09-22 12:17:11.844 INFO  stats: rank 1 | 10.1 s | decode 92.1 tok/s, 9.6 ms/tok, 73.3 ms/step (122 steps / 933 tok, 88 % of wall) | mtp 1.93 tok/step/req, accept p1 92 % | prefill 4 prompts / 354 tok, 35 tok/s, 2.99 ms/tok, 264 ms avg (10 % of wall), 0 tok cached (0/4 hits) | live 4, queued 0 | pool 216/4096 blocks (5 %) | prefix cache 23/27 entries
2026-09-22 12:17:11.924 INFO  sched: request 'chatcmpl-1062cbf6a2895cd8' retired (eos): 403 tok in 17.0 s — prefill 115 tok (0 cached) in 310 ms; decode 402 tok / 215 passes in 16.7 s: 24.0 tok/s, 41.6 ms/tok, 78 ms/pass, 1.87 tok/pass, accept p1 87 %
2026-09-22 12:17:12.293 INFO  sched: request 'chatcmpl-1062cbf6a2895cdd' prefix cache miss — 2 cut(s) probed against 23 entries; the nearest entry (position 636) shares the first 3 of the prompt's 87 tokens (the prompt differs from it from that token on)
2026-09-22 12:17:12.293 INFO  sched: request 'chatcmpl-1062cbf6a2895cdd' admitted to slot 2 (reserve 34 blocks; pool 226/4096 blocks in use) — first token 9764
2026-09-22 12:17:13.329 INFO  sched: request 'chatcmpl-1062cbf6a2895cda' retired (eos): 210 tok in 9.0 s — prefill 86 tok (0 cached) in 249 ms; decode 209 tok / 110 passes in 8.8 s: 23.8 tok/s, 42.1 ms/tok, 80 ms/pass, 1.90 tok/pass, accept p1 90 %
2026-09-22 12:17:13.715 INFO  sched: request 'chatcmpl-1062cbf6a2895cde' prefix cache miss — 2 cut(s) probed against 23 entries; the nearest entry (position 516) shares the first 3 of the prompt's 120 tokens (the prompt differs from it from that token on)
2026-09-22 12:17:13.715 INFO  sched: request 'chatcmpl-1062cbf6a2895cde' admitted to slot 3 (reserve 34 blocks; pool 221/4096 blocks in use) — first token 8160
2026-09-22 12:17:20.168 INFO  sched: request 'chatcmpl-1062cbf6a2895cdb' retired (eos): 327 tok in 13.2 s — prefill 122 tok (0 cached) in 276 ms; decode 326 tok / 166 passes in 12.9 s: 25.2 tok/s, 39.7 ms/tok, 78 ms/pass, 1.96 tok/pass, accept p1 96 %
2026-09-22 12:17:20.541 INFO  sched: request 'chatcmpl-1062cbf6a2895cdf' prefix cache miss — 2 cut(s) probed against 23 entries; the nearest entry (position 516) shares the first 3 of the prompt's 87 tokens (the prompt differs from it from that token on)
2026-09-22 12:17:20.541 INFO  sched: request 'chatcmpl-1062cbf6a2895cdf' admitted to slot 1 (reserve 34 blocks; pool 222/4096 blocks in use) — first token 8160
2026-09-22 12:17:21.293 INFO  sched: request 'chatcmpl-1062cbf6a2895cdc' retired (eos): 230 tok in 9.5 s — prefill 72 tok (0 cached) in 288 ms; decode 229 tok / 116 passes in 9.2 s: 24.8 tok/s, 40.3 ms/tok, 80 ms/pass, 1.97 tok/pass, accept p1 97 %
2026-09-22 12:17:21.608 INFO  sched: request 'chatcmpl-1062cbf6a2895ce0' prefix cache miss — 1 cut(s) probed against 23 entries; the nearest entry (position 516) shares the first 3 of the prompt's 78 tokens (the prompt differs from it from that token on)
2026-09-22 12:17:21.608 INFO  sched: request 'chatcmpl-1062cbf6a2895ce0' admitted to slot 0 (reserve 34 blocks; pool 221/4096 blocks in use) — first token 8160
2026-09-22 12:17:21.902 INFO  stats: rank 1 | 10.1 s | decode 92.7 tok/s, 9.4 ms/tok, 73.2 ms/step (120 steps / 932 tok, 87 % of wall) | mtp 1.96 tok/step/req, accept p1 95 % | prefill 4 prompts / 372 tok, 37 tok/s, 3.10 ms/tok, 288 ms avg (11 % of wall), 0 tok cached (0/4 hits) | live 4, queued 0 | pool 216/4096 blocks (5 %) | prefix cache 23/27 entries
2026-09-22 12:17:27.614 INFO  sched: request 'chatcmpl-1062cbf6a2895cdd' retired (eos): 385 tok in 15.3 s — prefill 87 tok (0 cached) in 293 ms; decode 384 tok / 195 passes in 15.0 s: 25.6 tok/s, 39.1 ms/tok, 77 ms/pass, 1.97 tok/pass, accept p1 97 %
2026-09-22 12:17:27.977 INFO  sched: request 'chatcmpl-1062cbf6a2895ce1' prefix cache miss — 2 cut(s) probed against 23 entries; the nearest entry (position 516) shares the first 3 of the prompt's 68 tokens (the prompt differs from it from that token on)
2026-09-22 12:17:27.977 INFO  sched: request 'chatcmpl-1062cbf6a2895ce1' admitted to slot 2 (reserve 34 blocks; pool 223/4096 blocks in use) — first token 8160
2026-09-22 12:17:31.909 INFO  stats: rank 1 | 10.0 s | decode 103.3 tok/s, 9.3 ms/tok, 73.5 ms/step (131 steps / 1034 tok, 96 % of wall) | mtp 1.98 tok/step/req, accept p1 98 % | prefill 1 prompt / 68 tok, 7 tok/s, 4.23 ms/tok, 288 ms avg (3 % of wall), 0 tok cached (0/1 hit) | live 4, queued 0 | pool 219/4096 blocks (5 %) | prefix cache 23/27 entries
2026-09-22 12:17:34.910 INFO  sched: request 'chatcmpl-1062cbf6a2895cdf' retired (eos): 372 tok in 14.4 s — prefill 87 tok (0 cached) in 297 ms; decode 371 tok / 186 passes in 14.1 s: 26.4 tok/s, 37.9 ms/tok, 76 ms/pass, 1.99 tok/pass, accept p1 100 %
2026-09-22 12:17:35.233 INFO  sched: request 'chatcmpl-1062cbf6a2895ce2' prefix cache miss — 1 cut(s) probed against 23 entries; the nearest entry (position 516) shares the first 3 of the prompt's 90 tokens (the prompt differs from it from that token on)
2026-09-22 12:17:35.233 INFO  sched: request 'chatcmpl-1062cbf6a2895ce2' admitted to slot 1 (reserve 34 blocks; pool 226/4096 blocks in use) — first token 1206
2026-09-22 12:17:35.537 INFO  sched: request 'chatcmpl-1062cbf6a2895ce1' retired (eos): 193 tok in 7.6 s — prefill 68 tok (0 cached) in 288 ms; decode 192 tok / 98 passes in 7.3 s: 26.4 tok/s, 37.9 ms/tok, 74 ms/pass, 1.96 tok/pass, accept p1 97 %
2026-09-22 12:17:35.934 INFO  sched: request 'chatcmpl-1062cbf6a2895ce3' prefix cache miss — 2 cut(s) probed against 23 entries; the nearest entry (position 516) shares the first 3 of the prompt's 132 tokens (the prompt differs from it from that token on)
2026-09-22 12:17:35.934 INFO  sched: request 'chatcmpl-1062cbf6a2895ce3' admitted to slot 2 (reserve 35 blocks; pool 228/4096 blocks in use) — first token 1206
2026-09-22 12:17:39.672 INFO  sched: request 'chatcmpl-1062cbf6a2895ce0' retired (eos): 457 tok in 18.1 s — prefill 78 tok (0 cached) in 240 ms; decode 456 tok / 231 passes in 17.8 s: 25.6 tok/s, 39.1 ms/tok, 77 ms/pass, 1.97 tok/pass, accept p1 97 %
2026-09-22 12:17:40.017 INFO  sched: request 'chatcmpl-1062cbf6a2895ce4' prefix cache miss — 1 cut(s) probed against 23 entries; the nearest entry (position 532) shares the first 3 of the prompt's 118 tokens (the prompt differs from it from that token on)
2026-09-22 12:17:40.017 INFO  sched: request 'chatcmpl-1062cbf6a2895ce4' admitted to slot 0 (reserve 34 blocks; pool 232/4096 blocks in use) — first token 8160
2026-09-22 12:17:41.969 INFO  stats: rank 1 | 10.1 s | decode 94.2 tok/s, 9.6 ms/tok, 74.1 ms/step (123 steps / 948 tok, 91 % of wall) | mtp 1.94 tok/step/req, accept p1 94 % | prefill 3 prompts / 340 tok, 34 tok/s, 2.47 ms/tok, 280 ms avg (8 % of wall), 0 tok cached (0/3 hits) | live 4, queued 0 | pool 226/4096 blocks (6 %) | prefix cache 23/27 entries
2026-09-22 12:17:51.054 INFO  sched: request 'chatcmpl-1062cbf6a2895ce4' retired (eos): 286 tok in 11.0 s — prefill 118 tok (0 cached) in 271 ms; decode 285 tok / 147 passes in 10.8 s: 26.5 tok/s, 37.8 ms/tok, 73 ms/pass, 1.94 tok/pass, accept p1 94 %
2026-09-22 12:17:51.459 INFO  sched: request 'chatcmpl-1062cbf6a2895ce5' prefix cache miss — 2 cut(s) probed against 23 entries; the nearest entry (position 532) shares the first 3 of the prompt's 131 tokens (the prompt differs from it from that token on)
2026-09-22 12:17:51.459 INFO  sched: request 'chatcmpl-1062cbf6a2895ce5' admitted to slot 0 (reserve 35 blocks; pool 234/4096 blocks in use) — first token 1206
2026-09-22 12:17:51.988 INFO  stats: rank 1 | 10.0 s | decode 98.8 tok/s, 9.7 ms/tok, 74.3 ms/step (129 steps / 990 tok, 96 % of wall) | mtp 1.92 tok/step/req, accept p1 92 % | prefill 1 prompt / 131 tok, 13 tok/s, 2.52 ms/tok, 330 ms avg (3 % of wall), 0 tok cached (0/1 hit) | live 4, queued 0 | pool 228/4096 blocks (6 %) | prefix cache 23/27 entries
2026-09-22 12:17:53.578 INFO  sched: request 'chatcmpl-1062cbf6a2895ce2' retired (eos): 453 tok in 18.3 s — prefill 90 tok (0 cached) in 247 ms; decode 452 tok / 232 passes in 18.1 s: 25.0 tok/s, 40.0 ms/tok, 78 ms/pass, 1.95 tok/pass, accept p1 95 %
2026-09-22 12:17:53.917 INFO  sched: request 'chatcmpl-1062cbf6a2895ce6' prefix cache miss — 1 cut(s) probed against 23 entries; the nearest entry (position 540) shares the first 3 of the prompt's 113 tokens (the prompt differs from it from that token on)
2026-09-22 12:17:53.917 INFO  sched: request 'chatcmpl-1062cbf6a2895ce6' admitted to slot 1 (reserve 34 blocks; pool 236/4096 blocks in use) — first token 1206
2026-09-22 12:17:54.962 INFO  sched: request 'chatcmpl-1062cbf6a2895ce3' retired (eos): 463 tok in 19.0 s — prefill 132 tok (0 cached) in 321 ms; decode 462 tok / 242 passes in 18.7 s: 24.7 tok/s, 40.5 ms/tok, 77 ms/pass, 1.91 tok/pass, accept p1 91 %
2026-09-22 12:17:55.287 INFO  sched: request 'chatcmpl-1062cbf6a2895ce7' prefix cache miss — 1 cut(s) probed against 23 entries; the nearest entry (position 592) shares the first 3 of the prompt's 101 tokens (the prompt differs from it from that token on)
2026-09-22 12:17:55.287 INFO  sched: request 'chatcmpl-1062cbf6a2895ce7' admitted to slot 2 (reserve 34 blocks; pool 238/4096 blocks in use) — first token 1206
2026-09-22 12:18:02.039 INFO  stats: rank 1 | 10.1 s | decode 96.2 tok/s, 9.7 ms/tok, 74.2 ms/step (127 steps / 967 tok, 94 % of wall) | mtp 1.91 tok/step/req, accept p1 91 % | prefill 2 prompts / 214 tok, 21 tok/s, 2.39 ms/tok, 256 ms avg (5 % of wall), 0 tok cached (0/2 hits) | live 4, queued 0 | pool 233/4096 blocks (6 %) | prefix cache 23/27 entries
2026-09-22 12:18:04.473 INFO  sched: request 'chatcmpl-1062cbf6a2895ce6' retired (eos): 264 tok in 10.6 s — prefill 113 tok (0 cached) in 261 ms; decode 263 tok / 137 passes in 10.3 s: 25.5 tok/s, 39.1 ms/tok, 75 ms/pass, 1.92 tok/pass, accept p1 92 %
2026-09-22 12:18:04.853 INFO  sched: request 'chatcmpl-1062cbf6a2895ce8' prefix cache miss — 2 cut(s) probed against 23 entries; the nearest entry (position 516) shares the first 4 of the prompt's 100 tokens (the prompt differs from it from that token on)
2026-09-22 12:18:04.853 INFO  sched: request 'chatcmpl-1062cbf6a2895ce8' admitted to slot 1 (reserve 34 blocks; pool 239/4096 blocks in use) — first token 1206
2026-09-22 12:18:10.328 INFO  sched: request 'chatcmpl-1062cbf6a2895ce5' retired (eos): 470 tok in 18.9 s — prefill 131 tok (0 cached) in 330 ms; decode 469 tok / 239 passes in 18.5 s: 25.3 tok/s, 39.5 ms/tok, 78 ms/pass, 1.96 tok/pass, accept p1 96 %
2026-09-22 12:18:10.699 INFO  sched: request 'chatcmpl-1062cbf6a2895ce9' prefix cache miss — 2 cut(s) probed against 23 entries; the nearest entry (position 600) shares the first 3 of the prompt's 84 tokens (the prompt differs from it from that token on)
2026-09-22 12:18:10.699 INFO  sched: request 'chatcmpl-1062cbf6a2895ce9' admitted to slot 0 (reserve 34 blocks; pool 240/4096 blocks in use) — first token 8160
2026-09-22 12:18:10.851 INFO  sched: request 'chatcmpl-1062cbf6a2895ce7' retired (eos): 378 tok in 15.6 s — prefill 101 tok (0 cached) in 251 ms; decode 377 tok / 198 passes in 15.3 s: 24.6 tok/s, 40.6 ms/tok, 77 ms/pass, 1.90 tok/pass, accept p1 91 %
2026-09-22 12:18:11.163 INFO  sched: request 'chatcmpl-1062cbf6a2895cea' prefix cache miss — 1 cut(s) probed against 23 entries; the nearest entry (position 600) shares the first 3 of the prompt's 66 tokens (the prompt differs from it from that token on)
2026-09-22 12:18:11.163 INFO  sched: request 'chatcmpl-1062cbf6a2895cea' admitted to slot 2 (reserve 34 blocks; pool 243/4096 blocks in use) — first token 8160
2026-09-22 12:18:12.046 INFO  stats: rank 1 | 10.0 s | decode 92.2 tok/s, 9.8 ms/tok, 74.7 ms/step (121 steps / 923 tok, 90 % of wall) | mtp 1.92 tok/step/req, accept p1 91 % | prefill 3 prompts / 250 tok, 25 tok/s, 3.34 ms/tok, 279 ms avg (8 % of wall), 0 tok cached (0/3 hits) | live 4, queued 0 | pool 237/4096 blocks (6 %) | prefix cache 23/27 entries
2026-09-22 12:18:16.662 INFO  sched: request 'chatcmpl-1062cbf6a2895cea' retired (eos): 143 tok in 5.5 s — prefill 66 tok (0 cached) in 237 ms; decode 142 tok / 73 passes in 5.3 s: 27.0 tok/s, 37.1 ms/tok, 72 ms/pass, 1.95 tok/pass, accept p1 95 %
2026-09-22 12:18:17.030 INFO  sched: request 'chatcmpl-1062cbf6a2895ceb' prefix cache miss — 2 cut(s) probed against 23 entries; the nearest entry (position 476) shares the first 4 of the prompt's 80 tokens (the prompt differs from it from that token on)
2026-09-22 12:18:17.030 INFO  sched: request 'chatcmpl-1062cbf6a2895ceb' admitted to slot 2 (reserve 34 blocks; pool 239/4096 blocks in use) — first token 1206
2026-09-22 12:18:21.782 INFO  sched: request 'chatcmpl-1062cbf6a2895ce8' retired (eos): 409 tok in 16.9 s — prefill 100 tok (0 cached) in 303 ms; decode 408 tok / 213 passes in 16.6 s: 24.5 tok/s, 40.7 ms/tok, 78 ms/pass, 1.92 tok/pass, accept p1 92 %
2026-09-22 12:18:22.193 INFO  sched: request 'chatcmpl-1062cbf6a2895cec' prefix cache miss — 2 cut(s) probed against 23 entries; the nearest entry (position 600) shares the first 3 of the prompt's 151 tokens (the prompt differs from it from that token on)
2026-09-22 12:18:22.193 INFO  sched: request 'chatcmpl-1062cbf6a2895cec' admitted to slot 1 (reserve 35 blocks; pool 243/4096 blocks in use) — first token 1206
2026-09-22 12:18:22.265 INFO  stats: rank 1 | 10.2 s | decode 93.7 tok/s, 9.9 ms/tok, 74.6 ms/step (127 steps / 958 tok, 93 % of wall) | mtp 1.89 tok/step/req, accept p1 89 % | prefill 2 prompts / 231 tok, 23 tok/s, 2.69 ms/tok, 311 ms avg (6 % of wall), 0 tok cached (0/2 hits) | live 4, queued 0 | pool 235/4096 blocks (6 %) | prefix cache 23/27 entries
2026-09-22 12:18:23.267 INFO  sched: request 'chatcmpl-1062cbf6a2895ce9' retired (eos): 302 tok in 12.6 s — prefill 84 tok (0 cached) in 296 ms; decode 301 tok / 155 passes in 12.3 s: 24.5 tok/s, 40.8 ms/tok, 79 ms/pass, 1.94 tok/pass, accept p1 95 %
2026-09-22 12:18:23.664 INFO  sched: request 'chatcmpl-1062cbf6a2895ced' prefix cache miss — 2 cut(s) probed against 23 entries; the nearest entry (position 600) shares the first 3 of the prompt's 116 tokens (the prompt differs from it from that token on)
2026-09-22 12:18:23.664 INFO  sched: request 'chatcmpl-1062cbf6a2895ced' admitted to slot 0 (reserve 34 blocks; pool 242/4096 blocks in use) — first token 1206
2026-09-22 12:18:31.697 INFO  sched: request 'chatcmpl-1062cbf6a2895cde' retired (eos): 1843 tok in 78.0 s — prefill 120 tok (0 cached) in 324 ms; decode 1842 tok / 981 passes in 77.7 s: 23.7 tok/s, 42.2 ms/tok, 79 ms/pass, 1.88 tok/pass, accept p1 88 %
2026-09-22 12:18:32.011 INFO  sched: request 'chatcmpl-1062cbf6a2895cee' prefix cache miss — 1 cut(s) probed against 23 entries; the nearest entry (position 508) shares the first 4 of the prompt's 97 tokens (the prompt differs from it from that token on)
2026-09-22 12:18:32.011 INFO  sched: request 'chatcmpl-1062cbf6a2895cee' admitted to slot 3 (reserve 34 blocks; pool 264/4096 blocks in use) — first token 8160
2026-09-22 12:18:32.309 INFO  stats: rank 1 | 10.0 s | decode 96.1 tok/s, 9.7 ms/tok, 74.9 ms/step (125 steps / 965 tok, 93 % of wall) | mtp 1.94 tok/step/req, accept p1 94 % | prefill 2 prompts / 213 tok, 21 tok/s, 2.67 ms/tok, 285 ms avg (6 % of wall), 0 tok cached (0/2 hits) | live 4, queued 0 | pool 261/4096 blocks (6 %) | prefix cache 23/27 entries
2026-09-22 12:18:35.886 INFO  sched: request 'chatcmpl-1062cbf6a2895ced' retired (eos): 306 tok in 12.2 s — prefill 116 tok (0 cached) in 320 ms; decode 305 tok / 159 passes in 11.9 s: 25.6 tok/s, 39.0 ms/tok, 75 ms/pass, 1.92 tok/pass, accept p1 92 %
2026-09-22 12:18:36.287 INFO  sched: request 'chatcmpl-1062cbf6a2895cef' prefix cache miss — 2 cut(s) probed against 23 entries; the nearest entry (position 1960) shares the first 3 of the prompt's 123 tokens (the prompt differs from it from that token on)
2026-09-22 12:18:36.287 INFO  sched: request 'chatcmpl-1062cbf6a2895cef' admitted to slot 0 (reserve 34 blocks; pool 267/4096 blocks in use) — first token 1206
2026-09-22 12:18:37.933 INFO  sched: request 'chatcmpl-1062cbf6a2895ceb' retired (eos): 508 tok in 20.9 s — prefill 80 tok (0 cached) in 289 ms; decode 507 tok / 261 passes in 20.6 s: 24.6 tok/s, 40.7 ms/tok, 79 ms/pass, 1.94 tok/pass, accept p1 95 %
2026-09-22 12:18:38.281 INFO  sched: request 'chatcmpl-1062cbf6a2895cf0' prefix cache miss — 1 cut(s) probed against 23 entries; the nearest entry (position 1960) shares the first 3 of the prompt's 106 tokens (the prompt differs from it from that token on)
2026-09-22 12:18:38.281 INFO  sched: request 'chatcmpl-1062cbf6a2895cf0' admitted to slot 2 (reserve 34 blocks; pool 268/4096 blocks in use) — first token 1206
2026-09-22 12:18:38.956 INFO  sched: request 'chatcmpl-1062cbf6a2895cec' retired (eos): 402 tok in 16.8 s — prefill 151 tok (0 cached) in 334 ms; decode 401 tok / 207 passes in 16.4 s: 24.4 tok/s, 41.0 ms/tok, 79 ms/pass, 1.94 tok/pass, accept p1 94 %
2026-09-22 12:18:39.281 INFO  sched: request 'chatcmpl-1062cbf6a2895cf1' prefix cache miss — 1 cut(s) probed against 23 entries; the nearest entry (position 508) shares the first 4 of the prompt's 98 tokens (the prompt differs from it from that token on)
2026-09-22 12:18:39.282 INFO  sched: request 'chatcmpl-1062cbf6a2895cf1' admitted to slot 1 (reserve 34 blocks; pool 269/4096 blocks in use) — first token 1206
2026-09-22 12:18:41.801 INFO  sched: request 'chatcmpl-1062cbf6a2895cee' retired (eos): 234 tok in 9.8 s — prefill 97 tok (0 cached) in 250 ms; decode 233 tok / 120 passes in 9.5 s: 24.4 tok/s, 40.9 ms/tok, 80 ms/pass, 1.94 tok/pass, accept p1 94 %
2026-09-22 12:18:42.101 INFO  sched: request 'chatcmpl-1062cbf6a2895cf2' prefix cache miss — 1 cut(s) probed against 23 entries; the nearest entry (position 1960) shares the first 3 of the prompt's 66 tokens (the prompt differs from it from that token on)
2026-09-22 12:18:42.101 INFO  sched: request 'chatcmpl-1062cbf6a2895cf2' admitted to slot 3 (reserve 34 blocks; pool 266/4096 blocks in use) — first token 8160
2026-09-22 12:18:42.321 INFO  stats: rank 1 | 10.0 s | decode 92.3 tok/s, 9.5 ms/tok, 73.4 ms/step (120 steps / 924 tok, 88 % of wall) | mtp 1.94 tok/step/req, accept p1 94 % | prefill 4 prompts / 393 tok, 39 tok/s, 2.72 ms/tok, 267 ms avg (11 % of wall), 0 tok cached (0/4 hits) | live 4, queued 0 | pool 256/4096 blocks (6 %) | prefix cache 23/27 entries
2026-09-22 12:18:46.320 INFO  sched: request 'chatcmpl-1062cbf6a2895cf1' retired (eos): 179 tok in 7.0 s — prefill 98 tok (0 cached) in 251 ms; decode 178 tok / 92 passes in 6.8 s: 26.2 tok/s, 38.1 ms/tok, 74 ms/pass, 1.93 tok/pass, accept p1 95 %
2026-09-22 12:18:46.668 INFO  sched: request 'chatcmpl-1062cbf6a2895cf3' prefix cache miss — 1 cut(s) probed against 23 entries; the nearest entry (position 1960) shares the first 3 of the prompt's 117 tokens (the prompt differs from it from that token on)
2026-09-22 12:18:46.668 INFO  sched: request 'chatcmpl-1062cbf6a2895cf3' admitted to slot 1 (reserve 34 blocks; pool 261/4096 blocks in use) — first token 8160
2026-09-22 12:18:47.570 INFO  sched: request 'chatcmpl-1062cbf6a2895cf2' retired (eos): 140 tok in 5.5 s — prefill 66 tok (0 cached) in 237 ms; decode 139 tok / 70 passes in 5.2 s: 26.6 tok/s, 37.6 ms/tok, 75 ms/pass, 1.99 tok/pass, accept p1 99 %
2026-09-22 12:18:47.909 INFO  sched: request 'chatcmpl-1062cbf6a2895cf4' prefix cache miss — 1 cut(s) probed against 23 entries; the nearest entry (position 1960) shares the first 3 of the prompt's 129 tokens (the prompt differs from it from that token on)
2026-09-22 12:18:47.909 INFO  sched: request 'chatcmpl-1062cbf6a2895cf4' admitted to slot 3 (reserve 35 blocks; pool 260/4096 blocks in use) — first token 1206
2026-09-22 12:18:48.657 INFO  sched: request 'chatcmpl-1062cbf6a2895cef' retired (eos): 291 tok in 12.4 s — prefill 123 tok (0 cached) in 327 ms; decode 290 tok / 149 passes in 12.0 s: 24.1 tok/s, 41.5 ms/tok, 81 ms/pass, 1.95 tok/pass, accept p1 95 %
2026-09-22 12:18:49.025 INFO  sched: request 'chatcmpl-1062cbf6a2895cf5' prefix cache miss — 2 cut(s) probed against 23 entries; the nearest entry (position 1960) shares the first 3 of the prompt's 88 tokens (the prompt differs from it from that token on)
2026-09-22 12:18:49.025 INFO  sched: request 'chatcmpl-1062cbf6a2895cf5' admitted to slot 0 (reserve 34 blocks; pool 257/4096 blocks in use) — first token 1206
2026-09-22 12:18:52.331 INFO  stats: rank 1 | 10.0 s | decode 96.4 tok/s, 9.4 ms/tok, 73.1 ms/step (124 steps / 965 tok, 90 % of wall) | mtp 1.96 tok/step/req, accept p1 96 % | prefill 3 prompts / 334 tok, 33 tok/s, 2.52 ms/tok, 280 ms avg (8 % of wall), 0 tok cached (0/3 hits) | live 4, queued 0 | pool 250/4096 blocks (6 %) | prefix cache 23/27 entries
2026-09-22 12:18:57.959 INFO  sched: request 'chatcmpl-1062cbf6a2895cf0' retired (eos): 479 tok in 19.7 s — prefill 106 tok (0 cached) in 255 ms; decode 478 tok / 248 passes in 19.4 s: 24.6 tok/s, 40.6 ms/tok, 78 ms/pass, 1.93 tok/pass, accept p1 93 %
2026-09-22 12:18:58.270 INFO  sched: request 'chatcmpl-1062cbf6a2895cf6' prefix cache miss — 1 cut(s) probed against 23 entries; the nearest entry (position 584) shares the first 4 of the prompt's 66 tokens (the prompt differs from it from that token on)
2026-09-22 12:18:58.270 INFO  sched: request 'chatcmpl-1062cbf6a2895cf6' admitted to slot 2 (reserve 34 blocks; pool 259/4096 blocks in use) — first token 8160
2026-09-22 12:19:01.913 INFO  sched: request 'chatcmpl-1062cbf6a2895cf3' retired (eos): 381 tok in 15.2 s — prefill 117 tok (0 cached) in 271 ms; decode 380 tok / 195 passes in 15.0 s: 25.4 tok/s, 39.4 ms/tok, 77 ms/pass, 1.95 tok/pass, accept p1 95 %
2026-09-22 12:19:02.250 INFO  sched: request 'chatcmpl-1062cbf6a2895cf7' prefix cache miss — 1 cut(s) probed against 23 entries; the nearest entry (position 508) shares the first 4 of the prompt's 109 tokens (the prompt differs from it from that token on)
2026-09-22 12:19:02.250 INFO  sched: request 'chatcmpl-1062cbf6a2895cf7' admitted to slot 1 (reserve 34 blocks; pool 263/4096 blocks in use) — first token 8160
2026-09-22 12:19:02.396 INFO  stats: rank 1 | 10.1 s | decode 99.8 tok/s, 9.4 ms/tok, 73.3 ms/step (129 steps / 1004 tok, 94 % of wall) | mtp 1.95 tok/step/req, accept p1 95 % | prefill 2 prompts / 175 tok, 17 tok/s, 2.85 ms/tok, 250 ms avg (5 % of wall), 0 tok cached (0/2 hits) | live 4, queued 0 | pool 256/4096 blocks (6 %) | prefix cache 23/27 entries
2026-09-22 12:19:03.664 INFO  sched: request 'chatcmpl-1062cbf6a2895cf6' retired (eos): 136 tok in 5.4 s — prefill 66 tok (0 cached) in 235 ms; decode 135 tok / 69 passes in 5.2 s: 26.2 tok/s, 38.2 ms/tok, 75 ms/pass, 1.96 tok/pass, accept p1 97 %
2026-09-22 12:19:04.054 INFO  sched: request 'chatcmpl-1062cbf6a2895cf8' prefix cache miss — 2 cut(s) probed against 23 entries; the nearest entry (position 1960) shares the first 3 of the prompt's 119 tokens (the prompt differs from it from that token on)
2026-09-22 12:19:04.054 INFO  sched: request 'chatcmpl-1062cbf6a2895cf8' admitted to slot 2 (reserve 34 blocks; pool 259/4096 blocks in use) — first token 8160
2026-09-22 12:19:06.155 INFO  sched: request 'chatcmpl-1062cbf6a2895cf5' retired (eos): 426 tok in 17.1 s — prefill 88 tok (0 cached) in 293 ms; decode 425 tok / 220 passes in 16.8 s: 25.2 tok/s, 39.6 ms/tok, 77 ms/pass, 1.93 tok/pass, accept p1 94 %
2026-09-22 12:19:06.468 INFO  sched: request 'chatcmpl-1062cbf6a2895cf9' prefix cache miss — 1 cut(s) probed against 23 entries; the nearest entry (position 1960) shares the first 3 of the prompt's 77 tokens (the prompt differs from it from that token on)
2026-09-22 12:19:06.468 INFO  sched: request 'chatcmpl-1062cbf6a2895cf9' admitted to slot 0 (reserve 34 blocks; pool 260/4096 blocks in use) — first token 1206
2026-09-22 12:19:12.430 INFO  stats: rank 1 | 10.0 s | decode 97.6 tok/s, 9.6 ms/tok, 73.8 ms/step (127 steps / 979 tok, 93 % of wall) | mtp 1.93 tok/step/req, accept p1 93 % | prefill 2 prompts / 196 tok, 20 tok/s, 2.81 ms/tok, 275 ms avg (5 % of wall), 0 tok cached (0/2 hits) | live 4, queued 0 | pool 231/4096 blocks (6 %) | prefix cache 23/27 entries
2026-09-22 12:19:12.886 INFO  sched: request 'chatcmpl-1062cbf6a2895cf7' retired (eos): 263 tok in 10.6 s — prefill 109 tok (0 cached) in 264 ms; decode 262 tok / 135 passes in 10.4 s: 25.3 tok/s, 39.6 ms/tok, 77 ms/pass, 1.94 tok/pass, accept p1 95 %
2026-09-22 12:19:13.211 INFO  sched: request 'chatcmpl-1062cbf6a2895cfa' prefix cache miss — 1 cut(s) probed against 23 entries; the nearest entry (position 584) shares the first 3 of the prompt's 89 tokens (the prompt differs from it from that token on)
2026-09-22 12:19:13.211 INFO  sched: request 'chatcmpl-1062cbf6a2895cfa' admitted to slot 1 (reserve 34 blocks; pool 236/4096 blocks in use) — first token 8160
2026-09-22 12:19:13.515 INFO  sched: request 'chatcmpl-1062cbf6a2895cf4' retired (eos): 629 tok in 25.6 s — prefill 129 tok (0 cached) in 277 ms; decode 628 tok / 323 passes in 25.3 s: 24.8 tok/s, 40.3 ms/tok, 78 ms/pass, 1.94 tok/pass, accept p1 95 %
2026-09-22 12:19:13.831 INFO  sched: request 'chatcmpl-1062cbf6a2895cfb' prefix cache miss — 1 cut(s) probed against 23 entries; the nearest entry (position 756) shares the first 3 of the prompt's 97 tokens (the prompt differs from it from that token on)
2026-09-22 12:19:13.831 INFO  sched: request 'chatcmpl-1062cbf6a2895cfb' admitted to slot 3 (reserve 34 blocks; pool 240/4096 blocks in use) — first token 8160
2026-09-22 12:19:14.719 INFO  sched: request 'chatcmpl-1062cbf6a2895cf9' retired (eos): 199 tok in 8.3 s — prefill 77 tok (0 cached) in 237 ms; decode 198 tok / 104 passes in 8.0 s: 24.7 tok/s, 40.5 ms/tok, 77 ms/pass, 1.90 tok/pass, accept p1 91 %
2026-09-22 12:19:15.032 INFO  sched: request 'chatcmpl-1062cbf6a2895cfc' prefix cache miss — 1 cut(s) probed against 23 entries; the nearest entry (position 756) shares the first 3 of the prompt's 73 tokens (the prompt differs from it from that token on)
2026-09-22 12:19:15.032 INFO  sched: request 'chatcmpl-1062cbf6a2895cfc' admitted to slot 0 (reserve 34 blocks; pool 234/4096 blocks in use) — first token 1206
2026-09-22 12:19:22.443 INFO  stats: rank 1 | 10.0 s | decode 95.2 tok/s, 9.6 ms/tok, 73.3 ms/step (125 steps / 953 tok, 92 % of wall) | mtp 1.92 tok/step/req, accept p1 92 % | prefill 3 prompts / 259 tok, 26 tok/s, 2.85 ms/tok, 246 ms avg (7 % of wall), 0 tok cached (0/3 hits) | live 4, queued 0 | pool 226/4096 blocks (6 %) | prefix cache 23/27 entries
2026-09-22 12:19:24.709 INFO  sched: request 'chatcmpl-1062cbf6a2895cfa' retired (eos): 289 tok in 11.5 s — prefill 89 tok (0 cached) in 249 ms; decode 288 tok / 148 passes in 11.2 s: 25.6 tok/s, 39.1 ms/tok, 76 ms/pass, 1.95 tok/pass, accept p1 95 %
2026-09-22 12:19:25.050 INFO  sched: request 'chatcmpl-1062cbf6a2895cfd' prefix cache miss — 1 cut(s) probed against 23 entries; the nearest entry (position 756) shares the first 3 of the prompt's 106 tokens (the prompt differs from it from that token on)
2026-09-22 12:19:25.050 INFO  sched: request 'chatcmpl-1062cbf6a2895cfd' admitted to slot 1 (reserve 34 blocks; pool 231/4096 blocks in use) — first token 8160
2026-09-22 12:19:28.964 INFO  sched: request 'chatcmpl-1062cbf6a2895cfb' retired (eos): 381 tok in 15.1 s — prefill 97 tok (0 cached) in 252 ms; decode 380 tok / 196 passes in 14.9 s: 25.5 tok/s, 39.2 ms/tok, 76 ms/pass, 1.94 tok/pass, accept p1 94 %
2026-09-22 12:19:29.311 INFO  sched: request 'chatcmpl-1062cbf6a2895cfe' prefix cache miss — 1 cut(s) probed against 23 entries; the nearest entry (position 584) shares the first 5 of the prompt's 153 tokens (the prompt differs from it from that token on)
2026-09-22 12:19:29.312 INFO  sched: request 'chatcmpl-1062cbf6a2895cfe' admitted to slot 3 (reserve 35 blocks; pool 234/4096 blocks in use) — first token 1206
2026-09-22 12:19:30.221 INFO  sched: request 'chatcmpl-1062cbf6a2895cfc' retired (eos): 383 tok in 15.2 s — prefill 73 tok (0 cached) in 238 ms; decode 382 tok / 196 passes in 15.0 s: 25.5 tok/s, 39.1 ms/tok, 76 ms/pass, 1.95 tok/pass, accept p1 95 %
2026-09-22 12:19:30.542 INFO  sched: request 'chatcmpl-1062cbf6a2895cff' prefix cache miss — 1 cut(s) probed against 23 entries; the nearest entry (position 756) shares the first 3 of the prompt's 85 tokens (the prompt differs from it from that token on)
2026-09-22 12:19:30.542 INFO  sched: request 'chatcmpl-1062cbf6a2895cff' admitted to slot 0 (reserve 34 blocks; pool 237/4096 blocks in use) — first token 1206
2026-09-22 12:19:32.449 INFO  stats: rank 1 | 10.0 s | decode 96.0 tok/s, 9.5 ms/tok, 74.0 ms/step (123 steps / 961 tok, 91 % of wall) | mtp 1.97 tok/step/req, accept p1 96 % | prefill 3 prompts / 344 tok, 34 tok/s, 2.30 ms/tok, 264 ms avg (8 % of wall), 0 tok cached (0/3 hits) | live 4, queued 0 | pool 234/4096 blocks (6 %) | prefix cache 23/27 entries
2026-09-22 12:19:35.224 INFO  sched: request 'chatcmpl-1062cbf6a2895cfd' retired (eos): 248 tok in 10.2 s — prefill 106 tok (0 cached) in 262 ms; decode 247 tok / 129 passes in 9.9 s: 24.9 tok/s, 40.1 ms/tok, 77 ms/pass, 1.91 tok/pass, accept p1 91 %
2026-09-22 12:19:35.592 INFO  sched: request 'chatcmpl-1062cbf6a2895d00' prefix cache miss — 2 cut(s) probed against 23 entries; the nearest entry (position 756) shares the first 3 of the prompt's 71 tokens (the prompt differs from it from that token on)
2026-09-22 12:19:35.592 INFO  sched: request 'chatcmpl-1062cbf6a2895d00' admitted to slot 1 (reserve 34 blocks; pool 238/4096 blocks in use) — first token 8160
2026-09-22 12:19:38.223 INFO  sched: request 'chatcmpl-1062cbf6a2895cff' retired (eos): 197 tok in 7.7 s — prefill 85 tok (0 cached) in 245 ms; decode 196 tok / 99 passes in 7.4 s: 26.4 tok/s, 37.9 ms/tok, 75 ms/pass, 1.98 tok/pass, accept p1 99 %
2026-09-22 12:19:38.568 INFO  sched: request 'chatcmpl-1062cbf6a2895d01' prefix cache miss — 1 cut(s) probed against 23 entries; the nearest entry (position 756) shares the first 3 of the prompt's 121 tokens (the prompt differs from it from that token on)
2026-09-22 12:19:38.568 INFO  sched: request 'chatcmpl-1062cbf6a2895d01' admitted to slot 0 (reserve 34 blocks; pool 236/4096 blocks in use) — first token 1206
2026-09-22 12:19:39.545 INFO  sched: request 'chatcmpl-1062cbf6a2895cf8' retired (eos): 862 tok in 35.5 s — prefill 119 tok (0 cached) in 314 ms; decode 861 tok / 444 passes in 35.2 s: 24.5 tok/s, 40.9 ms/tok, 79 ms/pass, 1.94 tok/pass, accept p1 94 %
2026-09-22 12:19:39.920 INFO  sched: request 'chatcmpl-1062cbf6a2895d02' prefix cache miss — 2 cut(s) probed against 23 entries; the nearest entry (position 368) shares the first 4 of the prompt's 99 tokens (the prompt differs from it from that token on)
2026-09-22 12:19:39.920 INFO  sched: request 'chatcmpl-1062cbf6a2895d02' admitted to slot 2 (reserve 34 blocks; pool 242/4096 blocks in use) — first token 1206
2026-09-22 12:19:42.512 INFO  stats: rank 1 | 10.1 s | decode 94.6 tok/s, 9.5 ms/tok, 73.8 ms/step (123 steps / 952 tok, 90 % of wall) | mtp 1.95 tok/step/req, accept p1 94 % | prefill 3 prompts / 291 tok, 29 tok/s, 2.98 ms/tok, 289 ms avg (9 % of wall), 0 tok cached (0/3 hits) | live 4, queued 0 | pool 235/4096 blocks (6 %) | prefix cache 23/27 entries
2026-09-22 12:19:43.633 INFO  sched: request 'chatcmpl-1062cbf6a2895d00' retired (eos): 196 tok in 8.0 s — prefill 71 tok (0 cached) in 294 ms; decode 195 tok / 100 passes in 7.7 s: 25.2 tok/s, 39.7 ms/tok, 77 ms/pass, 1.95 tok/pass, accept p1 96 %
2026-09-22 12:19:43.964 INFO  sched: request 'chatcmpl-1062cbf6a2895d03' prefix cache miss — 1 cut(s) probed against 23 entries; the nearest entry (position 980) shares the first 3 of the prompt's 90 tokens (the prompt differs from it from that token on)
2026-09-22 12:19:43.964 INFO  sched: request 'chatcmpl-1062cbf6a2895d03' admitted to slot 1 (reserve 34 blocks; pool 239/4096 blocks in use) — first token 8160
2026-09-22 12:19:45.083 INFO  sched: request 'chatcmpl-1062cbf6a2895cfe' retired (eos): 368 tok in 15.8 s — prefill 153 tok (0 cached) in 285 ms; decode 367 tok / 193 passes in 15.5 s: 23.7 tok/s, 42.2 ms/tok, 80 ms/pass, 1.90 tok/pass, accept p1 90 %
2026-09-22 12:19:45.390 INFO  sched: request 'chatcmpl-1062cbf6a2895d04' prefix cache miss — 1 cut(s) probed against 23 entries; the nearest entry (position 980) shares the first 3 of the prompt's 70 tokens (the prompt differs from it from that token on)
2026-09-22 12:19:45.390 INFO  sched: request 'chatcmpl-1062cbf6a2895d04' admitted to slot 3 (reserve 34 blocks; pool 243/4096 blocks in use) — first token 1206
2026-09-22 12:19:51.832 INFO  sched: request 'chatcmpl-1062cbf6a2895d03' retired (eos): 198 tok in 7.9 s — prefill 90 tok (0 cached) in 256 ms; decode 197 tok / 103 passes in 7.6 s: 25.9 tok/s, 38.6 ms/tok, 74 ms/pass, 1.91 tok/pass, accept p1 91 %
2026-09-22 12:19:52.161 INFO  sched: request 'chatcmpl-1062cbf6a2895d05' prefix cache miss — 1 cut(s) probed against 23 entries; the nearest entry (position 980) shares the first 3 of the prompt's 94 tokens (the prompt differs from it from that token on)
2026-09-22 12:19:52.161 INFO  sched: request 'chatcmpl-1062cbf6a2895d05' admitted to slot 1 (reserve 34 blocks; pool 239/4096 blocks in use) — first token 1206
2026-09-22 12:19:52.536 INFO  stats: rank 1 | 10.0 s | decode 97.0 tok/s, 9.4 ms/tok, 73.2 ms/step (125 steps / 972 tok, 91 % of wall) | mtp 1.96 tok/step/req, accept p1 95 % | prefill 3 prompts / 254 tok, 25 tok/s, 2.97 ms/tok, 251 ms avg (8 % of wall), 0 tok cached (0/3 hits) | live 4, queued 0 | pool 235/4096 blocks (6 %) | prefix cache 23/27 entries
2026-09-22 12:19:55.241 INFO  sched: request 'chatcmpl-1062cbf6a2895d04' retired (eos): 254 tok in 9.9 s — prefill 70 tok (0 cached) in 243 ms; decode 253 tok / 129 passes in 9.6 s: 26.3 tok/s, 38.0 ms/tok, 74 ms/pass, 1.96 tok/pass, accept p1 96 %
2026-09-22 12:19:55.547 INFO  sched: request 'chatcmpl-1062cbf6a2895d06' prefix cache miss — 1 cut(s) probed against 23 entries; the nearest entry (position 980) shares the first 3 of the prompt's 82 tokens (the prompt differs from it from that token on)
2026-09-22 12:19:55.547 INFO  sched: request 'chatcmpl-1062cbf6a2895d06' admitted to slot 3 (reserve 34 blocks; pool 239/4096 blocks in use) — first token 8160
2026-09-22 12:19:57.642 INFO  sched: request 'chatcmpl-1062cbf6a2895d01' retired (eos): 470 tok in 19.1 s — prefill 121 tok (0 cached) in 272 ms; decode 469 tok / 239 passes in 18.8 s: 24.9 tok/s, 40.1 ms/tok, 79 ms/pass, 1.96 tok/pass, accept p1 96 %
2026-09-22 12:19:57.999 INFO  sched: request 'chatcmpl-1062cbf6a2895d07' prefix cache miss — 2 cut(s) probed against 23 entries; the nearest entry (position 980) shares the first 3 of the prompt's 64 tokens (the prompt differs from it from that token on)
2026-09-22 12:19:57.999 INFO  sched: request 'chatcmpl-1062cbf6a2895d07' admitted to slot 0 (reserve 33 blocks; pool 236/4096 blocks in use) — first token 1206
2026-09-22 12:19:58.525 INFO  sched: request 'chatcmpl-1062cbf6a2895d02' retired (eos): 455 tok in 18.6 s — prefill 99 tok (0 cached) in 302 ms; decode 454 tok / 233 passes in 18.3 s: 24.8 tok/s, 40.3 ms/tok, 79 ms/pass, 1.95 tok/pass, accept p1 95 %
2026-09-22 12:19:58.848 INFO  sched: request 'chatcmpl-1062cbf6a2895d08' prefix cache miss — 1 cut(s) probed against 23 entries; the nearest entry (position 980) shares the first 3 of the prompt's 82 tokens (the prompt differs from it from that token on)
2026-09-22 12:19:58.848 INFO  sched: request 'chatcmpl-1062cbf6a2895d08' admitted to slot 2 (reserve 34 blocks; pool 241/4096 blocks in use) — first token 8160
2026-09-22 12:20:02.542 INFO  stats: rank 1 | 10.0 s | decode 96.2 tok/s, 9.5 ms/tok, 73.5 ms/step (124 steps / 963 tok, 91 % of wall) | mtp 1.95 tok/step/req, accept p1 95 % | prefill 3 prompts / 228 tok, 23 tok/s, 3.39 ms/tok, 258 ms avg (8 % of wall), 0 tok cached (0/3 hits) | live 4, queued 0 | pool 236/4096 blocks (6 %) | prefix cache 23/27 entries
2026-09-22 12:20:02.695 INFO  sched: request 'chatcmpl-1062cbf6a2895d05' retired (eos): 257 tok in 10.5 s — prefill 94 tok (0 cached) in 255 ms; decode 256 tok / 131 passes in 10.3 s: 24.9 tok/s, 40.1 ms/tok, 78 ms/pass, 1.95 tok/pass, accept p1 96 %
2026-09-22 12:20:03.061 INFO  sched: request 'chatcmpl-1062cbf6a2895d09' prefix cache miss — 2 cut(s) probed against 23 entries; the nearest entry (position 980) shares the first 3 of the prompt's 80 tokens (the prompt differs from it from that token on)
2026-09-22 12:20:03.061 INFO  sched: request 'chatcmpl-1062cbf6a2895d09' admitted to slot 1 (reserve 34 blocks; pool 240/4096 blocks in use) — first token 8160
2026-09-22 12:20:06.482 INFO  sched: request 'chatcmpl-1062cbf6a2895d08' retired (eos): 187 tok in 7.6 s — prefill 82 tok (0 cached) in 248 ms; decode 186 tok / 99 passes in 7.4 s: 25.2 tok/s, 39.7 ms/tok, 75 ms/pass, 1.88 tok/pass, accept p1 88 %
2026-09-22 12:20:06.871 INFO  sched: request 'chatcmpl-1062cbf6a2895d0a' prefix cache miss — 2 cut(s) probed against 23 entries; the nearest entry (position 980) shares the first 3 of the prompt's 111 tokens (the prompt differs from it from that token on)
2026-09-22 12:20:06.871 INFO  sched: request 'chatcmpl-1062cbf6a2895d0a' admitted to slot 2 (reserve 34 blocks; pool 238/4096 blocks in use) — first token 1206
2026-09-22 12:20:07.323 INFO  sched: request 'chatcmpl-1062cbf6a2895d06' retired (eos): 280 tok in 11.8 s — prefill 82 tok (0 cached) in 243 ms; decode 279 tok / 143 passes in 11.5 s: 24.2 tok/s, 41.3 ms/tok, 81 ms/pass, 1.95 tok/pass, accept p1 95 %
2026-09-22 12:20:07.640 INFO  sched: request 'chatcmpl-1062cbf6a2895d0b' prefix cache miss — 1 cut(s) probed against 23 entries; the nearest entry (position 980) shares the first 3 of the prompt's 109 tokens (the prompt differs from it from that token on)
2026-09-22 12:20:07.640 INFO  sched: request 'chatcmpl-1062cbf6a2895d0b' admitted to slot 3 (reserve 34 blocks; pool 236/4096 blocks in use) — first token 8160
2026-09-22 12:20:08.830 INFO  sched: request 'chatcmpl-1062cbf6a2895d07' retired (eos): 258 tok in 10.8 s — prefill 64 tok (0 cached) in 282 ms; decode 257 tok / 131 passes in 10.5 s: 24.4 tok/s, 41.0 ms/tok, 81 ms/pass, 1.96 tok/pass, accept p1 96 %
2026-09-22 12:20:09.146 INFO  sched: request 'chatcmpl-1062cbf6a2895d0c' prefix cache miss — 1 cut(s) probed against 23 entries; the nearest entry (position 980) shares the first 3 of the prompt's 82 tokens (the prompt differs from it from that token on)
2026-09-22 12:20:09.146 INFO  sched: request 'chatcmpl-1062cbf6a2895d0c' admitted to slot 0 (reserve 34 blocks; pool 237/4096 blocks in use) — first token 1206
2026-09-22 12:20:09.965 INFO  sched: request 'chatcmpl-1062cbf6a2895d09' retired (eos): 159 tok in 6.9 s — prefill 80 tok (0 cached) in 292 ms; decode 158 tok / 82 passes in 6.6 s: 23.9 tok/s, 41.8 ms/tok, 81 ms/pass, 1.93 tok/pass, accept p1 94 %
2026-09-22 12:20:10.337 INFO  sched: request 'chatcmpl-1062cbf6a2895d0d' prefix cache miss — 2 cut(s) probed against 23 entries; the nearest entry (position 980) shares the first 3 of the prompt's 75 tokens (the prompt differs from it from that token on)
2026-09-22 12:20:10.337 INFO  sched: request 'chatcmpl-1062cbf6a2895d0d' admitted to slot 1 (reserve 34 blocks; pool 236/4096 blocks in use) — first token 1206
2026-09-22 12:20:12.561 INFO  stats: rank 1 | 10.0 s | decode 89.2 tok/s, 9.5 ms/tok, 73.2 ms/step (116 steps / 894 tok, 85 % of wall) | mtp 1.95 tok/step/req, accept p1 94 % | prefill 5 prompts / 457 tok, 46 tok/s, 3.06 ms/tok, 280 ms avg (14 % of wall), 0 tok cached (0/5 hits) | live 4, queued 0 | pool 221/4096 blocks (5 %) | prefix cache 23/27 entries
2026-09-22 12:20:22.032 INFO  sched: request 'chatcmpl-1062cbf6a2895d0d' retired (eos): 307 tok in 11.7 s — prefill 75 tok (0 cached) in 297 ms; decode 306 tok / 156 passes in 11.4 s: 26.8 tok/s, 37.2 ms/tok, 73 ms/pass, 1.96 tok/pass, accept p1 96 %
2026-09-22 12:20:22.400 INFO  sched: request 'chatcmpl-1062cbf6a2895d0e' prefix cache miss — 2 cut(s) probed against 23 entries; the nearest entry (position 236) shares the first 6 of the prompt's 76 tokens (the prompt differs from it from that token on)
2026-09-22 12:20:22.400 INFO  sched: request 'chatcmpl-1062cbf6a2895d0e' admitted to slot 1 (reserve 34 blocks; pool 226/4096 blocks in use) — first token 9764
2026-09-22 12:20:22.624 INFO  stats: rank 1 | 10.1 s | decode 100.5 tok/s, 9.6 ms/tok, 74.3 ms/step (130 steps / 1011 tok, 96 % of wall) | mtp 1.95 tok/step/req, accept p1 95 % | prefill 1 prompt / 76 tok, 8 tok/s, 3.85 ms/tok, 293 ms avg (3 % of wall), 0 tok cached (0/1 hit) | live 4, queued 0 | pool 222/4096 blocks (5 %) | prefix cache 23/27 entries
2026-09-22 12:20:23.455 INFO  sched: request 'chatcmpl-1062cbf6a2895d0a' retired (eos): 410 tok in 16.6 s — prefill 111 tok (0 cached) in 312 ms; decode 409 tok / 207 passes in 16.3 s: 25.1 tok/s, 39.8 ms/tok, 79 ms/pass, 1.98 tok/pass, accept p1 98 %
2026-09-22 12:20:23.771 INFO  sched: request 'chatcmpl-1062cbf6a2895d0f' prefix cache miss — 1 cut(s) probed against 23 entries; the nearest entry (position 588) shares the first 3 of the prompt's 82 tokens (the prompt differs from it from that token on)
2026-09-22 12:20:23.771 INFO  sched: request 'chatcmpl-1062cbf6a2895d0f' admitted to slot 2 (reserve 34 blocks; pool 230/4096 blocks in use) — first token 1206
2026-09-22 12:20:25.130 INFO  sched: request 'chatcmpl-1062cbf6a2895d0b' retired (eos): 431 tok in 17.5 s — prefill 109 tok (0 cached) in 255 ms; decode 430 tok / 219 passes in 17.2 s: 24.9 tok/s, 40.1 ms/tok, 79 ms/pass, 1.96 tok/pass, accept p1 97 %
2026-09-22 12:20:25.440 INFO  sched: request 'chatcmpl-1062cbf6a2895d10' prefix cache miss — 1 cut(s) probed against 23 entries; the nearest entry (position 588) shares the first 3 of the prompt's 93 tokens (the prompt differs from it from that token on)
2026-09-22 12:20:25.440 INFO  sched: request 'chatcmpl-1062cbf6a2895d10' admitted to slot 3 (reserve 34 blocks; pool 230/4096 blocks in use) — first token 1206
2026-09-22 12:20:31.113 INFO  sched: request 'chatcmpl-1062cbf6a2895d0f' retired (eos): 186 tok in 7.3 s — prefill 82 tok (0 cached) in 240 ms; decode 185 tok / 95 passes in 7.1 s: 26.0 tok/s, 38.4 ms/tok, 75 ms/pass, 1.95 tok/pass, accept p1 96 %
2026-09-22 12:20:31.487 INFO  sched: request 'chatcmpl-1062cbf6a2895d11' prefix cache miss — 1 cut(s) probed against 23 entries; the nearest entry (position 588) shares the first 3 of the prompt's 169 tokens (the prompt differs from it from that token on)
2026-09-22 12:20:31.487 INFO  sched: request 'chatcmpl-1062cbf6a2895d11' admitted to slot 2 (reserve 35 blocks; pool 231/4096 blocks in use) — first token 1206
2026-09-22 12:20:32.677 INFO  stats: rank 1 | 10.1 s | decode 93.7 tok/s, 9.7 ms/tok, 73.8 ms/step (124 steps / 942 tok, 91 % of wall) | mtp 1.91 tok/step/req, accept p1 91 % | prefill 3 prompts / 344 tok, 34 tok/s, 2.29 ms/tok, 263 ms avg (8 % of wall), 0 tok cached (0/3 hits) | live 4, queued 0 | pool 225/4096 blocks (5 %) | prefix cache 23/27 entries
2026-09-22 12:20:39.072 INFO  sched: request 'chatcmpl-1062cbf6a2895d10' retired (eos): 343 tok in 13.6 s — prefill 93 tok (0 cached) in 249 ms; decode 342 tok / 178 passes in 13.4 s: 25.6 tok/s, 39.1 ms/tok, 75 ms/pass, 1.92 tok/pass, accept p1 93 %
2026-09-22 12:20:39.429 INFO  sched: request 'chatcmpl-1062cbf6a2895d12' prefix cache miss — 2 cut(s) probed against 23 entries; the nearest entry (position 432) shares the first 4 of the prompt's 84 tokens (the prompt differs from it from that token on)
2026-09-22 12:20:39.429 INFO  sched: request 'chatcmpl-1062cbf6a2895d12' admitted to slot 3 (reserve 34 blocks; pool 233/4096 blocks in use) — first token 8160
2026-09-22 12:20:42.721 INFO  stats: rank 1 | 10.0 s | decode 100.0 tok/s, 9.6 ms/tok, 74.2 ms/step (130 steps / 1004 tok, 96 % of wall) | mtp 1.93 tok/step/req, accept p1 93 % | prefill 1 prompt / 84 tok, 8 tok/s, 3.47 ms/tok, 292 ms avg (3 % of wall), 0 tok cached (0/1 hit) | live 4, queued 0 | pool 223/4096 blocks (5 %) | prefix cache 23/27 entries
2026-09-22 12:20:43.324 INFO  sched: request 'chatcmpl-1062cbf6a2895d11' retired (eos): 292 tok in 11.8 s — prefill 169 tok (0 cached) in 299 ms; decode 291 tok / 154 passes in 11.5 s: 25.2 tok/s, 39.6 ms/tok, 75 ms/pass, 1.89 tok/pass, accept p1 89 %
2026-09-22 12:20:43.673 INFO  sched: request 'chatcmpl-1062cbf6a2895d13' prefix cache miss — 1 cut(s) probed against 23 entries; the nearest entry (position 552) shares the first 3 of the prompt's 118 tokens (the prompt differs from it from that token on)
2026-09-22 12:20:43.673 INFO  sched: request 'chatcmpl-1062cbf6a2895d13' admitted to slot 2 (reserve 34 blocks; pool 230/4096 blocks in use) — first token 1206
2026-09-22 12:20:44.350 INFO  sched: request 'chatcmpl-1062cbf6a2895d0e' retired (eos): 540 tok in 21.9 s — prefill 76 tok (0 cached) in 293 ms; decode 539 tok / 275 passes in 21.7 s: 24.9 tok/s, 40.2 ms/tok, 79 ms/pass, 1.96 tok/pass, accept p1 96 %
2026-09-22 12:20:44.715 INFO  sched: request 'chatcmpl-1062cbf6a2895d14' prefix cache miss — 1 cut(s) probed against 23 entries; the nearest entry (position 612) shares the first 3 of the prompt's 161 tokens (the prompt differs from it from that token on)
2026-09-22 12:20:44.715 INFO  sched: request 'chatcmpl-1062cbf6a2895d14' admitted to slot 1 (reserve 35 blocks; pool 232/4096 blocks in use) — first token 8160
2026-09-22 12:20:49.133 INFO  sched: request 'chatcmpl-1062cbf6a2895d12' retired (eos): 238 tok in 9.7 s — prefill 84 tok (0 cached) in 292 ms; decode 237 tok / 122 passes in 9.4 s: 25.2 tok/s, 39.7 ms/tok, 77 ms/pass, 1.94 tok/pass, accept p1 95 %
2026-09-22 12:20:49.502 INFO  sched: request 'chatcmpl-1062cbf6a2895d15' prefix cache miss — 2 cut(s) probed against 23 entries; the nearest entry (position 612) shares the first 3 of the prompt's 103 tokens (the prompt differs from it from that token on)
2026-09-22 12:20:49.502 INFO  sched: request 'chatcmpl-1062cbf6a2895d15' admitted to slot 3 (reserve 34 blocks; pool 231/4096 blocks in use) — first token 1206
2026-09-22 12:20:52.795 INFO  stats: rank 1 | 10.1 s | decode 93.5 tok/s, 9.6 ms/tok, 73.8 ms/step (123 steps / 942 tok, 90 % of wall) | mtp 1.93 tok/step/req, accept p1 92 % | prefill 3 prompts / 382 tok, 38 tok/s, 2.28 ms/tok, 290 ms avg (9 % of wall), 0 tok cached (0/3 hits) | live 4, queued 0 | pool 227/4096 blocks (6 %) | prefix cache 23/27 entries
2026-09-22 12:20:57.087 INFO  sched: request 'chatcmpl-1062cbf6a2895d15' retired (eos): 199 tok in 7.6 s — prefill 103 tok (0 cached) in 307 ms; decode 198 tok / 101 passes in 7.3 s: 27.2 tok/s, 36.8 ms/tok, 72 ms/pass, 1.96 tok/pass, accept p1 96 %
2026-09-22 12:20:57.391 INFO  sched: request 'chatcmpl-1062cbf6a2895d16' prefix cache miss — 1 cut(s) probed against 23 entries; the nearest entry (position 612) shares the first 3 of the prompt's 77 tokens (the prompt differs from it from that token on)
2026-09-22 12:20:57.391 INFO  sched: request 'chatcmpl-1062cbf6a2895d16' admitted to slot 3 (reserve 34 blocks; pool 231/4096 blocks in use) — first token 8160
2026-09-22 12:21:02.838 INFO  stats: rank 1 | 10.0 s | decode 98.5 tok/s, 9.8 ms/tok, 74.6 ms/step (130 steps / 989 tok, 97 % of wall) | mtp 1.91 tok/step/req, accept p1 90 % | prefill 1 prompt / 77 tok, 8 tok/s, 3.10 ms/tok, 239 ms avg (2 % of wall), 0 tok cached (0/1 hit) | live 4, queued 0 | pool 226/4096 blocks (6 %) | prefix cache 23/27 entries
2026-09-22 12:21:09.364 INFO  sched: request 'chatcmpl-1062cbf6a2895d16' retired (eos): 311 tok in 12.0 s — prefill 77 tok (0 cached) in 239 ms; decode 310 tok / 158 passes in 11.7 s: 26.4 tok/s, 37.9 ms/tok, 74 ms/pass, 1.96 tok/pass, accept p1 96 %
2026-09-22 12:21:09.701 INFO  sched: request 'chatcmpl-1062cbf6a2895d17' prefix cache miss — 1 cut(s) probed against 23 entries; the nearest entry (position 612) shares the first 3 of the prompt's 129 tokens (the prompt differs from it from that token on)
2026-09-22 12:21:09.701 INFO  sched: request 'chatcmpl-1062cbf6a2895d17' admitted to slot 3 (reserve 35 blocks; pool 232/4096 blocks in use) — first token 1206
2026-09-22 12:21:10.235 INFO  sched: request 'chatcmpl-1062cbf6a2895d14' retired (eos): 638 tok in 25.5 s — prefill 161 tok (0 cached) in 291 ms; decode 637 tok / 328 passes in 25.2 s: 25.2 tok/s, 39.6 ms/tok, 77 ms/pass, 1.94 tok/pass, accept p1 94 %
2026-09-22 12:21:10.645 INFO  sched: request 'chatcmpl-1062cbf6a2895d18' prefix cache miss — 2 cut(s) probed against 23 entries; the nearest entry (position 796) shares the first 3 of the prompt's 127 tokens (the prompt differs from it from that token on)
2026-09-22 12:21:10.645 INFO  sched: request 'chatcmpl-1062cbf6a2895d18' admitted to slot 1 (reserve 34 blocks; pool 238/4096 blocks in use) — first token 1206
2026-09-22 12:21:12.899 INFO  stats: rank 1 | 10.1 s | decode 94.8 tok/s, 9.8 ms/tok, 74.7 ms/step (125 steps / 954 tok, 93 % of wall) | mtp 1.92 tok/step/req, accept p1 91 % | prefill 2 prompts / 256 tok, 25 tok/s, 2.37 ms/tok, 303 ms avg (6 % of wall), 0 tok cached (0/2 hits) | live 4, queued 0 | pool 236/4096 blocks (6 %) | prefix cache 23/27 entries
2026-09-22 12:21:14.560 INFO  sched: request 'chatcmpl-1062cbf6a2895d0c' retired (eos): 1557 tok in 65.4 s — prefill 82 tok (0 cached) in 242 ms; decode 1556 tok / 826 passes in 65.2 s: 23.9 tok/s, 41.9 ms/tok, 79 ms/pass, 1.88 tok/pass, accept p1 88 %
2026-09-22 12:21:14.872 INFO  sched: request 'chatcmpl-1062cbf6a2895d19' prefix cache miss — 1 cut(s) probed against 23 entries; the nearest entry (position 1636) shares the first 3 of the prompt's 77 tokens (the prompt differs from it from that token on)
2026-09-22 12:21:14.872 INFO  sched: request 'chatcmpl-1062cbf6a2895d19' admitted to slot 0 (reserve 34 blocks; pool 261/4096 blocks in use) — first token 1206
2026-09-22 12:21:21.695 INFO  sched: request 'chatcmpl-1062cbf6a2895d13' retired (eos): 908 tok in 38.0 s — prefill 118 tok (0 cached) in 272 ms; decode 907 tok / 483 passes in 37.7 s: 24.0 tok/s, 41.6 ms/tok, 78 ms/pass, 1.88 tok/pass, accept p1 88 %
2026-09-22 12:21:22.094 INFO  sched: request 'chatcmpl-1062cbf6a2895d1a' prefix cache miss — 2 cut(s) probed against 23 entries; the nearest entry (position 1636) shares the first 3 of the prompt's 139 tokens (the prompt differs from it from that token on)
2026-09-22 12:21:22.094 INFO  sched: request 'chatcmpl-1062cbf6a2895d1a' admitted to slot 2 (reserve 35 blocks; pool 272/4096 blocks in use) — first token 1206
2026-09-22 12:21:22.927 INFO  sched: request 'chatcmpl-1062cbf6a2895d19' retired (eos): 200 tok in 8.1 s — prefill 77 tok (0 cached) in 236 ms; decode 199 tok / 103 passes in 7.8 s: 25.5 tok/s, 39.3 ms/tok, 76 ms/pass, 1.93 tok/pass, accept p1 93 %
2026-09-22 12:21:22.927 INFO  stats: rank 1 | 10.0 s | decode 98.1 tok/s, 9.5 ms/tok, 74.3 ms/step (126 steps / 984 tok, 93 % of wall) | mtp 1.96 tok/step/req, accept p1 96 % | prefill 2 prompts / 216 tok, 22 tok/s, 2.59 ms/tok, 280 ms avg (6 % of wall), 0 tok cached (0/2 hits) | live 3, queued 0 | pool 233/4096 blocks (6 %) | prefix cache 24/27 entries
2026-09-22 12:21:23.310 INFO  sched: request 'chatcmpl-1062cbf6a2895d1b' prefix cache miss — 2 cut(s) probed against 23 entries; the nearest entry (position 1636) shares the first 3 of the prompt's 107 tokens (the prompt differs from it from that token on)
2026-09-22 12:21:23.310 INFO  sched: request 'chatcmpl-1062cbf6a2895d1b' admitted to slot 0 (reserve 34 blocks; pool 267/4096 blocks in use) — first token 1206
2026-09-22 12:21:30.088 INFO  sched: request 'chatcmpl-1062cbf6a2895d18' retired (eos): 489 tok in 19.4 s — prefill 127 tok (0 cached) in 335 ms; decode 488 tok / 248 passes in 19.1 s: 25.5 tok/s, 39.2 ms/tok, 77 ms/pass, 1.97 tok/pass, accept p1 97 %
2026-09-22 12:21:30.425 INFO  sched: request 'chatcmpl-1062cbf6a2895d1c' prefix cache miss — 1 cut(s) probed against 23 entries; the nearest entry (position 1636) shares the first 3 of the prompt's 109 tokens (the prompt differs from it from that token on)
2026-09-22 12:21:30.425 INFO  sched: request 'chatcmpl-1062cbf6a2895d1c' admitted to slot 1 (reserve 34 blocks; pool 269/4096 blocks in use) — first token 1206
2026-09-22 12:21:30.650 INFO  sched: request 'chatcmpl-1062cbf6a2895d17' retired (eos): 511 tok in 20.9 s — prefill 129 tok (0 cached) in 271 ms; decode 510 tok / 260 passes in 20.7 s: 24.7 tok/s, 40.5 ms/tok, 80 ms/pass, 1.96 tok/pass, accept p1 96 %
2026-09-22 12:21:30.978 INFO  sched: request 'chatcmpl-1062cbf6a2895d1d' prefix cache miss — 1 cut(s) probed against 23 entries; the nearest entry (position 1636) shares the first 3 of the prompt's 110 tokens (the prompt differs from it from that token on)
2026-09-22 12:21:30.978 INFO  sched: request 'chatcmpl-1062cbf6a2895d1d' admitted to slot 3 (reserve 34 blocks; pool 273/4096 blocks in use) — first token 1206
2026-09-22 12:21:32.977 INFO  stats: rank 1 | 10.0 s | decode 95.0 tok/s, 9.5 ms/tok, 73.5 ms/step (124 steps / 955 tok, 91 % of wall) | mtp 1.94 tok/step/req, accept p1 93 % | prefill 3 prompts / 326 tok, 32 tok/s, 2.55 ms/tok, 277 ms avg (8 % of wall), 0 tok cached (0/3 hits) | live 4, queued 0 | pool 267/4096 blocks (7 %) | prefix cache 23/27 entries
2026-09-22 12:21:39.540 INFO  sched: request 'chatcmpl-1062cbf6a2895d1d' retired (eos): 220 tok in 8.6 s — prefill 110 tok (0 cached) in 263 ms; decode 219 tok / 115 passes in 8.3 s: 26.4 tok/s, 37.9 ms/tok, 72 ms/pass, 1.90 tok/pass, accept p1 90 %
2026-09-22 12:21:39.935 INFO  sched: request 'chatcmpl-1062cbf6a2895d1e' prefix cache miss — 2 cut(s) probed against 23 entries; the nearest entry (position 1636) shares the first 3 of the prompt's 139 tokens (the prompt differs from it from that token on)
2026-09-22 12:21:39.935 INFO  sched: request 'chatcmpl-1062cbf6a2895d1e' admitted to slot 3 (reserve 35 blocks; pool 273/4096 blocks in use) — first token 1206
2026-09-22 12:21:41.808 INFO  sched: request 'chatcmpl-1062cbf6a2895d1b' retired (eos): 463 tok in 18.5 s — prefill 107 tok (0 cached) in 308 ms; decode 462 tok / 237 passes in 18.2 s: 25.4 tok/s, 39.4 ms/tok, 77 ms/pass, 1.95 tok/pass, accept p1 95 %
2026-09-22 12:21:42.180 INFO  sched: request 'chatcmpl-1062cbf6a2895d1f' prefix cache miss — 2 cut(s) probed against 23 entries; the nearest entry (position 1636) shares the first 3 of the prompt's 87 tokens (the prompt differs from it from that token on)
2026-09-22 12:21:42.180 INFO  sched: request 'chatcmpl-1062cbf6a2895d1f' admitted to slot 0 (reserve 34 blocks; pool 274/4096 blocks in use) — first token 1206
2026-09-22 12:21:42.996 INFO  stats: rank 1 | 10.0 s | decode 98.3 tok/s, 9.4 ms/tok, 73.7 ms/step (126 steps / 985 tok, 93 % of wall) | mtp 1.96 tok/step/req, accept p1 96 % | prefill 2 prompts / 226 tok, 23 tok/s, 2.77 ms/tok, 313 ms avg (6 % of wall), 0 tok cached (0/2 hits) | live 4, queued 0 | pool 264/4096 blocks (6 %) | prefix cache 23/27 entries
2026-09-22 12:21:47.111 INFO  sched: request 'chatcmpl-1062cbf6a2895d1a' retired (eos): 615 tok in 25.0 s — prefill 139 tok (0 cached) in 325 ms; decode 614 tok / 316 passes in 24.7 s: 24.9 tok/s, 40.2 ms/tok, 78 ms/pass, 1.94 tok/pass, accept p1 94 %
2026-09-22 12:21:47.491 INFO  sched: request 'chatcmpl-1062cbf6a2895d20' prefix cache miss — 2 cut(s) probed against 23 entries; the nearest entry (position 1636) shares the first 3 of the prompt's 95 tokens (the prompt differs from it from that token on)
2026-09-22 12:21:47.491 INFO  sched: request 'chatcmpl-1062cbf6a2895d20' admitted to slot 2 (reserve 34 blocks; pool 275/4096 blocks in use) — first token 8160
2026-09-22 12:21:49.366 INFO  sched: request 'chatcmpl-1062cbf6a2895d1c' retired (eos): 471 tok in 18.9 s — prefill 109 tok (0 cached) in 261 ms; decode 470 tok / 238 passes in 18.7 s: 25.2 tok/s, 39.7 ms/tok, 78 ms/pass, 1.97 tok/pass, accept p1 98 %
2026-09-22 12:21:49.738 INFO  sched: request 'chatcmpl-1062cbf6a2895d21' prefix cache miss — 2 cut(s) probed against 23 entries; the nearest entry (position 1636) shares the first 3 of the prompt's 91 tokens (the prompt differs from it from that token on)
2026-09-22 12:21:49.738 INFO  sched: request 'chatcmpl-1062cbf6a2895d21' admitted to slot 1 (reserve 34 blocks; pool 279/4096 blocks in use) — first token 8160
2026-09-22 12:21:53.017 INFO  stats: rank 1 | 10.0 s | decode 97.7 tok/s, 9.5 ms/tok, 73.9 ms/step (126 steps / 979 tok, 93 % of wall) | mtp 1.95 tok/step/req, accept p1 95 % | prefill 2 prompts / 186 tok, 19 tok/s, 3.22 ms/tok, 300 ms avg (6 % of wall), 0 tok cached (0/2 hits) | live 4, queued 0 | pool 274/4096 blocks (7 %) | prefix cache 23/27 entries
2026-09-22 12:21:54.825 INFO  sched: request 'chatcmpl-1062cbf6a2895d1f' retired (eos): 314 tok in 12.6 s — prefill 87 tok (0 cached) in 297 ms; decode 313 tok / 161 passes in 12.3 s: 25.3 tok/s, 39.5 ms/tok, 77 ms/pass, 1.94 tok/pass, accept p1 94 %
2026-09-22 12:21:55.219 INFO  sched: request 'chatcmpl-1062cbf6a2895d22' prefix cache miss — 2 cut(s) probed against 23 entries; the nearest entry (position 1636) shares the first 3 of the prompt's 108 tokens (the prompt differs from it from that token on)
2026-09-22 12:21:55.219 INFO  sched: request 'chatcmpl-1062cbf6a2895d22' admitted to slot 0 (reserve 34 blocks; pool 281/4096 blocks in use) — first token 1206
2026-09-22 12:21:55.751 INFO  sched: request 'chatcmpl-1062cbf6a2895d20' retired (eos): 198 tok in 8.3 s — prefill 95 tok (0 cached) in 301 ms; decode 197 tok / 102 passes in 8.0 s: 24.8 tok/s, 40.4 ms/tok, 78 ms/pass, 1.93 tok/pass, accept p1 94 %
2026-09-22 12:21:56.065 INFO  sched: request 'chatcmpl-1062cbf6a2895d23' prefix cache miss — 1 cut(s) probed against 23 entries; the nearest entry (position 1636) shares the first 3 of the prompt's 78 tokens (the prompt differs from it from that token on)
2026-09-22 12:21:56.065 INFO  sched: request 'chatcmpl-1062cbf6a2895d23' admitted to slot 2 (reserve 34 blocks; pool 280/4096 blocks in use) — first token 1206
2026-09-22 12:21:59.141 INFO  sched: request 'chatcmpl-1062cbf6a2895d21' retired (eos): 231 tok in 9.4 s — prefill 91 tok (0 cached) in 298 ms; decode 230 tok / 118 passes in 9.1 s: 25.3 tok/s, 39.6 ms/tok, 77 ms/pass, 1.95 tok/pass, accept p1 95 %
2026-09-22 12:21:59.517 INFO  sched: request 'chatcmpl-1062cbf6a2895d24' prefix cache miss — 2 cut(s) probed against 23 entries; the nearest entry (position 1636) shares the first 5 of the prompt's 92 tokens (the prompt differs from it from that token on)
2026-09-22 12:21:59.517 INFO  sched: request 'chatcmpl-1062cbf6a2895d24' admitted to slot 1 (reserve 34 blocks; pool 272/4096 blocks in use) — first token 1206
2026-09-22 12:22:00.930 INFO  sched: request 'chatcmpl-1062cbf6a2895d1e' retired (eos): 494 tok in 21.0 s — prefill 139 tok (0 cached) in 330 ms; decode 493 tok / 257 passes in 20.7 s: 23.9 tok/s, 41.9 ms/tok, 80 ms/pass, 1.92 tok/pass, accept p1 92 %
2026-09-22 12:22:01.304 INFO  sched: request 'chatcmpl-1062cbf6a2895d25' prefix cache miss — 2 cut(s) probed against 23 entries; the nearest entry (position 1024) shares the first 3 of the prompt's 104 tokens (the prompt differs from it from that token on)
2026-09-22 12:22:01.304 INFO  sched: request 'chatcmpl-1062cbf6a2895d25' admitted to slot 3 (reserve 34 blocks; pool 254/4096 blocks in use) — first token 1206
2026-09-22 12:22:03.078 INFO  stats: rank 1 | 10.1 s | decode 90.2 tok/s, 9.7 ms/tok, 73.7 ms/step (119 steps / 907 tok, 87 % of wall) | mtp 1.92 tok/step/req, accept p1 92 % | prefill 4 prompts / 382 tok, 38 tok/s, 3.06 ms/tok, 292 ms avg (12 % of wall), 0 tok cached (0/4 hits) | live 4, queued 0 | pool 240/4096 blocks (6 %) | prefix cache 23/27 entries
2026-09-22 12:22:07.592 INFO  sched: request 'chatcmpl-1062cbf6a2895d22' retired (eos): 295 tok in 12.4 s — prefill 108 tok (0 cached) in 318 ms; decode 294 tok / 155 passes in 12.1 s: 24.4 tok/s, 41.0 ms/tok, 78 ms/pass, 1.90 tok/pass, accept p1 90 %
2026-09-22 12:22:07.957 INFO  sched: request 'chatcmpl-1062cbf6a2895d26' prefix cache miss — 1 cut(s) probed against 23 entries; the nearest entry (position 752) shares the first 3 of the prompt's 153 tokens (the prompt differs from it from that token on)
2026-09-22 12:22:07.957 INFO  sched: request 'chatcmpl-1062cbf6a2895d26' admitted to slot 0 (reserve 35 blocks; pool 247/4096 blocks in use) — first token 1206
2026-09-22 12:22:12.110 INFO  sched: request 'chatcmpl-1062cbf6a2895d24' retired (eos): 318 tok in 12.6 s — prefill 92 tok (0 cached) in 301 ms; decode 317 tok / 162 passes in 12.3 s: 25.8 tok/s, 38.8 ms/tok, 76 ms/pass, 1.96 tok/pass, accept p1 96 %
2026-09-22 12:22:12.489 INFO  sched: request 'chatcmpl-1062cbf6a2895d27' prefix cache miss — 2 cut(s) probed against 23 entries; the nearest entry (position 752) shares the first 3 of the prompt's 96 tokens (the prompt differs from it from that token on)
2026-09-22 12:22:12.489 INFO  sched: request 'chatcmpl-1062cbf6a2895d27' admitted to slot 1 (reserve 34 blocks; pool 249/4096 blocks in use) — first token 1206
2026-09-22 12:22:13.091 INFO  stats: rank 1 | 10.0 s | decode 96.8 tok/s, 9.6 ms/tok, 73.3 ms/step (127 steps / 969 tok, 93 % of wall) | mtp 1.92 tok/step/req, accept p1 91 % | prefill 2 prompts / 249 tok, 25 tok/s, 2.39 ms/tok, 297 ms avg (6 % of wall), 0 tok cached (0/2 hits) | live 4, queued 0 | pool 239/4096 blocks (6 %) | prefix cache 23/27 entries
2026-09-22 12:22:13.322 INFO  sched: request 'chatcmpl-1062cbf6a2895d23' retired (eos): 407 tok in 17.3 s — prefill 78 tok (0 cached) in 239 ms; decode 406 tok / 216 passes in 17.0 s: 23.9 tok/s, 41.9 ms/tok, 79 ms/pass, 1.88 tok/pass, accept p1 88 %
2026-09-22 12:22:13.633 INFO  sched: request 'chatcmpl-1062cbf6a2895d28' prefix cache miss — 1 cut(s) probed against 23 entries; the nearest entry (position 88) shares the first 4 of the prompt's 66 tokens (the prompt differs from it from that token on)
2026-09-22 12:22:13.633 INFO  sched: request 'chatcmpl-1062cbf6a2895d28' admitted to slot 2 (reserve 34 blocks; pool 247/4096 blocks in use) — first token 9764
2026-09-22 12:22:14.744 INFO  sched: request 'chatcmpl-1062cbf6a2895d25' retired (eos): 318 tok in 13.4 s — prefill 104 tok (0 cached) in 310 ms; decode 317 tok / 170 passes in 13.1 s: 24.1 tok/s, 41.4 ms/tok, 77 ms/pass, 1.86 tok/pass, accept p1 87 %
2026-09-22 12:22:15.091 INFO  sched: request 'chatcmpl-1062cbf6a2895d29' prefix cache miss — 2 cut(s) probed against 23 entries; the nearest entry (position 752) shares the first 3 of the prompt's 63 tokens (the prompt differs from it from that token on)
2026-09-22 12:22:15.091 INFO  sched: request 'chatcmpl-1062cbf6a2895d29' admitted to slot 3 (reserve 33 blocks; pool 243/4096 blocks in use) — first token 8160
2026-09-22 12:22:20.282 INFO  sched: request 'chatcmpl-1062cbf6a2895d26' retired (eos): 306 tok in 12.3 s — prefill 153 tok (0 cached) in 291 ms; decode 305 tok / 155 passes in 12.0 s: 25.3 tok/s, 39.5 ms/tok, 78 ms/pass, 1.97 tok/pass, accept p1 97 %
2026-09-22 12:22:20.645 INFO  sched: request 'chatcmpl-1062cbf6a2895d2a' prefix cache miss — 2 cut(s) probed against 23 entries; the nearest entry (position 752) shares the first 3 of the prompt's 67 tokens (the prompt differs from it from that token on)
2026-09-22 12:22:20.645 INFO  sched: request 'chatcmpl-1062cbf6a2895d2a' admitted to slot 0 (reserve 34 blocks; pool 244/4096 blocks in use) — first token 1206
2026-09-22 12:22:21.023 INFO  sched: request 'chatcmpl-1062cbf6a2895d29' retired (eos): 149 tok in 5.9 s — prefill 63 tok (0 cached) in 284 ms; decode 148 tok / 76 passes in 5.6 s: 26.2 tok/s, 38.2 ms/tok, 74 ms/pass, 1.95 tok/pass, accept p1 95 %
2026-09-22 12:22:21.391 INFO  sched: request 'chatcmpl-1062cbf6a2895d2b' prefix cache miss — 2 cut(s) probed against 23 entries; the nearest entry (position 752) shares the first 3 of the prompt's 91 tokens (the prompt differs from it from that token on)
2026-09-22 12:22:21.391 INFO  sched: request 'chatcmpl-1062cbf6a2895d2b' admitted to slot 3 (reserve 34 blocks; pool 240/4096 blocks in use) — first token 1206
2026-09-22 12:22:21.617 INFO  sched: request 'chatcmpl-1062cbf6a2895d27' retired (eos): 202 tok in 9.1 s — prefill 96 tok (0 cached) in 303 ms; decode 201 tok / 108 passes in 8.8 s: 22.8 tok/s, 43.9 ms/tok, 82 ms/pass, 1.86 tok/pass, accept p1 87 %
2026-09-22 12:22:21.995 INFO  sched: request 'chatcmpl-1062cbf6a2895d2c' prefix cache miss — 2 cut(s) probed against 23 entries; the nearest entry (position 632) shares the first 3 of the prompt's 92 tokens (the prompt differs from it from that token on)
2026-09-22 12:22:21.995 INFO  sched: request 'chatcmpl-1062cbf6a2895d2c' admitted to slot 1 (reserve 34 blocks; pool 232/4096 blocks in use) — first token 1206
2026-09-22 12:22:23.165 INFO  stats: rank 1 | 10.1 s | decode 89.2 tok/s, 9.5 ms/tok, 72.9 ms/step (117 steps / 899 tok, 85 % of wall) | mtp 1.94 tok/step/req, accept p1 94 % | prefill 5 prompts / 379 tok, 38 tok/s, 3.73 ms/tok, 282 ms avg (14 % of wall), 0 tok cached (0/5 hits) | live 4, queued 0 | pool 224/4096 blocks (5 %) | prefix cache 23/27 entries
2026-09-22 12:22:30.610 INFO  sched: request 'chatcmpl-1062cbf6a2895d2a' retired (eos): 242 tok in 10.0 s — prefill 67 tok (0 cached) in 287 ms; decode 241 tok / 126 passes in 9.7 s: 24.9 tok/s, 40.2 ms/tok, 77 ms/pass, 1.91 tok/pass, accept p1 92 %
2026-09-22 12:22:30.940 INFO  sched: request 'chatcmpl-1062cbf6a2895d2d' prefix cache miss — 1 cut(s) probed against 23 entries; the nearest entry (position 632) shares the first 3 of the prompt's 98 tokens (the prompt differs from it from that token on)
2026-09-22 12:22:30.940 INFO  sched: request 'chatcmpl-1062cbf6a2895d2d' admitted to slot 0 (reserve 34 blocks; pool 229/4096 blocks in use) — first token 1206
2026-09-22 12:22:31.017 INFO  sched: request 'chatcmpl-1062cbf6a2895d28' retired (eos): 424 tok in 17.4 s — prefill 66 tok (0 cached) in 237 ms; decode 423 tok / 215 passes in 17.1 s: 24.7 tok/s, 40.5 ms/tok, 80 ms/pass, 1.97 tok/pass, accept p1 97 %
2026-09-22 12:22:31.362 INFO  sched: request 'chatcmpl-1062cbf6a2895d2e' prefix cache miss — 1 cut(s) probed against 23 entries; the nearest entry (position 632) shares the first 3 of the prompt's 114 tokens (the prompt differs from it from that token on)
2026-09-22 12:22:31.362 INFO  sched: request 'chatcmpl-1062cbf6a2895d2e' admitted to slot 2 (reserve 34 blocks; pool 230/4096 blocks in use) — first token 1206
2026-09-22 12:22:33.214 INFO  stats: rank 1 | 10.0 s | decode 99.6 tok/s, 9.4 ms/tok, 73.6 ms/step (128 steps / 1001 tok, 94 % of wall) | mtp 1.96 tok/step/req, accept p1 96 % | prefill 2 prompts / 212 tok, 21 tok/s, 2.47 ms/tok, 261 ms avg (5 % of wall), 0 tok cached (0/2 hits) | live 4, queued 0 | pool 226/4096 blocks (6 %) | prefix cache 23/27 entries
2026-09-22 12:22:34.725 INFO  sched: request 'chatcmpl-1062cbf6a2895d2c' retired (eos): 326 tok in 12.7 s — prefill 92 tok (0 cached) in 302 ms; decode 325 tok / 164 passes in 12.4 s: 26.2 tok/s, 38.2 ms/tok, 76 ms/pass, 1.98 tok/pass, accept p1 98 %
2026-09-22 12:22:35.131 INFO  sched: request 'chatcmpl-1062cbf6a2895d2f' prefix cache miss — 2 cut(s) probed against 23 entries; the nearest entry (position 632) shares the first 3 of the prompt's 135 tokens (the prompt differs from it from that token on)
2026-09-22 12:22:35.131 INFO  sched: request 'chatcmpl-1062cbf6a2895d2f' admitted to slot 1 (reserve 35 blocks; pool 232/4096 blocks in use) — first token 1206
2026-09-22 12:22:37.002 INFO  sched: request 'chatcmpl-1062cbf6a2895d2b' retired (eos): 383 tok in 15.6 s — prefill 91 tok (0 cached) in 302 ms; decode 382 tok / 194 passes in 15.3 s: 25.0 tok/s, 40.1 ms/tok, 79 ms/pass, 1.97 tok/pass, accept p1 97 %
2026-09-22 12:22:37.315 INFO  sched: request 'chatcmpl-1062cbf6a2895d30' prefix cache miss — 1 cut(s) probed against 23 entries; the nearest entry (position 632) shares the first 3 of the prompt's 101 tokens (the prompt differs from it from that token on)
2026-09-22 12:22:37.315 INFO  sched: request 'chatcmpl-1062cbf6a2895d30' admitted to slot 3 (reserve 34 blocks; pool 235/4096 blocks in use) — first token 1206
2026-09-22 12:22:43.226 INFO  stats: rank 1 | 10.0 s | decode 98.6 tok/s, 9.4 ms/tok, 73.4 ms/step (127 steps / 987 tok, 93 % of wall) | mtp 1.95 tok/step/req, accept p1 95 % | prefill 2 prompts / 236 tok, 24 tok/s, 2.46 ms/tok, 290 ms avg (6 % of wall), 0 tok cached (0/2 hits) | live 4, queued 0 | pool 226/4096 blocks (6 %) | prefix cache 23/27 entries
2026-09-22 12:22:46.449 INFO  sched: request 'chatcmpl-1062cbf6a2895d2e' retired (eos): 378 tok in 15.1 s — prefill 114 tok (0 cached) in 268 ms; decode 377 tok / 195 passes in 14.8 s: 25.4 tok/s, 39.3 ms/tok, 76 ms/pass, 1.93 tok/pass, accept p1 94 %
2026-09-22 12:22:46.765 INFO  sched: request 'chatcmpl-1062cbf6a2895d31' prefix cache miss — 1 cut(s) probed against 23 entries; the nearest entry (position 408) shares the first 5 of the prompt's 81 tokens (the prompt differs from it from that token on)
2026-09-22 12:22:46.765 INFO  sched: request 'chatcmpl-1062cbf6a2895d31' admitted to slot 2 (reserve 34 blocks; pool 233/4096 blocks in use) — first token 8160
2026-09-22 12:22:47.517 INFO  sched: request 'chatcmpl-1062cbf6a2895d2f' retired (eos): 313 tok in 12.4 s — prefill 135 tok (0 cached) in 331 ms; decode 312 tok / 160 passes in 12.1 s: 25.9 tok/s, 38.6 ms/tok, 75 ms/pass, 1.95 tok/pass, accept p1 95 %
2026-09-22 12:22:47.863 INFO  sched: request 'chatcmpl-1062cbf6a2895d32' prefix cache miss — 1 cut(s) probed against 23 entries; the nearest entry (position 488) shares the first 3 of the prompt's 129 tokens (the prompt differs from it from that token on)
2026-09-22 12:22:47.863 INFO  sched: request 'chatcmpl-1062cbf6a2895d32' admitted to slot 1 (reserve 35 blocks; pool 233/4096 blocks in use) — first token 8160
2026-09-22 12:22:48.758 INFO  sched: request 'chatcmpl-1062cbf6a2895d2d' retired (eos): 439 tok in 17.8 s — prefill 98 tok (0 cached) in 255 ms; decode 438 tok / 221 passes in 17.6 s: 24.9 tok/s, 40.1 ms/tok, 79 ms/pass, 1.98 tok/pass, accept p1 98 %
2026-09-22 12:22:49.073 INFO  sched: request 'chatcmpl-1062cbf6a2895d33' prefix cache miss — 1 cut(s) probed against 23 entries; the nearest entry (position 536) shares the first 3 of the prompt's 78 tokens (the prompt differs from it from that token on)
2026-09-22 12:22:49.073 INFO  sched: request 'chatcmpl-1062cbf6a2895d33' admitted to slot 0 (reserve 34 blocks; pool 233/4096 blocks in use) — first token 8160
2026-09-22 12:22:53.287 INFO  stats: rank 1 | 10.1 s | decode 97.5 tok/s, 9.4 ms/tok, 73.6 ms/step (125 steps / 981 tok, 91 % of wall) | mtp 1.97 tok/step/req, accept p1 97 % | prefill 3 prompts / 288 tok, 29 tok/s, 2.61 ms/tok, 251 ms avg (7 % of wall), 0 tok cached (0/3 hits) | live 4, queued 0 | pool 228/4096 blocks (6 %) | prefix cache 23/27 entries
2026-09-22 12:22:55.170 INFO  sched: request 'chatcmpl-1062cbf6a2895d30' retired (eos): 449 tok in 17.9 s — prefill 101 tok (0 cached) in 250 ms; decode 448 tok / 230 passes in 17.6 s: 25.4 tok/s, 39.3 ms/tok, 77 ms/pass, 1.95 tok/pass, accept p1 95 %
2026-09-22 12:22:55.520 INFO  sched: request 'chatcmpl-1062cbf6a2895d34' prefix cache miss — 2 cut(s) probed against 23 entries; the nearest entry (position 548) shares the first 3 of the prompt's 79 tokens (the prompt differs from it from that token on)
2026-09-22 12:22:55.520 INFO  sched: request 'chatcmpl-1062cbf6a2895d34' admitted to slot 3 (reserve 34 blocks; pool 236/4096 blocks in use) — first token 1206
2026-09-22 12:22:56.857 INFO  sched: request 'chatcmpl-1062cbf6a2895d31' retired (eos): 241 tok in 10.1 s — prefill 81 tok (0 cached) in 240 ms; decode 240 tok / 125 passes in 9.9 s: 24.4 tok/s, 41.0 ms/tok, 79 ms/pass, 1.92 tok/pass, accept p1 93 %
2026-09-22 12:22:57.174 INFO  sched: request 'chatcmpl-1062cbf6a2895d35' prefix cache miss — 1 cut(s) probed against 23 entries; the nearest entry (position 548) shares the first 3 of the prompt's 85 tokens (the prompt differs from it from that token on)
2026-09-22 12:22:57.174 INFO  sched: request 'chatcmpl-1062cbf6a2895d35' admitted to slot 2 (reserve 34 blocks; pool 234/4096 blocks in use) — first token 1206
2026-09-22 12:23:00.821 INFO  sched: request 'chatcmpl-1062cbf6a2895d33' retired (eos): 299 tok in 11.7 s — prefill 78 tok (0 cached) in 242 ms; decode 298 tok / 151 passes in 11.5 s: 25.9 tok/s, 38.6 ms/tok, 76 ms/pass, 1.97 tok/pass, accept p1 98 %
2026-09-22 12:23:01.237 INFO  sched: request 'chatcmpl-1062cbf6a2895d36' prefix cache miss — 2 cut(s) probed against 23 entries; the nearest entry (position 296) shares the first 5 of the prompt's 131 tokens (the prompt differs from it from that token on)
2026-09-22 12:23:01.237 INFO  sched: request 'chatcmpl-1062cbf6a2895d36' admitted to slot 0 (reserve 35 blocks; pool 232/4096 blocks in use) — first token 1206
2026-09-22 12:23:03.319 INFO  stats: rank 1 | 10.0 s | decode 94.6 tok/s, 9.5 ms/tok, 73.5 ms/step (123 steps / 949 tok, 90 % of wall) | mtp 1.94 tok/step/req, accept p1 94 % | prefill 3 prompts / 295 tok, 29 tok/s, 2.95 ms/tok, 290 ms avg (9 % of wall), 0 tok cached (0/3 hits) | live 4, queued 0 | pool 230/4096 blocks (6 %) | prefix cache 23/27 entries
2026-09-22 12:23:04.524 INFO  sched: request 'chatcmpl-1062cbf6a2895d32' retired (eos): 409 tok in 16.7 s — prefill 129 tok (0 cached) in 271 ms; decode 408 tok / 209 passes in 16.4 s: 24.9 tok/s, 40.2 ms/tok, 78 ms/pass, 1.95 tok/pass, accept p1 95 %
2026-09-22 12:23:04.890 INFO  sched: request 'chatcmpl-1062cbf6a2895d37' prefix cache miss — 2 cut(s) probed against 23 entries; the nearest entry (position 548) shares the first 3 of the prompt's 72 tokens (the prompt differs from it from that token on)
2026-09-22 12:23:04.890 INFO  sched: request 'chatcmpl-1062cbf6a2895d37' admitted to slot 1 (reserve 34 blocks; pool 236/4096 blocks in use) — first token 8160
2026-09-22 12:23:05.641 INFO  sched: request 'chatcmpl-1062cbf6a2895d34' retired (eos): 244 tok in 10.1 s — prefill 79 tok (0 cached) in 289 ms; decode 243 tok / 124 passes in 9.8 s: 24.7 tok/s, 40.5 ms/tok, 79 ms/pass, 1.96 tok/pass, accept p1 97 %
2026-09-22 12:23:05.998 INFO  sched: request 'chatcmpl-1062cbf6a2895d38' prefix cache miss — 1 cut(s) probed against 23 entries; the nearest entry (position 76) shares the first 4 of the prompt's 170 tokens (the prompt differs from it from that token on)
2026-09-22 12:23:05.998 INFO  sched: request 'chatcmpl-1062cbf6a2895d38' admitted to slot 3 (reserve 35 blocks; pool 237/4096 blocks in use) — first token 1206
2026-09-22 12:23:09.333 INFO  sched: request 'chatcmpl-1062cbf6a2895d35' retired (eos): 291 tok in 12.2 s — prefill 85 tok (0 cached) in 244 ms; decode 290 tok / 151 passes in 11.9 s: 24.3 tok/s, 41.1 ms/tok, 79 ms/pass, 1.92 tok/pass, accept p1 92 %
2026-09-22 12:23:09.641 INFO  sched: request 'chatcmpl-1062cbf6a2895d39' prefix cache miss — 1 cut(s) probed against 23 entries; the nearest entry (position 548) shares the first 3 of the prompt's 77 tokens (the prompt differs from it from that token on)
2026-09-22 12:23:09.641 INFO  sched: request 'chatcmpl-1062cbf6a2895d39' admitted to slot 2 (reserve 34 blocks; pool 237/4096 blocks in use) — first token 1206
2026-09-22 12:23:13.347 INFO  stats: rank 1 | 10.0 s | decode 96.1 tok/s, 9.4 ms/tok, 73.3 ms/step (124 steps / 964 tok, 91 % of wall) | mtp 1.96 tok/step/req, accept p1 95 % | prefill 3 prompts / 319 tok, 32 tok/s, 2.58 ms/tok, 274 ms avg (8 % of wall), 0 tok cached (0/3 hits) | live 4, queued 0 | pool 231/4096 blocks (6 %) | prefix cache 23/27 entries
2026-09-22 12:23:16.729 INFO  sched: request 'chatcmpl-1062cbf6a2895d37' retired (eos): 301 tok in 11.8 s — prefill 72 tok (0 cached) in 291 ms; decode 300 tok / 152 passes in 11.5 s: 26.0 tok/s, 38.5 ms/tok, 76 ms/pass, 1.97 tok/pass, accept p1 97 %
2026-09-22 12:23:17.100 INFO  sched: request 'chatcmpl-1062cbf6a2895d3a' prefix cache miss — 2 cut(s) probed against 23 entries; the nearest entry (position 548) shares the first 3 of the prompt's 76 tokens (the prompt differs from it from that token on)
2026-09-22 12:23:17.100 INFO  sched: request 'chatcmpl-1062cbf6a2895d3a' admitted to slot 1 (reserve 34 blocks; pool 236/4096 blocks in use) — first token 8160
2026-09-22 12:23:20.106 INFO  sched: request 'chatcmpl-1062cbf6a2895d36' retired (eos): 444 tok in 18.9 s — prefill 131 tok (0 cached) in 338 ms; decode 443 tok / 238 passes in 18.5 s: 23.9 tok/s, 41.8 ms/tok, 78 ms/pass, 1.86 tok/pass, accept p1 87 %
2026-09-22 12:23:20.519 INFO  sched: request 'chatcmpl-1062cbf6a2895d3b' prefix cache miss — 2 cut(s) probed against 23 entries; the nearest entry (position 572) shares the first 3 of the prompt's 152 tokens (the prompt differs from it from that token on)
2026-09-22 12:23:20.519 INFO  sched: request 'chatcmpl-1062cbf6a2895d3b' admitted to slot 0 (reserve 35 blocks; pool 239/4096 blocks in use) — first token 1206
2026-09-22 12:23:23.299 INFO  sched: request 'chatcmpl-1062cbf6a2895d3a' retired (eos): 153 tok in 6.2 s — prefill 76 tok (0 cached) in 295 ms; decode 152 tok / 78 passes in 5.9 s: 25.7 tok/s, 38.8 ms/tok, 76 ms/pass, 1.95 tok/pass, accept p1 95 %
2026-09-22 12:23:23.369 INFO  stats: rank 1 | 10.0 s | decode 95.5 tok/s, 9.7 ms/tok, 74.2 ms/step (125 steps / 957 tok, 93 % of wall) | mtp 1.93 tok/step/req, accept p1 92 % | prefill 2 prompts / 228 tok, 23 tok/s, 2.78 ms/tok, 316 ms avg (6 % of wall), 0 tok cached (0/2 hits) | live 3, queued 0 | pool 201/4096 blocks (5 %) | prefix cache 24/27 entries
2026-09-22 12:23:23.667 INFO  sched: request 'chatcmpl-1062cbf6a2895d3c' prefix cache miss — 2 cut(s) probed against 23 entries; the nearest entry (position 572) shares the first 3 of the prompt's 76 tokens (the prompt differs from it from that token on)
2026-09-22 12:23:23.667 INFO  sched: request 'chatcmpl-1062cbf6a2895d3c' admitted to slot 1 (reserve 34 blocks; pool 235/4096 blocks in use) — first token 1206
2026-09-22 12:23:28.168 INFO  sched: request 'chatcmpl-1062cbf6a2895d38' retired (eos): 547 tok in 22.2 s — prefill 170 tok (0 cached) in 295 ms; decode 546 tok / 281 passes in 21.9 s: 25.0 tok/s, 40.1 ms/tok, 78 ms/pass, 1.94 tok/pass, accept p1 94 %
2026-09-22 12:23:28.483 INFO  sched: request 'chatcmpl-1062cbf6a2895d3d' prefix cache miss — 1 cut(s) probed against 23 entries; the nearest entry (position 716) shares the first 3 of the prompt's 105 tokens (the prompt differs from it from that token on)
2026-09-22 12:23:28.483 INFO  sched: request 'chatcmpl-1062cbf6a2895d3d' admitted to slot 3 (reserve 34 blocks; pool 238/4096 blocks in use) — first token 1206
2026-09-22 12:23:30.191 INFO  sched: request 'chatcmpl-1062cbf6a2895d39' retired (eos): 508 tok in 20.6 s — prefill 77 tok (0 cached) in 236 ms; decode 507 tok / 259 passes in 20.3 s: 25.0 tok/s, 40.1 ms/tok, 78 ms/pass, 1.96 tok/pass, accept p1 96 %
2026-09-22 12:23:30.570 INFO  sched: request 'chatcmpl-1062cbf6a2895d3e' prefix cache miss — 2 cut(s) probed against 23 entries; the nearest entry (position 716) shares the first 3 of the prompt's 104 tokens (the prompt differs from it from that token on)
2026-09-22 12:23:30.570 INFO  sched: request 'chatcmpl-1062cbf6a2895d3e' admitted to slot 2 (reserve 34 blocks; pool 241/4096 blocks in use) — first token 8160
2026-09-22 12:23:33.391 INFO  stats: rank 1 | 10.0 s | decode 93.2 tok/s, 9.7 ms/tok, 73.7 ms/step (123 steps / 934 tok, 90 % of wall) | mtp 1.91 tok/step/req, accept p1 90 % | prefill 3 prompts / 285 tok, 28 tok/s, 2.97 ms/tok, 282 ms avg (8 % of wall), 0 tok cached (0/3 hits) | live 4, queued 0 | pool 233/4096 blocks (6 %) | prefix cache 23/27 entries
2026-09-22 12:23:39.594 INFO  sched: request 'chatcmpl-1062cbf6a2895d3b' retired (eos): 481 tok in 19.1 s — prefill 152 tok (0 cached) in 338 ms; decode 480 tok / 244 passes in 18.7 s: 25.6 tok/s, 39.0 ms/tok, 77 ms/pass, 1.97 tok/pass, accept p1 97 %
2026-09-22 12:23:39.903 INFO  sched: request 'chatcmpl-1062cbf6a2895d3f' prefix cache miss — 1 cut(s) probed against 23 entries; the nearest entry (position 716) shares the first 3 of the prompt's 65 tokens (the prompt differs from it from that token on)
2026-09-22 12:23:39.903 INFO  sched: request 'chatcmpl-1062cbf6a2895d3f' admitted to slot 0 (reserve 34 blocks; pool 240/4096 blocks in use) — first token 1206
2026-09-22 12:23:43.455 INFO  stats: rank 1 | 10.1 s | decode 99.8 tok/s, 9.7 ms/tok, 73.7 ms/step (132 steps / 1004 tok, 97 % of wall) | mtp 1.91 tok/step/req, accept p1 91 % | prefill 1 prompt / 65 tok, 6 tok/s, 3.57 ms/tok, 232 ms avg (2 % of wall), 0 tok cached (0/1 hit) | live 4, queued 0 | pool 233/4096 blocks (6 %) | prefix cache 23/27 entries
2026-09-22 12:23:44.580 INFO  sched: request 'chatcmpl-1062cbf6a2895d3d' retired (eos): 402 tok in 16.1 s — prefill 105 tok (0 cached) in 251 ms; decode 401 tok / 209 passes in 15.8 s: 25.3 tok/s, 39.5 ms/tok, 76 ms/pass, 1.92 tok/pass, accept p1 92 %
2026-09-22 12:23:44.885 INFO  sched: request 'chatcmpl-1062cbf6a2895d40' prefix cache miss — 1 cut(s) probed against 23 entries; the nearest entry (position 716) shares the first 3 of the prompt's 73 tokens (the prompt differs from it from that token on)
2026-09-22 12:23:44.885 INFO  sched: request 'chatcmpl-1062cbf6a2895d40' admitted to slot 3 (reserve 34 blocks; pool 239/4096 blocks in use) — first token 1206
2026-09-22 12:23:45.486 INFO  sched: request 'chatcmpl-1062cbf6a2895d3e' retired (eos): 380 tok in 14.9 s — prefill 104 tok (0 cached) in 303 ms; decode 379 tok / 194 passes in 14.6 s: 25.9 tok/s, 38.6 ms/tok, 75 ms/pass, 1.95 tok/pass, accept p1 95 %
2026-09-22 12:23:45.858 INFO  sched: request 'chatcmpl-1062cbf6a2895d41' prefix cache miss — 2 cut(s) probed against 23 entries; the nearest entry (position 716) shares the first 3 of the prompt's 91 tokens (the prompt differs from it from that token on)
2026-09-22 12:23:45.858 INFO  sched: request 'chatcmpl-1062cbf6a2895d41' admitted to slot 2 (reserve 34 blocks; pool 242/4096 blocks in use) — first token 8160
2026-09-22 12:23:48.241 INFO  sched: request 'chatcmpl-1062cbf6a2895d3f' retired (eos): 198 tok in 8.3 s — prefill 65 tok (0 cached) in 232 ms; decode 197 tok / 105 passes in 8.1 s: 24.3 tok/s, 41.1 ms/tok, 77 ms/pass, 1.88 tok/pass, accept p1 88 %
2026-09-22 12:23:48.606 INFO  sched: request 'chatcmpl-1062cbf6a2895d42' prefix cache miss — 1 cut(s) probed against 23 entries; the nearest entry (position 572) shares the first 4 of the prompt's 157 tokens (the prompt differs from it from that token on)
2026-09-22 12:23:48.606 INFO  sched: request 'chatcmpl-1062cbf6a2895d42' admitted to slot 0 (reserve 35 blocks; pool 242/4096 blocks in use) — first token 8160
2026-09-22 12:23:53.459 INFO  stats: rank 1 | 10.0 s | decode 94.2 tok/s, 9.6 ms/tok, 73.6 ms/step (123 steps / 942 tok, 90 % of wall) | mtp 1.93 tok/step/req, accept p1 92 % | prefill 3 prompts / 321 tok, 32 tok/s, 2.58 ms/tok, 276 ms avg (8 % of wall), 0 tok cached (0/3 hits) | live 4, queued 0 | pool 234/4096 blocks (6 %) | prefix cache 23/27 entries
2026-09-22 12:23:56.839 INFO  sched: request 'chatcmpl-1062cbf6a2895d40' retired (eos): 295 tok in 12.0 s — prefill 73 tok (0 cached) in 240 ms; decode 294 tok / 152 passes in 11.7 s: 25.1 tok/s, 39.8 ms/tok, 77 ms/pass, 1.93 tok/pass, accept p1 94 %
2026-09-22 12:23:57.141 INFO  sched: request 'chatcmpl-1062cbf6a2895d43' prefix cache miss — 1 cut(s) probed against 23 entries; the nearest entry (position 716) shares the first 3 of the prompt's 77 tokens (the prompt differs from it from that token on)
2026-09-22 12:23:57.141 INFO  sched: request 'chatcmpl-1062cbf6a2895d43' admitted to slot 3 (reserve 34 blocks; pool 240/4096 blocks in use) — first token 1206
2026-09-22 12:23:57.448 INFO  sched: request 'chatcmpl-1062cbf6a2895d41' retired (eos): 288 tok in 11.6 s — prefill 91 tok (0 cached) in 298 ms; decode 287 tok / 148 passes in 11.3 s: 25.4 tok/s, 39.3 ms/tok, 76 ms/pass, 1.94 tok/pass, accept p1 94 %
2026-09-22 12:23:57.820 INFO  sched: request 'chatcmpl-1062cbf6a2895d44' prefix cache miss — 2 cut(s) probed against 23 entries; the nearest entry (position 504) shares the first 4 of the prompt's 76 tokens (the prompt differs from it from that token on)
2026-09-22 12:23:57.820 INFO  sched: request 'chatcmpl-1062cbf6a2895d44' admitted to slot 2 (reserve 34 blocks; pool 241/4096 blocks in use) — first token 8160
2026-09-22 12:24:01.480 INFO  sched: request 'chatcmpl-1062cbf6a2895d3c' retired (eos): 889 tok in 37.8 s — prefill 76 tok (0 cached) in 293 ms; decode 888 tok / 478 passes in 37.5 s: 23.7 tok/s, 42.3 ms/tok, 78 ms/pass, 1.86 tok/pass, accept p1 86 %
2026-09-22 12:24:01.792 INFO  sched: request 'chatcmpl-1062cbf6a2895d45' prefix cache miss — 1 cut(s) probed against 23 entries; the nearest entry (position 964) shares the first 3 of the prompt's 77 tokens (the prompt differs from it from that token on)
2026-09-22 12:24:01.792 INFO  sched: request 'chatcmpl-1062cbf6a2895d45' admitted to slot 1 (reserve 34 blocks; pool 251/4096 blocks in use) — first token 1206
2026-09-22 12:24:03.479 INFO  stats: rank 1 | 10.0 s | decode 95.5 tok/s, 9.5 ms/tok, 73.6 ms/step (124 steps / 957 tok, 91 % of wall) | mtp 1.94 tok/step/req, accept p1 94 % | prefill 3 prompts / 230 tok, 23 tok/s, 3.36 ms/tok, 257 ms avg (8 % of wall), 0 tok cached (0/3 hits) | live 4, queued 0 | pool 246/4096 blocks (6 %) | prefix cache 23/27 entries
2026-09-22 12:24:04.370 INFO  sched: request 'chatcmpl-1062cbf6a2895d43' retired (eos): 175 tok in 7.2 s — prefill 77 tok (0 cached) in 237 ms; decode 174 tok / 90 passes in 7.0 s: 24.9 tok/s, 40.2 ms/tok, 78 ms/pass, 1.93 tok/pass, accept p1 93 %
2026-09-22 12:24:04.732 INFO  sched: request 'chatcmpl-1062cbf6a2895d46' prefix cache miss — 2 cut(s) probed against 23 entries; the nearest entry (position 964) shares the first 3 of the prompt's 88 tokens (the prompt differs from it from that token on)
2026-09-22 12:24:04.732 INFO  sched: request 'chatcmpl-1062cbf6a2895d46' admitted to slot 3 (reserve 34 blocks; pool 249/4096 blocks in use) — first token 1206
2026-09-22 12:24:05.111 INFO  sched: request 'chatcmpl-1062cbf6a2895d42' retired (eos): 397 tok in 16.5 s — prefill 157 tok (0 cached) in 290 ms; decode 396 tok / 207 passes in 16.2 s: 24.4 tok/s, 40.9 ms/tok, 78 ms/pass, 1.91 tok/pass, accept p1 91 %
2026-09-22 12:24:05.502 INFO  sched: request 'chatcmpl-1062cbf6a2895d47' prefix cache miss — 2 cut(s) probed against 23 entries; the nearest entry (position 964) shares the first 3 of the prompt's 112 tokens (the prompt differs from it from that token on)
2026-09-22 12:24:05.503 INFO  sched: request 'chatcmpl-1062cbf6a2895d47' admitted to slot 0 (reserve 34 blocks; pool 248/4096 blocks in use) — first token 8160
2026-09-22 12:24:06.689 INFO  sched: request 'chatcmpl-1062cbf6a2895d44' retired (eos): 210 tok in 8.9 s — prefill 76 tok (0 cached) in 296 ms; decode 209 tok / 108 passes in 8.6 s: 24.4 tok/s, 41.0 ms/tok, 79 ms/pass, 1.94 tok/pass, accept p1 94 %
2026-09-22 12:24:07.026 INFO  sched: request 'chatcmpl-1062cbf6a2895d48' prefix cache miss — 1 cut(s) probed against 23 entries; the nearest entry (position 964) shares the first 3 of the prompt's 114 tokens (the prompt differs from it from that token on)
2026-09-22 12:24:07.026 INFO  sched: request 'chatcmpl-1062cbf6a2895d48' admitted to slot 2 (reserve 34 blocks; pool 249/4096 blocks in use) — first token 8160
2026-09-22 12:24:11.253 INFO  sched: request 'chatcmpl-1062cbf6a2895d45' retired (eos): 219 tok in 9.5 s — prefill 77 tok (0 cached) in 239 ms; decode 218 tok / 116 passes in 9.2 s: 23.6 tok/s, 42.3 ms/tok, 79 ms/pass, 1.88 tok/pass, accept p1 88 %
2026-09-22 12:24:11.627 INFO  sched: request 'chatcmpl-1062cbf6a2895d49' prefix cache miss — 2 cut(s) probed against 23 entries; the nearest entry (position 964) shares the first 3 of the prompt's 87 tokens (the prompt differs from it from that token on)
2026-09-22 12:24:11.627 INFO  sched: request 'chatcmpl-1062cbf6a2895d49' admitted to slot 1 (reserve 34 blocks; pool 242/4096 blocks in use) — first token 1206
2026-09-22 12:24:12.677 INFO  sched: request 'chatcmpl-1062cbf6a2895d46' retired (eos): 187 tok in 7.9 s — prefill 88 tok (0 cached) in 298 ms; decode 186 tok / 95 passes in 7.6 s: 24.3 tok/s, 41.1 ms/tok, 80 ms/pass, 1.96 tok/pass, accept p1 97 %
2026-09-22 12:24:12.995 INFO  sched: request 'chatcmpl-1062cbf6a2895d4a' prefix cache miss — 1 cut(s) probed against 23 entries; the nearest entry (position 260) shares the first 4 of the prompt's 106 tokens (the prompt differs from it from that token on)
2026-09-22 12:24:12.995 INFO  sched: request 'chatcmpl-1062cbf6a2895d4a' admitted to slot 3 (reserve 34 blocks; pool 236/4096 blocks in use) — first token 1206
2026-09-22 12:24:13.508 INFO  stats: rank 1 | 10.0 s | decode 88.4 tok/s, 9.6 ms/tok, 73.1 ms/step (116 steps / 887 tok, 85 % of wall) | mtp 1.93 tok/step/req, accept p1 92 % | prefill 5 prompts / 507 tok, 51 tok/s, 2.83 ms/tok, 287 ms avg (14 % of wall), 0 tok cached (0/5 hits) | live 4, queued 0 | pool 228/4096 blocks (6 %) | prefix cache 23/27 entries
2026-09-22 12:24:20.718 INFO  sched: request 'chatcmpl-1062cbf6a2895d47' retired (eos): 377 tok in 15.2 s — prefill 112 tok (0 cached) in 318 ms; decode 376 tok / 194 passes in 14.9 s: 25.2 tok/s, 39.6 ms/tok, 77 ms/pass, 1.94 tok/pass, accept p1 94 %
2026-09-22 12:24:21.033 INFO  sched: request 'chatcmpl-1062cbf6a2895d4b' prefix cache miss — 1 cut(s) probed against 23 entries; the nearest entry (position 964) shares the first 3 of the prompt's 85 tokens (the prompt differs from it from that token on)
2026-09-22 12:24:21.033 INFO  sched: request 'chatcmpl-1062cbf6a2895d4b' admitted to slot 0 (reserve 34 blocks; pool 235/4096 blocks in use) — first token 1206
2026-09-22 12:24:22.385 INFO  sched: request 'chatcmpl-1062cbf6a2895d48' retired (eos): 387 tok in 15.4 s — prefill 114 tok (0 cached) in 262 ms; decode 386 tok / 196 passes in 15.1 s: 25.6 tok/s, 39.1 ms/tok, 77 ms/pass, 1.97 tok/pass, accept p1 97 %
2026-09-22 12:24:22.782 INFO  sched: request 'chatcmpl-1062cbf6a2895d4c' prefix cache miss — 2 cut(s) probed against 23 entries; the nearest entry (position 964) shares the first 3 of the prompt's 132 tokens (the prompt differs from it from that token on)
2026-09-22 12:24:22.782 INFO  sched: request 'chatcmpl-1062cbf6a2895d4c' admitted to slot 2 (reserve 35 blocks; pool 237/4096 blocks in use) — first token 1206
2026-09-22 12:24:23.308 INFO  sched: request 'chatcmpl-1062cbf6a2895d49' retired (eos): 284 tok in 11.7 s — prefill 87 tok (0 cached) in 299 ms; decode 283 tok / 146 passes in 11.4 s: 24.9 tok/s, 40.2 ms/tok, 78 ms/pass, 1.94 tok/pass, accept p1 94 %
2026-09-22 12:24:23.682 INFO  sched: request 'chatcmpl-1062cbf6a2895d4d' prefix cache miss — 2 cut(s) probed against 23 entries; the nearest entry (position 964) shares the first 3 of the prompt's 96 tokens (the prompt differs from it from that token on)
2026-09-22 12:24:23.682 INFO  sched: request 'chatcmpl-1062cbf6a2895d4d' admitted to slot 1 (reserve 34 blocks; pool 235/4096 blocks in use) — first token 1206
2026-09-22 12:24:23.752 INFO  stats: rank 1 | 10.2 s | decode 95.7 tok/s, 9.5 ms/tok, 73.5 ms/step (126 steps / 980 tok, 90 % of wall) | mtp 1.96 tok/step/req, accept p1 95 % | prefill 3 prompts / 313 tok, 31 tok/s, 2.76 ms/tok, 288 ms avg (8 % of wall), 0 tok cached (0/3 hits) | live 4, queued 0 | pool 231/4096 blocks (6 %) | prefix cache 23/27 entries
2026-09-22 12:24:27.389 INFO  sched: request 'chatcmpl-1062cbf6a2895d4a' retired (eos): 351 tok in 14.4 s — prefill 106 tok (0 cached) in 257 ms; decode 350 tok / 182 passes in 14.1 s: 24.8 tok/s, 40.4 ms/tok, 78 ms/pass, 1.92 tok/pass, accept p1 92 %
2026-09-22 12:24:27.777 INFO  sched: request 'chatcmpl-1062cbf6a2895d4e' prefix cache miss — 2 cut(s) probed against 23 entries; the nearest entry (position 964) shares the first 3 of the prompt's 123 tokens (the prompt differs from it from that token on)
2026-09-22 12:24:27.777 INFO  sched: request 'chatcmpl-1062cbf6a2895d4e' admitted to slot 3 (reserve 34 blocks; pool 237/4096 blocks in use) — first token 1206
2026-09-22 12:24:28.892 INFO  sched: request 'chatcmpl-1062cbf6a2895d4b' retired (eos): 181 tok in 7.9 s — prefill 85 tok (0 cached) in 242 ms; decode 180 tok / 93 passes in 7.6 s: 23.6 tok/s, 42.3 ms/tok, 82 ms/pass, 1.94 tok/pass, accept p1 95 %
2026-09-22 12:24:29.230 INFO  sched: request 'chatcmpl-1062cbf6a2895d4f' prefix cache miss — 1 cut(s) probed against 23 entries; the nearest entry (position 964) shares the first 4 of the prompt's 114 tokens (the prompt differs from it from that token on)
2026-09-22 12:24:29.230 INFO  sched: request 'chatcmpl-1062cbf6a2895d4f' admitted to slot 0 (reserve 34 blocks; pool 237/4096 blocks in use) — first token 1206
2026-09-22 12:24:33.822 INFO  stats: rank 1 | 10.1 s | decode 97.2 tok/s, 9.6 ms/tok, 73.2 ms/step (128 steps / 979 tok, 93 % of wall) | mtp 1.92 tok/step/req, accept p1 92 % | prefill 2 prompts / 237 tok, 24 tok/s, 2.48 ms/tok, 294 ms avg (6 % of wall), 0 tok cached (0/2 hits) | live 4, queued 0 | pool 232/4096 blocks (6 %) | prefix cache 23/27 entries
2026-09-22 12:24:35.468 INFO  sched: request 'chatcmpl-1062cbf6a2895d4d' retired (eos): 294 tok in 11.8 s — prefill 96 tok (0 cached) in 300 ms; decode 293 tok / 151 passes in 11.5 s: 25.5 tok/s, 39.2 ms/tok, 76 ms/pass, 1.94 tok/pass, accept p1 95 %
2026-09-22 12:24:35.842 INFO  sched: request 'chatcmpl-1062cbf6a2895d50' prefix cache miss — 2 cut(s) probed against 23 entries; the nearest entry (position 964) shares the first 3 of the prompt's 92 tokens (the prompt differs from it from that token on)
2026-09-22 12:24:35.842 INFO  sched: request 'chatcmpl-1062cbf6a2895d50' admitted to slot 1 (reserve 34 blocks; pool 238/4096 blocks in use) — first token 8160
2026-09-22 12:24:37.788 INFO  sched: request 'chatcmpl-1062cbf6a2895d4c' retired (eos): 356 tok in 15.0 s — prefill 132 tok (0 cached) in 322 ms; decode 355 tok / 186 passes in 14.7 s: 24.2 tok/s, 41.4 ms/tok, 79 ms/pass, 1.91 tok/pass, accept p1 91 %
2026-09-22 12:24:38.114 INFO  sched: request 'chatcmpl-1062cbf6a2895d51' prefix cache miss — 1 cut(s) probed against 23 entries; the nearest entry (position 552) shares the first 3 of the prompt's 97 tokens (the prompt differs from it from that token on)
2026-09-22 12:24:38.114 INFO  sched: request 'chatcmpl-1062cbf6a2895d51' admitted to slot 2 (reserve 34 blocks; pool 229/4096 blocks in use) — first token 8160
2026-09-22 12:24:43.868 INFO  stats: rank 1 | 10.0 s | decode 98.2 tok/s, 9.5 ms/tok, 73.9 ms/step (127 steps / 987 tok, 93 % of wall) | mtp 1.95 tok/step/req, accept p1 95 % | prefill 2 prompts / 189 tok, 19 tok/s, 2.92 ms/tok, 276 ms avg (5 % of wall), 0 tok cached (0/2 hits) | live 4, queued 0 | pool 226/4096 blocks (6 %) | prefix cache 23/27 entries
2026-09-22 12:24:43.949 INFO  sched: request 'chatcmpl-1062cbf6a2895d4f' retired (eos): 372 tok in 14.7 s — prefill 114 tok (0 cached) in 262 ms; decode 371 tok / 190 passes in 14.5 s: 25.7 tok/s, 39.0 ms/tok, 76 ms/pass, 1.95 tok/pass, accept p1 96 %
2026-09-22 12:24:44.259 INFO  sched: request 'chatcmpl-1062cbf6a2895d52' prefix cache miss — 1 cut(s) probed against 23 entries; the nearest entry (position 552) shares the first 3 of the prompt's 73 tokens (the prompt differs from it from that token on)
2026-09-22 12:24:44.259 INFO  sched: request 'chatcmpl-1062cbf6a2895d52' admitted to slot 0 (reserve 34 blocks; pool 231/4096 blocks in use) — first token 8160
2026-09-22 12:24:46.436 INFO  sched: request 'chatcmpl-1062cbf6a2895d51' retired (eos): 209 tok in 8.3 s — prefill 97 tok (0 cached) in 251 ms; decode 208 tok / 108 passes in 8.1 s: 25.8 tok/s, 38.8 ms/tok, 75 ms/pass, 1.93 tok/pass, accept p1 93 %
2026-09-22 12:24:46.785 INFO  sched: request 'chatcmpl-1062cbf6a2895d53' prefix cache miss — 1 cut(s) probed against 23 entries; the nearest entry (position 500) shares the first 3 of the prompt's 137 tokens (the prompt differs from it from that token on)
2026-09-22 12:24:46.785 INFO  sched: request 'chatcmpl-1062cbf6a2895d53' admitted to slot 2 (reserve 35 blocks; pool 227/4096 blocks in use) — first token 8160
2026-09-22 12:24:53.227 INFO  sched: request 'chatcmpl-1062cbf6a2895d50' retired (eos): 441 tok in 17.4 s — prefill 92 tok (0 cached) in 301 ms; decode 440 tok / 222 passes in 17.1 s: 25.8 tok/s, 38.8 ms/tok, 77 ms/pass, 1.98 tok/pass, accept p1 98 %
2026-09-22 12:24:53.602 INFO  sched: request 'chatcmpl-1062cbf6a2895d54' prefix cache miss — 2 cut(s) probed against 23 entries; the nearest entry (position 532) shares the first 3 of the prompt's 92 tokens (the prompt differs from it from that token on)
2026-09-22 12:24:53.602 INFO  sched: request 'chatcmpl-1062cbf6a2895d54' admitted to slot 1 (reserve 34 blocks; pool 232/4096 blocks in use) — first token 9764
2026-09-22 12:24:53.900 INFO  stats: rank 1 | 10.0 s | decode 95.6 tok/s, 9.5 ms/tok, 74.0 ms/step (123 steps / 959 tok, 91 % of wall) | mtp 1.96 tok/step/req, accept p1 96 % | prefill 3 prompts / 302 tok, 30 tok/s, 2.68 ms/tok, 270 ms avg (8 % of wall), 0 tok cached (0/3 hits) | live 4, queued 0 | pool 228/4096 blocks (6 %) | prefix cache 23/27 entries
2026-09-22 12:25:01.496 INFO  sched: request 'chatcmpl-1062cbf6a2895d53' retired (eos): 369 tok in 14.7 s — prefill 137 tok (0 cached) in 274 ms; decode 368 tok / 192 passes in 14.4 s: 25.5 tok/s, 39.2 ms/tok, 75 ms/pass, 1.92 tok/pass, accept p1 92 %
2026-09-22 12:25:01.813 INFO  sched: request 'chatcmpl-1062cbf6a2895d55' prefix cache miss — 1 cut(s) probed against 23 entries; the nearest entry (position 532) shares the first 3 of the prompt's 82 tokens (the prompt differs from it from that token on)
2026-09-22 12:25:01.813 INFO  sched: request 'chatcmpl-1062cbf6a2895d55' admitted to slot 2 (reserve 34 blocks; pool 234/4096 blocks in use) — first token 1206
2026-09-22 12:25:01.966 INFO  sched: request 'chatcmpl-1062cbf6a2895d52' retired (eos): 443 tok in 17.7 s — prefill 73 tok (0 cached) in 235 ms; decode 442 tok / 225 passes in 17.5 s: 25.3 tok/s, 39.5 ms/tok, 78 ms/pass, 1.96 tok/pass, accept p1 97 %
2026-09-22 12:25:02.296 INFO  sched: request 'chatcmpl-1062cbf6a2895d56' prefix cache miss — 1 cut(s) probed against 23 entries; the nearest entry (position 532) shares the first 3 of the prompt's 97 tokens (the prompt differs from it from that token on)
2026-09-22 12:25:02.296 INFO  sched: request 'chatcmpl-1062cbf6a2895d56' admitted to slot 0 (reserve 34 blocks; pool 237/4096 blocks in use) — first token 8160
2026-09-22 12:25:03.947 INFO  stats: rank 1 | 10.0 s | decode 97.4 tok/s, 9.6 ms/tok, 74.3 ms/step (127 steps / 979 tok, 94 % of wall) | mtp 1.93 tok/step/req, accept p1 93 % | prefill 2 prompts / 179 tok, 18 tok/s, 2.79 ms/tok, 249 ms avg (5 % of wall), 0 tok cached (0/2 hits) | live 4, queued 0 | pool 229/4096 blocks (6 %) | prefix cache 23/27 entries
2026-09-22 12:25:09.918 INFO  sched: request 'chatcmpl-1062cbf6a2895d54' retired (eos): 410 tok in 16.3 s — prefill 92 tok (0 cached) in 301 ms; decode 409 tok / 210 passes in 16.0 s: 25.5 tok/s, 39.2 ms/tok, 76 ms/pass, 1.95 tok/pass, accept p1 95 %
2026-09-22 12:25:10.249 INFO  sched: request 'chatcmpl-1062cbf6a2895d57' prefix cache miss — 1 cut(s) probed against 23 entries; the nearest entry (position 500) shares the first 5 of the prompt's 98 tokens (the prompt differs from it from that token on)
2026-09-22 12:25:10.249 INFO  sched: request 'chatcmpl-1062cbf6a2895d57' admitted to slot 1 (reserve 34 blocks; pool 237/4096 blocks in use) — first token 9764
2026-09-22 12:25:12.436 INFO  sched: request 'chatcmpl-1062cbf6a2895d4e' retired (eos): 1073 tok in 44.7 s — prefill 123 tok (0 cached) in 326 ms; decode 1072 tok / 564 passes in 44.3 s: 24.2 tok/s, 41.4 ms/tok, 79 ms/pass, 1.90 tok/pass, accept p1 90 %
2026-09-22 12:25:12.803 INFO  sched: request 'chatcmpl-1062cbf6a2895d58' prefix cache miss — 2 cut(s) probed against 23 entries; the nearest entry (position 1192) shares the first 3 of the prompt's 96 tokens (the prompt differs from it from that token on)
2026-09-22 12:25:12.803 INFO  sched: request 'chatcmpl-1062cbf6a2895d58' admitted to slot 3 (reserve 34 blocks; pool 248/4096 blocks in use) — first token 1206
2026-09-22 12:25:13.326 INFO  sched: request 'chatcmpl-1062cbf6a2895d55' retired (eos): 277 tok in 11.5 s — prefill 82 tok (0 cached) in 243 ms; decode 276 tok / 142 passes in 11.3 s: 24.5 tok/s, 40.8 ms/tok, 79 ms/pass, 1.94 tok/pass, accept p1 95 %
2026-09-22 12:25:13.645 INFO  sched: request 'chatcmpl-1062cbf6a2895d59' prefix cache miss — 1 cut(s) probed against 23 entries; the nearest entry (position 388) shares the first 4 of the prompt's 90 tokens (the prompt differs from it from that token on)
2026-09-22 12:25:13.645 INFO  sched: request 'chatcmpl-1062cbf6a2895d59' admitted to slot 2 (reserve 34 blocks; pool 248/4096 blocks in use) — first token 8160
2026-09-22 12:25:14.011 INFO  stats: rank 1 | 10.1 s | decode 94.8 tok/s, 9.6 ms/tok, 74.3 ms/step (123 steps / 954 tok, 91 % of wall) | mtp 1.95 tok/step/req, accept p1 95 % | prefill 3 prompts / 284 tok, 28 tok/s, 2.83 ms/tok, 268 ms avg (8 % of wall), 0 tok cached (0/3 hits) | live 4, queued 0 | pool 241/4096 blocks (6 %) | prefix cache 23/27 entries
2026-09-22 12:25:17.351 INFO  sched: request 'chatcmpl-1062cbf6a2895d56' retired (eos): 374 tok in 15.1 s — prefill 97 tok (0 cached) in 256 ms; decode 373 tok / 190 passes in 14.8 s: 25.2 tok/s, 39.7 ms/tok, 78 ms/pass, 1.96 tok/pass, accept p1 97 %
2026-09-22 12:25:17.660 INFO  sched: request 'chatcmpl-1062cbf6a2895d5a' prefix cache miss — 1 cut(s) probed against 23 entries; the nearest entry (position 1192) shares the first 3 of the prompt's 69 tokens (the prompt differs from it from that token on)
2026-09-22 12:25:17.660 INFO  sched: request 'chatcmpl-1062cbf6a2895d5a' admitted to slot 0 (reserve 34 blocks; pool 248/4096 blocks in use) — first token 8160
2026-09-22 12:25:22.480 INFO  sched: request 'chatcmpl-1062cbf6a2895d58' retired (eos): 242 tok in 9.7 s — prefill 96 tok (0 cached) in 303 ms; decode 241 tok / 124 passes in 9.4 s: 25.7 tok/s, 38.9 ms/tok, 76 ms/pass, 1.94 tok/pass, accept p1 94 %
2026-09-22 12:25:22.835 INFO  sched: request 'chatcmpl-1062cbf6a2895d5b' prefix cache miss — 2 cut(s) probed against 23 entries; the nearest entry (position 1192) shares the first 3 of the prompt's 80 tokens (the prompt differs from it from that token on)
2026-09-22 12:25:22.835 INFO  sched: request 'chatcmpl-1062cbf6a2895d5b' admitted to slot 3 (reserve 34 blocks; pool 249/4096 blocks in use) — first token 8160
2026-09-22 12:25:23.213 INFO  sched: request 'chatcmpl-1062cbf6a2895d5a' retired (eos): 140 tok in 5.6 s — prefill 69 tok (0 cached) in 235 ms; decode 139 tok / 71 passes in 5.3 s: 26.1 tok/s, 38.3 ms/tok, 75 ms/pass, 1.96 tok/pass, accept p1 96 %
2026-09-22 12:25:23.538 INFO  sched: request 'chatcmpl-1062cbf6a2895d5c' prefix cache miss — 1 cut(s) probed against 23 entries; the nearest entry (position 1192) shares the first 3 of the prompt's 94 tokens (the prompt differs from it from that token on)
2026-09-22 12:25:23.538 INFO  sched: request 'chatcmpl-1062cbf6a2895d5c' admitted to slot 0 (reserve 34 blocks; pool 246/4096 blocks in use) — first token 1206
2026-09-22 12:25:24.053 INFO  stats: rank 1 | 10.0 s | decode 96.3 tok/s, 9.5 ms/tok, 73.2 ms/step (125 steps / 967 tok, 91 % of wall) | mtp 1.95 tok/step/req, accept p1 94 % | prefill 3 prompts / 243 tok, 24 tok/s, 3.19 ms/tok, 259 ms avg (8 % of wall), 0 tok cached (0/3 hits) | live 4, queued 0 | pool 239/4096 blocks (6 %) | prefix cache 23/27 entries
2026-09-22 12:25:29.059 INFO  sched: request 'chatcmpl-1062cbf6a2895d59' retired (eos): 383 tok in 15.4 s — prefill 90 tok (0 cached) in 244 ms; decode 382 tok / 197 passes in 15.2 s: 25.2 tok/s, 39.7 ms/tok, 77 ms/pass, 1.94 tok/pass, accept p1 94 %
2026-09-22 12:25:29.382 INFO  sched: request 'chatcmpl-1062cbf6a2895d5d' prefix cache miss — 1 cut(s) probed against 23 entries; the nearest entry (position 1192) shares the first 3 of the prompt's 85 tokens (the prompt differs from it from that token on)
2026-09-22 12:25:29.382 INFO  sched: request 'chatcmpl-1062cbf6a2895d5d' admitted to slot 2 (reserve 34 blocks; pool 246/4096 blocks in use) — first token 1206
2026-09-22 12:25:34.091 INFO  stats: rank 1 | 10.0 s | decode 102.6 tok/s, 9.4 ms/tok, 74.0 ms/step (131 steps / 1030 tok, 97 % of wall) | mtp 1.97 tok/step/req, accept p1 97 % | prefill 1 prompt / 85 tok, 8 tok/s, 2.87 ms/tok, 244 ms avg (2 % of wall), 0 tok cached (0/1 hit) | live 4, queued 0 | pool 239/4096 blocks (6 %) | prefix cache 23/27 entries
2026-09-22 12:25:36.350 INFO  sched: request 'chatcmpl-1062cbf6a2895d57' retired (eos): 645 tok in 26.1 s — prefill 98 tok (0 cached) in 256 ms; decode 644 tok / 329 passes in 25.8 s: 24.9 tok/s, 40.1 ms/tok, 79 ms/pass, 1.96 tok/pass, accept p1 96 %
2026-09-22 12:25:36.679 INFO  sched: request 'chatcmpl-1062cbf6a2895d5e' prefix cache miss — 1 cut(s) probed against 23 entries; the nearest entry (position 1192) shares the first 3 of the prompt's 97 tokens (the prompt differs from it from that token on)
2026-09-22 12:25:36.679 INFO  sched: request 'chatcmpl-1062cbf6a2895d5e' admitted to slot 1 (reserve 34 blocks; pool 251/4096 blocks in use) — first token 8160
2026-09-22 12:25:38.101 INFO  sched: request 'chatcmpl-1062cbf6a2895d5d' retired (eos): 224 tok in 8.7 s — prefill 85 tok (0 cached) in 244 ms; decode 223 tok / 113 passes in 8.5 s: 26.3 tok/s, 38.0 ms/tok, 75 ms/pass, 1.97 tok/pass, accept p1 97 %
2026-09-22 12:25:38.409 INFO  sched: request 'chatcmpl-1062cbf6a2895d5f' prefix cache miss — 1 cut(s) probed against 23 entries; the nearest entry (position 1192) shares the first 3 of the prompt's 65 tokens (the prompt differs from it from that token on)
2026-09-22 12:25:38.409 INFO  sched: request 'chatcmpl-1062cbf6a2895d5f' admitted to slot 2 (reserve 34 blocks; pool 252/4096 blocks in use) — first token 8160
2026-09-22 12:25:40.512 INFO  sched: request 'chatcmpl-1062cbf6a2895d5c' retired (eos): 420 tok in 17.0 s — prefill 94 tok (0 cached) in 250 ms; decode 419 tok / 217 passes in 16.7 s: 25.1 tok/s, 39.9 ms/tok, 77 ms/pass, 1.93 tok/pass, accept p1 94 %
2026-09-22 12:25:40.823 INFO  sched: request 'chatcmpl-1062cbf6a2895d60' prefix cache miss — 1 cut(s) probed against 23 entries; the nearest entry (position 88) shares the first 4 of the prompt's 81 tokens (the prompt differs from it from that token on)
2026-09-22 12:25:40.823 INFO  sched: request 'chatcmpl-1062cbf6a2895d60' admitted to slot 0 (reserve 34 blocks; pool 249/4096 blocks in use) — first token 8160
2026-09-22 12:25:43.352 INFO  sched: request 'chatcmpl-1062cbf6a2895d5b' retired (eos): 501 tok in 20.5 s — prefill 80 tok (0 cached) in 290 ms; decode 500 tok / 258 passes in 20.2 s: 24.7 tok/s, 40.5 ms/tok, 78 ms/pass, 1.94 tok/pass, accept p1 94 %
2026-09-22 12:25:43.672 INFO  sched: request 'chatcmpl-1062cbf6a2895d61' prefix cache miss — 1 cut(s) probed against 23 entries; the nearest entry (position 1192) shares the first 3 of the prompt's 101 tokens (the prompt differs from it from that token on)
2026-09-22 12:25:43.672 INFO  sched: request 'chatcmpl-1062cbf6a2895d61' admitted to slot 3 (reserve 34 blocks; pool 253/4096 blocks in use) — first token 1206
2026-09-22 12:25:44.111 INFO  stats: rank 1 | 10.0 s | decode 93.2 tok/s, 9.5 ms/tok, 73.7 ms/step (121 steps / 934 tok, 89 % of wall) | mtp 1.95 tok/step/req, accept p1 94 % | prefill 4 prompts / 344 tok, 34 tok/s, 2.85 ms/tok, 245 ms avg (10 % of wall), 0 tok cached (0/4 hits) | live 4, queued 0 | pool 246/4096 blocks (6 %) | prefix cache 23/27 entries
2026-09-22 12:25:46.267 INFO  sched: request 'chatcmpl-1062cbf6a2895d5f' retired (eos): 195 tok in 7.9 s — prefill 65 tok (0 cached) in 234 ms; decode 194 tok / 99 passes in 7.6 s: 25.4 tok/s, 39.3 ms/tok, 77 ms/pass, 1.96 tok/pass, accept p1 97 %
2026-09-22 12:25:46.589 INFO  sched: request 'chatcmpl-1062cbf6a2895d62' prefix cache miss — 1 cut(s) probed against 23 entries; the nearest entry (position 1192) shares the first 3 of the prompt's 93 tokens (the prompt differs from it from that token on)
2026-09-22 12:25:46.589 INFO  sched: request 'chatcmpl-1062cbf6a2895d62' admitted to slot 2 (reserve 34 blocks; pool 249/4096 blocks in use) — first token 8160
2026-09-22 12:25:47.111 INFO  sched: request 'chatcmpl-1062cbf6a2895d5e' retired (eos): 249 tok in 10.4 s — prefill 97 tok (0 cached) in 252 ms; decode 248 tok / 127 passes in 10.2 s: 24.4 tok/s, 41.0 ms/tok, 80 ms/pass, 1.95 tok/pass, accept p1 96 %
2026-09-22 12:25:47.499 INFO  sched: request 'chatcmpl-1062cbf6a2895d63' prefix cache miss — 2 cut(s) probed against 23 entries; the nearest entry (position 1192) shares the first 3 of the prompt's 104 tokens (the prompt differs from it from that token on)
2026-09-22 12:25:47.499 INFO  sched: request 'chatcmpl-1062cbf6a2895d63' admitted to slot 1 (reserve 34 blocks; pool 247/4096 blocks in use) — first token 1206
2026-09-22 12:25:50.349 INFO  sched: request 'chatcmpl-1062cbf6a2895d60' retired (eos): 231 tok in 9.5 s — prefill 81 tok (0 cached) in 238 ms; decode 230 tok / 117 passes in 9.3 s: 24.8 tok/s, 40.4 ms/tok, 79 ms/pass, 1.97 tok/pass, accept p1 97 %
2026-09-22 12:25:50.765 INFO  sched: request 'chatcmpl-1062cbf6a2895d64' prefix cache miss — 2 cut(s) probed against 23 entries; the nearest entry (position 740) shares the first 3 of the prompt's 151 tokens (the prompt differs from it from that token on)
2026-09-22 12:25:50.765 INFO  sched: request 'chatcmpl-1062cbf6a2895d64' admitted to slot 0 (reserve 35 blocks; pool 234/4096 blocks in use) — first token 1206
2026-09-22 12:25:53.757 INFO  sched: request 'chatcmpl-1062cbf6a2895d61' retired (eos): 243 tok in 10.1 s — prefill 101 tok (0 cached) in 256 ms; decode 242 tok / 123 passes in 9.8 s: 24.6 tok/s, 40.6 ms/tok, 80 ms/pass, 1.97 tok/pass, accept p1 97 %
2026-09-22 12:25:54.124 INFO  sched: request 'chatcmpl-1062cbf6a2895d65' prefix cache miss — 2 cut(s) probed against 23 entries; the nearest entry (position 740) shares the first 3 of the prompt's 91 tokens (the prompt differs from it from that token on)
2026-09-22 12:25:54.124 INFO  sched: request 'chatcmpl-1062cbf6a2895d65' admitted to slot 3 (reserve 34 blocks; pool 234/4096 blocks in use) — first token 8160
2026-09-22 12:25:54.196 INFO  stats: rank 1 | 10.1 s | decode 91.1 tok/s, 9.5 ms/tok, 73.6 ms/step (119 steps / 919 tok, 87 % of wall) | mtp 1.95 tok/step/req, accept p1 94 % | prefill 4 prompts / 439 tok, 44 tok/s, 2.75 ms/tok, 302 ms avg (12 % of wall), 0 tok cached (0/4 hits) | live 4, queued 0 | pool 226/4096 blocks (6 %) | prefix cache 23/27 entries
2026-09-22 12:25:55.241 INFO  sched: request 'chatcmpl-1062cbf6a2895d62' retired (eos): 201 tok in 8.7 s — prefill 93 tok (0 cached) in 249 ms; decode 200 tok / 103 passes in 8.4 s: 23.8 tok/s, 42.0 ms/tok, 82 ms/pass, 1.94 tok/pass, accept p1 94 %
2026-09-22 12:25:55.640 INFO  sched: request 'chatcmpl-1062cbf6a2895d66' prefix cache miss — 2 cut(s) probed against 23 entries; the nearest entry (position 344) shares the first 5 of the prompt's 123 tokens (the prompt differs from it from that token on)
2026-09-22 12:25:55.640 INFO  sched: request 'chatcmpl-1062cbf6a2895d66' admitted to slot 2 (reserve 34 blocks; pool 231/4096 blocks in use) — first token 8160
2026-09-22 12:26:01.933 INFO  sched: request 'chatcmpl-1062cbf6a2895d64' retired (eos): 280 tok in 11.2 s — prefill 151 tok (0 cached) in 340 ms; decode 279 tok / 142 passes in 10.8 s: 25.8 tok/s, 38.8 ms/tok, 76 ms/pass, 1.96 tok/pass, accept p1 96 %
2026-09-22 12:26:02.256 INFO  sched: request 'chatcmpl-1062cbf6a2895d67' prefix cache miss — 1 cut(s) probed against 23 entries; the nearest entry (position 740) shares the first 3 of the prompt's 97 tokens (the prompt differs from it from that token on)
2026-09-22 12:26:02.256 INFO  sched: request 'chatcmpl-1062cbf6a2895d67' admitted to slot 0 (reserve 34 blocks; pool 231/4096 blocks in use) — first token 8160
2026-09-22 12:26:04.258 INFO  stats: rank 1 | 10.1 s | decode 98.5 tok/s, 9.5 ms/tok, 73.3 ms/step (128 steps / 991 tok, 93 % of wall) | mtp 1.94 tok/step/req, accept p1 94 % | prefill 2 prompts / 220 tok, 22 tok/s, 2.60 ms/tok, 286 ms avg (6 % of wall), 0 tok cached (0/2 hits) | live 4, queued 0 | pool 227/4096 blocks (6 %) | prefix cache 23/27 entries
2026-09-22 12:26:04.787 INFO  sched: request 'chatcmpl-1062cbf6a2895d65' retired (eos): 258 tok in 10.7 s — prefill 91 tok (0 cached) in 304 ms; decode 257 tok / 136 passes in 10.4 s: 24.8 tok/s, 40.3 ms/tok, 76 ms/pass, 1.89 tok/pass, accept p1 90 %
2026-09-22 12:26:05.101 INFO  sched: request 'chatcmpl-1062cbf6a2895d68' prefix cache miss — 1 cut(s) probed against 23 entries; the nearest entry (position 740) shares the first 3 of the prompt's 93 tokens (the prompt differs from it from that token on)
2026-09-22 12:26:05.101 INFO  sched: request 'chatcmpl-1062cbf6a2895d68' admitted to slot 3 (reserve 34 blocks; pool 233/4096 blocks in use) — first token 8160
2026-09-22 12:26:06.294 INFO  sched: request 'chatcmpl-1062cbf6a2895d63' retired (eos): 453 tok in 18.8 s — prefill 104 tok (0 cached) in 314 ms; decode 452 tok / 233 passes in 18.5 s: 24.5 tok/s, 40.9 ms/tok, 79 ms/pass, 1.94 tok/pass, accept p1 94 %
2026-09-22 12:26:06.669 INFO  sched: request 'chatcmpl-1062cbf6a2895d69' prefix cache miss — 2 cut(s) probed against 23 entries; the nearest entry (position 740) shares the first 3 of the prompt's 76 tokens (the prompt differs from it from that token on)
2026-09-22 12:26:06.669 INFO  sched: request 'chatcmpl-1062cbf6a2895d69' admitted to slot 1 (reserve 34 blocks; pool 233/4096 blocks in use) — first token 8160
2026-09-22 12:26:08.395 INFO  sched: request 'chatcmpl-1062cbf6a2895d66' retired (eos): 306 tok in 12.8 s — prefill 123 tok (0 cached) in 324 ms; decode 305 tok / 161 passes in 12.4 s: 24.5 tok/s, 40.8 ms/tok, 77 ms/pass, 1.89 tok/pass, accept p1 90 %
2026-09-22 12:26:08.763 INFO  sched: request 'chatcmpl-1062cbf6a2895d6a' prefix cache miss — 2 cut(s) probed against 23 entries; the nearest entry (position 580) shares the first 3 of the prompt's 88 tokens (the prompt differs from it from that token on)
2026-09-22 12:26:08.763 INFO  sched: request 'chatcmpl-1062cbf6a2895d6a' admitted to slot 2 (reserve 34 blocks; pool 229/4096 blocks in use) — first token 8160
2026-09-22 12:26:14.263 INFO  stats: rank 1 | 10.0 s | decode 94.9 tok/s, 9.5 ms/tok, 73.6 ms/step (123 steps / 950 tok, 90 % of wall) | mtp 1.94 tok/step/req, accept p1 94 % | prefill 3 prompts / 257 tok, 26 tok/s, 3.29 ms/tok, 282 ms avg (8 % of wall), 0 tok cached (0/3 hits) | live 4, queued 0 | pool 225/4096 blocks (5 %) | prefix cache 23/27 entries
2026-09-22 12:26:14.642 INFO  sched: request 'chatcmpl-1062cbf6a2895d69' retired (eos): 204 tok in 8.0 s — prefill 76 tok (0 cached) in 301 ms; decode 203 tok / 103 passes in 7.7 s: 26.5 tok/s, 37.8 ms/tok, 74 ms/pass, 1.97 tok/pass, accept p1 97 %
2026-09-22 12:26:15.014 INFO  sched: request 'chatcmpl-1062cbf6a2895d6b' prefix cache miss — 2 cut(s) probed against 23 entries; the nearest entry (position 580) shares the first 3 of the prompt's 88 tokens (the prompt differs from it from that token on)
2026-09-22 12:26:15.014 INFO  sched: request 'chatcmpl-1062cbf6a2895d6b' admitted to slot 1 (reserve 34 blocks; pool 229/4096 blocks in use) — first token 8160
2026-09-22 12:26:16.145 INFO  sched: request 'chatcmpl-1062cbf6a2895d67' retired (eos): 336 tok in 13.9 s — prefill 97 tok (0 cached) in 249 ms; decode 335 tok / 171 passes in 13.6 s: 24.6 tok/s, 40.7 ms/tok, 80 ms/pass, 1.96 tok/pass, accept p1 96 %
2026-09-22 12:26:16.520 INFO  sched: request 'chatcmpl-1062cbf6a2895d6c' prefix cache miss — 2 cut(s) probed against 23 entries; the nearest entry (position 580) shares the first 3 of the prompt's 92 tokens (the prompt differs from it from that token on)
2026-09-22 12:26:16.520 INFO  sched: request 'chatcmpl-1062cbf6a2895d6c' admitted to slot 0 (reserve 34 blocks; pool 228/4096 blocks in use) — first token 1206
2026-09-22 12:26:22.097 INFO  sched: request 'chatcmpl-1062cbf6a2895d6a' retired (eos): 329 tok in 13.3 s — prefill 88 tok (0 cached) in 295 ms; decode 328 tok / 171 passes in 13.0 s: 25.2 tok/s, 39.8 ms/tok, 76 ms/pass, 1.92 tok/pass, accept p1 92 %
2026-09-22 12:26:22.470 INFO  sched: request 'chatcmpl-1062cbf6a2895d6d' prefix cache miss — 2 cut(s) probed against 23 entries; the nearest entry (position 556) shares the first 3 of the prompt's 95 tokens (the prompt differs from it from that token on)
2026-09-22 12:26:22.470 INFO  sched: request 'chatcmpl-1062cbf6a2895d6d' admitted to slot 2 (reserve 34 blocks; pool 225/4096 blocks in use) — first token 1206
2026-09-22 12:26:24.330 INFO  stats: rank 1 | 10.1 s | decode 92.2 tok/s, 9.8 ms/tok, 73.6 ms/step (123 steps / 928 tok, 90 % of wall) | mtp 1.90 tok/step/req, accept p1 89 % | prefill 3 prompts / 275 tok, 27 tok/s, 3.26 ms/tok, 299 ms avg (9 % of wall), 0 tok cached (0/3 hits) | live 4, queued 0 | pool 222/4096 blocks (5 %) | prefix cache 23/27 entries
2026-09-22 12:26:24.634 INFO  sched: request 'chatcmpl-1062cbf6a2895d6b' retired (eos): 231 tok in 9.6 s — prefill 88 tok (0 cached) in 298 ms; decode 230 tok / 121 passes in 9.3 s: 24.7 tok/s, 40.5 ms/tok, 77 ms/pass, 1.90 tok/pass, accept p1 90 %
2026-09-22 12:26:24.946 INFO  sched: request 'chatcmpl-1062cbf6a2895d6e' prefix cache miss — 1 cut(s) probed against 23 entries; the nearest entry (position 556) shares the first 3 of the prompt's 81 tokens (the prompt differs from it from that token on)
2026-09-22 12:26:24.946 INFO  sched: request 'chatcmpl-1062cbf6a2895d6e' admitted to slot 1 (reserve 34 blocks; pool 226/4096 blocks in use) — first token 8160
2026-09-22 12:26:25.101 INFO  sched: request 'chatcmpl-1062cbf6a2895d6c' retired (eos): 210 tok in 8.6 s — prefill 92 tok (0 cached) in 298 ms; decode 209 tok / 108 passes in 8.3 s: 25.2 tok/s, 39.6 ms/tok, 77 ms/pass, 1.94 tok/pass, accept p1 94 %
2026-09-22 12:26:25.469 INFO  sched: request 'chatcmpl-1062cbf6a2895d6f' prefix cache miss — 2 cut(s) probed against 23 entries; the nearest entry (position 556) shares the first 3 of the prompt's 75 tokens (the prompt differs from it from that token on)
2026-09-22 12:26:25.469 INFO  sched: request 'chatcmpl-1062cbf6a2895d6f' admitted to slot 0 (reserve 34 blocks; pool 225/4096 blocks in use) — first token 8160
2026-09-22 12:26:30.241 INFO  sched: request 'chatcmpl-1062cbf6a2895d68' retired (eos): 582 tok in 25.1 s — prefill 93 tok (0 cached) in 251 ms; decode 581 tok / 310 passes in 24.9 s: 23.3 tok/s, 42.8 ms/tok, 80 ms/pass, 1.87 tok/pass, accept p1 87 %
2026-09-22 12:26:30.631 INFO  sched: request 'chatcmpl-1062cbf6a2895d70' prefix cache miss — 2 cut(s) probed against 23 entries; the nearest entry (position 672) shares the first 3 of the prompt's 124 tokens (the prompt differs from it from that token on)
2026-09-22 12:26:30.631 INFO  sched: request 'chatcmpl-1062cbf6a2895d70' admitted to slot 3 (reserve 34 blocks; pool 231/4096 blocks in use) — first token 8160
2026-09-22 12:26:30.785 INFO  sched: request 'chatcmpl-1062cbf6a2895d6e' retired (eos): 134 tok in 5.8 s — prefill 81 tok (0 cached) in 238 ms; decode 133 tok / 70 passes in 5.6 s: 23.7 tok/s, 42.1 ms/tok, 80 ms/pass, 1.90 tok/pass, accept p1 90 %
2026-09-22 12:26:31.148 INFO  sched: request 'chatcmpl-1062cbf6a2895d71' prefix cache miss — 2 cut(s) probed against 23 entries; the nearest entry (position 556) shares the first 4 of the prompt's 72 tokens (the prompt differs from it from that token on)
2026-09-22 12:26:31.148 INFO  sched: request 'chatcmpl-1062cbf6a2895d71' admitted to slot 1 (reserve 34 blocks; pool 227/4096 blocks in use) — first token 8160
2026-09-22 12:26:34.350 INFO  stats: rank 1 | 10.0 s | decode 90.0 tok/s, 9.7 ms/tok, 73.6 ms/step (119 steps / 902 tok, 87 % of wall) | mtp 1.91 tok/step/req, accept p1 90 % | prefill 4 prompts / 352 tok, 35 tok/s, 3.25 ms/tok, 286 ms avg (11 % of wall), 0 tok cached (0/4 hits) | live 4, queued 0 | pool 224/4096 blocks (5 %) | prefix cache 23/27 entries
2026-09-22 12:26:34.428 INFO  sched: request 'chatcmpl-1062cbf6a2895d6f' retired (eos): 218 tok in 9.0 s — prefill 75 tok (0 cached) in 294 ms; decode 217 tok / 112 passes in 8.7 s: 25.0 tok/s, 39.9 ms/tok, 77 ms/pass, 1.94 tok/pass, accept p1 94 %
2026-09-22 12:26:34.749 INFO  sched: request 'chatcmpl-1062cbf6a2895d72' prefix cache miss — 1 cut(s) probed against 23 entries; the nearest entry (position 276) shares the first 4 of the prompt's 74 tokens (the prompt differs from it from that token on)
2026-09-22 12:26:34.749 INFO  sched: request 'chatcmpl-1062cbf6a2895d72' admitted to slot 0 (reserve 34 blocks; pool 227/4096 blocks in use) — first token 8160
2026-09-22 12:26:39.517 INFO  sched: request 'chatcmpl-1062cbf6a2895d6d' retired (eos): 396 tok in 17.0 s — prefill 95 tok (0 cached) in 301 ms; decode 395 tok / 210 passes in 16.7 s: 23.6 tok/s, 42.4 ms/tok, 80 ms/pass, 1.88 tok/pass, accept p1 88 %
2026-09-22 12:26:39.900 INFO  sched: request 'chatcmpl-1062cbf6a2895d73' prefix cache miss — 2 cut(s) probed against 23 entries; the nearest entry (position 672) shares the first 3 of the prompt's 103 tokens (the prompt differs from it from that token on)
2026-09-22 12:26:39.900 INFO  sched: request 'chatcmpl-1062cbf6a2895d73' admitted to slot 2 (reserve 34 blocks; pool 228/4096 blocks in use) — first token 8160
2026-09-22 12:26:42.444 INFO  sched: request 'chatcmpl-1062cbf6a2895d71' retired (eos): 286 tok in 11.3 s — prefill 72 tok (0 cached) in 289 ms; decode 285 tok / 144 passes in 11.0 s: 25.9 tok/s, 38.6 ms/tok, 76 ms/pass, 1.98 tok/pass, accept p1 98 %
2026-09-22 12:26:42.817 INFO  sched: request 'chatcmpl-1062cbf6a2895d74' prefix cache miss — 2 cut(s) probed against 23 entries; the nearest entry (position 672) shares the first 3 of the prompt's 99 tokens (the prompt differs from it from that token on)
2026-09-22 12:26:42.817 INFO  sched: request 'chatcmpl-1062cbf6a2895d74' admitted to slot 1 (reserve 34 blocks; pool 228/4096 blocks in use) — first token 1206
2026-09-22 12:26:44.387 INFO  stats: rank 1 | 10.0 s | decode 95.7 tok/s, 9.4 ms/tok, 73.7 ms/step (123 steps / 961 tok, 90 % of wall) | mtp 1.97 tok/step/req, accept p1 96 % | prefill 3 prompts / 276 tok, 27 tok/s, 3.11 ms/tok, 286 ms avg (9 % of wall), 0 tok cached (0/3 hits) | live 4, queued 0 | pool 220/4096 blocks (5 %) | prefix cache 23/27 entries
2026-09-22 12:26:46.173 INFO  sched: request 'chatcmpl-1062cbf6a2895d72' retired (eos): 282 tok in 11.4 s — prefill 74 tok (0 cached) in 246 ms; decode 281 tok / 145 passes in 11.2 s: 25.1 tok/s, 39.8 ms/tok, 77 ms/pass, 1.94 tok/pass, accept p1 94 %
2026-09-22 12:26:46.561 INFO  sched: request 'chatcmpl-1062cbf6a2895d75' prefix cache miss — 2 cut(s) probed against 23 entries; the nearest entry (position 672) shares the first 3 of the prompt's 112 tokens (the prompt differs from it from that token on)
2026-09-22 12:26:46.561 INFO  sched: request 'chatcmpl-1062cbf6a2895d75' admitted to slot 0 (reserve 34 blocks; pool 224/4096 blocks in use) — first token 8160
2026-09-22 12:26:49.189 INFO  sched: request 'chatcmpl-1062cbf6a2895d70' retired (eos): 451 tok in 18.6 s — prefill 124 tok (0 cached) in 324 ms; decode 450 tok / 229 passes in 18.2 s: 24.7 tok/s, 40.5 ms/tok, 80 ms/pass, 1.97 tok/pass, accept p1 97 %
2026-09-22 12:26:49.501 INFO  sched: request 'chatcmpl-1062cbf6a2895d76' prefix cache miss — 1 cut(s) probed against 23 entries; the nearest entry (position 416) shares the first 6 of the prompt's 101 tokens (the prompt differs from it from that token on)
2026-09-22 12:26:49.501 INFO  sched: request 'chatcmpl-1062cbf6a2895d76' admitted to slot 3 (reserve 34 blocks; pool 227/4096 blocks in use) — first token 8160
2026-09-22 12:26:53.215 INFO  sched: request 'chatcmpl-1062cbf6a2895d73' retired (eos): 322 tok in 13.3 s — prefill 103 tok (0 cached) in 309 ms; decode 321 tok / 167 passes in 13.0 s: 24.7 tok/s, 40.5 ms/tok, 78 ms/pass, 1.92 tok/pass, accept p1 93 %
2026-09-22 12:26:53.615 INFO  sched: request 'chatcmpl-1062cbf6a2895d77' prefix cache miss — 2 cut(s) probed against 23 entries; the nearest entry (position 672) shares the first 3 of the prompt's 124 tokens (the prompt differs from it from that token on)
2026-09-22 12:26:53.615 INFO  sched: request 'chatcmpl-1062cbf6a2895d77' admitted to slot 2 (reserve 34 blocks; pool 229/4096 blocks in use) — first token 1206
2026-09-22 12:26:54.430 INFO  stats: rank 1 | 10.0 s | decode 94.0 tok/s, 9.6 ms/tok, 73.5 ms/step (123 steps / 944 tok, 90 % of wall) | mtp 1.93 tok/step/req, accept p1 93 % | prefill 3 prompts / 337 tok, 34 tok/s, 2.64 ms/tok, 297 ms avg (9 % of wall), 0 tok cached (0/3 hits) | live 4, queued 0 | pool 223/4096 blocks (5 %) | prefix cache 23/27 entries
2026-09-22 12:26:54.662 INFO  sched: request 'chatcmpl-1062cbf6a2895d74' retired (eos): 286 tok in 11.8 s — prefill 99 tok (0 cached) in 303 ms; decode 285 tok / 147 passes in 11.5 s: 24.7 tok/s, 40.5 ms/tok, 79 ms/pass, 1.94 tok/pass, accept p1 95 %
2026-09-22 12:26:55.050 INFO  sched: request 'chatcmpl-1062cbf6a2895d78' prefix cache miss — 2 cut(s) probed against 23 entries; the nearest entry (position 672) shares the first 3 of the prompt's 111 tokens (the prompt differs from it from that token on)
2026-09-22 12:26:55.050 INFO  sched: request 'chatcmpl-1062cbf6a2895d78' admitted to slot 1 (reserve 34 blocks; pool 228/4096 blocks in use) — first token 1206
2026-09-22 12:26:58.758 INFO  sched: request 'chatcmpl-1062cbf6a2895d75' retired (eos): 288 tok in 12.2 s — prefill 112 tok (0 cached) in 315 ms; decode 287 tok / 152 passes in 11.9 s: 24.2 tok/s, 41.4 ms/tok, 78 ms/pass, 1.89 tok/pass, accept p1 89 %
2026-09-22 12:26:59.122 INFO  sched: request 'chatcmpl-1062cbf6a2895d79' prefix cache miss — 2 cut(s) probed against 23 entries; the nearest entry (position 672) shares the first 3 of the prompt's 71 tokens (the prompt differs from it from that token on)
2026-09-22 12:26:59.122 INFO  sched: request 'chatcmpl-1062cbf6a2895d79' admitted to slot 0 (reserve 34 blocks; pool 227/4096 blocks in use) — first token 1206
2026-09-22 12:27:00.838 INFO  sched: request 'chatcmpl-1062cbf6a2895d76' retired (eos): 275 tok in 11.3 s — prefill 101 tok (0 cached) in 251 ms; decode 274 tok / 140 passes in 11.1 s: 24.7 tok/s, 40.5 ms/tok, 79 ms/pass, 1.96 tok/pass, accept p1 96 %
2026-09-22 12:27:01.157 INFO  sched: request 'chatcmpl-1062cbf6a2895d7a' prefix cache miss — 1 cut(s) probed against 23 entries; the nearest entry (position 672) shares the first 3 of the prompt's 102 tokens (the prompt differs from it from that token on)
2026-09-22 12:27:01.157 INFO  sched: request 'chatcmpl-1062cbf6a2895d7a' admitted to slot 3 (reserve 34 blocks; pool 227/4096 blocks in use) — first token 8160
2026-09-22 12:27:04.495 INFO  stats: rank 1 | 10.1 s | decode 95.8 tok/s, 9.4 ms/tok, 73.3 ms/step (124 steps / 964 tok, 90 % of wall) | mtp 1.96 tok/step/req, accept p1 96 % | prefill 3 prompts / 284 tok, 28 tok/s, 3.03 ms/tok, 287 ms avg (9 % of wall), 0 tok cached (0/3 hits) | live 4, queued 0 | pool 223/4096 blocks (5 %) | prefix cache 23/27 entries
2026-09-22 12:27:06.276 INFO  sched: request 'chatcmpl-1062cbf6a2895d78' retired (eos): 282 tok in 11.2 s — prefill 111 tok (0 cached) in 314 ms; decode 281 tok / 144 passes in 10.9 s: 25.7 tok/s, 38.8 ms/tok, 76 ms/pass, 1.95 tok/pass, accept p1 95 %
2026-09-22 12:27:06.601 INFO  sched: request 'chatcmpl-1062cbf6a2895d7b' prefix cache miss — 1 cut(s) probed against 23 entries; the nearest entry (position 672) shares the first 3 of the prompt's 98 tokens (the prompt differs from it from that token on)
2026-09-22 12:27:06.601 INFO  sched: request 'chatcmpl-1062cbf6a2895d7b' admitted to slot 1 (reserve 34 blocks; pool 230/4096 blocks in use) — first token 8160
2026-09-22 12:27:10.389 INFO  sched: request 'chatcmpl-1062cbf6a2895d79' retired (eos): 287 tok in 11.3 s — prefill 71 tok (0 cached) in 290 ms; decode 286 tok / 145 passes in 11.0 s: 26.1 tok/s, 38.4 ms/tok, 76 ms/pass, 1.97 tok/pass, accept p1 98 %
2026-09-22 12:27:10.390 INFO  sched: request 'chatcmpl-1062cbf6a2895d77' retired (eos): 414 tok in 16.8 s — prefill 124 tok (0 cached) in 325 ms; decode 413 tok / 211 passes in 16.4 s: 25.1 tok/s, 39.8 ms/tok, 78 ms/pass, 1.96 tok/pass, accept p1 96 %
2026-09-22 12:27:10.703 INFO  sched: request 'chatcmpl-1062cbf6a2895d7c' prefix cache miss — 1 cut(s) probed against 24 entries; the nearest entry (position 572) shares the first 3 of the prompt's 73 tokens (the prompt differs from it from that token on)
2026-09-22 12:27:10.703 INFO  sched: request 'chatcmpl-1062cbf6a2895d7c' admitted to slot 0 (reserve 34 blocks; pool 198/4096 blocks in use) — first token 1206
2026-09-22 12:27:11.072 INFO  sched: request 'chatcmpl-1062cbf6a2895d7d' prefix cache miss — 2 cut(s) probed against 24 entries; the nearest entry (position 572) shares the first 3 of the prompt's 79 tokens (the prompt differs from it from that token on)
2026-09-22 12:27:11.072 INFO  sched: request 'chatcmpl-1062cbf6a2895d7d' admitted to slot 2 (reserve 34 blocks; pool 229/4096 blocks in use) — first token 8160
2026-09-22 12:27:14.559 INFO  stats: rank 1 | 10.1 s | decode 96.8 tok/s, 9.4 ms/tok, 73.3 ms/step (125 steps / 974 tok, 91 % of wall) | mtp 1.96 tok/step/req, accept p1 96 % | prefill 3 prompts / 250 tok, 25 tok/s, 3.15 ms/tok, 262 ms avg (8 % of wall), 0 tok cached (0/3 hits) | live 4, queued 0 | pool 226/4096 blocks (6 %) | prefix cache 23/27 entries
2026-09-22 12:27:15.152 INFO  sched: request 'chatcmpl-1062cbf6a2895d7a' retired (eos): 355 tok in 14.0 s — prefill 102 tok (0 cached) in 257 ms; decode 354 tok / 178 passes in 13.7 s: 25.8 tok/s, 38.8 ms/tok, 77 ms/pass, 1.99 tok/pass, accept p1 99 %
2026-09-22 12:27:15.458 INFO  sched: request 'chatcmpl-1062cbf6a2895d7e' prefix cache miss — 1 cut(s) probed against 23 entries; the nearest entry (position 572) shares the first 3 of the prompt's 74 tokens (the prompt differs from it from that token on)
2026-09-22 12:27:15.458 INFO  sched: request 'chatcmpl-1062cbf6a2895d7e' admitted to slot 3 (reserve 34 blocks; pool 233/4096 blocks in use) — first token 1206
2026-09-22 12:27:16.652 INFO  sched: request 'chatcmpl-1062cbf6a2895d7c' retired (eos): 144 tok in 5.9 s — prefill 73 tok (0 cached) in 245 ms; decode 143 tok / 73 passes in 5.7 s: 25.1 tok/s, 39.9 ms/tok, 78 ms/pass, 1.96 tok/pass, accept p1 96 %
2026-09-22 12:27:16.984 INFO  sched: request 'chatcmpl-1062cbf6a2895d7f' prefix cache miss — 1 cut(s) probed against 23 entries; the nearest entry (position 572) shares the first 3 of the prompt's 101 tokens (the prompt differs from it from that token on)
2026-09-22 12:27:16.984 INFO  sched: request 'chatcmpl-1062cbf6a2895d7f' admitted to slot 0 (reserve 34 blocks; pool 229/4096 blocks in use) — first token 8160
2026-09-22 12:27:22.788 INFO  sched: request 'chatcmpl-1062cbf6a2895d7d' retired (eos): 290 tok in 11.7 s — prefill 79 tok (0 cached) in 292 ms; decode 289 tok / 151 passes in 11.4 s: 25.3 tok/s, 39.5 ms/tok, 76 ms/pass, 1.91 tok/pass, accept p1 92 %
2026-09-22 12:27:23.106 INFO  sched: request 'chatcmpl-1062cbf6a2895d80' prefix cache miss — 1 cut(s) probed against 23 entries; the nearest entry (position 572) shares the first 3 of the prompt's 85 tokens (the prompt differs from it from that token on)
2026-09-22 12:27:23.106 INFO  sched: request 'chatcmpl-1062cbf6a2895d80' admitted to slot 2 (reserve 34 blocks; pool 229/4096 blocks in use) — first token 8160
2026-09-22 12:27:23.633 INFO  sched: request 'chatcmpl-1062cbf6a2895d7e' retired (eos): 196 tok in 8.2 s — prefill 74 tok (0 cached) in 244 ms; decode 195 tok / 103 passes in 7.9 s: 24.6 tok/s, 40.7 ms/tok, 77 ms/pass, 1.89 tok/pass, accept p1 89 %
2026-09-22 12:27:23.998 INFO  sched: request 'chatcmpl-1062cbf6a2895d81' prefix cache miss — 2 cut(s) probed against 23 entries; the nearest entry (position 572) shares the first 3 of the prompt's 91 tokens (the prompt differs from it from that token on)
2026-09-22 12:27:23.998 INFO  sched: request 'chatcmpl-1062cbf6a2895d81' admitted to slot 3 (reserve 34 blocks; pool 228/4096 blocks in use) — first token 1206
2026-09-22 12:27:24.377 INFO  sched: request 'chatcmpl-1062cbf6a2895d7f' retired (eos): 179 tok in 7.4 s — prefill 101 tok (0 cached) in 258 ms; decode 178 tok / 92 passes in 7.1 s: 24.9 tok/s, 40.1 ms/tok, 78 ms/pass, 1.93 tok/pass, accept p1 95 %
2026-09-22 12:27:24.751 INFO  sched: request 'chatcmpl-1062cbf6a2895d82' prefix cache miss — 2 cut(s) probed against 23 entries; the nearest entry (position 88) shares the first 4 of the prompt's 87 tokens (the prompt differs from it from that token on)
2026-09-22 12:27:24.751 INFO  sched: request 'chatcmpl-1062cbf6a2895d82' admitted to slot 0 (reserve 34 blocks; pool 224/4096 blocks in use) — first token 8160
2026-09-22 12:27:24.822 INFO  stats: rank 1 | 10.3 s | decode 90.5 tok/s, 9.5 ms/tok, 73.3 ms/step (120 steps / 929 tok, 86 % of wall) | mtp 1.96 tok/step/req, accept p1 95 % | prefill 5 prompts / 438 tok, 43 tok/s, 3.06 ms/tok, 268 ms avg (13 % of wall), 0 tok cached (0/5 hits) | live 4, queued 0 | pool 218/4096 blocks (5 %) | prefix cache 23/27 entries
2026-09-22 12:27:30.564 INFO  sched: request 'chatcmpl-1062cbf6a2895d7b' retired (eos): 582 tok in 24.0 s — prefill 98 tok (0 cached) in 249 ms; decode 581 tok / 297 passes in 23.7 s: 24.5 tok/s, 40.8 ms/tok, 80 ms/pass, 1.96 tok/pass, accept p1 96 %
2026-09-22 12:27:30.942 INFO  sched: request 'chatcmpl-1062cbf6a2895d83' prefix cache miss — 2 cut(s) probed against 23 entries; the nearest entry (position 676) shares the first 3 of the prompt's 92 tokens (the prompt differs from it from that token on)
2026-09-22 12:27:30.942 INFO  sched: request 'chatcmpl-1062cbf6a2895d83' admitted to slot 1 (reserve 34 blocks; pool 227/4096 blocks in use) — first token 1206
2026-09-22 12:27:34.892 INFO  stats: rank 1 | 10.1 s | decode 100.2 tok/s, 9.6 ms/tok, 73.8 ms/step (131 steps / 1009 tok, 96 % of wall) | mtp 1.93 tok/step/req, accept p1 93 % | prefill 1 prompt / 92 tok, 9 tok/s, 3.30 ms/tok, 304 ms avg (3 % of wall), 0 tok cached (0/1 hit) | live 4, queued 0 | pool 223/4096 blocks (5 %) | prefix cache 23/27 entries
2026-09-22 12:27:36.465 INFO  sched: request 'chatcmpl-1062cbf6a2895d80' retired (eos): 322 tok in 13.4 s — prefill 85 tok (0 cached) in 241 ms; decode 321 tok / 167 passes in 13.1 s: 24.5 tok/s, 40.9 ms/tok, 79 ms/pass, 1.92 tok/pass, accept p1 93 %
2026-09-22 12:27:36.780 INFO  sched: request 'chatcmpl-1062cbf6a2895d84' prefix cache miss — 1 cut(s) probed against 23 entries; the nearest entry (position 676) shares the first 3 of the prompt's 74 tokens (the prompt differs from it from that token on)
2026-09-22 12:27:36.780 INFO  sched: request 'chatcmpl-1062cbf6a2895d84' admitted to slot 2 (reserve 34 blocks; pool 228/4096 blocks in use) — first token 8160
2026-09-22 12:27:38.199 INFO  sched: request 'chatcmpl-1062cbf6a2895d83' retired (eos): 176 tok in 7.3 s — prefill 92 tok (0 cached) in 304 ms; decode 175 tok / 94 passes in 7.0 s: 25.2 tok/s, 39.7 ms/tok, 74 ms/pass, 1.86 tok/pass, accept p1 86 %
2026-09-22 12:27:38.564 INFO  sched: request 'chatcmpl-1062cbf6a2895d85' prefix cache miss — 2 cut(s) probed against 23 entries; the nearest entry (position 676) shares the first 3 of the prompt's 79 tokens (the prompt differs from it from that token on)
2026-09-22 12:27:38.564 INFO  sched: request 'chatcmpl-1062cbf6a2895d85' admitted to slot 1 (reserve 34 blocks; pool 227/4096 blocks in use) — first token 1206
2026-09-22 12:27:39.012 INFO  sched: request 'chatcmpl-1062cbf6a2895d82' retired (eos): 345 tok in 14.3 s — prefill 87 tok (0 cached) in 299 ms; decode 344 tok / 180 passes in 14.0 s: 24.6 tok/s, 40.6 ms/tok, 78 ms/pass, 1.91 tok/pass, accept p1 91 %
2026-09-22 12:27:39.373 INFO  sched: request 'chatcmpl-1062cbf6a2895d86' prefix cache miss — 2 cut(s) probed against 23 entries; the nearest entry (position 676) shares the first 3 of the prompt's 71 tokens (the prompt differs from it from that token on)
2026-09-22 12:27:39.373 INFO  sched: request 'chatcmpl-1062cbf6a2895d86' admitted to slot 0 (reserve 34 blocks; pool 227/4096 blocks in use) — first token 1206
2026-09-22 12:27:39.820 INFO  sched: request 'chatcmpl-1062cbf6a2895d81' retired (eos): 376 tok in 15.8 s — prefill 91 tok (0 cached) in 300 ms; decode 375 tok / 193 passes in 15.5 s: 24.2 tok/s, 41.4 ms/tok, 80 ms/pass, 1.94 tok/pass, accept p1 95 %
2026-09-22 12:27:40.125 INFO  sched: request 'chatcmpl-1062cbf6a2895d87' prefix cache miss — 1 cut(s) probed against 23 entries; the nearest entry (position 676) shares the first 3 of the prompt's 74 tokens (the prompt differs from it from that token on)
2026-09-22 12:27:40.125 INFO  sched: request 'chatcmpl-1062cbf6a2895d87' admitted to slot 3 (reserve 34 blocks; pool 227/4096 blocks in use) — first token 1206
2026-09-22 12:27:44.898 INFO  stats: rank 1 | 10.0 s | decode 91.9 tok/s, 9.6 ms/tok, 72.9 ms/step (121 steps / 920 tok, 88 % of wall) | mtp 1.92 tok/step/req, accept p1 91 % | prefill 4 prompts / 298 tok, 30 tok/s, 3.57 ms/tok, 266 ms avg (11 % of wall), 0 tok cached (0/4 hits) | live 4, queued 0 | pool 222/4096 blocks (5 %) | prefix cache 23/27 entries
2026-09-22 12:27:48.092 INFO  sched: request 'chatcmpl-1062cbf6a2895d87' retired (eos): 212 tok in 8.0 s — prefill 74 tok (0 cached) in 243 ms; decode 211 tok / 108 passes in 7.7 s: 27.3 tok/s, 36.6 ms/tok, 72 ms/pass, 1.95 tok/pass, accept p1 96 %
2026-09-22 12:27:48.402 INFO  sched: request 'chatcmpl-1062cbf6a2895d88' prefix cache miss — 1 cut(s) probed against 23 entries; the nearest entry (position 64) shares the first 6 of the prompt's 89 tokens (the prompt differs from it from that token on)
2026-09-22 12:27:48.402 INFO  sched: request 'chatcmpl-1062cbf6a2895d88' admitted to slot 3 (reserve 34 blocks; pool 218/4096 blocks in use) — first token 8160
2026-09-22 12:27:50.193 INFO  sched: request 'chatcmpl-1062cbf6a2895d86' retired (eos): 272 tok in 10.8 s — prefill 71 tok (0 cached) in 287 ms; decode 271 tok / 140 passes in 10.5 s: 25.7 tok/s, 38.9 ms/tok, 75 ms/pass, 1.94 tok/pass, accept p1 94 %
2026-09-22 12:27:50.509 INFO  sched: request 'chatcmpl-1062cbf6a2895d89' prefix cache miss — 1 cut(s) probed against 23 entries; the nearest entry (position 676) shares the first 3 of the prompt's 73 tokens (the prompt differs from it from that token on)
2026-09-22 12:27:50.509 INFO  sched: request 'chatcmpl-1062cbf6a2895d89' admitted to slot 0 (reserve 34 blocks; pool 223/4096 blocks in use) — first token 8160
2026-09-22 12:27:54.953 INFO  stats: rank 1 | 10.1 s | decode 101.0 tok/s, 9.3 ms/tok, 73.3 ms/step (129 steps / 1016 tok, 94 % of wall) | mtp 1.98 tok/step/req, accept p1 98 % | prefill 2 prompts / 162 tok, 16 tok/s, 2.99 ms/tok, 243 ms avg (5 % of wall), 0 tok cached (0/2 hits) | live 4, queued 0 | pool 215/4096 blocks (5 %) | prefix cache 23/27 entries
2026-09-22 12:27:57.346 INFO  sched: request 'chatcmpl-1062cbf6a2895d84' retired (eos): 510 tok in 20.6 s — prefill 74 tok (0 cached) in 243 ms; decode 509 tok / 260 passes in 20.3 s: 25.0 tok/s, 39.9 ms/tok, 78 ms/pass, 1.96 tok/pass, accept p1 96 %
2026-09-22 12:27:57.421 INFO  sched: request 'chatcmpl-1062cbf6a2895d85' retired (eos): 471 tok in 18.9 s — prefill 79 tok (0 cached) in 291 ms; decode 470 tok / 241 passes in 18.6 s: 25.3 tok/s, 39.5 ms/tok, 77 ms/pass, 1.95 tok/pass, accept p1 95 %
2026-09-22 12:27:57.750 INFO  sched: request 'chatcmpl-1062cbf6a2895d8a' prefix cache miss — 2 cut(s) probed against 24 entries; the nearest entry (position 676) shares the first 3 of the prompt's 135 tokens (the prompt differs from it from that token on)
2026-09-22 12:27:57.750 INFO  sched: request 'chatcmpl-1062cbf6a2895d8a' admitted to slot 1 (reserve 35 blocks; pool 198/4096 blocks in use) — first token 1206
2026-09-22 12:27:58.090 INFO  sched: request 'chatcmpl-1062cbf6a2895d8b' prefix cache miss — 1 cut(s) probed against 23 entries; the nearest entry (position 676) shares the first 3 of the prompt's 118 tokens (the prompt differs from it from that token on)
2026-09-22 12:27:58.090 INFO  sched: request 'chatcmpl-1062cbf6a2895d8b' admitted to slot 2 (reserve 34 blocks; pool 229/4096 blocks in use) — first token 1206
2026-09-22 12:27:58.387 INFO  sched: request 'chatcmpl-1062cbf6a2895d88' retired (eos): 243 tok in 10.0 s — prefill 89 tok (0 cached) in 245 ms; decode 242 tok / 123 passes in 9.7 s: 24.8 tok/s, 40.3 ms/tok, 79 ms/pass, 1.97 tok/pass, accept p1 98 %
2026-09-22 12:27:58.715 INFO  sched: request 'chatcmpl-1062cbf6a2895d8c' prefix cache miss — 1 cut(s) probed against 23 entries; the nearest entry (position 676) shares the first 3 of the prompt's 118 tokens (the prompt differs from it from that token on)
2026-09-22 12:27:58.715 INFO  sched: request 'chatcmpl-1062cbf6a2895d8c' admitted to slot 3 (reserve 34 blocks; pool 231/4096 blocks in use) — first token 8160
2026-09-22 12:28:00.907 INFO  sched: request 'chatcmpl-1062cbf6a2895d89' retired (eos): 255 tok in 10.4 s — prefill 73 tok (0 cached) in 240 ms; decode 254 tok / 129 passes in 10.2 s: 25.0 tok/s, 40.0 ms/tok, 79 ms/pass, 1.97 tok/pass, accept p1 97 %
2026-09-22 12:28:01.226 INFO  sched: request 'chatcmpl-1062cbf6a2895d8d' prefix cache miss — 1 cut(s) probed against 23 entries; the nearest entry (position 676) shares the first 3 of the prompt's 86 tokens (the prompt differs from it from that token on)
2026-09-22 12:28:01.226 INFO  sched: request 'chatcmpl-1062cbf6a2895d8d' admitted to slot 0 (reserve 34 blocks; pool 232/4096 blocks in use) — first token 1206
2026-09-22 12:28:04.976 INFO  stats: rank 1 | 10.0 s | decode 93.6 tok/s, 9.4 ms/tok, 72.8 ms/step (121 steps / 938 tok, 88 % of wall) | mtp 1.95 tok/step/req, accept p1 95 % | prefill 4 prompts / 457 tok, 46 tok/s, 2.41 ms/tok, 276 ms avg (11 % of wall), 0 tok cached (0/4 hits) | live 4, queued 0 | pool 228/4096 blocks (6 %) | prefix cache 23/27 entries
2026-09-22 12:28:10.794 INFO  sched: request 'chatcmpl-1062cbf6a2895d8a' retired (eos): 326 tok in 13.0 s — prefill 135 tok (0 cached) in 329 ms; decode 325 tok / 166 passes in 12.7 s: 25.6 tok/s, 39.1 ms/tok, 77 ms/pass, 1.96 tok/pass, accept p1 96 %
2026-09-22 12:28:11.114 INFO  sched: request 'chatcmpl-1062cbf6a2895d8e' prefix cache miss — 1 cut(s) probed against 23 entries; the nearest entry (position 76) shares the first 4 of the prompt's 74 tokens (the prompt differs from it from that token on)
2026-09-22 12:28:11.114 INFO  sched: request 'chatcmpl-1062cbf6a2895d8e' admitted to slot 1 (reserve 34 blocks; pool 233/4096 blocks in use) — first token 8160
2026-09-22 12:28:11.719 INFO  sched: request 'chatcmpl-1062cbf6a2895d8c' retired (eos): 325 tok in 13.0 s — prefill 118 tok (0 cached) in 264 ms; decode 324 tok / 169 passes in 12.7 s: 25.4 tok/s, 39.3 ms/tok, 75 ms/pass, 1.92 tok/pass, accept p1 92 %
2026-09-22 12:28:12.098 INFO  sched: request 'chatcmpl-1062cbf6a2895d8f' prefix cache miss — 2 cut(s) probed against 23 entries; the nearest entry (position 580) shares the first 3 of the prompt's 112 tokens (the prompt differs from it from that token on)
2026-09-22 12:28:12.098 INFO  sched: request 'chatcmpl-1062cbf6a2895d8f' admitted to slot 3 (reserve 34 blocks; pool 229/4096 blocks in use) — first token 8160
2026-09-22 12:28:14.119 INFO  sched: request 'chatcmpl-1062cbf6a2895d8b' retired (eos): 395 tok in 16.0 s — prefill 118 tok (0 cached) in 264 ms; decode 394 tok / 202 passes in 15.8 s: 25.0 tok/s, 40.0 ms/tok, 78 ms/pass, 1.95 tok/pass, accept p1 95 %
2026-09-22 12:28:14.486 INFO  sched: request 'chatcmpl-1062cbf6a2895d90' prefix cache miss — 2 cut(s) probed against 23 entries; the nearest entry (position 580) shares the first 3 of the prompt's 83 tokens (the prompt differs from it from that token on)
2026-09-22 12:28:14.486 INFO  sched: request 'chatcmpl-1062cbf6a2895d90' admitted to slot 2 (reserve 34 blocks; pool 231/4096 blocks in use) — first token 8160
2026-09-22 12:28:15.002 INFO  stats: rank 1 | 10.0 s | decode 95.9 tok/s, 9.4 ms/tok, 73.6 ms/step (123 steps / 962 tok, 90 % of wall) | mtp 1.97 tok/step/req, accept p1 97 % | prefill 3 prompts / 269 tok, 27 tok/s, 3.18 ms/tok, 285 ms avg (9 % of wall), 0 tok cached (0/3 hits) | live 4, queued 0 | pool 227/4096 blocks (6 %) | prefix cache 23/27 entries
2026-09-22 12:28:15.302 INFO  sched: request 'chatcmpl-1062cbf6a2895d8d' retired (eos): 351 tok in 14.1 s — prefill 86 tok (0 cached) in 246 ms; decode 350 tok / 178 passes in 13.8 s: 25.3 tok/s, 39.5 ms/tok, 78 ms/pass, 1.97 tok/pass, accept p1 97 %
2026-09-22 12:28:15.618 INFO  sched: request 'chatcmpl-1062cbf6a2895d91' prefix cache miss — 1 cut(s) probed against 23 entries; the nearest entry (position 436) shares the first 4 of the prompt's 85 tokens (the prompt differs from it from that token on)
2026-09-22 12:28:15.618 INFO  sched: request 'chatcmpl-1062cbf6a2895d91' admitted to slot 0 (reserve 34 blocks; pool 233/4096 blocks in use) — first token 1206
2026-09-22 12:28:17.550 INFO  sched: request 'chatcmpl-1062cbf6a2895d8e' retired (eos): 148 tok in 6.4 s — prefill 74 tok (0 cached) in 246 ms; decode 147 tok / 75 passes in 6.2 s: 23.7 tok/s, 42.1 ms/tok, 83 ms/pass, 1.96 tok/pass, accept p1 97 %
2026-09-22 12:28:17.945 INFO  sched: request 'chatcmpl-1062cbf6a2895d92' prefix cache miss — 2 cut(s) probed against 23 entries; the nearest entry (position 580) shares the first 3 of the prompt's 116 tokens (the prompt differs from it from that token on)
2026-09-22 12:28:17.945 INFO  sched: request 'chatcmpl-1062cbf6a2895d92' admitted to slot 1 (reserve 34 blocks; pool 231/4096 blocks in use) — first token 1206
2026-09-22 12:28:22.718 INFO  sched: request 'chatcmpl-1062cbf6a2895d90' retired (eos): 203 tok in 8.2 s — prefill 83 tok (0 cached) in 293 ms; decode 202 tok / 103 passes in 7.9 s: 25.4 tok/s, 39.3 ms/tok, 77 ms/pass, 1.96 tok/pass, accept p1 97 %
2026-09-22 12:28:23.061 INFO  sched: request 'chatcmpl-1062cbf6a2895d93' prefix cache miss — 1 cut(s) probed against 23 entries; the nearest entry (position 440) shares the first 4 of the prompt's 113 tokens (the prompt differs from it from that token on)
2026-09-22 12:28:23.061 INFO  sched: request 'chatcmpl-1062cbf6a2895d93' admitted to slot 2 (reserve 34 blocks; pool 229/4096 blocks in use) — first token 1206
2026-09-22 12:28:25.060 INFO  stats: rank 1 | 10.1 s | decode 95.8 tok/s, 9.5 ms/tok, 73.5 ms/step (124 steps / 964 tok, 91 % of wall) | mtp 1.96 tok/step/req, accept p1 96 % | prefill 3 prompts / 314 tok, 31 tok/s, 2.65 ms/tok, 277 ms avg (8 % of wall), 0 tok cached (0/3 hits) | live 4, queued 0 | pool 225/4096 blocks (5 %) | prefix cache 23/27 entries
2026-09-22 12:28:25.216 INFO  sched: request 'chatcmpl-1062cbf6a2895d91' retired (eos): 236 tok in 9.6 s — prefill 85 tok (0 cached) in 242 ms; decode 235 tok / 121 passes in 9.4 s: 25.1 tok/s, 39.8 ms/tok, 77 ms/pass, 1.94 tok/pass, accept p1 94 %
2026-09-22 12:28:25.618 INFO  sched: request 'chatcmpl-1062cbf6a2895d94' prefix cache miss — 2 cut(s) probed against 23 entries; the nearest entry (position 580) shares the first 3 of the prompt's 128 tokens (the prompt differs from it from that token on)
2026-09-22 12:28:25.618 INFO  sched: request 'chatcmpl-1062cbf6a2895d94' admitted to slot 0 (reserve 34 blocks; pool 229/4096 blocks in use) — first token 1206
2026-09-22 12:28:26.813 INFO  sched: request 'chatcmpl-1062cbf6a2895d8f' retired (eos): 350 tok in 14.7 s — prefill 112 tok (0 cached) in 316 ms; decode 349 tok / 178 passes in 14.4 s: 24.2 tok/s, 41.3 ms/tok, 81 ms/pass, 1.96 tok/pass, accept p1 96 %
2026-09-22 12:28:27.183 INFO  sched: request 'chatcmpl-1062cbf6a2895d95' prefix cache miss — 2 cut(s) probed against 23 entries; the nearest entry (position 580) shares the first 3 of the prompt's 104 tokens (the prompt differs from it from that token on)
2026-09-22 12:28:27.183 INFO  sched: request 'chatcmpl-1062cbf6a2895d95' admitted to slot 3 (reserve 34 blocks; pool 232/4096 blocks in use) — first token 8160
2026-09-22 12:28:33.564 INFO  sched: request 'chatcmpl-1062cbf6a2895d93' retired (eos): 264 tok in 10.5 s — prefill 113 tok (0 cached) in 268 ms; decode 263 tok / 133 passes in 10.2 s: 25.7 tok/s, 38.9 ms/tok, 77 ms/pass, 1.98 tok/pass, accept p1 98 %
2026-09-22 12:28:33.884 INFO  sched: request 'chatcmpl-1062cbf6a2895d96' prefix cache miss — 1 cut(s) probed against 23 entries; the nearest entry (position 440) shares the first 5 of the prompt's 85 tokens (the prompt differs from it from that token on)
2026-09-22 12:28:33.884 INFO  sched: request 'chatcmpl-1062cbf6a2895d96' admitted to slot 2 (reserve 34 blocks; pool 220/4096 blocks in use) — first token 1206
2026-09-22 12:28:35.073 INFO  stats: rank 1 | 10.0 s | decode 95.5 tok/s, 9.4 ms/tok, 73.3 ms/step (123 steps / 956 tok, 90 % of wall) | mtp 1.96 tok/step/req, accept p1 95 % | prefill 3 prompts / 317 tok, 32 tok/s, 2.77 ms/tok, 293 ms avg (9 % of wall), 0 tok cached (0/3 hits) | live 4, queued 0 | pool 221/4096 blocks (5 %) | prefix cache 23/27 entries
2026-09-22 12:28:37.469 INFO  sched: request 'chatcmpl-1062cbf6a2895d92' retired (eos): 475 tok in 19.5 s — prefill 116 tok (0 cached) in 322 ms; decode 474 tok / 247 passes in 19.2 s: 24.7 tok/s, 40.5 ms/tok, 78 ms/pass, 1.92 tok/pass, accept p1 92 %
2026-09-22 12:28:37.844 INFO  sched: request 'chatcmpl-1062cbf6a2895d97' prefix cache miss — 2 cut(s) probed against 23 entries; the nearest entry (position 588) shares the first 3 of the prompt's 75 tokens (the prompt differs from it from that token on)
2026-09-22 12:28:37.844 INFO  sched: request 'chatcmpl-1062cbf6a2895d97' admitted to slot 1 (reserve 34 blocks; pool 230/4096 blocks in use) — first token 1206
2026-09-22 12:28:44.418 INFO  sched: request 'chatcmpl-1062cbf6a2895d94' retired (eos): 472 tok in 18.8 s — prefill 128 tok (0 cached) in 328 ms; decode 471 tok / 241 passes in 18.5 s: 25.5 tok/s, 39.2 ms/tok, 77 ms/pass, 1.95 tok/pass, accept p1 95 %
2026-09-22 12:28:44.783 INFO  sched: request 'chatcmpl-1062cbf6a2895d98' prefix cache miss — 2 cut(s) probed against 23 entries; the nearest entry (position 596) shares the first 3 of the prompt's 67 tokens (the prompt differs from it from that token on)
2026-09-22 12:28:44.783 INFO  sched: request 'chatcmpl-1062cbf6a2895d98' admitted to slot 0 (reserve 34 blocks; pool 234/4096 blocks in use) — first token 9764
2026-09-22 12:28:45.081 INFO  stats: rank 1 | 10.0 s | decode 98.4 tok/s, 9.5 ms/tok, 73.9 ms/step (126 steps / 985 tok, 93 % of wall) | mtp 1.96 tok/step/req, accept p1 96 % | prefill 2 prompts / 142 tok, 14 tok/s, 4.15 ms/tok, 294 ms avg (6 % of wall), 0 tok cached (0/2 hits) | live 4, queued 0 | pool 229/4096 blocks (6 %) | prefix cache 23/27 entries
2026-09-22 12:28:45.834 INFO  sched: request 'chatcmpl-1062cbf6a2895d96' retired (eos): 296 tok in 12.0 s — prefill 85 tok (0 cached) in 245 ms; decode 295 tok / 152 passes in 11.7 s: 25.2 tok/s, 39.7 ms/tok, 77 ms/pass, 1.94 tok/pass, accept p1 95 %
2026-09-22 12:28:46.143 INFO  sched: request 'chatcmpl-1062cbf6a2895d99' prefix cache miss — 1 cut(s) probed against 23 entries; the nearest entry (position 596) shares the first 3 of the prompt's 77 tokens (the prompt differs from it from that token on)
2026-09-22 12:28:46.143 INFO  sched: request 'chatcmpl-1062cbf6a2895d99' admitted to slot 2 (reserve 34 blocks; pool 233/4096 blocks in use) — first token 1206
2026-09-22 12:28:50.697 INFO  sched: request 'chatcmpl-1062cbf6a2895d95' retired (eos): 587 tok in 23.5 s — prefill 104 tok (0 cached) in 306 ms; decode 586 tok / 301 passes in 23.2 s: 25.3 tok/s, 39.6 ms/tok, 77 ms/pass, 1.95 tok/pass, accept p1 95 %
2026-09-22 12:28:51.063 INFO  sched: request 'chatcmpl-1062cbf6a2895d9a' prefix cache miss — 2 cut(s) probed against 23 entries; the nearest entry (position 436) shares the first 4 of the prompt's 88 tokens (the prompt differs from it from that token on)
2026-09-22 12:28:51.063 INFO  sched: request 'chatcmpl-1062cbf6a2895d9a' admitted to slot 3 (reserve 34 blocks; pool 238/4096 blocks in use) — first token 8160
2026-09-22 12:28:52.267 INFO  sched: request 'chatcmpl-1062cbf6a2895d97' retired (eos): 356 tok in 14.4 s — prefill 75 tok (0 cached) in 301 ms; decode 355 tok / 182 passes in 14.1 s: 25.1 tok/s, 39.8 ms/tok, 78 ms/pass, 1.95 tok/pass, accept p1 95 %
2026-09-22 12:28:52.640 INFO  sched: request 'chatcmpl-1062cbf6a2895d9b' prefix cache miss — 2 cut(s) probed against 23 entries; the nearest entry (position 428) shares the first 4 of the prompt's 92 tokens (the prompt differs from it from that token on)
2026-09-22 12:28:52.640 INFO  sched: request 'chatcmpl-1062cbf6a2895d9b' admitted to slot 1 (reserve 34 blocks; pool 238/4096 blocks in use) — first token 1206
2026-09-22 12:28:55.101 INFO  sched: request 'chatcmpl-1062cbf6a2895d99' retired (eos): 219 tok in 9.0 s — prefill 77 tok (0 cached) in 234 ms; decode 218 tok / 112 passes in 8.7 s: 25.0 tok/s, 40.0 ms/tok, 78 ms/pass, 1.95 tok/pass, accept p1 96 %
2026-09-22 12:28:55.101 INFO  stats: rank 1 | 10.0 s | decode 94.9 tok/s, 9.5 ms/tok, 73.7 ms/step (123 steps / 951 tok, 90 % of wall) | mtp 1.94 tok/step/req, accept p1 94 % | prefill 3 prompts / 257 tok, 26 tok/s, 3.24 ms/tok, 278 ms avg (8 % of wall), 0 tok cached (0/3 hits) | live 3, queued 0 | pool 201/4096 blocks (5 %) | prefix cache 24/27 entries
2026-09-22 12:28:55.504 INFO  sched: request 'chatcmpl-1062cbf6a2895d9c' prefix cache miss — 2 cut(s) probed against 23 entries; the nearest entry (position 688) shares the first 3 of the prompt's 128 tokens (the prompt differs from it from that token on)
2026-09-22 12:28:55.504 INFO  sched: request 'chatcmpl-1062cbf6a2895d9c' admitted to slot 2 (reserve 34 blocks; pool 235/4096 blocks in use) — first token 1206
2026-09-22 12:28:59.814 INFO  sched: request 'chatcmpl-1062cbf6a2895d98' retired (eos): 362 tok in 15.0 s — prefill 67 tok (0 cached) in 288 ms; decode 361 tok / 186 passes in 14.7 s: 24.5 tok/s, 40.8 ms/tok, 79 ms/pass, 1.94 tok/pass, accept p1 95 %
2026-09-22 12:29:00.169 INFO  sched: request 'chatcmpl-1062cbf6a2895d9d' prefix cache miss — 1 cut(s) probed against 23 entries; the nearest entry (position 688) shares the first 3 of the prompt's 137 tokens (the prompt differs from it from that token on)
2026-09-22 12:29:00.169 INFO  sched: request 'chatcmpl-1062cbf6a2895d9d' admitted to slot 0 (reserve 35 blocks; pool 235/4096 blocks in use) — first token 1206
2026-09-22 12:29:03.228 INFO  sched: request 'chatcmpl-1062cbf6a2895d9b' retired (eos): 261 tok in 10.6 s — prefill 92 tok (0 cached) in 299 ms; decode 260 tok / 134 passes in 10.3 s: 25.3 tok/s, 39.6 ms/tok, 77 ms/pass, 1.94 tok/pass, accept p1 95 %
2026-09-22 12:29:03.532 INFO  sched: request 'chatcmpl-1062cbf6a2895d9e' prefix cache miss — 1 cut(s) probed against 23 entries; the nearest entry (position 688) shares the first 3 of the prompt's 62 tokens (the prompt differs from it from that token on)
2026-09-22 12:29:03.532 INFO  sched: request 'chatcmpl-1062cbf6a2895d9e' admitted to slot 1 (reserve 33 blocks; pool 236/4096 blocks in use) — first token 8160
2026-09-22 12:29:05.167 INFO  stats: rank 1 | 10.1 s | decode 95.6 tok/s, 9.5 ms/tok, 73.5 ms/step (124 steps / 962 tok, 91 % of wall) | mtp 1.95 tok/step/req, accept p1 95 % | prefill 3 prompts / 327 tok, 32 tok/s, 2.55 ms/tok, 278 ms avg (8 % of wall), 0 tok cached (0/3 hits) | live 4, queued 0 | pool 231/4096 blocks (6 %) | prefix cache 23/27 entries
2026-09-22 12:29:08.151 INFO  sched: request 'chatcmpl-1062cbf6a2895d9e' retired (eos): 119 tok in 4.6 s — prefill 62 tok (0 cached) in 228 ms; decode 118 tok / 62 passes in 4.4 s: 26.9 tok/s, 37.2 ms/tok, 71 ms/pass, 1.90 tok/pass, accept p1 92 %
2026-09-22 12:29:08.512 INFO  sched: request 'chatcmpl-1062cbf6a2895d9f' prefix cache miss — 2 cut(s) probed against 23 entries; the nearest entry (position 688) shares the first 3 of the prompt's 68 tokens (the prompt differs from it from that token on)
2026-09-22 12:29:08.512 INFO  sched: request 'chatcmpl-1062cbf6a2895d9f' admitted to slot 1 (reserve 34 blocks; pool 233/4096 blocks in use) — first token 1206
2026-09-22 12:29:11.367 INFO  sched: request 'chatcmpl-1062cbf6a2895d9a' retired (eos): 501 tok in 20.3 s — prefill 88 tok (0 cached) in 301 ms; decode 500 tok / 253 passes in 20.0 s: 25.0 tok/s, 40.0 ms/tok, 79 ms/pass, 1.98 tok/pass, accept p1 98 %
2026-09-22 12:29:11.720 INFO  sched: request 'chatcmpl-1062cbf6a2895da0' prefix cache miss — 2 cut(s) probed against 23 entries; the nearest entry (position 588) shares the first 4 of the prompt's 79 tokens (the prompt differs from it from that token on)
2026-09-22 12:29:11.720 INFO  sched: request 'chatcmpl-1062cbf6a2895da0' admitted to slot 3 (reserve 34 blocks; pool 240/4096 blocks in use) — first token 1206
2026-09-22 12:29:15.177 INFO  stats: rank 1 | 10.0 s | decode 96.4 tok/s, 9.7 ms/tok, 74.0 ms/step (126 steps / 965 tok, 93 % of wall) | mtp 1.92 tok/step/req, accept p1 92 % | prefill 2 prompts / 147 tok, 15 tok/s, 3.93 ms/tok, 289 ms avg (6 % of wall), 0 tok cached (0/2 hits) | live 4, queued 0 | pool 233/4096 blocks (6 %) | prefix cache 23/27 entries
2026-09-22 12:29:17.002 INFO  sched: request 'chatcmpl-1062cbf6a2895d9d' retired (eos): 417 tok in 16.8 s — prefill 137 tok (0 cached) in 279 ms; decode 416 tok / 214 passes in 16.6 s: 25.1 tok/s, 39.8 ms/tok, 77 ms/pass, 1.94 tok/pass, accept p1 94 %
2026-09-22 12:29:17.375 INFO  sched: request 'chatcmpl-1062cbf6a2895da1' prefix cache miss — 2 cut(s) probed against 23 entries; the nearest entry (position 588) shares the first 4 of the prompt's 92 tokens (the prompt differs from it from that token on)
2026-09-22 12:29:17.375 INFO  sched: request 'chatcmpl-1062cbf6a2895da1' admitted to slot 0 (reserve 34 blocks; pool 240/4096 blocks in use) — first token 1206
2026-09-22 12:29:18.283 INFO  sched: request 'chatcmpl-1062cbf6a2895d9f' retired (eos): 240 tok in 9.8 s — prefill 68 tok (0 cached) in 288 ms; decode 239 tok / 122 passes in 9.5 s: 25.2 tok/s, 39.7 ms/tok, 78 ms/pass, 1.96 tok/pass, accept p1 97 %
2026-09-22 12:29:18.659 INFO  sched: request 'chatcmpl-1062cbf6a2895da2' prefix cache miss — 2 cut(s) probed against 23 entries; the nearest entry (position 588) shares the first 4 of the prompt's 99 tokens (the prompt differs from it from that token on)
2026-09-22 12:29:18.659 INFO  sched: request 'chatcmpl-1062cbf6a2895da2' admitted to slot 1 (reserve 34 blocks; pool 239/4096 blocks in use) — first token 8160
2026-09-22 12:29:25.209 INFO  stats: rank 1 | 10.0 s | decode 96.3 tok/s, 9.6 ms/tok, 74.0 ms/step (126 steps / 966 tok, 93 % of wall) | mtp 1.92 tok/step/req, accept p1 92 % | prefill 2 prompts / 191 tok, 19 tok/s, 3.14 ms/tok, 300 ms avg (6 % of wall), 0 tok cached (0/2 hits) | live 4, queued 0 | pool 230/4096 blocks (6 %) | prefix cache 23/27 entries
2026-09-22 12:29:26.502 INFO  sched: request 'chatcmpl-1062cbf6a2895da1' retired (eos): 233 tok in 9.1 s — prefill 92 tok (0 cached) in 298 ms; decode 232 tok / 118 passes in 8.8 s: 26.3 tok/s, 38.1 ms/tok, 75 ms/pass, 1.97 tok/pass, accept p1 97 %
2026-09-22 12:29:26.890 INFO  sched: request 'chatcmpl-1062cbf6a2895da3' prefix cache miss — 2 cut(s) probed against 23 entries; the nearest entry (position 688) shares the first 3 of the prompt's 100 tokens (the prompt differs from it from that token on)
2026-09-22 12:29:26.890 INFO  sched: request 'chatcmpl-1062cbf6a2895da3' admitted to slot 0 (reserve 34 blocks; pool 235/4096 blocks in use) — first token 8160
2026-09-22 12:29:27.193 INFO  sched: request 'chatcmpl-1062cbf6a2895da0' retired (eos): 383 tok in 15.5 s — prefill 79 tok (0 cached) in 290 ms; decode 382 tok / 194 passes in 15.2 s: 25.2 tok/s, 39.7 ms/tok, 78 ms/pass, 1.97 tok/pass, accept p1 97 %
2026-09-22 12:29:27.549 INFO  sched: request 'chatcmpl-1062cbf6a2895da4' prefix cache miss — 2 cut(s) probed against 23 entries; the nearest entry (position 688) shares the first 3 of the prompt's 87 tokens (the prompt differs from it from that token on)
2026-09-22 12:29:27.549 INFO  sched: request 'chatcmpl-1062cbf6a2895da4' admitted to slot 3 (reserve 34 blocks; pool 233/4096 blocks in use) — first token 8160
2026-09-22 12:29:29.127 INFO  sched: request 'chatcmpl-1062cbf6a2895da2' retired (eos): 260 tok in 10.5 s — prefill 99 tok (0 cached) in 302 ms; decode 259 tok / 132 passes in 10.2 s: 25.5 tok/s, 39.2 ms/tok, 77 ms/pass, 1.96 tok/pass, accept p1 96 %
2026-09-22 12:29:29.496 INFO  sched: request 'chatcmpl-1062cbf6a2895da5' prefix cache miss — 2 cut(s) probed against 23 entries; the nearest entry (position 688) shares the first 3 of the prompt's 88 tokens (the prompt differs from it from that token on)
2026-09-22 12:29:29.496 INFO  sched: request 'chatcmpl-1062cbf6a2895da5' admitted to slot 1 (reserve 34 blocks; pool 232/4096 blocks in use) — first token 1206
2026-09-22 12:29:33.596 INFO  sched: request 'chatcmpl-1062cbf6a2895d9c' retired (eos): 884 tok in 38.1 s — prefill 128 tok (0 cached) in 328 ms; decode 883 tok / 475 passes in 37.8 s: 23.4 tok/s, 42.8 ms/tok, 80 ms/pass, 1.86 tok/pass, accept p1 86 %
2026-09-22 12:29:33.932 INFO  sched: request 'chatcmpl-1062cbf6a2895da6' prefix cache miss — 1 cut(s) probed against 23 entries; the nearest entry (position 1008) shares the first 3 of the prompt's 117 tokens (the prompt differs from it from that token on)
2026-09-22 12:29:33.932 INFO  sched: request 'chatcmpl-1062cbf6a2895da6' admitted to slot 2 (reserve 34 blocks; pool 237/4096 blocks in use) — first token 8160
2026-09-22 12:29:35.266 INFO  stats: rank 1 | 10.1 s | decode 90.9 tok/s, 9.6 ms/tok, 73.7 ms/step (119 steps / 914 tok, 87 % of wall) | mtp 1.94 tok/step/req, accept p1 93 % | prefill 4 prompts / 392 tok, 39 tok/s, 2.96 ms/tok, 291 ms avg (12 % of wall), 0 tok cached (0/4 hits) | live 4, queued 0 | pool 232/4096 blocks (6 %) | prefix cache 23/27 entries
2026-09-22 12:29:38.235 INFO  sched: request 'chatcmpl-1062cbf6a2895da4' retired (eos): 263 tok in 10.7 s — prefill 87 tok (0 cached) in 291 ms; decode 262 tok / 136 passes in 10.4 s: 25.2 tok/s, 39.7 ms/tok, 76 ms/pass, 1.93 tok/pass, accept p1 93 %
2026-09-22 12:29:38.603 INFO  sched: request 'chatcmpl-1062cbf6a2895da7' prefix cache miss — 2 cut(s) probed against 23 entries; the nearest entry (position 1008) shares the first 3 of the prompt's 92 tokens (the prompt differs from it from that token on)
2026-09-22 12:29:38.603 INFO  sched: request 'chatcmpl-1062cbf6a2895da7' admitted to slot 3 (reserve 34 blocks; pool 237/4096 blocks in use) — first token 8160
2026-09-22 12:29:39.879 INFO  sched: request 'chatcmpl-1062cbf6a2895da3' retired (eos): 314 tok in 13.0 s — prefill 100 tok (0 cached) in 311 ms; decode 313 tok / 159 passes in 12.7 s: 24.7 tok/s, 40.5 ms/tok, 80 ms/pass, 1.97 tok/pass, accept p1 97 %
2026-09-22 12:29:40.277 INFO  sched: request 'chatcmpl-1062cbf6a2895da8' prefix cache miss — 2 cut(s) probed against 23 entries; the nearest entry (position 1008) shares the first 3 of the prompt's 124 tokens (the prompt differs from it from that token on)
2026-09-22 12:29:40.277 INFO  sched: request 'chatcmpl-1062cbf6a2895da8' admitted to slot 0 (reserve 34 blocks; pool 238/4096 blocks in use) — first token 1206
2026-09-22 12:29:45.331 INFO  stats: rank 1 | 10.1 s | decode 97.0 tok/s, 9.6 ms/tok, 73.5 ms/step (127 steps / 976 tok, 93 % of wall) | mtp 1.93 tok/step/req, accept p1 93 % | prefill 2 prompts / 216 tok, 21 tok/s, 2.90 ms/tok, 313 ms avg (6 % of wall), 0 tok cached (0/2 hits) | live 4, queued 0 | pool 232/4096 blocks (6 %) | prefix cache 23/27 entries
2026-09-22 12:29:47.131 INFO  sched: request 'chatcmpl-1062cbf6a2895da5' retired (eos): 436 tok in 17.6 s — prefill 88 tok (0 cached) in 296 ms; decode 435 tok / 225 passes in 17.3 s: 25.1 tok/s, 39.9 ms/tok, 77 ms/pass, 1.93 tok/pass, accept p1 93 %
2026-09-22 12:29:47.451 INFO  sched: request 'chatcmpl-1062cbf6a2895da9' prefix cache miss — 1 cut(s) probed against 23 entries; the nearest entry (position 1008) shares the first 3 of the prompt's 82 tokens (the prompt differs from it from that token on)
2026-09-22 12:29:47.451 INFO  sched: request 'chatcmpl-1062cbf6a2895da9' admitted to slot 1 (reserve 34 blocks; pool 242/4096 blocks in use) — first token 8160
2026-09-22 12:29:48.284 INFO  sched: request 'chatcmpl-1062cbf6a2895da7' retired (eos): 238 tok in 9.7 s — prefill 92 tok (0 cached) in 303 ms; decode 237 tok / 122 passes in 9.4 s: 25.3 tok/s, 39.6 ms/tok, 77 ms/pass, 1.94 tok/pass, accept p1 95 %
2026-09-22 12:29:48.614 INFO  sched: request 'chatcmpl-1062cbf6a2895daa' prefix cache miss — 1 cut(s) probed against 23 entries; the nearest entry (position 1008) shares the first 3 of the prompt's 114 tokens (the prompt differs from it from that token on)
2026-09-22 12:29:48.614 INFO  sched: request 'chatcmpl-1062cbf6a2895daa' admitted to slot 3 (reserve 34 blocks; pool 241/4096 blocks in use) — first token 1206
2026-09-22 12:29:53.017 INFO  sched: request 'chatcmpl-1062cbf6a2895da8' retired (eos): 319 tok in 12.7 s — prefill 124 tok (0 cached) in 324 ms; decode 318 tok / 164 passes in 12.4 s: 25.6 tok/s, 39.0 ms/tok, 76 ms/pass, 1.94 tok/pass, accept p1 94 %
2026-09-22 12:29:53.361 INFO  sched: request 'chatcmpl-1062cbf6a2895dab' prefix cache miss — 1 cut(s) probed against 23 entries; the nearest entry (position 1008) shares the first 3 of the prompt's 114 tokens (the prompt differs from it from that token on)
2026-09-22 12:29:53.361 INFO  sched: request 'chatcmpl-1062cbf6a2895dab' admitted to slot 0 (reserve 34 blocks; pool 246/4096 blocks in use) — first token 1206
2026-09-22 12:29:55.389 INFO  stats: rank 1 | 10.1 s | decode 92.6 tok/s, 9.8 ms/tok, 73.9 ms/step (124 steps / 931 tok, 91 % of wall) | mtp 1.89 tok/step/req, accept p1 88 % | prefill 3 prompts / 310 tok, 31 tok/s, 2.51 ms/tok, 260 ms avg (8 % of wall), 0 tok cached (0/3 hits) | live 4, queued 0 | pool 237/4096 blocks (6 %) | prefix cache 23/27 entries
2026-09-22 12:29:59.012 INFO  sched: request 'chatcmpl-1062cbf6a2895da9' retired (eos): 284 tok in 11.6 s — prefill 82 tok (0 cached) in 244 ms; decode 283 tok / 147 passes in 11.3 s: 25.0 tok/s, 40.0 ms/tok, 77 ms/pass, 1.93 tok/pass, accept p1 93 %
2026-09-22 12:29:59.351 INFO  sched: request 'chatcmpl-1062cbf6a2895dac' prefix cache miss — 1 cut(s) probed against 23 entries; the nearest entry (position 1008) shares the first 3 of the prompt's 122 tokens (the prompt differs from it from that token on)
2026-09-22 12:29:59.352 INFO  sched: request 'chatcmpl-1062cbf6a2895dac' admitted to slot 1 (reserve 34 blocks; pool 241/4096 blocks in use) — first token 1206
2026-09-22 12:30:00.101 INFO  sched: request 'chatcmpl-1062cbf6a2895daa' retired (eos): 279 tok in 11.5 s — prefill 114 tok (0 cached) in 267 ms; decode 278 tok / 146 passes in 11.2 s: 24.8 tok/s, 40.4 ms/tok, 77 ms/pass, 1.90 tok/pass, accept p1 90 %
2026-09-22 12:30:05.411 INFO  stats: rank 1 | 10.0 s | decode 94.6 tok/s, 10.2 ms/tok, 67.3 ms/step (143 steps / 948 tok, 96 % of wall) | mtp 1.95 tok/step/req, accept p1 95 % | prefill 1 prompt / 122 tok, 12 tok/s, 2.18 ms/tok, 266 ms avg (3 % of wall), 0 tok cached (0/1 hit) | live 3, queued 0 | pool 206/4096 blocks (5 %) | prefix cache 24/27 entries
2026-09-22 12:30:12.151 INFO  sched: request 'chatcmpl-1062cbf6a2895dac' retired (eos): 388 tok in 12.8 s — prefill 122 tok (0 cached) in 266 ms; decode 387 tok / 200 passes in 12.5 s: 30.9 tok/s, 32.4 ms/tok, 63 ms/pass, 1.94 tok/pass, accept p1 94 %
2026-09-22 12:30:15.439 INFO  stats: rank 1 | 10.0 s | decode 80.8 tok/s, 12.2 ms/tok, 61.9 ms/step (160 steps / 810 tok, 99 % of wall) | mtp 1.90 tok/step/req, accept p1 90 % | prefill 0 prompts / 0 tok, 0 tok cached (0/0 hits) | live 2, queued 0 | pool 179/4096 blocks (4 %) | prefix cache 25/27 entries
2026-09-22 12:30:16.236 INFO  sched: request 'chatcmpl-1062cbf6a2895dab' retired (eos): 663 tok in 22.9 s — prefill 114 tok (0 cached) in 269 ms; decode 662 tok / 343 passes in 22.6 s: 29.3 tok/s, 34.1 ms/tok, 66 ms/pass, 1.93 tok/pass, accept p1 93 %
2026-09-22 12:30:17.684 INFO  sched: request 'chatcmpl-1062cbf6a2895da6' retired (eos): 1163 tok in 43.8 s — prefill 117 tok (0 cached) in 264 ms; decode 1162 tok / 623 passes in 43.5 s: 26.7 tok/s, 37.4 ms/tok, 70 ms/pass, 1.87 tok/pass, accept p1 87 %
2026-09-22 12:30:17.992 INFO  sched: request 'chatcmpl-1062cbf6a2895dad' prefix cache miss — 2 cut(s) probed against 26 entries; the nearest entry (position 1276) shares the first 3 of the prompt's 79 tokens (the prompt differs from it from that token on)
2026-09-22 12:30:17.992 INFO  sched: request 'chatcmpl-1062cbf6a2895dad' admitted to slot 0 (reserve 10 blocks; pool 152/4096 blocks in use) — first token 90
2026-09-22 12:30:18.267 INFO  sched: request 'chatcmpl-1062cbf6a2895dae' prefix cache miss — 1 cut(s) probed against 25 entries; the nearest entry (position 72) shares the first 27 of the prompt's 85 tokens (the prompt differs from it from that token on)
2026-09-22 12:30:18.267 INFO  sched: request 'chatcmpl-1062cbf6a2895dae' admitted to slot 1 (reserve 10 blocks; pool 158/4096 blocks in use) — first token 90
2026-09-22 12:30:18.598 INFO  sched: request 'chatcmpl-1062cbf6a2895daf' prefix cache miss — 2 cut(s) probed against 25 entries; the nearest entry (position 72) shares the first 32 of the prompt's 79 tokens (the prompt differs from it from that token on)
2026-09-22 12:30:18.598 INFO  sched: request 'chatcmpl-1062cbf6a2895daf' admitted to slot 2 (reserve 10 blocks; pool 163/4096 blocks in use) — first token 90
2026-09-22 12:30:18.946 INFO  sched: request 'chatcmpl-1062cbf6a2895db0' prefix cache miss — 2 cut(s) probed against 23 entries; the nearest entry (position 72) shares the first 32 of the prompt's 80 tokens (the prompt differs from it from that token on)
2026-09-22 12:30:18.946 INFO  sched: request 'chatcmpl-1062cbf6a2895db0' admitted to slot 3 (reserve 10 blocks; pool 166/4096 blocks in use) — first token 90
2026-09-22 12:30:20.929 INFO  sched: request 'chatcmpl-1062cbf6a2895dad' retired (eos): 62 tok in 2.9 s — prefill 79 tok (0 cached) in 286 ms; decode 61 tok / 31 passes in 2.7 s: 23.0 tok/s, 43.5 ms/tok, 86 ms/pass, 1.97 tok/pass, accept p1 100 %
2026-09-22 12:30:21.235 INFO  sched: request 'chatcmpl-1062cbf6a2895db1' prefix cache miss — 1 cut(s) probed against 23 entries; the nearest entry (position 76) shares the first 29 of the prompt's 81 tokens (the prompt differs from it from that token on)
2026-09-22 12:30:21.235 INFO  sched: request 'chatcmpl-1062cbf6a2895db1' admitted to slot 0 (reserve 10 blocks; pool 163/4096 blocks in use) — first token 90
2026-09-22 12:30:21.306 INFO  sched: request 'chatcmpl-1062cbf6a2895daf' retired (eos): 62 tok in 2.7 s — prefill 79 tok (0 cached) in 284 ms; decode 61 tok / 31 passes in 2.4 s: 25.2 tok/s, 39.7 ms/tok, 78 ms/pass, 1.97 tok/pass, accept p1 100 %
2026-09-22 12:30:21.379 INFO  sched: request 'chatcmpl-1062cbf6a2895dae' retired (eos): 66 tok in 3.1 s — prefill 85 tok (0 cached) in 237 ms; decode 65 tok / 33 passes in 2.9 s: 22.6 tok/s, 44.2 ms/tok, 87 ms/pass, 1.97 tok/pass, accept p1 100 %
2026-09-22 12:30:21.379 INFO  sched: request 'chatcmpl-1062cbf6a2895db0' retired (eos): 63 tok in 2.4 s — prefill 80 tok (0 cached) in 287 ms; decode 62 tok / 31 passes in 2.1 s: 28.9 tok/s, 34.6 ms/tok, 69 ms/pass, 2.00 tok/pass, accept p1 100 %
2026-09-22 12:30:21.619 INFO  sched: request 'chatcmpl-1062cbf6a2895db2' prefix cache miss — 1 cut(s) probed against 25 entries; the nearest entry (position 72) shares the first 30 of the prompt's 82 tokens (the prompt differs from it from that token on)
2026-09-22 12:30:21.619 INFO  sched: request 'chatcmpl-1062cbf6a2895db2' admitted to slot 1 (reserve 10 blocks; pool 134/4096 blocks in use) — first token 90
2026-09-22 12:30:21.953 INFO  sched: request 'chatcmpl-1062cbf6a2895db3' prefix cache miss — 2 cut(s) probed against 25 entries; the nearest entry (position 140) shares the first 32 of the prompt's 83 tokens (the prompt differs from it from that token on)
2026-09-22 12:30:21.953 INFO  sched: request 'chatcmpl-1062cbf6a2895db3' admitted to slot 2 (reserve 10 blocks; pool 139/4096 blocks in use) — first token 90
2026-09-22 12:30:22.254 INFO  sched: request 'chatcmpl-1062cbf6a2895db4' prefix cache miss — 1 cut(s) probed against 23 entries; the nearest entry (position 148) shares the first 27 of the prompt's 82 tokens (the prompt differs from it from that token on)
2026-09-22 12:30:22.255 INFO  sched: request 'chatcmpl-1062cbf6a2895db4' admitted to slot 3 (reserve 10 blocks; pool 143/4096 blocks in use) — first token 90
2026-09-22 12:30:24.093 INFO  sched: request 'chatcmpl-1062cbf6a2895db1' retired (eos): 61 tok in 2.9 s — prefill 81 tok (0 cached) in 235 ms; decode 60 tok / 30 passes in 2.6 s: 22.9 tok/s, 43.7 ms/tok, 87 ms/pass, 2.00 tok/pass, accept p1 100 %
2026-09-22 12:30:24.455 INFO  sched: request 'chatcmpl-1062cbf6a2895db5' prefix cache miss — 2 cut(s) probed against 23 entries; the nearest entry (position 148) shares the first 29 of the prompt's 83 tokens (the prompt differs from it from that token on)
2026-09-22 12:30:24.456 INFO  sched: request 'chatcmpl-1062cbf6a2895db5' admitted to slot 0 (reserve 10 blocks; pool 137/4096 blocks in use) — first token 90
2026-09-22 12:30:24.600 INFO  sched: request 'chatcmpl-1062cbf6a2895db2' retired (eos): 63 tok in 3.0 s — prefill 82 tok (0 cached) in 239 ms; decode 62 tok / 31 passes in 2.7 s: 22.6 tok/s, 44.2 ms/tok, 88 ms/pass, 2.00 tok/pass, accept p1 100 %
2026-09-22 12:30:24.966 INFO  sched: request 'chatcmpl-1062cbf6a2895db6' prefix cache miss — 2 cut(s) probed against 23 entries; the nearest entry (position 148) shares the first 27 of the prompt's 80 tokens (the prompt differs from it from that token on)
2026-09-22 12:30:24.966 INFO  sched: request 'chatcmpl-1062cbf6a2895db6' admitted to slot 1 (reserve 10 blocks; pool 134/4096 blocks in use) — first token 90
2026-09-22 12:30:25.111 INFO  sched: request 'chatcmpl-1062cbf6a2895db3' retired (eos): 66 tok in 3.2 s — prefill 83 tok (0 cached) in 286 ms; decode 65 tok / 33 passes in 2.9 s: 22.6 tok/s, 44.2 ms/tok, 87 ms/pass, 1.97 tok/pass, accept p1 100 %
2026-09-22 12:30:25.111 INFO  sched: request 'chatcmpl-1062cbf6a2895db4' retired (eos): 64 tok in 2.9 s — prefill 82 tok (0 cached) in 238 ms; decode 63 tok / 32 passes in 2.6 s: 24.1 tok/s, 41.6 ms/tok, 82 ms/pass, 1.97 tok/pass, accept p1 100 %
2026-09-22 12:30:25.448 INFO  sched: request 'chatcmpl-1062cbf6a2895db7' prefix cache miss — 2 cut(s) probed against 24 entries; the nearest entry (position 148) shares the first 29 of the prompt's 79 tokens (the prompt differs from it from that token on)
2026-09-22 12:30:25.448 INFO  sched: request 'chatcmpl-1062cbf6a2895db7' admitted to slot 2 (reserve 10 blocks; pool 122/4096 blocks in use) — first token 90
2026-09-22 12:30:25.507 INFO  stats: rank 1 | 10.1 s | decode 65.0 tok/s, 10.6 ms/tok, 57.3 ms/step (121 steps / 654 tok, 69 % of wall) | mtp 1.99 tok/step/req, accept p1 98 % | prefill 11 prompts / 893 tok, 89 tok/s, 3.32 ms/tok, 269 ms avg (29 % of wall), 0 tok cached (0/11 hits) | live 3, queued 1 | pool 117/4096 blocks (3 %) | prefix cache 24/27 entries
2026-09-22 12:30:25.749 INFO  sched: request 'chatcmpl-1062cbf6a2895db8' prefix cache miss — 1 cut(s) probed against 23 entries; the nearest entry (position 148) shares the first 27 of the prompt's 78 tokens (the prompt differs from it from that token on)
2026-09-22 12:30:25.749 INFO  sched: request 'chatcmpl-1062cbf6a2895db8' admitted to slot 3 (reserve 10 blocks; pool 127/4096 blocks in use) — first token 90
2026-09-22 12:30:27.552 INFO  sched: request 'chatcmpl-1062cbf6a2895db5' retired (eos): 64 tok in 3.1 s — prefill 83 tok (0 cached) in 292 ms; decode 63 tok / 32 passes in 2.8 s: 22.5 tok/s, 44.5 ms/tok, 88 ms/pass, 1.97 tok/pass, accept p1 100 %
2026-09-22 12:30:27.861 INFO  sched: request 'chatcmpl-1062cbf6a2895db9' prefix cache miss — 1 cut(s) probed against 23 entries; the nearest entry (position 148) shares the first 29 of the prompt's 81 tokens (the prompt differs from it from that token on)
2026-09-22 12:30:27.861 INFO  sched: request 'chatcmpl-1062cbf6a2895db9' admitted to slot 0 (reserve 10 blocks; pool 115/4096 blocks in use) — first token 90
2026-09-22 12:30:27.934 INFO  sched: request 'chatcmpl-1062cbf6a2895db6' retired (eos): 63 tok in 3.0 s — prefill 80 tok (0 cached) in 293 ms; decode 62 tok / 31 passes in 2.7 s: 23.2 tok/s, 43.1 ms/tok, 86 ms/pass, 2.00 tok/pass, accept p1 100 %
2026-09-22 12:30:28.248 INFO  sched: request 'chatcmpl-1062cbf6a2895dba' prefix cache miss — 1 cut(s) probed against 23 entries; the nearest entry (position 148) shares the first 27 of the prompt's 78 tokens (the prompt differs from it from that token on)
2026-09-22 12:30:28.248 INFO  sched: request 'chatcmpl-1062cbf6a2895dba' admitted to slot 1 (reserve 10 blocks; pool 87/4096 blocks in use) — first token 90
2026-09-22 12:30:28.321 INFO  sched: request 'chatcmpl-1062cbf6a2895db7' retired (eos): 60 tok in 2.9 s — prefill 79 tok (0 cached) in 288 ms; decode 59 tok / 30 passes in 2.6 s: 22.8 tok/s, 43.8 ms/tok, 86 ms/pass, 1.97 tok/pass, accept p1 100 %
2026-09-22 12:30:28.689 INFO  sched: request 'chatcmpl-1062cbf6a2895dbb' prefix cache miss — 2 cut(s) probed against 23 entries; the nearest entry (position 148) shares the first 27 of the prompt's 80 tokens (the prompt differs from it from that token on)
2026-09-22 12:30:28.689 INFO  sched: request 'chatcmpl-1062cbf6a2895dbb' admitted to slot 2 (reserve 10 blocks; pool 89/4096 blocks in use) — first token 90
2026-09-22 12:30:28.763 INFO  sched: request 'chatcmpl-1062cbf6a2895db8' retired (eos): 62 tok in 3.0 s — prefill 78 tok (0 cached) in 237 ms; decode 61 tok / 31 passes in 2.8 s: 22.0 tok/s, 45.5 ms/tok, 90 ms/pass, 1.97 tok/pass, accept p1 100 %
2026-09-22 12:30:29.109 INFO  sched: request 'chatcmpl-1062cbf6a2895dbc' prefix cache miss — 2 cut(s) probed against 23 entries; the nearest entry (position 148) shares the first 32 of the prompt's 79 tokens (the prompt differs from it from that token on)
2026-09-22 12:30:29.109 INFO  sched: request 'chatcmpl-1062cbf6a2895dbc' admitted to slot 3 (reserve 10 blocks; pool 91/4096 blocks in use) — first token 90
2026-09-22 12:30:30.830 INFO  sched: request 'chatcmpl-1062cbf6a2895db9' retired (eos): 61 tok in 3.0 s — prefill 81 tok (0 cached) in 236 ms; decode 60 tok / 30 passes in 2.7 s: 22.0 tok/s, 45.5 ms/tok, 91 ms/pass, 2.00 tok/pass, accept p1 100 %
2026-09-22 12:30:31.138 INFO  sched: request 'chatcmpl-1062cbf6a2895dbd' prefix cache miss — 1 cut(s) probed against 23 entries; the nearest entry (position 148) shares the first 32 of the prompt's 82 tokens (the prompt differs from it from that token on)
2026-09-22 12:30:31.138 INFO  sched: request 'chatcmpl-1062cbf6a2895dbd' admitted to slot 0 (reserve 10 blocks; pool 90/4096 blocks in use) — first token 90
2026-09-22 12:30:31.211 INFO  sched: request 'chatcmpl-1062cbf6a2895dba' retired (eos): 60 tok in 3.0 s — prefill 78 tok (0 cached) in 239 ms; decode 59 tok / 30 passes in 2.7 s: 21.7 tok/s, 46.2 ms/tok, 91 ms/pass, 1.97 tok/pass, accept p1 100 %
2026-09-22 12:30:31.578 INFO  sched: request 'chatcmpl-1062cbf6a2895dbe' prefix cache miss — 2 cut(s) probed against 23 entries; the nearest entry (position 144) shares the first 29 of the prompt's 84 tokens (the prompt differs from it from that token on)
2026-09-22 12:30:31.578 INFO  sched: request 'chatcmpl-1062cbf6a2895dbe' admitted to slot 1 (reserve 10 blocks; pool 89/4096 blocks in use) — first token 90
2026-09-22 12:30:31.793 INFO  sched: request 'chatcmpl-1062cbf6a2895dbc' retired (eos): 61 tok in 2.7 s — prefill 79 tok (0 cached) in 285 ms; decode 60 tok / 30 passes in 2.4 s: 25.0 tok/s, 40.0 ms/tok, 80 ms/pass, 2.00 tok/pass, accept p1 100 %
2026-09-22 12:30:31.793 INFO  sched: request 'chatcmpl-1062cbf6a2895dbb' retired (eos): 64 tok in 3.1 s — prefill 80 tok (0 cached) in 292 ms; decode 63 tok / 32 passes in 2.8 s: 22.4 tok/s, 44.6 ms/tok, 88 ms/pass, 1.97 tok/pass, accept p1 100 %
2026-09-22 12:30:32.129 INFO  sched: request 'chatcmpl-1062cbf6a2895dbf' prefix cache miss — 2 cut(s) probed against 24 entries; the nearest entry (position 148) shares the first 32 of the prompt's 79 tokens (the prompt differs from it from that token on)
2026-09-22 12:30:32.129 INFO  sched: request 'chatcmpl-1062cbf6a2895dbf' admitted to slot 2 (reserve 10 blocks; pool 81/4096 blocks in use) — first token 90
2026-09-22 12:30:32.479 INFO  sched: request 'chatcmpl-1062cbf6a2895dc0' prefix cache miss — 2 cut(s) probed against 23 entries; the nearest entry (position 148) shares the first 32 of the prompt's 80 tokens (the prompt differs from it from that token on)
2026-09-22 12:30:32.479 INFO  sched: request 'chatcmpl-1062cbf6a2895dc0' admitted to slot 3 (reserve 10 blocks; pool 91/4096 blocks in use) — first token 90
2026-09-22 12:30:34.290 INFO  sched: request 'chatcmpl-1062cbf6a2895dbd' retired (eos): 65 tok in 3.2 s — prefill 82 tok (0 cached) in 237 ms; decode 64 tok / 32 passes in 2.9 s: 22.0 tok/s, 45.5 ms/tok, 91 ms/pass, 2.00 tok/pass, accept p1 100 %
2026-09-22 12:30:34.601 INFO  sched: request 'chatcmpl-1062cbf6a2895dc1' prefix cache miss — 1 cut(s) probed against 23 entries; the nearest entry (position 148) shares the first 27 of the prompt's 78 tokens (the prompt differs from it from that token on)
2026-09-22 12:30:34.601 INFO  sched: request 'chatcmpl-1062cbf6a2895dc1' admitted to slot 0 (reserve 10 blocks; pool 90/4096 blocks in use) — first token 90
2026-09-22 12:30:34.748 INFO  sched: request 'chatcmpl-1062cbf6a2895dbe' retired (eos): 66 tok in 3.2 s — prefill 84 tok (0 cached) in 293 ms; decode 65 tok / 33 passes in 2.9 s: 22.6 tok/s, 44.3 ms/tok, 87 ms/pass, 1.97 tok/pass, accept p1 100 %
2026-09-22 12:30:35.109 INFO  sched: request 'chatcmpl-1062cbf6a2895dc2' prefix cache miss — 2 cut(s) probed against 23 entries; the nearest entry (position 148) shares the first 32 of the prompt's 79 tokens (the prompt differs from it from that token on)
2026-09-22 12:30:35.109 INFO  sched: request 'chatcmpl-1062cbf6a2895dc2' admitted to slot 1 (reserve 10 blocks; pool 91/4096 blocks in use) — first token 90
2026-09-22 12:30:35.184 INFO  sched: request 'chatcmpl-1062cbf6a2895dbf' retired (eos): 62 tok in 3.1 s — prefill 79 tok (0 cached) in 286 ms; decode 61 tok / 31 passes in 2.8 s: 22.0 tok/s, 45.4 ms/tok, 89 ms/pass, 1.97 tok/pass, accept p1 100 %
2026-09-22 12:30:35.258 INFO  sched: request 'chatcmpl-1062cbf6a2895dc0' retired (eos): 63 tok in 2.8 s — prefill 80 tok (0 cached) in 287 ms; decode 62 tok / 31 passes in 2.5 s: 24.9 tok/s, 40.2 ms/tok, 80 ms/pass, 2.00 tok/pass, accept p1 100 %
2026-09-22 12:30:35.497 INFO  sched: request 'chatcmpl-1062cbf6a2895dc3' prefix cache miss — 1 cut(s) probed against 24 entries; the nearest entry (position 148) shares the first 29 of the prompt's 82 tokens (the prompt differs from it from that token on)
2026-09-22 12:30:35.498 INFO  sched: request 'chatcmpl-1062cbf6a2895dc3' admitted to slot 2 (reserve 10 blocks; pool 81/4096 blocks in use) — first token 90
2026-09-22 12:30:35.557 INFO  stats: rank 1 | 10.0 s | decode 74.3 tok/s, 9.0 ms/tok, 70.2 ms/step (96 steps / 747 tok, 67 % of wall) | mtp 2.01 tok/step/req, accept p1 100 % | prefill 12 prompts / 960 tok, 96 tok/s, 3.29 ms/tok, 263 ms avg (31 % of wall), 0 tok cached (0/12 hits) | live 3, queued 0 | pool 81/4096 blocks (2 %) | prefix cache 25/27 entries
2026-09-22 12:30:35.847 INFO  sched: request 'chatcmpl-1062cbf6a2895dc4' prefix cache miss — 2 cut(s) probed against 24 entries; the nearest entry (position 144) shares the first 32 of the prompt's 83 tokens (the prompt differs from it from that token on)
2026-09-22 12:30:35.847 INFO  sched: request 'chatcmpl-1062cbf6a2895dc4' admitted to slot 3 (reserve 10 blocks; pool 91/4096 blocks in use) — first token 90
2026-09-22 12:30:37.651 INFO  sched: request 'chatcmpl-1062cbf6a2895dc1' retired (eos): 62 tok in 3.0 s — prefill 78 tok (0 cached) in 238 ms; decode 61 tok / 31 passes in 2.8 s: 21.7 tok/s, 46.1 ms/tok, 91 ms/pass, 1.97 tok/pass, accept p1 100 %
2026-09-22 12:30:38.011 INFO  sched: request 'chatcmpl-1062cbf6a2895dc5' prefix cache miss — 2 cut(s) probed against 23 entries; the nearest entry (position 144) shares the first 32 of the prompt's 79 tokens (the prompt differs from it from that token on)
2026-09-22 12:30:38.011 INFO  sched: request 'chatcmpl-1062cbf6a2895dc5' admitted to slot 0 (reserve 10 blocks; pool 91/4096 blocks in use) — first token 90
2026-09-22 12:30:38.160 INFO  sched: request 'chatcmpl-1062cbf6a2895dc2' retired (eos): 63 tok in 3.1 s — prefill 79 tok (0 cached) in 286 ms; decode 62 tok / 31 passes in 2.8 s: 22.4 tok/s, 44.6 ms/tok, 89 ms/pass, 2.00 tok/pass, accept p1 100 %
2026-09-22 12:30:38.521 INFO  sched: request 'chatcmpl-1062cbf6a2895dc6' prefix cache miss — 2 cut(s) probed against 23 entries; the nearest entry (position 144) shares the first 32 of the prompt's 79 tokens (the prompt differs from it from that token on)
2026-09-22 12:30:38.521 INFO  sched: request 'chatcmpl-1062cbf6a2895dc6' admitted to slot 1 (reserve 10 blocks; pool 91/4096 blocks in use) — first token 90
2026-09-22 12:30:38.597 INFO  sched: request 'chatcmpl-1062cbf6a2895dc3' retired (eos): 63 tok in 3.1 s — prefill 82 tok (0 cached) in 239 ms; decode 62 tok / 31 passes in 2.9 s: 21.7 tok/s, 46.1 ms/tok, 92 ms/pass, 2.00 tok/pass, accept p1 100 %
2026-09-22 12:30:38.911 INFO  sched: request 'chatcmpl-1062cbf6a2895dc7' prefix cache miss — 1 cut(s) probed against 23 entries; the nearest entry (position 148) shares the first 27 of the prompt's 81 tokens (the prompt differs from it from that token on)
2026-09-22 12:30:38.911 INFO  sched: request 'chatcmpl-1062cbf6a2895dc7' admitted to slot 2 (reserve 10 blocks; pool 91/4096 blocks in use) — first token 90
2026-09-22 12:30:39.058 INFO  sched: request 'chatcmpl-1062cbf6a2895dc4' retired (eos): 67 tok in 3.2 s — prefill 83 tok (0 cached) in 286 ms; decode 66 tok / 33 passes in 2.9 s: 22.6 tok/s, 44.3 ms/tok, 89 ms/pass, 2.00 tok/pass, accept p1 100 %
2026-09-22 12:30:39.413 INFO  sched: request 'chatcmpl-1062cbf6a2895dc8' prefix cache miss — 2 cut(s) probed against 23 entries; the nearest entry (position 148) shares the first 27 of the prompt's 80 tokens (the prompt differs from it from that token on)
2026-09-22 12:30:39.413 INFO  sched: request 'chatcmpl-1062cbf6a2895dc8' admitted to slot 3 (reserve 10 blocks; pool 91/4096 blocks in use) — first token 90
2026-09-22 12:30:41.097 INFO  sched: request 'chatcmpl-1062cbf6a2895dc5' retired (eos): 62 tok in 3.1 s — prefill 79 tok (0 cached) in 287 ms; decode 61 tok / 31 passes in 2.8 s: 21.8 tok/s, 45.9 ms/tok, 90 ms/pass, 1.97 tok/pass, accept p1 100 %
2026-09-22 12:30:41.462 INFO  sched: request 'chatcmpl-1062cbf6a2895dc9' prefix cache miss — 2 cut(s) probed against 23 entries; the nearest entry (position 148) shares the first 29 of the prompt's 80 tokens (the prompt differs from it from that token on)
2026-09-22 12:30:41.462 INFO  sched: request 'chatcmpl-1062cbf6a2895dc9' admitted to slot 0 (reserve 10 blocks; pool 91/4096 blocks in use) — first token 90
2026-09-22 12:30:41.611 INFO  sched: request 'chatcmpl-1062cbf6a2895dc6' retired (eos): 62 tok in 3.1 s — prefill 79 tok (0 cached) in 287 ms; decode 61 tok / 31 passes in 2.8 s: 21.8 tok/s, 45.9 ms/tok, 90 ms/pass, 1.97 tok/pass, accept p1 100 %
2026-09-22 12:30:41.921 INFO  sched: request 'chatcmpl-1062cbf6a2895dca' prefix cache miss — 1 cut(s) probed against 23 entries; the nearest entry (position 148) shares the first 29 of the prompt's 81 tokens (the prompt differs from it from that token on)
2026-09-22 12:30:41.921 INFO  sched: request 'chatcmpl-1062cbf6a2895dca' admitted to slot 1 (reserve 10 blocks; pool 91/4096 blocks in use) — first token 90
2026-09-22 12:30:42.069 INFO  sched: request 'chatcmpl-1062cbf6a2895dc7' retired (eos): 64 tok in 3.2 s — prefill 81 tok (0 cached) in 238 ms; decode 63 tok / 32 passes in 2.9 s: 21.6 tok/s, 46.3 ms/tok, 91 ms/pass, 1.97 tok/pass, accept p1 100 %
2026-09-22 12:30:42.433 INFO  sched: request 'chatcmpl-1062cbf6a2895dcb' prefix cache miss — 2 cut(s) probed against 23 entries; the nearest entry (position 148) shares the first 29 of the prompt's 83 tokens (the prompt differs from it from that token on)
2026-09-22 12:30:42.433 INFO  sched: request 'chatcmpl-1062cbf6a2895dcb' admitted to slot 2 (reserve 10 blocks; pool 89/4096 blocks in use) — first token 90
2026-09-22 12:30:42.509 INFO  sched: request 'chatcmpl-1062cbf6a2895dc8' retired (eos): 62 tok in 3.1 s — prefill 80 tok (0 cached) in 292 ms; decode 61 tok / 31 passes in 2.8 s: 21.8 tok/s, 46.0 ms/tok, 90 ms/pass, 1.97 tok/pass, accept p1 100 %
2026-09-22 12:30:42.860 INFO  sched: request 'chatcmpl-1062cbf6a2895dcc' prefix cache miss — 2 cut(s) probed against 23 entries; the nearest entry (position 148) shares the first 29 of the prompt's 83 tokens (the prompt differs from it from that token on)
2026-09-22 12:30:42.860 INFO  sched: request 'chatcmpl-1062cbf6a2895dcc' admitted to slot 3 (reserve 10 blocks; pool 91/4096 blocks in use) — first token 90
2026-09-22 12:30:44.459 INFO  sched: request 'chatcmpl-1062cbf6a2895dc9' retired (eos): 61 tok in 3.0 s — prefill 80 tok (0 cached) in 290 ms; decode 60 tok / 30 passes in 2.7 s: 22.2 tok/s, 45.1 ms/tok, 90 ms/pass, 2.00 tok/pass, accept p1 100 %
2026-09-22 12:30:44.821 INFO  sched: request 'chatcmpl-1062cbf6a2895dcd' prefix cache miss — 2 cut(s) probed against 23 entries; the nearest entry (position 148) shares the first 32 of the prompt's 80 tokens (the prompt differs from it from that token on)
2026-09-22 12:30:44.821 INFO  sched: request 'chatcmpl-1062cbf6a2895dcd' admitted to slot 0 (reserve 10 blocks; pool 90/4096 blocks in use) — first token 90
2026-09-22 12:30:44.970 INFO  sched: request 'chatcmpl-1062cbf6a2895dca' retired (eos): 61 tok in 3.0 s — prefill 81 tok (0 cached) in 235 ms; decode 60 tok / 30 passes in 2.8 s: 21.3 tok/s, 46.9 ms/tok, 94 ms/pass, 2.00 tok/pass, accept p1 100 %
2026-09-22 12:30:45.332 INFO  sched: request 'chatcmpl-1062cbf6a2895dce' prefix cache miss — 2 cut(s) probed against 23 entries; the nearest entry (position 144) shares the first 29 of the prompt's 79 tokens (the prompt differs from it from that token on)
2026-09-22 12:30:45.332 INFO  sched: request 'chatcmpl-1062cbf6a2895dce' admitted to slot 1 (reserve 10 blocks; pool 89/4096 blocks in use) — first token 90
2026-09-22 12:30:45.629 INFO  sched: request 'chatcmpl-1062cbf6a2895dcb' retired (eos): 65 tok in 3.2 s — prefill 83 tok (0 cached) in 291 ms; decode 64 tok / 32 passes in 2.9 s: 22.0 tok/s, 45.4 ms/tok, 91 ms/pass, 2.00 tok/pass, accept p1 100 %
2026-09-22 12:30:45.629 INFO  stats: rank 1 | 10.1 s | decode 74.9 tok/s, 9.0 ms/tok, 71.0 ms/step (96 steps / 754 tok, 68 % of wall) | mtp 2.02 tok/step/req, accept p1 100 % | prefill 11 prompts / 888 tok, 88 tok/s, 3.45 ms/tok, 279 ms avg (30 % of wall), 0 tok cached (0/11 hits) | live 3, queued 0 | pool 81/4096 blocks (2 %) | prefix cache 24/27 entries
2026-09-22 12:30:45.939 INFO  sched: request 'chatcmpl-1062cbf6a2895dcf' prefix cache miss — 1 cut(s) probed against 23 entries; the nearest entry (position 144) shares the first 29 of the prompt's 82 tokens (the prompt differs from it from that token on)
2026-09-22 12:30:45.939 INFO  sched: request 'chatcmpl-1062cbf6a2895dcf' admitted to slot 2 (reserve 10 blocks; pool 89/4096 blocks in use) — first token 90
2026-09-22 12:30:46.086 INFO  sched: request 'chatcmpl-1062cbf6a2895dcc' retired (eos): 66 tok in 3.2 s — prefill 83 tok (0 cached) in 287 ms; decode 65 tok / 33 passes in 2.9 s: 22.1 tok/s, 45.2 ms/tok, 89 ms/pass, 1.97 tok/pass, accept p1 100 %
2026-09-22 12:30:46.437 INFO  sched: request 'chatcmpl-1062cbf6a2895dd0' prefix cache miss — 2 cut(s) probed against 23 entries; the nearest entry (position 148) shares the first 27 of the prompt's 80 tokens (the prompt differs from it from that token on)
2026-09-22 12:30:46.438 INFO  sched: request 'chatcmpl-1062cbf6a2895dd0' admitted to slot 3 (reserve 10 blocks; pool 91/4096 blocks in use) — first token 90
2026-09-22 12:30:47.960 INFO  sched: request 'chatcmpl-1062cbf6a2895dcd' retired (eos): 64 tok in 3.1 s — prefill 80 tok (0 cached) in 286 ms; decode 63 tok / 32 passes in 2.9 s: 22.1 tok/s, 45.3 ms/tok, 89 ms/pass, 1.97 tok/pass, accept p1 100 %
2026-09-22 12:30:48.031 INFO  sched: request 'chatcmpl-1062cbf6a2895dce' retired (eos): 60 tok in 2.7 s — prefill 79 tok (0 cached) in 288 ms; decode 59 tok / 30 passes in 2.4 s: 24.5 tok/s, 40.9 ms/tok, 80 ms/pass, 1.97 tok/pass, accept p1 100 %
2026-09-22 12:30:48.321 INFO  sched: request 'chatcmpl-1062cbf6a2895dd1' prefix cache miss — 2 cut(s) probed against 24 entries; the nearest entry (position 148) shares the first 32 of the prompt's 84 tokens (the prompt differs from it from that token on)
2026-09-22 12:30:48.321 INFO  sched: request 'chatcmpl-1062cbf6a2895dd1' admitted to slot 0 (reserve 10 blocks; pool 82/4096 blocks in use) — first token 90
2026-09-22 12:30:48.638 INFO  sched: request 'chatcmpl-1062cbf6a2895dd2' prefix cache miss — 1 cut(s) probed against 23 entries; the nearest entry (position 144) shares the first 29 of the prompt's 81 tokens (the prompt differs from it from that token on)
2026-09-22 12:30:48.638 INFO  sched: request 'chatcmpl-1062cbf6a2895dd2' admitted to slot 1 (reserve 10 blocks; pool 91/4096 blocks in use) — first token 90
2026-09-22 12:30:49.001 INFO  sched: request 'chatcmpl-1062cbf6a2895dcf' retired (eos): 63 tok in 3.1 s — prefill 82 tok (0 cached) in 237 ms; decode 62 tok / 31 passes in 2.8 s: 22.0 tok/s, 45.6 ms/tok, 91 ms/pass, 2.00 tok/pass, accept p1 100 %
2026-09-22 12:30:49.362 INFO  sched: request 'chatcmpl-1062cbf6a2895dd3' prefix cache miss — 2 cut(s) probed against 23 entries; the nearest entry (position 140) shares the first 33 of the prompt's 79 tokens (the prompt differs from it from that token on)
2026-09-22 12:30:49.362 INFO  sched: request 'chatcmpl-1062cbf6a2895dd3' admitted to slot 2 (reserve 10 blocks; pool 91/4096 blocks in use) — first token 90
2026-09-22 12:30:49.507 INFO  sched: request 'chatcmpl-1062cbf6a2895dd0' retired (eos): 63 tok in 3.1 s — prefill 80 tok (0 cached) in 291 ms; decode 62 tok / 31 passes in 2.8 s: 22.3 tok/s, 44.8 ms/tok, 90 ms/pass, 2.00 tok/pass, accept p1 100 %
2026-09-22 12:30:49.854 INFO  sched: request 'chatcmpl-1062cbf6a2895dd4' prefix cache miss — 2 cut(s) probed against 23 entries; the nearest entry (position 140) shares the first 32 of the prompt's 79 tokens (the prompt differs from it from that token on)
2026-09-22 12:30:49.854 INFO  sched: request 'chatcmpl-1062cbf6a2895dd4' admitted to slot 3 (reserve 10 blocks; pool 91/4096 blocks in use) — first token 90
2026-09-22 12:30:51.489 INFO  sched: request 'chatcmpl-1062cbf6a2895dd1' retired (eos): 67 tok in 3.2 s — prefill 84 tok (0 cached) in 289 ms; decode 66 tok / 33 passes in 2.9 s: 22.9 tok/s, 43.6 ms/tok, 87 ms/pass, 2.00 tok/pass, accept p1 100 %
2026-09-22 12:30:51.489 INFO  sched: request 'chatcmpl-1062cbf6a2895dd2' retired (eos): 64 tok in 2.9 s — prefill 81 tok (0 cached) in 239 ms; decode 63 tok / 32 passes in 2.6 s: 24.1 tok/s, 41.5 ms/tok, 82 ms/pass, 1.97 tok/pass, accept p1 100 %
2026-09-22 12:30:51.850 INFO  sched: request 'chatcmpl-1062cbf6a2895dd5' prefix cache miss — 2 cut(s) probed against 24 entries; the nearest entry (position 148) shares the first 27 of the prompt's 79 tokens (the prompt differs from it from that token on)
2026-09-22 12:30:51.850 INFO  sched: request 'chatcmpl-1062cbf6a2895dd5' admitted to slot 0 (reserve 10 blocks; pool 83/4096 blocks in use) — first token 90
2026-09-22 12:30:52.217 INFO  sched: request 'chatcmpl-1062cbf6a2895dd6' prefix cache miss — 2 cut(s) probed against 23 entries; the nearest entry (position 148) shares the first 27 of the prompt's 79 tokens (the prompt differs from it from that token on)
2026-09-22 12:30:52.217 INFO  sched: request 'chatcmpl-1062cbf6a2895dd6' admitted to slot 1 (reserve 10 blocks; pool 90/4096 blocks in use) — first token 90
2026-09-22 12:30:52.439 INFO  sched: request 'chatcmpl-1062cbf6a2895dd3' retired (eos): 62 tok in 3.1 s — prefill 79 tok (0 cached) in 287 ms; decode 61 tok / 31 passes in 2.8 s: 21.9 tok/s, 45.7 ms/tok, 90 ms/pass, 1.97 tok/pass, accept p1 100 %
2026-09-22 12:30:52.750 INFO  sched: request 'chatcmpl-1062cbf6a2895dd7' prefix cache miss — 1 cut(s) probed against 23 entries; the nearest entry (position 72) shares the first 28 of the prompt's 78 tokens (the prompt differs from it from that token on)
2026-09-22 12:30:52.750 INFO  sched: request 'chatcmpl-1062cbf6a2895dd7' admitted to slot 2 (reserve 10 blocks; pool 89/4096 blocks in use) — first token 90
2026-09-22 12:30:52.897 INFO  sched: request 'chatcmpl-1062cbf6a2895dd4' retired (eos): 62 tok in 3.0 s — prefill 79 tok (0 cached) in 287 ms; decode 61 tok / 31 passes in 2.8 s: 22.1 tok/s, 45.2 ms/tok, 89 ms/pass, 1.97 tok/pass, accept p1 100 %
2026-09-22 12:30:53.197 INFO  sched: request 'chatcmpl-1062cbf6a2895dd8' prefix cache miss — 1 cut(s) probed against 23 entries; the nearest entry (position 148) shares the first 27 of the prompt's 81 tokens (the prompt differs from it from that token on)
2026-09-22 12:30:53.197 INFO  sched: request 'chatcmpl-1062cbf6a2895dd8' admitted to slot 3 (reserve 10 blocks; pool 91/4096 blocks in use) — first token 90
2026-09-22 12:30:54.859 INFO  sched: request 'chatcmpl-1062cbf6a2895dd5' retired (eos): 62 tok in 3.0 s — prefill 79 tok (0 cached) in 292 ms; decode 61 tok / 31 passes in 2.7 s: 22.5 tok/s, 44.5 ms/tok, 88 ms/pass, 1.97 tok/pass, accept p1 100 %
2026-09-22 12:30:54.931 INFO  sched: request 'chatcmpl-1062cbf6a2895dd6' retired (eos): 63 tok in 2.7 s — prefill 79 tok (0 cached) in 291 ms; decode 62 tok / 31 passes in 2.4 s: 25.6 tok/s, 39.1 ms/tok, 78 ms/pass, 2.00 tok/pass, accept p1 100 %
2026-09-22 12:30:55.170 INFO  sched: request 'chatcmpl-1062cbf6a2895dd9' prefix cache miss — 1 cut(s) probed against 24 entries; the nearest entry (position 136) shares the first 30 of the prompt's 85 tokens (the prompt differs from it from that token on)
2026-09-22 12:30:55.170 INFO  sched: request 'chatcmpl-1062cbf6a2895dd9' admitted to slot 0 (reserve 10 blocks; pool 81/4096 blocks in use) — first token 90
2026-09-22 12:30:55.530 INFO  sched: request 'chatcmpl-1062cbf6a2895dda' prefix cache miss — 2 cut(s) probed against 24 entries; the nearest entry (position 148) shares the first 32 of the prompt's 79 tokens (the prompt differs from it from that token on)
2026-09-22 12:30:55.530 INFO  sched: request 'chatcmpl-1062cbf6a2895dda' admitted to slot 1 (reserve 10 blocks; pool 90/4096 blocks in use) — first token 90
2026-09-22 12:30:55.675 INFO  sched: request 'chatcmpl-1062cbf6a2895dd7' retired (eos): 61 tok in 2.9 s — prefill 78 tok (0 cached) in 238 ms; decode 60 tok / 30 passes in 2.7 s: 22.3 tok/s, 44.8 ms/tok, 90 ms/pass, 2.00 tok/pass, accept p1 100 %
2026-09-22 12:30:55.675 INFO  stats: rank 1 | 10.0 s | decode 73.6 tok/s, 9.0 ms/tok, 70.3 ms/step (95 steps / 739 tok, 66 % of wall) | mtp 2.01 tok/step/req, accept p1 100 % | prefill 12 prompts / 966 tok, 96 tok/s, 3.33 ms/tok, 268 ms avg (32 % of wall), 0 tok cached (0/12 hits) | live 3, queued 0 | pool 81/4096 blocks (2 %) | prefix cache 24/27 entries
2026-09-22 12:30:56.037 INFO  sched: request 'chatcmpl-1062cbf6a2895ddb' prefix cache miss — 2 cut(s) probed against 23 entries; the nearest entry (position 148) shares the first 29 of the prompt's 80 tokens (the prompt differs from it from that token on)
2026-09-22 12:30:56.037 INFO  sched: request 'chatcmpl-1062cbf6a2895ddb' admitted to slot 2 (reserve 10 blocks; pool 91/4096 blocks in use) — first token 90
2026-09-22 12:30:56.256 INFO  sched: request 'chatcmpl-1062cbf6a2895dd8' retired (eos): 63 tok in 3.1 s — prefill 81 tok (0 cached) in 238 ms; decode 62 tok / 31 passes in 2.8 s: 22.0 tok/s, 45.5 ms/tok, 91 ms/pass, 2.00 tok/pass, accept p1 100 %
2026-09-22 12:30:56.556 INFO  sched: request 'chatcmpl-1062cbf6a2895ddc' prefix cache miss — 1 cut(s) probed against 23 entries; the nearest entry (position 144) shares the first 29 of the prompt's 82 tokens (the prompt differs from it from that token on)
2026-09-22 12:30:56.556 INFO  sched: request 'chatcmpl-1062cbf6a2895ddc' admitted to slot 3 (reserve 10 blocks; pool 91/4096 blocks in use) — first token 90
2026-09-22 12:30:58.271 INFO  sched: request 'chatcmpl-1062cbf6a2895dda' retired (eos): 62 tok in 2.7 s — prefill 79 tok (0 cached) in 284 ms; decode 61 tok / 31 passes in 2.5 s: 24.8 tok/s, 40.3 ms/tok, 79 ms/pass, 1.97 tok/pass, accept p1 100 %
2026-09-22 12:30:58.271 INFO  sched: request 'chatcmpl-1062cbf6a2895dd9' retired (eos): 65 tok in 3.1 s — prefill 85 tok (0 cached) in 239 ms; decode 64 tok / 32 passes in 2.9 s: 22.4 tok/s, 44.7 ms/tok, 89 ms/pass, 2.00 tok/pass, accept p1 100 %
2026-09-22 12:30:58.629 INFO  sched: request 'chatcmpl-1062cbf6a2895ddd' prefix cache miss — 2 cut(s) probed against 24 entries; the nearest entry (position 140) shares the first 28 of the prompt's 79 tokens (the prompt differs from it from that token on)
2026-09-22 12:30:58.629 INFO  sched: request 'chatcmpl-1062cbf6a2895ddd' admitted to slot 0 (reserve 10 blocks; pool 80/4096 blocks in use) — first token 90
2026-09-22 12:30:58.707 INFO  sched: request 'chatcmpl-1062cbf6a2895ddb' retired (eos): 61 tok in 2.7 s — prefill 80 tok (0 cached) in 288 ms; decode 60 tok / 30 passes in 2.4 s: 25.2 tok/s, 39.7 ms/tok, 79 ms/pass, 2.00 tok/pass, accept p1 100 %
2026-09-22 12:30:58.994 INFO  sched: request 'chatcmpl-1062cbf6a2895dde' prefix cache miss — 2 cut(s) probed against 24 entries; the nearest entry (position 148) shares the first 29 of the prompt's 79 tokens (the prompt differs from it from that token on)
2026-09-22 12:30:58.994 INFO  sched: request 'chatcmpl-1062cbf6a2895dde' admitted to slot 1 (reserve 10 blocks; pool 83/4096 blocks in use) — first token 90
2026-09-22 12:30:59.355 INFO  sched: request 'chatcmpl-1062cbf6a2895ddf' prefix cache miss — 2 cut(s) probed against 23 entries; the nearest entry (position 148) shares the first 32 of the prompt's 80 tokens (the prompt differs from it from that token on)
2026-09-22 12:30:59.355 INFO  sched: request 'chatcmpl-1062cbf6a2895ddf' admitted to slot 2 (reserve 10 blocks; pool 91/4096 blocks in use) — first token 90
2026-09-22 12:30:59.648 INFO  sched: request 'chatcmpl-1062cbf6a2895ddc' retired (eos): 62 tok in 3.1 s — prefill 82 tok (0 cached) in 239 ms; decode 61 tok / 31 passes in 2.9 s: 21.4 tok/s, 46.8 ms/tok, 92 ms/pass, 1.97 tok/pass, accept p1 100 %
2026-09-22 12:30:59.946 INFO  sched: request 'chatcmpl-1062cbf6a2895de0' prefix cache miss — 1 cut(s) probed against 23 entries; the nearest entry (position 140) shares the first 35 of the prompt's 81 tokens (the prompt differs from it from that token on)
2026-09-22 12:30:59.946 INFO  sched: request 'chatcmpl-1062cbf6a2895de0' admitted to slot 3 (reserve 10 blocks; pool 91/4096 blocks in use) — first token 90
2026-09-22 12:31:01.658 INFO  sched: request 'chatcmpl-1062cbf6a2895ddd' retired (eos): 62 tok in 3.0 s — prefill 79 tok (0 cached) in 289 ms; decode 61 tok / 31 passes in 2.7 s: 22.3 tok/s, 44.9 ms/tok, 88 ms/pass, 1.97 tok/pass, accept p1 100 %
2026-09-22 12:31:01.731 INFO  sched: request 'chatcmpl-1062cbf6a2895dde' retired (eos): 62 tok in 2.7 s — prefill 79 tok (0 cached) in 287 ms; decode 61 tok / 31 passes in 2.4 s: 24.9 tok/s, 40.1 ms/tok, 79 ms/pass, 1.97 tok/pass, accept p1 100 %
2026-09-22 12:31:01.972 INFO  sched: request 'chatcmpl-1062cbf6a2895de1' prefix cache miss — 1 cut(s) probed against 24 entries; the nearest entry (position 148) shares the first 27 of the prompt's 81 tokens (the prompt differs from it from that token on)
2026-09-22 12:31:01.972 INFO  sched: request 'chatcmpl-1062cbf6a2895de1' admitted to slot 0 (reserve 10 blocks; pool 80/4096 blocks in use) — first token 90
2026-09-22 12:31:02.338 INFO  sched: request 'chatcmpl-1062cbf6a2895de2' prefix cache miss — 2 cut(s) probed against 24 entries; the nearest entry (position 140) shares the first 30 of the prompt's 80 tokens (the prompt differs from it from that token on)
2026-09-22 12:31:02.338 INFO  sched: request 'chatcmpl-1062cbf6a2895de2' admitted to slot 1 (reserve 10 blocks; pool 91/4096 blocks in use) — first token 90
2026-09-22 12:31:02.411 INFO  sched: request 'chatcmpl-1062cbf6a2895ddf' retired (eos): 64 tok in 3.1 s — prefill 80 tok (0 cached) in 285 ms; decode 63 tok / 32 passes in 2.8 s: 22.7 tok/s, 44.0 ms/tok, 87 ms/pass, 1.97 tok/pass, accept p1 100 %
2026-09-22 12:31:02.717 INFO  sched: request 'chatcmpl-1062cbf6a2895de3' prefix cache miss — 1 cut(s) probed against 23 entries; the nearest entry (position 140) shares the first 32 of the prompt's 81 tokens (the prompt differs from it from that token on)
2026-09-22 12:31:02.717 INFO  sched: request 'chatcmpl-1062cbf6a2895de3' admitted to slot 2 (reserve 10 blocks; pool 91/4096 blocks in use) — first token 90
2026-09-22 12:31:03.009 INFO  sched: request 'chatcmpl-1062cbf6a2895de0' retired (eos): 64 tok in 3.1 s — prefill 81 tok (0 cached) in 238 ms; decode 63 tok / 32 passes in 2.8 s: 22.3 tok/s, 44.8 ms/tok, 88 ms/pass, 1.97 tok/pass, accept p1 100 %
2026-09-22 12:31:03.360 INFO  sched: request 'chatcmpl-1062cbf6a2895de4' prefix cache miss — 2 cut(s) probed against 23 entries; the nearest entry (position 140) shares the first 33 of the prompt's 79 tokens (the prompt differs from it from that token on)
2026-09-22 12:31:03.360 INFO  sched: request 'chatcmpl-1062cbf6a2895de4' admitted to slot 3 (reserve 10 blocks; pool 91/4096 blocks in use) — first token 90
2026-09-22 12:31:05.001 INFO  sched: request 'chatcmpl-1062cbf6a2895de1' retired (eos): 63 tok in 3.0 s — prefill 81 tok (0 cached) in 240 ms; decode 62 tok / 31 passes in 2.8 s: 22.2 tok/s, 45.0 ms/tok, 90 ms/pass, 2.00 tok/pass, accept p1 100 %
2026-09-22 12:31:05.075 INFO  sched: request 'chatcmpl-1062cbf6a2895de2' retired (eos): 62 tok in 2.7 s — prefill 80 tok (0 cached) in 290 ms; decode 61 tok / 31 passes in 2.4 s: 24.9 tok/s, 40.1 ms/tok, 79 ms/pass, 1.97 tok/pass, accept p1 100 %
2026-09-22 12:31:05.363 INFO  sched: request 'chatcmpl-1062cbf6a2895de5' prefix cache miss — 2 cut(s) probed against 24 entries; the nearest entry (position 140) shares the first 33 of the prompt's 80 tokens (the prompt differs from it from that token on)
2026-09-22 12:31:05.363 INFO  sched: request 'chatcmpl-1062cbf6a2895de5' admitted to slot 0 (reserve 10 blocks; pool 81/4096 blocks in use) — first token 90
2026-09-22 12:31:05.725 INFO  sched: request 'chatcmpl-1062cbf6a2895de6' prefix cache miss — 2 cut(s) probed against 23 entries; the nearest entry (position 140) shares the first 32 of the prompt's 79 tokens (the prompt differs from it from that token on)
2026-09-22 12:31:05.725 INFO  sched: request 'chatcmpl-1062cbf6a2895de6' admitted to slot 1 (reserve 10 blocks; pool 90/4096 blocks in use) — first token 90
2026-09-22 12:31:05.799 INFO  sched: request 'chatcmpl-1062cbf6a2895de3' retired (eos): 63 tok in 3.1 s — prefill 81 tok (0 cached) in 233 ms; decode 62 tok / 31 passes in 2.8 s: 21.8 tok/s, 45.9 ms/tok, 92 ms/pass, 2.00 tok/pass, accept p1 100 %
2026-09-22 12:31:05.799 INFO  stats: rank 1 | 10.1 s | decode 73.8 tok/s, 9.0 ms/tok, 70.0 ms/step (96 steps / 747 tok, 66 % of wall) | mtp 2.01 tok/step/req, accept p1 100 % | prefill 12 prompts / 961 tok, 95 tok/s, 3.38 ms/tok, 271 ms avg (32 % of wall), 0 tok cached (0/12 hits) | live 3, queued 0 | pool 80/4096 blocks (2 %) | prefix cache 24/27 entries
2026-09-22 12:31:06.110 INFO  sched: request 'chatcmpl-1062cbf6a2895de7' prefix cache miss — 1 cut(s) probed against 23 entries; the nearest entry (position 148) shares the first 27 of the prompt's 78 tokens (the prompt differs from it from that token on)
2026-09-22 12:31:06.110 INFO  sched: request 'chatcmpl-1062cbf6a2895de7' admitted to slot 2 (reserve 10 blocks; pool 91/4096 blocks in use) — first token 90
2026-09-22 12:31:06.474 INFO  sched: request 'chatcmpl-1062cbf6a2895de4' retired (eos): 64 tok in 3.1 s — prefill 79 tok (0 cached) in 287 ms; decode 63 tok / 32 passes in 2.8 s: 22.3 tok/s, 44.9 ms/tok, 88 ms/pass, 1.97 tok/pass, accept p1 100 %
2026-09-22 12:31:06.767 INFO  sched: request 'chatcmpl-1062cbf6a2895de8' prefix cache miss — 1 cut(s) probed against 23 entries; the nearest entry (position 140) shares the first 32 of the prompt's 78 tokens (the prompt differs from it from that token on)
2026-09-22 12:31:06.767 INFO  sched: request 'chatcmpl-1062cbf6a2895de8' admitted to slot 3 (reserve 10 blocks; pool 91/4096 blocks in use) — first token 90
2026-09-22 12:31:08.399 INFO  sched: request 'chatcmpl-1062cbf6a2895de6' retired (eos): 63 tok in 2.7 s — prefill 79 tok (0 cached) in 285 ms; decode 62 tok / 31 passes in 2.4 s: 25.9 tok/s, 38.5 ms/tok, 77 ms/pass, 2.00 tok/pass, accept p1 100 %
2026-09-22 12:31:08.400 INFO  sched: request 'chatcmpl-1062cbf6a2895de5' retired (eos): 64 tok in 3.0 s — prefill 80 tok (0 cached) in 287 ms; decode 63 tok / 32 passes in 2.8 s: 22.9 tok/s, 43.7 ms/tok, 86 ms/pass, 1.97 tok/pass, accept p1 100 %
2026-09-22 12:31:08.469 INFO  sched: request 'chatcmpl-1062cbf6a2895de7' retired (eos): 61 tok in 2.4 s — prefill 78 tok (0 cached) in 238 ms; decode 60 tok / 30 passes in 2.1 s: 28.3 tok/s, 35.3 ms/tok, 71 ms/pass, 2.00 tok/pass, accept p1 100 %
2026-09-22 12:31:08.756 INFO  sched: request 'chatcmpl-1062cbf6a2895de9' prefix cache miss — 2 cut(s) probed against 25 entries; the nearest entry (position 140) shares the first 32 of the prompt's 79 tokens (the prompt differs from it from that token on)
2026-09-22 12:31:08.756 INFO  sched: request 'chatcmpl-1062cbf6a2895de9' admitted to slot 0 (reserve 10 blocks; pool 73/4096 blocks in use) — first token 90
2026-09-22 12:31:09.070 INFO  sched: request 'chatcmpl-1062cbf6a2895dea' prefix cache miss — 1 cut(s) probed against 24 entries; the nearest entry (position 144) shares the first 27 of the prompt's 81 tokens (the prompt differs from it from that token on)
2026-09-22 12:31:09.070 INFO  sched: request 'chatcmpl-1062cbf6a2895dea' admitted to slot 1 (reserve 10 blocks; pool 81/4096 blocks in use) — first token 90
2026-09-22 12:31:09.377 INFO  sched: request 'chatcmpl-1062cbf6a2895deb' prefix cache miss — 1 cut(s) probed against 24 entries; the nearest entry (position 140) shares the first 29 of the prompt's 81 tokens (the prompt differs from it from that token on)
2026-09-22 12:31:09.377 INFO  sched: request 'chatcmpl-1062cbf6a2895deb' admitted to slot 2 (reserve 10 blocks; pool 90/4096 blocks in use) — first token 90
2026-09-22 12:31:09.667 INFO  sched: request 'chatcmpl-1062cbf6a2895de8' retired (eos): 61 tok in 2.9 s — prefill 78 tok (0 cached) in 231 ms; decode 60 tok / 30 passes in 2.7 s: 22.5 tok/s, 44.5 ms/tok, 89 ms/pass, 2.00 tok/pass, accept p1 100 %
2026-09-22 12:31:09.967 INFO  sched: request 'chatcmpl-1062cbf6a2895dec' prefix cache miss — 1 cut(s) probed against 23 entries; the nearest entry (position 144) shares the first 27 of the prompt's 81 tokens (the prompt differs from it from that token on)
2026-09-22 12:31:09.967 INFO  sched: request 'chatcmpl-1062cbf6a2895dec' admitted to slot 3 (reserve 10 blocks; pool 91/4096 blocks in use) — first token 90
2026-09-22 12:31:11.691 INFO  sched: request 'chatcmpl-1062cbf6a2895de9' retired (eos): 63 tok in 2.9 s — prefill 79 tok (0 cached) in 286 ms; decode 62 tok / 31 passes in 2.6 s: 23.4 tok/s, 42.7 ms/tok, 85 ms/pass, 2.00 tok/pass, accept p1 100 %
2026-09-22 12:31:11.763 INFO  sched: request 'chatcmpl-1062cbf6a2895dea' retired (eos): 63 tok in 2.7 s — prefill 81 tok (0 cached) in 239 ms; decode 62 tok / 31 passes in 2.5 s: 25.3 tok/s, 39.6 ms/tok, 79 ms/pass, 2.00 tok/pass, accept p1 100 %
2026-09-22 12:31:12.057 INFO  sched: request 'chatcmpl-1062cbf6a2895ded' prefix cache miss — 2 cut(s) probed against 24 entries; the nearest entry (position 144) shares the first 27 of the prompt's 80 tokens (the prompt differs from it from that token on)
2026-09-22 12:31:12.057 INFO  sched: request 'chatcmpl-1062cbf6a2895ded' admitted to slot 0 (reserve 10 blocks; pool 80/4096 blocks in use) — first token 90
2026-09-22 12:31:12.135 INFO  sched: request 'chatcmpl-1062cbf6a2895deb' retired (eos): 63 tok in 2.8 s — prefill 81 tok (0 cached) in 234 ms; decode 62 tok / 31 passes in 2.5 s: 24.6 tok/s, 40.7 ms/tok, 81 ms/pass, 2.00 tok/pass, accept p1 100 %
2026-09-22 12:31:12.374 INFO  sched: request 'chatcmpl-1062cbf6a2895dee' prefix cache miss — 1 cut(s) probed against 24 entries; the nearest entry (position 140) shares the first 29 of the prompt's 82 tokens (the prompt differs from it from that token on)
2026-09-22 12:31:12.374 INFO  sched: request 'chatcmpl-1062cbf6a2895dee' admitted to slot 1 (reserve 10 blocks; pool 83/4096 blocks in use) — first token 90
2026-09-22 12:31:12.677 INFO  sched: request 'chatcmpl-1062cbf6a2895def' prefix cache miss — 1 cut(s) probed against 24 entries; the nearest entry (position 140) shares the first 43 of the prompt's 78 tokens (the prompt differs from it from that token on)
2026-09-22 12:31:12.677 INFO  sched: request 'chatcmpl-1062cbf6a2895def' admitted to slot 2 (reserve 10 blocks; pool 91/4096 blocks in use) — first token 90
2026-09-22 12:31:13.041 INFO  sched: request 'chatcmpl-1062cbf6a2895dec' retired (eos): 64 tok in 3.1 s — prefill 81 tok (0 cached) in 238 ms; decode 63 tok / 32 passes in 2.8 s: 22.2 tok/s, 45.0 ms/tok, 89 ms/pass, 1.97 tok/pass, accept p1 100 %
2026-09-22 12:31:13.337 INFO  sched: request 'chatcmpl-1062cbf6a2895df0' prefix cache miss — 1 cut(s) probed against 23 entries; the nearest entry (position 140) shares the first 29 of the prompt's 78 tokens (the prompt differs from it from that token on)
2026-09-22 12:31:13.337 INFO  sched: request 'chatcmpl-1062cbf6a2895df0' admitted to slot 3 (reserve 10 blocks; pool 91/4096 blocks in use) — first token 90
2026-09-22 12:31:14.976 INFO  sched: request 'chatcmpl-1062cbf6a2895ded' retired (eos): 63 tok in 2.9 s — prefill 80 tok (0 cached) in 293 ms; decode 62 tok / 31 passes in 2.6 s: 23.6 tok/s, 42.4 ms/tok, 85 ms/pass, 2.00 tok/pass, accept p1 100 %
2026-09-22 12:31:15.050 INFO  sched: request 'chatcmpl-1062cbf6a2895def' retired (eos): 60 tok in 2.4 s — prefill 78 tok (0 cached) in 231 ms; decode 59 tok / 30 passes in 2.1 s: 27.5 tok/s, 36.3 ms/tok, 71 ms/pass, 1.97 tok/pass, accept p1 100 %
2026-09-22 12:31:15.288 INFO  sched: request 'chatcmpl-1062cbf6a2895df1' prefix cache miss — 1 cut(s) probed against 24 entries; the nearest entry (position 140) shares the first 29 of the prompt's 81 tokens (the prompt differs from it from that token on)
2026-09-22 12:31:15.288 INFO  sched: request 'chatcmpl-1062cbf6a2895df1' admitted to slot 0 (reserve 10 blocks; pool 81/4096 blocks in use) — first token 90
2026-09-22 12:31:15.362 INFO  sched: request 'chatcmpl-1062cbf6a2895dee' retired (eos): 64 tok in 3.0 s — prefill 82 tok (0 cached) in 238 ms; decode 63 tok / 32 passes in 2.8 s: 22.9 tok/s, 43.7 ms/tok, 86 ms/pass, 1.97 tok/pass, accept p1 100 %
2026-09-22 12:31:15.597 INFO  sched: request 'chatcmpl-1062cbf6a2895df2' prefix cache miss — 1 cut(s) probed against 25 entries; the nearest entry (position 144) shares the first 27 of the prompt's 77 tokens (the prompt differs from it from that token on)
2026-09-22 12:31:15.597 INFO  sched: request 'chatcmpl-1062cbf6a2895df2' admitted to slot 1 (reserve 10 blocks; pool 83/4096 blocks in use) — first token 90
2026-09-22 12:31:15.907 INFO  sched: request 'chatcmpl-1062cbf6a2895df3' prefix cache miss — 1 cut(s) probed against 24 entries; the nearest entry (position 144) shares the first 29 of the prompt's 82 tokens (the prompt differs from it from that token on)
2026-09-22 12:31:15.907 INFO  sched: request 'chatcmpl-1062cbf6a2895df3' admitted to slot 2 (reserve 10 blocks; pool 90/4096 blocks in use) — first token 90
2026-09-22 12:31:15.974 INFO  stats: rank 1 | 10.2 s | decode 74.9 tok/s, 9.0 ms/tok, 70.0 ms/step (98 steps / 762 tok, 67 % of wall) | mtp 2.02 tok/step/req, accept p1 100 % | prefill 13 prompts / 1036 tok, 102 tok/s, 3.06 ms/tok, 244 ms avg (31 % of wall), 0 tok cached (0/13 hits) | live 4, queued 0 | pool 90/4096 blocks (2 %) | prefix cache 24/27 entries
2026-09-22 12:31:16.124 INFO  sched: request 'chatcmpl-1062cbf6a2895df0' retired (eos): 59 tok in 2.8 s — prefill 78 tok (0 cached) in 236 ms; decode 58 tok / 29 passes in 2.6 s: 22.7 tok/s, 44.0 ms/tok, 88 ms/pass, 2.00 tok/pass, accept p1 100 %
2026-09-22 12:31:16.473 INFO  sched: request 'chatcmpl-1062cbf6a2895df4' prefix cache miss — 2 cut(s) probed against 23 entries; the nearest entry (position 144) shares the first 27 of the prompt's 80 tokens (the prompt differs from it from that token on)
2026-09-22 12:31:16.473 INFO  sched: request 'chatcmpl-1062cbf6a2895df4' admitted to slot 3 (reserve 10 blocks; pool 91/4096 blocks in use) — first token 90
2026-09-22 12:31:18.166 INFO  sched: request 'chatcmpl-1062cbf6a2895df1' retired (eos): 61 tok in 2.9 s — prefill 81 tok (0 cached) in 236 ms; decode 60 tok / 30 passes in 2.6 s: 22.7 tok/s, 44.0 ms/tok, 88 ms/pass, 2.00 tok/pass, accept p1 100 %
2026-09-22 12:31:18.166 INFO  sched: request 'chatcmpl-1062cbf6a2895df2' retired (eos): 59 tok in 2.6 s — prefill 77 tok (0 cached) in 234 ms; decode 58 tok / 29 passes in 2.3 s: 24.8 tok/s, 40.3 ms/tok, 81 ms/pass, 2.00 tok/pass, accept p1 100 %
2026-09-22 12:31:18.469 INFO  sched: request 'chatcmpl-1062cbf6a2895df5' prefix cache miss — 1 cut(s) probed against 24 entries; the nearest entry (position 140) shares the first 32 of the prompt's 81 tokens (the prompt differs from it from that token on)
2026-09-22 12:31:18.469 INFO  sched: request 'chatcmpl-1062cbf6a2895df5' admitted to slot 0 (reserve 10 blocks; pool 80/4096 blocks in use) — first token 90
2026-09-22 12:31:18.835 INFO  sched: request 'chatcmpl-1062cbf6a2895df6' prefix cache miss — 2 cut(s) probed against 24 entries; the nearest entry (position 144) shares the first 27 of the prompt's 79 tokens (the prompt differs from it from that token on)
2026-09-22 12:31:18.835 INFO  sched: request 'chatcmpl-1062cbf6a2895df6' admitted to slot 1 (reserve 10 blocks; pool 88/4096 blocks in use) — first token 90
2026-09-22 12:31:18.912 INFO  sched: request 'chatcmpl-1062cbf6a2895df3' retired (eos): 62 tok in 3.0 s — prefill 82 tok (0 cached) in 236 ms; decode 61 tok / 31 passes in 2.8 s: 22.0 tok/s, 45.4 ms/tok, 89 ms/pass, 1.97 tok/pass, accept p1 100 %
2026-09-22 12:31:19.275 INFO  sched: request 'chatcmpl-1062cbf6a2895df7' prefix cache miss — 2 cut(s) probed against 23 entries; the nearest entry (position 144) shares the first 27 of the prompt's 79 tokens (the prompt differs from it from that token on)
2026-09-22 12:31:19.275 INFO  sched: request 'chatcmpl-1062cbf6a2895df7' admitted to slot 2 (reserve 10 blocks; pool 91/4096 blocks in use) — first token 90
2026-09-22 12:31:19.496 INFO  sched: request 'chatcmpl-1062cbf6a2895df4' retired (eos): 62 tok in 3.0 s — prefill 80 tok (0 cached) in 290 ms; decode 61 tok / 31 passes in 2.7 s: 22.3 tok/s, 44.8 ms/tok, 88 ms/pass, 1.97 tok/pass, accept p1 100 %
2026-09-22 12:31:19.847 INFO  sched: request 'chatcmpl-1062cbf6a2895df8' prefix cache miss — 2 cut(s) probed against 23 entries; the nearest entry (position 144) shares the first 29 of the prompt's 80 tokens (the prompt differs from it from that token on)
2026-09-22 12:31:19.847 INFO  sched: request 'chatcmpl-1062cbf6a2895df8' admitted to slot 3 (reserve 10 blocks; pool 91/4096 blocks in use) — first token 90
2026-09-22 12:31:21.622 INFO  sched: request 'chatcmpl-1062cbf6a2895df5' retired (eos): 64 tok in 3.2 s — prefill 81 tok (0 cached) in 233 ms; decode 63 tok / 32 passes in 2.9 s: 21.6 tok/s, 46.3 ms/tok, 91 ms/pass, 1.97 tok/pass, accept p1 100 %
2026-09-22 12:31:21.622 INFO  sched: request 'chatcmpl-1062cbf6a2895df6' retired (eos): 62 tok in 2.8 s — prefill 79 tok (0 cached) in 291 ms; decode 61 tok / 31 passes in 2.5 s: 24.4 tok/s, 40.9 ms/tok, 81 ms/pass, 1.97 tok/pass, accept p1 100 %
2026-09-22 12:31:21.928 INFO  sched: request 'chatcmpl-1062cbf6a2895df9' prefix cache miss — 1 cut(s) probed against 24 entries; the nearest entry (position 144) shares the first 27 of the prompt's 77 tokens (the prompt differs from it from that token on)
2026-09-22 12:31:21.928 INFO  sched: request 'chatcmpl-1062cbf6a2895df9' admitted to slot 0 (reserve 10 blocks; pool 80/4096 blocks in use) — first token 90
2026-09-22 12:31:22.004 INFO  sched: request 'chatcmpl-1062cbf6a2895df7' retired (eos): 62 tok in 2.7 s — prefill 79 tok (0 cached) in 290 ms; decode 61 tok / 31 passes in 2.4 s: 25.0 tok/s, 40.0 ms/tok, 79 ms/pass, 1.97 tok/pass, accept p1 100 %
2026-09-22 12:31:22.243 INFO  sched: request 'chatcmpl-1062cbf6a2895dfa' prefix cache miss — 1 cut(s) probed against 25 entries; the nearest entry (position 140) shares the first 34 of the prompt's 78 tokens (the prompt differs from it from that token on)
2026-09-22 12:31:22.243 INFO  sched: request 'chatcmpl-1062cbf6a2895dfa' admitted to slot 1 (reserve 10 blocks; pool 83/4096 blocks in use) — first token 90
2026-09-22 12:31:22.606 INFO  sched: request 'chatcmpl-1062cbf6a2895dfb' prefix cache miss — 2 cut(s) probed against 24 entries; the nearest entry (position 144) shares the first 32 of the prompt's 83 tokens (the prompt differs from it from that token on)
2026-09-22 12:31:22.606 INFO  sched: request 'chatcmpl-1062cbf6a2895dfb' admitted to slot 2 (reserve 10 blocks; pool 91/4096 blocks in use) — first token 90
2026-09-22 12:31:22.828 INFO  sched: request 'chatcmpl-1062cbf6a2895df8' retired (eos): 62 tok in 3.0 s — prefill 80 tok (0 cached) in 291 ms; decode 61 tok / 31 passes in 2.7 s: 22.7 tok/s, 44.1 ms/tok, 87 ms/pass, 1.97 tok/pass, accept p1 100 %
2026-09-22 12:31:23.118 INFO  sched: request 'chatcmpl-1062cbf6a2895dfc' prefix cache miss — 1 cut(s) probed against 23 entries; the nearest entry (position 144) shares the first 32 of the prompt's 77 tokens (the prompt differs from it from that token on)
2026-09-22 12:31:23.118 INFO  sched: request 'chatcmpl-1062cbf6a2895dfc' admitted to slot 3 (reserve 10 blocks; pool 91/4096 blocks in use) — first token 90
2026-09-22 12:31:24.844 INFO  sched: request 'chatcmpl-1062cbf6a2895df9' retired (eos): 61 tok in 2.9 s — prefill 77 tok (0 cached) in 237 ms; decode 60 tok / 30 passes in 2.7 s: 22.4 tok/s, 44.7 ms/tok, 89 ms/pass, 2.00 tok/pass, accept p1 100 %
2026-09-22 12:31:25.207 INFO  sched: request 'chatcmpl-1062cbf6a2895dfd' prefix cache miss — 2 cut(s) probed against 23 entries; the nearest entry (position 140) shares the first 28 of the prompt's 80 tokens (the prompt differs from it from that token on)
2026-09-22 12:31:25.207 INFO  sched: request 'chatcmpl-1062cbf6a2895dfd' admitted to slot 0 (reserve 10 blocks; pool 89/4096 blocks in use) — first token 90
2026-09-22 12:31:25.282 INFO  sched: request 'chatcmpl-1062cbf6a2895dfa' retired (eos): 63 tok in 3.0 s — prefill 78 tok (0 cached) in 238 ms; decode 62 tok / 31 passes in 2.8 s: 22.1 tok/s, 45.2 ms/tok, 90 ms/pass, 2.00 tok/pass, accept p1 100 %
2026-09-22 12:31:25.596 INFO  sched: request 'chatcmpl-1062cbf6a2895dfe' prefix cache miss — 1 cut(s) probed against 23 entries; the nearest entry (position 144) shares the first 27 of the prompt's 82 tokens (the prompt differs from it from that token on)
2026-09-22 12:31:25.596 INFO  sched: request 'chatcmpl-1062cbf6a2895dfe' admitted to slot 1 (reserve 10 blocks; pool 88/4096 blocks in use) — first token 90
2026-09-22 12:31:25.814 INFO  sched: request 'chatcmpl-1062cbf6a2895dfb' retired (eos): 68 tok in 3.2 s — prefill 83 tok (0 cached) in 289 ms; decode 67 tok / 34 passes in 2.9 s: 23.0 tok/s, 43.6 ms/tok, 86 ms/pass, 1.97 tok/pass, accept p1 100 %
2026-09-22 12:31:25.814 INFO  sched: request 'chatcmpl-1062cbf6a2895dfc' retired (eos): 61 tok in 2.7 s — prefill 77 tok (0 cached) in 230 ms; decode 60 tok / 30 passes in 2.5 s: 24.3 tok/s, 41.1 ms/tok, 82 ms/pass, 2.00 tok/pass, accept p1 100 %
2026-09-22 12:31:26.150 INFO  sched: request 'chatcmpl-1062cbf6a2895dff' prefix cache miss — 2 cut(s) probed against 24 entries; the nearest entry (position 148) shares the first 32 of the prompt's 83 tokens (the prompt differs from it from that token on)
2026-09-22 12:31:26.150 INFO  sched: request 'chatcmpl-1062cbf6a2895dff' admitted to slot 2 (reserve 10 blocks; pool 83/4096 blocks in use) — first token 90
2026-09-22 12:31:26.209 INFO  stats: rank 1 | 10.2 s | decode 74.7 tok/s, 9.0 ms/tok, 69.4 ms/step (99 steps / 765 tok, 67 % of wall) | mtp 2.01 tok/step/req, accept p1 100 % | prefill 12 prompts / 959 tok, 94 tok/s, 3.35 ms/tok, 268 ms avg (31 % of wall), 0 tok cached (0/12 hits) | live 3, queued 1 | pool 81/4096 blocks (2 %) | prefix cache 24/27 entries
2026-09-22 12:31:26.444 INFO  sched: request 'chatcmpl-1062cbf6a2895e00' prefix cache miss — 1 cut(s) probed against 23 entries; the nearest entry (position 148) shares the first 32 of the prompt's 81 tokens (the prompt differs from it from that token on)
2026-09-22 12:31:26.445 INFO  sched: request 'chatcmpl-1062cbf6a2895e00' admitted to slot 3 (reserve 10 blocks; pool 91/4096 blocks in use) — first token 90
2026-09-22 12:31:28.166 INFO  sched: request 'chatcmpl-1062cbf6a2895dfd' retired (eos): 63 tok in 3.0 s — prefill 80 tok (0 cached) in 293 ms; decode 62 tok / 31 passes in 2.7 s: 23.3 tok/s, 43.0 ms/tok, 86 ms/pass, 2.00 tok/pass, accept p1 100 %
2026-09-22 12:31:28.471 INFO  sched: request 'chatcmpl-1062cbf6a2895e01' prefix cache miss — 1 cut(s) probed against 23 entries; the nearest entry (position 148) shares the first 32 of the prompt's 81 tokens (the prompt differs from it from that token on)
2026-09-22 12:31:28.471 INFO  sched: request 'chatcmpl-1062cbf6a2895e01' admitted to slot 0 (reserve 10 blocks; pool 88/4096 blocks in use) — first token 90
2026-09-22 12:31:28.617 INFO  sched: request 'chatcmpl-1062cbf6a2895dfe' retired (eos): 64 tok in 3.0 s — prefill 82 tok (0 cached) in 242 ms; decode 63 tok / 32 passes in 2.8 s: 22.7 tok/s, 44.1 ms/tok, 87 ms/pass, 1.97 tok/pass, accept p1 100 %
2026-09-22 12:31:28.922 INFO  sched: request 'chatcmpl-1062cbf6a2895e02' prefix cache miss — 1 cut(s) probed against 23 entries; the nearest entry (position 148) shares the first 32 of the prompt's 81 tokens (the prompt differs from it from that token on)
2026-09-22 12:31:28.922 INFO  sched: request 'chatcmpl-1062cbf6a2895e02' admitted to slot 1 (reserve 10 blocks; pool 89/4096 blocks in use) — first token 90
2026-09-22 12:31:29.139 INFO  sched: request 'chatcmpl-1062cbf6a2895dff' retired (eos): 65 tok in 3.0 s — prefill 83 tok (0 cached) in 287 ms; decode 64 tok / 32 passes in 2.7 s: 23.7 tok/s, 42.2 ms/tok, 84 ms/pass, 2.00 tok/pass, accept p1 100 %
2026-09-22 12:31:29.215 INFO  sched: request 'chatcmpl-1062cbf6a2895e00' retired (eos): 64 tok in 2.8 s — prefill 81 tok (0 cached) in 232 ms; decode 63 tok / 32 passes in 2.5 s: 24.8 tok/s, 40.3 ms/tok, 79 ms/pass, 1.97 tok/pass, accept p1 100 %
2026-09-22 12:31:29.502 INFO  sched: request 'chatcmpl-1062cbf6a2895e03' prefix cache miss — 2 cut(s) probed against 24 entries; the nearest entry (position 148) shares the first 32 of the prompt's 79 tokens (the prompt differs from it from that token on)
2026-09-22 12:31:29.502 INFO  sched: request 'chatcmpl-1062cbf6a2895e03' admitted to slot 2 (reserve 10 blocks; pool 83/4096 blocks in use) — first token 90
2026-09-22 12:31:29.797 INFO  sched: request 'chatcmpl-1062cbf6a2895e04' prefix cache miss — 1 cut(s) probed against 23 entries; the nearest entry (position 148) shares the first 32 of the prompt's 78 tokens (the prompt differs from it from that token on)
2026-09-22 12:31:29.797 INFO  sched: request 'chatcmpl-1062cbf6a2895e04' admitted to slot 3 (reserve 10 blocks; pool 91/4096 blocks in use) — first token 90
2026-09-22 12:31:31.448 INFO  sched: request 'chatcmpl-1062cbf6a2895e01' retired (eos): 62 tok in 3.0 s — prefill 81 tok (0 cached) in 235 ms; decode 61 tok / 31 passes in 2.7 s: 22.2 tok/s, 45.0 ms/tok, 88 ms/pass, 1.97 tok/pass, accept p1 100 %
2026-09-22 12:31:31.811 INFO  sched: request 'chatcmpl-1062cbf6a2895e05' prefix cache miss — 2 cut(s) probed against 23 entries; the nearest entry (position 148) shares the first 27 of the prompt's 79 tokens (the prompt differs from it from that token on)
2026-09-22 12:31:31.811 INFO  sched: request 'chatcmpl-1062cbf6a2895e05' admitted to slot 0 (reserve 10 blocks; pool 88/4096 blocks in use) — first token 90
2026-09-22 12:31:32.029 INFO  sched: request 'chatcmpl-1062cbf6a2895e02' retired (eos): 64 tok in 3.1 s — prefill 81 tok (0 cached) in 232 ms; decode 63 tok / 32 passes in 2.9 s: 21.9 tok/s, 45.6 ms/tok, 90 ms/pass, 1.97 tok/pass, accept p1 100 %
2026-09-22 12:31:32.338 INFO  sched: request 'chatcmpl-1062cbf6a2895e06' prefix cache miss — 1 cut(s) probed against 23 entries; the nearest entry (position 144) shares the first 35 of the prompt's 82 tokens (the prompt differs from it from that token on)
2026-09-22 12:31:32.338 INFO  sched: request 'chatcmpl-1062cbf6a2895e06' admitted to slot 1 (reserve 10 blocks; pool 89/4096 blocks in use) — first token 90
2026-09-22 12:31:32.487 INFO  sched: request 'chatcmpl-1062cbf6a2895e03' retired (eos): 62 tok in 3.0 s — prefill 79 tok (0 cached) in 286 ms; decode 61 tok / 31 passes in 2.7 s: 22.6 tok/s, 44.3 ms/tok, 87 ms/pass, 1.97 tok/pass, accept p1 100 %
2026-09-22 12:31:32.559 INFO  sched: request 'chatcmpl-1062cbf6a2895e04' retired (eos): 62 tok in 2.8 s — prefill 78 tok (0 cached) in 231 ms; decode 61 tok / 31 passes in 2.5 s: 24.1 tok/s, 41.5 ms/tok, 82 ms/pass, 1.97 tok/pass, accept p1 100 %
2026-09-22 12:31:32.845 INFO  sched: request 'chatcmpl-1062cbf6a2895e07' prefix cache miss — 2 cut(s) probed against 24 entries; the nearest entry (position 148) shares the first 32 of the prompt's 79 tokens (the prompt differs from it from that token on)
2026-09-22 12:31:32.845 INFO  sched: request 'chatcmpl-1062cbf6a2895e07' admitted to slot 2 (reserve 10 blocks; pool 83/4096 blocks in use) — first token 90
2026-09-22 12:31:33.146 INFO  sched: request 'chatcmpl-1062cbf6a2895e08' prefix cache miss — 1 cut(s) probed against 23 entries; the nearest entry (position 148) shares the first 27 of the prompt's 85 tokens (the prompt differs from it from that token on)
2026-09-22 12:31:33.146 INFO  sched: request 'chatcmpl-1062cbf6a2895e08' admitted to slot 3 (reserve 10 blocks; pool 91/4096 blocks in use) — first token 90
2026-09-22 12:31:34.802 INFO  sched: request 'chatcmpl-1062cbf6a2895e05' retired (eos): 62 tok in 3.0 s — prefill 79 tok (0 cached) in 291 ms; decode 61 tok / 31 passes in 2.7 s: 22.6 tok/s, 44.3 ms/tok, 87 ms/pass, 1.97 tok/pass, accept p1 100 %
2026-09-22 12:31:35.111 INFO  sched: request 'chatcmpl-1062cbf6a2895e09' prefix cache miss — 1 cut(s) probed against 23 entries; the nearest entry (position 140) shares the first 33 of the prompt's 78 tokens (the prompt differs from it from that token on)
2026-09-22 12:31:35.112 INFO  sched: request 'chatcmpl-1062cbf6a2895e09' admitted to slot 0 (reserve 10 blocks; pool 90/4096 blocks in use) — first token 90
2026-09-22 12:31:35.406 INFO  sched: request 'chatcmpl-1062cbf6a2895e06' retired (eos): 65 tok in 3.1 s — prefill 82 tok (0 cached) in 236 ms; decode 64 tok / 32 passes in 2.8 s: 22.6 tok/s, 44.2 ms/tok, 88 ms/pass, 2.00 tok/pass, accept p1 100 %
2026-09-22 12:31:35.772 INFO  sched: request 'chatcmpl-1062cbf6a2895e0a' prefix cache miss — 2 cut(s) probed against 23 entries; the nearest entry (position 144) shares the first 28 of the prompt's 80 tokens (the prompt differs from it from that token on)
2026-09-22 12:31:35.772 INFO  sched: request 'chatcmpl-1062cbf6a2895e0a' admitted to slot 1 (reserve 10 blocks; pool 91/4096 blocks in use) — first token 90
2026-09-22 12:31:35.848 INFO  sched: request 'chatcmpl-1062cbf6a2895e07' retired (eos): 62 tok in 3.0 s — prefill 79 tok (0 cached) in 285 ms; decode 61 tok / 31 passes in 2.7 s: 22.4 tok/s, 44.6 ms/tok, 88 ms/pass, 1.97 tok/pass, accept p1 100 %
2026-09-22 12:31:36.207 INFO  sched: request 'chatcmpl-1062cbf6a2895e0b' prefix cache miss — 2 cut(s) probed against 23 entries; the nearest entry (position 144) shares the first 32 of the prompt's 79 tokens (the prompt differs from it from that token on)
2026-09-22 12:31:36.207 INFO  sched: request 'chatcmpl-1062cbf6a2895e0b' admitted to slot 2 (reserve 10 blocks; pool 89/4096 blocks in use) — first token 90
2026-09-22 12:31:36.276 INFO  stats: rank 1 | 10.1 s | decode 75.3 tok/s, 9.0 ms/tok, 70.5 ms/step (97 steps / 758 tok, 68 % of wall) | mtp 2.01 tok/step/req, accept p1 100 % | prefill 12 prompts / 962 tok, 96 tok/s, 3.20 ms/tok, 256 ms avg (31 % of wall), 0 tok cached (0/12 hits) | live 4, queued 0 | pool 89/4096 blocks (2 %) | prefix cache 23/27 entries
2026-09-22 12:31:36.354 INFO  sched: request 'chatcmpl-1062cbf6a2895e08' retired (eos): 67 tok in 3.2 s — prefill 85 tok (0 cached) in 237 ms; decode 66 tok / 33 passes in 3.0 s: 22.2 tok/s, 45.0 ms/tok, 90 ms/pass, 2.00 tok/pass, accept p1 100 %
2026-09-22 12:31:36.710 INFO  sched: request 'chatcmpl-1062cbf6a2895e0c' prefix cache miss — 2 cut(s) probed against 23 entries; the nearest entry (position 140) shares the first 28 of the prompt's 80 tokens (the prompt differs from it from that token on)
2026-09-22 12:31:36.710 INFO  sched: request 'chatcmpl-1062cbf6a2895e0c' admitted to slot 3 (reserve 10 blocks; pool 91/4096 blocks in use) — first token 90
2026-09-22 12:31:38.078 INFO  sched: request 'chatcmpl-1062cbf6a2895e09' retired (eos): 59 tok in 3.0 s — prefill 78 tok (0 cached) in 234 ms; decode 58 tok / 29 passes in 2.7 s: 21.2 tok/s, 47.1 ms/tok, 94 ms/pass, 2.00 tok/pass, accept p1 100 %
2026-09-22 12:31:38.442 INFO  sched: request 'chatcmpl-1062cbf6a2895e0d' prefix cache miss — 2 cut(s) probed against 23 entries; the nearest entry (position 148) shares the first 29 of the prompt's 83 tokens (the prompt differs from it from that token on)
2026-09-22 12:31:38.442 INFO  sched: request 'chatcmpl-1062cbf6a2895e0d' admitted to slot 0 (reserve 10 blocks; pool 90/4096 blocks in use) — first token 90
2026-09-22 12:31:38.883 INFO  sched: request 'chatcmpl-1062cbf6a2895e0a' retired (eos): 63 tok in 3.1 s — prefill 80 tok (0 cached) in 293 ms; decode 62 tok / 31 passes in 2.8 s: 22.0 tok/s, 45.5 ms/tok, 91 ms/pass, 2.00 tok/pass, accept p1 100 %
2026-09-22 12:31:39.244 INFO  sched: request 'chatcmpl-1062cbf6a2895e0e' prefix cache miss — 2 cut(s) probed against 23 entries; the nearest entry (position 140) shares the first 34 of the prompt's 80 tokens (the prompt differs from it from that token on)
2026-09-22 12:31:39.244 INFO  sched: request 'chatcmpl-1062cbf6a2895e0e' admitted to slot 1 (reserve 10 blocks; pool 91/4096 blocks in use) — first token 90
2026-09-22 12:31:39.320 INFO  sched: request 'chatcmpl-1062cbf6a2895e0b' retired (eos): 62 tok in 3.1 s — prefill 79 tok (0 cached) in 286 ms; decode 61 tok / 31 passes in 2.8 s: 21.6 tok/s, 46.3 ms/tok, 91 ms/pass, 1.97 tok/pass, accept p1 100 %
2026-09-22 12:31:39.685 INFO  sched: request 'chatcmpl-1062cbf6a2895e0f' prefix cache miss — 2 cut(s) probed against 23 entries; the nearest entry (position 148) shares the first 27 of the prompt's 79 tokens (the prompt differs from it from that token on)
2026-09-22 12:31:39.685 INFO  sched: request 'chatcmpl-1062cbf6a2895e0f' admitted to slot 2 (reserve 10 blocks; pool 89/4096 blocks in use) — first token 90
2026-09-22 12:31:39.834 INFO  sched: request 'chatcmpl-1062cbf6a2895e0c' retired (eos): 63 tok in 3.1 s — prefill 80 tok (0 cached) in 293 ms; decode 62 tok / 31 passes in 2.8 s: 21.9 tok/s, 45.7 ms/tok, 91 ms/pass, 2.00 tok/pass, accept p1 100 %
2026-09-22 12:31:40.135 INFO  sched: request 'chatcmpl-1062cbf6a2895e10' prefix cache miss — 1 cut(s) probed against 23 entries; the nearest entry (position 148) shares the first 27 of the prompt's 81 tokens (the prompt differs from it from that token on)
2026-09-22 12:31:40.135 INFO  sched: request 'chatcmpl-1062cbf6a2895e10' admitted to slot 3 (reserve 10 blocks; pool 91/4096 blocks in use) — first token 90
2026-09-22 12:31:41.588 INFO  sched: request 'chatcmpl-1062cbf6a2895e0d' retired (eos): 65 tok in 3.1 s — prefill 83 tok (0 cached) in 291 ms; decode 64 tok / 32 passes in 2.9 s: 22.4 tok/s, 44.6 ms/tok, 89 ms/pass, 2.00 tok/pass, accept p1 100 %
2026-09-22 12:31:42.013 INFO  sched: request 'chatcmpl-1062cbf6a2895e0e' retired (eos): 62 tok in 2.8 s — prefill 80 tok (0 cached) in 288 ms; decode 61 tok / 31 passes in 2.5 s: 24.6 tok/s, 40.7 ms/tok, 80 ms/pass, 1.97 tok/pass, accept p1 100 %
2026-09-22 12:31:42.151 INFO  sched: request 'chatcmpl-1062cbf6a2895e0f' retired (eos): 62 tok in 2.5 s — prefill 79 tok (0 cached) in 291 ms; decode 61 tok / 31 passes in 2.2 s: 28.0 tok/s, 35.7 ms/tok, 70 ms/pass, 1.97 tok/pass, accept p1 100 %
2026-09-22 12:31:42.263 INFO  sched: request 'chatcmpl-1062cbf6a2895e10' retired (eos): 63 tok in 2.1 s — prefill 81 tok (0 cached) in 238 ms; decode 62 tok / 31 passes in 1.9 s: 32.8 tok/s, 30.5 ms/tok, 61 ms/pass, 2.00 tok/pass, accept p1 100 %
2026-09-22 12:31:42.918 INFO  journal: stop record — exiting
2026-09-22 12:31:43.010 INFO  rank 1: graph engine sampling summary — 0 sampled decode steps, 0 served by the exact gather fallback (0.0%), 128 candidates per rank
2026-09-22 12:31:44.560 INFO  rank 1: exited cleanly
